
/home/whiteb11/embedded-machine-monitor/button-led/build/button_led.elf:     file format elf32-littlearm

Sections:
Idx Name          Size      VMA       LMA       File off  Algn
  0 .boot2        00000100  10000000  10000000  00001000  2**0
                  CONTENTS, ALLOC, LOAD, READONLY, CODE
  1 .text         00007ac8  10000100  10000100  00001100  2**3
                  CONTENTS, ALLOC, LOAD, READONLY, CODE
  2 .rodata       00037c88  10007bc8  10007bc8  00008bc8  2**3
                  CONTENTS, ALLOC, LOAD, READONLY, DATA
  3 .binary_info  0000001c  1003f850  1003f850  00040850  2**2
                  CONTENTS, ALLOC, LOAD, READONLY, DATA
  4 .xip_ram      00000000  15000000  15000000  00041570  2**0
                  CONTENTS
  5 .ram_vector_table 000000c0  20000000  20000000  00042000  2**2
                  ALLOC
  6 .uninitialized_data 00000000  200000c0  200000c0  00041570  2**0
                  CONTENTS
  7 .data         000004b0  200000c0  1003f86c  000410c0  2**4
                  CONTENTS, ALLOC, LOAD, READONLY, CODE
  8 .tdata        00000000  20000570  20000570  00041570  2**0
                  CONTENTS, ALLOC, LOAD, DATA, THREAD_LOCAL
  9 .tbss         00000000  20000570  20000570  00000000  2**0
                  ALLOC, THREAD_LOCAL
 10 .tbss_space   00000000  20000570  20000570  00041570  2**0
                  CONTENTS
 11 .bss          00000e4c  20000570  1003fd1c  00041570  2**3
                  ALLOC
 12 .tls0         00000000  200013bc  200013bc  00041570  2**0
                  CONTENTS
 13 .tls1         00000000  200013bc  200013bc  00041570  2**0
                  CONTENTS
 14 .persistent_data 00000000  200013bc  200013bc  00041570  2**0
                  CONTENTS
 15 .dummy_pre_heap 00000000  200013bc  200013bc  00041570  2**0
                  CONTENTS
 16 .heap         00000800  200013bc  200013bc  00042000  2**2
                  ALLOC, READONLY
 17 .scratch_x    00000000  20040000  20040000  00041570  2**0
                  CONTENTS
 18 .scratch_y    00000000  20041000  20041000  00041570  2**0
                  CONTENTS
 19 .stack_dummy  00000800  20041000  20041000  00042000  2**5
                  ALLOC, READONLY
 20 .debug_info   000407c4  00000000  00000000  00041570  2**0
                  CONTENTS, READONLY, DEBUGGING, OCTETS
 21 .debug_abbrev 000083e5  00000000  00000000  00081d34  2**0
                  CONTENTS, READONLY, DEBUGGING, OCTETS
 22 .debug_loclists 000217de  00000000  00000000  0008a119  2**0
                  CONTENTS, READONLY, DEBUGGING, OCTETS
 23 .debug_aranges 000015e8  00000000  00000000  000ab8f8  2**3
                  CONTENTS, READONLY, DEBUGGING, OCTETS
 24 .debug_rnglists 00005742  00000000  00000000  000acee0  2**0
                  CONTENTS, READONLY, DEBUGGING, OCTETS
 25 .debug_line   0002474d  00000000  00000000  000b2622  2**0
                  CONTENTS, READONLY, DEBUGGING, OCTETS
 26 .debug_str    00008572  00000000  00000000  000d6d6f  2**0
                  CONTENTS, READONLY, DEBUGGING, OCTETS
 27 .comment      00000026  00000000  00000000  000df2e1  2**0
                  CONTENTS, READONLY
 28 .ARM.attributes 0000002a  00000000  00000000  000df307  2**0
                  CONTENTS, READONLY
 29 .debug_frame  000033b4  00000000  00000000  000df334  2**2
                  CONTENTS, READONLY, DEBUGGING, OCTETS
 30 .debug_line_str 000002d0  00000000  00000000  000e26e8  2**0
                  CONTENTS, READONLY, DEBUGGING, OCTETS

/home/whiteb11/embedded-machine-monitor/button-led/build/button_led.elf:     file format elf32-littlearm


Disassembly of section .boot2:

10000000 <__boot2_start__>:
10000000:	4b32b500 	.word	0x4b32b500
10000004:	60582021 	.word	0x60582021
10000008:	21026898 	.word	0x21026898
1000000c:	60984388 	.word	0x60984388
10000010:	611860d8 	.word	0x611860d8
10000014:	4b2e6158 	.word	0x4b2e6158
10000018:	60992100 	.word	0x60992100
1000001c:	61592102 	.word	0x61592102
10000020:	22f02101 	.word	0x22f02101
10000024:	492b5099 	.word	0x492b5099
10000028:	21016019 	.word	0x21016019
1000002c:	20356099 	.word	0x20356099
10000030:	f844f000 	.word	0xf844f000
10000034:	42902202 	.word	0x42902202
10000038:	2106d014 	.word	0x2106d014
1000003c:	f0006619 	.word	0xf0006619
10000040:	6e19f834 	.word	0x6e19f834
10000044:	66192101 	.word	0x66192101
10000048:	66182000 	.word	0x66182000
1000004c:	f000661a 	.word	0xf000661a
10000050:	6e19f82c 	.word	0x6e19f82c
10000054:	6e196e19 	.word	0x6e196e19
10000058:	f0002005 	.word	0xf0002005
1000005c:	2101f82f 	.word	0x2101f82f
10000060:	d1f94208 	.word	0xd1f94208
10000064:	60992100 	.word	0x60992100
10000068:	6019491b 	.word	0x6019491b
1000006c:	60592100 	.word	0x60592100
10000070:	481b491a 	.word	0x481b491a
10000074:	21016001 	.word	0x21016001
10000078:	21eb6099 	.word	0x21eb6099
1000007c:	21a06619 	.word	0x21a06619
10000080:	f0006619 	.word	0xf0006619
10000084:	2100f812 	.word	0x2100f812
10000088:	49166099 	.word	0x49166099
1000008c:	60014814 	.word	0x60014814
10000090:	60992101 	.word	0x60992101
10000094:	2800bc01 	.word	0x2800bc01
10000098:	4700d000 	.word	0x4700d000
1000009c:	49134812 	.word	0x49134812
100000a0:	c8036008 	.word	0xc8036008
100000a4:	8808f380 	.word	0x8808f380
100000a8:	b5034708 	.word	0xb5034708
100000ac:	20046a99 	.word	0x20046a99
100000b0:	d0fb4201 	.word	0xd0fb4201
100000b4:	42012001 	.word	0x42012001
100000b8:	bd03d1f8 	.word	0xbd03d1f8
100000bc:	6618b502 	.word	0x6618b502
100000c0:	f7ff6618 	.word	0xf7ff6618
100000c4:	6e18fff2 	.word	0x6e18fff2
100000c8:	bd026e18 	.word	0xbd026e18
100000cc:	40020000 	.word	0x40020000
100000d0:	18000000 	.word	0x18000000
100000d4:	00070000 	.word	0x00070000
100000d8:	005f0300 	.word	0x005f0300
100000dc:	00002221 	.word	0x00002221
100000e0:	180000f4 	.word	0x180000f4
100000e4:	a0002022 	.word	0xa0002022
100000e8:	10000100 	.word	0x10000100
100000ec:	e000ed08 	.word	0xe000ed08
	...
100000fc:	7a4eb274 	.word	0x7a4eb274

Disassembly of section .text:

10000100 <__VECTOR_TABLE>:
10000100:	20042000 	.word	0x20042000
10000104:	100001f7 	.word	0x100001f7
10000108:	100001cb 	.word	0x100001cb
1000010c:	100001cd 	.word	0x100001cd
10000110:	100001c9 	.word	0x100001c9
10000114:	100001c9 	.word	0x100001c9
10000118:	100001c9 	.word	0x100001c9
1000011c:	100001c9 	.word	0x100001c9
10000120:	100001c9 	.word	0x100001c9
10000124:	100001c9 	.word	0x100001c9
10000128:	100001c9 	.word	0x100001c9
1000012c:	100001cf 	.word	0x100001cf
10000130:	100001c9 	.word	0x100001c9
10000134:	100001c9 	.word	0x100001c9
10000138:	100001d1 	.word	0x100001d1
1000013c:	100001d3 	.word	0x100001d3
10000140:	100001c1 	.word	0x100001c1
10000144:	100001c1 	.word	0x100001c1
10000148:	100001c1 	.word	0x100001c1
1000014c:	100001c1 	.word	0x100001c1
10000150:	100001c1 	.word	0x100001c1
10000154:	100001c1 	.word	0x100001c1
10000158:	100001c1 	.word	0x100001c1
1000015c:	100001c1 	.word	0x100001c1
10000160:	100001c1 	.word	0x100001c1
10000164:	100001c1 	.word	0x100001c1
10000168:	100001c1 	.word	0x100001c1
1000016c:	100001c1 	.word	0x100001c1
10000170:	100001c1 	.word	0x100001c1
10000174:	100001c1 	.word	0x100001c1
10000178:	100001c1 	.word	0x100001c1
1000017c:	100001c1 	.word	0x100001c1
10000180:	100001c1 	.word	0x100001c1
10000184:	100001c1 	.word	0x100001c1
10000188:	100001c1 	.word	0x100001c1
1000018c:	100001c1 	.word	0x100001c1
10000190:	100001c1 	.word	0x100001c1
10000194:	100001c1 	.word	0x100001c1
10000198:	100001c1 	.word	0x100001c1
1000019c:	100001c1 	.word	0x100001c1
100001a0:	100001c1 	.word	0x100001c1
100001a4:	100001c1 	.word	0x100001c1
100001a8:	100001c1 	.word	0x100001c1
100001ac:	100001c1 	.word	0x100001c1
100001b0:	100001c1 	.word	0x100001c1
100001b4:	100001c1 	.word	0x100001c1
100001b8:	100001c1 	.word	0x100001c1
100001bc:	100001c1 	.word	0x100001c1

100001c0 <__unhandled_user_irq>:
100001c0:	f3ef 8005 	mrs	r0, IPSR
100001c4:	3810      	subs	r0, #16

100001c6 <unhandled_user_irq_num_in_r0>:
100001c6:	be00      	bkpt	0x0000

100001c8 <isr_invalid>:
100001c8:	be00      	bkpt	0x0000

100001ca <isr_nmi>:
100001ca:	be00      	bkpt	0x0000

100001cc <isr_hardfault>:
100001cc:	be00      	bkpt	0x0000

100001ce <isr_svcall>:
100001ce:	be00      	bkpt	0x0000

100001d0 <isr_pendsv>:
100001d0:	be00      	bkpt	0x0000

100001d2 <isr_systick>:
100001d2:	be00      	bkpt	0x0000

100001d4 <__default_isrs_end>:
100001d4:	7188ebf2 	.word	0x7188ebf2
100001d8:	1003f850 	.word	0x1003f850
100001dc:	1003f86c 	.word	0x1003f86c
100001e0:	10000238 	.word	0x10000238
100001e4:	e71aa390 	.word	0xe71aa390

100001e8 <_entry_point>:
100001e8:	2000      	movs	r0, #0

100001ea <_enter_vtable_in_r0>:
100001ea:	491e      	ldr	r1, [pc, #120]	@ (10000264 <data_cpy_table+0x2c>)
100001ec:	6008      	str	r0, [r1, #0]
100001ee:	c806      	ldmia	r0!, {r1, r2}
100001f0:	f381 8808 	msr	MSP, r1
100001f4:	4710      	bx	r2

100001f6 <_reset_handler>:
100001f6:	481c      	ldr	r0, [pc, #112]	@ (10000268 <data_cpy_table+0x30>)
100001f8:	6800      	ldr	r0, [r0, #0]
100001fa:	2800      	cmp	r0, #0
100001fc:	d001      	beq.n	10000202 <hold_non_core0_in_bootrom+0x4>

100001fe <hold_non_core0_in_bootrom>:
100001fe:	2000      	movs	r0, #0
10000200:	e7f3      	b.n	100001ea <_enter_vtable_in_r0>
10000202:	a40d      	add	r4, pc, #52	@ (adr r4, 10000238 <data_cpy_table>)
10000204:	cc0e      	ldmia	r4!, {r1, r2, r3}
10000206:	2900      	cmp	r1, #0
10000208:	d002      	beq.n	10000210 <hold_non_core0_in_bootrom+0x12>
1000020a:	f000 f812 	bl	10000232 <data_cpy>
1000020e:	e7f9      	b.n	10000204 <hold_non_core0_in_bootrom+0x6>
10000210:	4916      	ldr	r1, [pc, #88]	@ (1000026c <data_cpy_table+0x34>)
10000212:	4a17      	ldr	r2, [pc, #92]	@ (10000270 <data_cpy_table+0x38>)
10000214:	2000      	movs	r0, #0
10000216:	e000      	b.n	1000021a <bss_fill_test>

10000218 <bss_fill_loop>:
10000218:	c101      	stmia	r1!, {r0}

1000021a <bss_fill_test>:
1000021a:	4291      	cmp	r1, r2
1000021c:	d1fc      	bne.n	10000218 <bss_fill_loop>

1000021e <platform_entry>:
1000021e:	4915      	ldr	r1, [pc, #84]	@ (10000274 <data_cpy_table+0x3c>)
10000220:	4788      	blx	r1
10000222:	4915      	ldr	r1, [pc, #84]	@ (10000278 <data_cpy_table+0x40>)
10000224:	4788      	blx	r1
10000226:	4915      	ldr	r1, [pc, #84]	@ (1000027c <data_cpy_table+0x44>)
10000228:	4788      	blx	r1
1000022a:	be00      	bkpt	0x0000
1000022c:	e7fd      	b.n	1000022a <platform_entry+0xc>

1000022e <data_cpy_loop>:
1000022e:	c901      	ldmia	r1!, {r0}
10000230:	c201      	stmia	r2!, {r0}

10000232 <data_cpy>:
10000232:	429a      	cmp	r2, r3
10000234:	d3fb      	bcc.n	1000022e <data_cpy_loop>

10000236 <data_cpy_done>:
10000236:	4770      	bx	lr

10000238 <data_cpy_table>:
10000238:	1003f86c 	.word	0x1003f86c
1000023c:	200000c0 	.word	0x200000c0
10000240:	20000570 	.word	0x20000570
10000244:	1003fd1c 	.word	0x1003fd1c
10000248:	20040000 	.word	0x20040000
1000024c:	20040000 	.word	0x20040000
10000250:	1003fd1c 	.word	0x1003fd1c
10000254:	20041000 	.word	0x20041000
10000258:	20041000 	.word	0x20041000
1000025c:	00000000 	.word	0x00000000
10000260:	4770      	bx	lr
10000262:	0000      	.short	0x0000
10000264:	e000ed08 	.word	0xe000ed08
10000268:	d0000000 	.word	0xd0000000
1000026c:	20000570 	.word	0x20000570
10000270:	200013bc 	.word	0x200013bc
10000274:	1000389d 	.word	0x1000389d
10000278:	10000281 	.word	0x10000281
1000027c:	10003895 	.word	0x10003895

10000280 <main>:
10000280:	b570      	push	{r4, r5, r6, lr}
10000282:	f003 fd29 	bl	10003cd8 <cyw43_arch_init>
10000286:	2800      	cmp	r0, #0
10000288:	d002      	beq.n	10000290 <main+0x10>
1000028a:	2001      	movs	r0, #1
1000028c:	4240      	negs	r0, r0
1000028e:	bd70      	pop	{r4, r5, r6, pc}
10000290:	24d0      	movs	r4, #208	@ 0xd0
10000292:	2580      	movs	r5, #128	@ 0x80
10000294:	300e      	adds	r0, #14
10000296:	0624      	lsls	r4, r4, #24
10000298:	01ed      	lsls	r5, r5, #7
1000029a:	f000 f8a3 	bl	100003e4 <gpio_init>
1000029e:	2200      	movs	r2, #0
100002a0:	2101      	movs	r1, #1
100002a2:	200e      	movs	r0, #14
100002a4:	62a5      	str	r5, [r4, #40]	@ 0x28
100002a6:	f000 f82b 	bl	10000300 <gpio_set_pulls>
100002aa:	e006      	b.n	100002ba <main+0x3a>
100002ac:	2101      	movs	r1, #1
100002ae:	2000      	movs	r0, #0
100002b0:	f003 fd02 	bl	10003cb8 <cyw43_arch_gpio_put>
100002b4:	200a      	movs	r0, #10
100002b6:	f000 ffe9 	bl	1000128c <sleep_ms>
100002ba:	6863      	ldr	r3, [r4, #4]
100002bc:	422b      	tst	r3, r5
100002be:	d0f5      	beq.n	100002ac <main+0x2c>
100002c0:	2100      	movs	r1, #0
100002c2:	2000      	movs	r0, #0
100002c4:	f003 fcf8 	bl	10003cb8 <cyw43_arch_gpio_put>
100002c8:	e7f4      	b.n	100002b4 <main+0x34>
100002ca:	46c0      	nop			@ (mov r8, r8)

100002cc <gpio_set_function>:
100002cc:	4a09      	ldr	r2, [pc, #36]	@ (100002f4 <gpio_set_function+0x28>)
100002ce:	0083      	lsls	r3, r0, #2
100002d0:	189a      	adds	r2, r3, r2
100002d2:	b510      	push	{r4, lr}
100002d4:	6814      	ldr	r4, [r2, #0]
100002d6:	2240      	movs	r2, #64	@ 0x40
100002d8:	4054      	eors	r4, r2
100002da:	3280      	adds	r2, #128	@ 0x80
100002dc:	4022      	ands	r2, r4
100002de:	4c06      	ldr	r4, [pc, #24]	@ (100002f8 <gpio_set_function+0x2c>)
100002e0:	00c0      	lsls	r0, r0, #3
100002e2:	46a4      	mov	ip, r4
100002e4:	4463      	add	r3, ip
100002e6:	601a      	str	r2, [r3, #0]
100002e8:	4b04      	ldr	r3, [pc, #16]	@ (100002fc <gpio_set_function+0x30>)
100002ea:	469c      	mov	ip, r3
100002ec:	4460      	add	r0, ip
100002ee:	6041      	str	r1, [r0, #4]
100002f0:	bd10      	pop	{r4, pc}
100002f2:	46c0      	nop			@ (mov r8, r8)
100002f4:	4001c004 	.word	0x4001c004
100002f8:	4001d004 	.word	0x4001d004
100002fc:	40014000 	.word	0x40014000

10000300 <gpio_set_pulls>:
10000300:	4b07      	ldr	r3, [pc, #28]	@ (10000320 <gpio_set_pulls+0x20>)
10000302:	0080      	lsls	r0, r0, #2
10000304:	18c3      	adds	r3, r0, r3
10000306:	681b      	ldr	r3, [r3, #0]
10000308:	00c9      	lsls	r1, r1, #3
1000030a:	0092      	lsls	r2, r2, #2
1000030c:	430a      	orrs	r2, r1
1000030e:	405a      	eors	r2, r3
10000310:	230c      	movs	r3, #12
10000312:	4013      	ands	r3, r2
10000314:	4a03      	ldr	r2, [pc, #12]	@ (10000324 <gpio_set_pulls+0x24>)
10000316:	4694      	mov	ip, r2
10000318:	4460      	add	r0, ip
1000031a:	6003      	str	r3, [r0, #0]
1000031c:	4770      	bx	lr
1000031e:	46c0      	nop			@ (mov r8, r8)
10000320:	4001c004 	.word	0x4001c004
10000324:	4001d004 	.word	0x4001d004

10000328 <gpio_set_input_hysteresis_enabled>:
10000328:	0080      	lsls	r0, r0, #2
1000032a:	2900      	cmp	r1, #0
1000032c:	d005      	beq.n	1000033a <gpio_set_input_hysteresis_enabled+0x12>
1000032e:	4b06      	ldr	r3, [pc, #24]	@ (10000348 <gpio_set_input_hysteresis_enabled+0x20>)
10000330:	469c      	mov	ip, r3
10000332:	2302      	movs	r3, #2
10000334:	4460      	add	r0, ip
10000336:	6003      	str	r3, [r0, #0]
10000338:	4770      	bx	lr
1000033a:	4b04      	ldr	r3, [pc, #16]	@ (1000034c <gpio_set_input_hysteresis_enabled+0x24>)
1000033c:	469c      	mov	ip, r3
1000033e:	2302      	movs	r3, #2
10000340:	4460      	add	r0, ip
10000342:	6003      	str	r3, [r0, #0]
10000344:	e7f8      	b.n	10000338 <gpio_set_input_hysteresis_enabled+0x10>
10000346:	46c0      	nop			@ (mov r8, r8)
10000348:	4001e004 	.word	0x4001e004
1000034c:	4001f004 	.word	0x4001f004

10000350 <gpio_set_irq_enabled>:
10000350:	23d0      	movs	r3, #208	@ 0xd0
10000352:	061b      	lsls	r3, r3, #24
10000354:	681b      	ldr	r3, [r3, #0]
10000356:	b530      	push	{r4, r5, lr}
10000358:	005c      	lsls	r4, r3, #1
1000035a:	0005      	movs	r5, r0
1000035c:	18e4      	adds	r4, r4, r3
1000035e:	08c3      	lsrs	r3, r0, #3
10000360:	2007      	movs	r0, #7
10000362:	4028      	ands	r0, r5
10000364:	0080      	lsls	r0, r0, #2
10000366:	4081      	lsls	r1, r0
10000368:	0018      	movs	r0, r3
1000036a:	4d09      	ldr	r5, [pc, #36]	@ (10000390 <gpio_set_irq_enabled+0x40>)
1000036c:	303c      	adds	r0, #60	@ 0x3c
1000036e:	0124      	lsls	r4, r4, #4
10000370:	0080      	lsls	r0, r0, #2
10000372:	009b      	lsls	r3, r3, #2
10000374:	5141      	str	r1, [r0, r5]
10000376:	191b      	adds	r3, r3, r4
10000378:	2a00      	cmp	r2, #0
1000037a:	d004      	beq.n	10000386 <gpio_set_irq_enabled+0x36>
1000037c:	4a05      	ldr	r2, [pc, #20]	@ (10000394 <gpio_set_irq_enabled+0x44>)
1000037e:	4694      	mov	ip, r2
10000380:	4463      	add	r3, ip
10000382:	6019      	str	r1, [r3, #0]
10000384:	bd30      	pop	{r4, r5, pc}
10000386:	4a04      	ldr	r2, [pc, #16]	@ (10000398 <gpio_set_irq_enabled+0x48>)
10000388:	4694      	mov	ip, r2
1000038a:	4463      	add	r3, ip
1000038c:	6019      	str	r1, [r3, #0]
1000038e:	e7f9      	b.n	10000384 <gpio_set_irq_enabled+0x34>
10000390:	40014000 	.word	0x40014000
10000394:	40016100 	.word	0x40016100
10000398:	40017100 	.word	0x40017100

1000039c <gpio_add_raw_irq_handler_with_order_priority_masked>:
1000039c:	23d0      	movs	r3, #208	@ 0xd0
1000039e:	061b      	lsls	r3, r3, #24
100003a0:	681b      	ldr	r3, [r3, #0]
100003a2:	b570      	push	{r4, r5, r6, lr}
100003a4:	4d06      	ldr	r5, [pc, #24]	@ (100003c0 <gpio_add_raw_irq_handler_with_order_priority_masked+0x24>)
100003a6:	009b      	lsls	r3, r3, #2
100003a8:	595c      	ldr	r4, [r3, r5]
100003aa:	4220      	tst	r0, r4
100003ac:	d105      	bne.n	100003ba <gpio_add_raw_irq_handler_with_order_priority_masked+0x1e>
100003ae:	4304      	orrs	r4, r0
100003b0:	200d      	movs	r0, #13
100003b2:	515c      	str	r4, [r3, r5]
100003b4:	f000 f962 	bl	1000067c <irq_add_shared_handler>
100003b8:	bd70      	pop	{r4, r5, r6, pc}
100003ba:	f001 fa21 	bl	10001800 <hard_assertion_failure>
100003be:	46c0      	nop			@ (mov r8, r8)
100003c0:	200012a0 	.word	0x200012a0

100003c4 <gpio_remove_raw_irq_handler_masked>:
100003c4:	b510      	push	{r4, lr}
100003c6:	0004      	movs	r4, r0
100003c8:	200d      	movs	r0, #13
100003ca:	f000 fa41 	bl	10000850 <irq_remove_handler>
100003ce:	23d0      	movs	r3, #208	@ 0xd0
100003d0:	061b      	lsls	r3, r3, #24
100003d2:	681b      	ldr	r3, [r3, #0]
100003d4:	4902      	ldr	r1, [pc, #8]	@ (100003e0 <gpio_remove_raw_irq_handler_masked+0x1c>)
100003d6:	009b      	lsls	r3, r3, #2
100003d8:	585a      	ldr	r2, [r3, r1]
100003da:	43a2      	bics	r2, r4
100003dc:	505a      	str	r2, [r3, r1]
100003de:	bd10      	pop	{r4, pc}
100003e0:	200012a0 	.word	0x200012a0

100003e4 <gpio_init>:
100003e4:	2301      	movs	r3, #1
100003e6:	22d0      	movs	r2, #208	@ 0xd0
100003e8:	4083      	lsls	r3, r0
100003ea:	0612      	lsls	r2, r2, #24
100003ec:	6293      	str	r3, [r2, #40]	@ 0x28
100003ee:	6193      	str	r3, [r2, #24]
100003f0:	4a09      	ldr	r2, [pc, #36]	@ (10000418 <gpio_init+0x34>)
100003f2:	0083      	lsls	r3, r0, #2
100003f4:	189a      	adds	r2, r3, r2
100003f6:	6811      	ldr	r1, [r2, #0]
100003f8:	2240      	movs	r2, #64	@ 0x40
100003fa:	4051      	eors	r1, r2
100003fc:	3280      	adds	r2, #128	@ 0x80
100003fe:	400a      	ands	r2, r1
10000400:	4906      	ldr	r1, [pc, #24]	@ (1000041c <gpio_init+0x38>)
10000402:	00c0      	lsls	r0, r0, #3
10000404:	468c      	mov	ip, r1
10000406:	4463      	add	r3, ip
10000408:	601a      	str	r2, [r3, #0]
1000040a:	4b05      	ldr	r3, [pc, #20]	@ (10000420 <gpio_init+0x3c>)
1000040c:	469c      	mov	ip, r3
1000040e:	2305      	movs	r3, #5
10000410:	4460      	add	r0, ip
10000412:	6043      	str	r3, [r0, #4]
10000414:	4770      	bx	lr
10000416:	46c0      	nop			@ (mov r8, r8)
10000418:	4001c004 	.word	0x4001c004
1000041c:	4001d004 	.word	0x4001d004
10000420:	40014000 	.word	0x40014000

10000424 <panic>:
10000424:	b40f      	push	{r0, r1, r2, r3}
10000426:	b500      	push	{lr}
10000428:	4808      	ldr	r0, [pc, #32]	@ (1000044c <panic+0x28>)
1000042a:	b083      	sub	sp, #12
1000042c:	f003 fbaa 	bl	10003b84 <__wrap_puts>
10000430:	9b04      	ldr	r3, [sp, #16]
10000432:	2b00      	cmp	r3, #0
10000434:	d007      	beq.n	10000446 <panic+0x22>
10000436:	a905      	add	r1, sp, #20
10000438:	0018      	movs	r0, r3
1000043a:	9101      	str	r1, [sp, #4]
1000043c:	f003 fa0e 	bl	1000385c <weak_raw_vprintf>
10000440:	4803      	ldr	r0, [pc, #12]	@ (10000450 <panic+0x2c>)
10000442:	f003 fb9f 	bl	10003b84 <__wrap_puts>
10000446:	2001      	movs	r0, #1
10000448:	f003 fa20 	bl	1000388c <_exit>
1000044c:	10007bc8 	.word	0x10007bc8
10000450:	10007f8c 	.word	0x10007f8c

10000454 <hw_claim_lock>:
10000454:	f3ef 8010 	mrs	r0, PRIMASK
10000458:	b672      	cpsid	i
1000045a:	4a03      	ldr	r2, [pc, #12]	@ (10000468 <hw_claim_lock+0x14>)
1000045c:	6813      	ldr	r3, [r2, #0]
1000045e:	2b00      	cmp	r3, #0
10000460:	d0fc      	beq.n	1000045c <hw_claim_lock+0x8>
10000462:	f3bf 8f5f 	dmb	sy
10000466:	4770      	bx	lr
10000468:	d000012c 	.word	0xd000012c

1000046c <hw_claim_unlock>:
1000046c:	f3bf 8f5f 	dmb	sy
10000470:	2200      	movs	r2, #0
10000472:	4b02      	ldr	r3, [pc, #8]	@ (1000047c <hw_claim_unlock+0x10>)
10000474:	601a      	str	r2, [r3, #0]
10000476:	f380 8810 	msr	PRIMASK, r0
1000047a:	4770      	bx	lr
1000047c:	d000012c 	.word	0xd000012c

10000480 <hw_claim_or_assert>:
10000480:	b570      	push	{r4, r5, r6, lr}
10000482:	f3ef 8c10 	mrs	ip, PRIMASK
10000486:	b672      	cpsid	i
10000488:	4d0d      	ldr	r5, [pc, #52]	@ (100004c0 <hw_claim_or_assert+0x40>)
1000048a:	682b      	ldr	r3, [r5, #0]
1000048c:	2b00      	cmp	r3, #0
1000048e:	d0fc      	beq.n	1000048a <hw_claim_or_assert+0xa>
10000490:	f3bf 8f5f 	dmb	sy
10000494:	2407      	movs	r4, #7
10000496:	08cb      	lsrs	r3, r1, #3
10000498:	18c6      	adds	r6, r0, r3
1000049a:	5cc0      	ldrb	r0, [r0, r3]
1000049c:	2301      	movs	r3, #1
1000049e:	400c      	ands	r4, r1
100004a0:	40a3      	lsls	r3, r4
100004a2:	001c      	movs	r4, r3
100004a4:	4004      	ands	r4, r0
100004a6:	4203      	tst	r3, r0
100004a8:	d107      	bne.n	100004ba <hw_claim_or_assert+0x3a>
100004aa:	4318      	orrs	r0, r3
100004ac:	7030      	strb	r0, [r6, #0]
100004ae:	f3bf 8f5f 	dmb	sy
100004b2:	602c      	str	r4, [r5, #0]
100004b4:	f38c 8810 	msr	PRIMASK, ip
100004b8:	bd70      	pop	{r4, r5, r6, pc}
100004ba:	0010      	movs	r0, r2
100004bc:	f7ff ffb2 	bl	10000424 <panic>
100004c0:	d000012c 	.word	0xd000012c

100004c4 <hw_claim_unused_from_range>:
100004c4:	b5f8      	push	{r3, r4, r5, r6, r7, lr}
100004c6:	4647      	mov	r7, r8
100004c8:	46ce      	mov	lr, r9
100004ca:	4688      	mov	r8, r1
100004cc:	b580      	push	{r7, lr}
100004ce:	f3ef 8c10 	mrs	ip, PRIMASK
100004d2:	b672      	cpsid	i
100004d4:	4d21      	ldr	r5, [pc, #132]	@ (1000055c <hw_claim_unused_from_range+0x98>)
100004d6:	682c      	ldr	r4, [r5, #0]
100004d8:	2c00      	cmp	r4, #0
100004da:	d0fc      	beq.n	100004d6 <hw_claim_unused_from_range+0x12>
100004dc:	f3bf 8f5f 	dmb	sy
100004e0:	429a      	cmp	r2, r3
100004e2:	d82c      	bhi.n	1000053e <hw_claim_unused_from_range+0x7a>
100004e4:	08d4      	lsrs	r4, r2, #3
100004e6:	2707      	movs	r7, #7
100004e8:	5d05      	ldrb	r5, [r0, r4]
100004ea:	1906      	adds	r6, r0, r4
100004ec:	2401      	movs	r4, #1
100004ee:	4017      	ands	r7, r2
100004f0:	40bc      	lsls	r4, r7
100004f2:	422c      	tst	r4, r5
100004f4:	d01f      	beq.n	10000536 <hw_claim_unused_from_range+0x72>
100004f6:	2107      	movs	r1, #7
100004f8:	2701      	movs	r7, #1
100004fa:	4689      	mov	r9, r1
100004fc:	e009      	b.n	10000512 <hw_claim_unused_from_range+0x4e>
100004fe:	08d4      	lsrs	r4, r2, #3
10000500:	5d05      	ldrb	r5, [r0, r4]
10000502:	1906      	adds	r6, r0, r4
10000504:	464c      	mov	r4, r9
10000506:	0039      	movs	r1, r7
10000508:	4014      	ands	r4, r2
1000050a:	40a1      	lsls	r1, r4
1000050c:	000c      	movs	r4, r1
1000050e:	4229      	tst	r1, r5
10000510:	d011      	beq.n	10000536 <hw_claim_unused_from_range+0x72>
10000512:	3201      	adds	r2, #1
10000514:	4293      	cmp	r3, r2
10000516:	d2f2      	bcs.n	100004fe <hw_claim_unused_from_range+0x3a>
10000518:	2001      	movs	r0, #1
1000051a:	4240      	negs	r0, r0
1000051c:	f3bf 8f5f 	dmb	sy
10000520:	2200      	movs	r2, #0
10000522:	4b0e      	ldr	r3, [pc, #56]	@ (1000055c <hw_claim_unused_from_range+0x98>)
10000524:	601a      	str	r2, [r3, #0]
10000526:	f38c 8810 	msr	PRIMASK, ip
1000052a:	2800      	cmp	r0, #0
1000052c:	db0f      	blt.n	1000054e <hw_claim_unused_from_range+0x8a>
1000052e:	bcc0      	pop	{r6, r7}
10000530:	46b9      	mov	r9, r7
10000532:	46b0      	mov	r8, r6
10000534:	bdf8      	pop	{r3, r4, r5, r6, r7, pc}
10000536:	4325      	orrs	r5, r4
10000538:	0010      	movs	r0, r2
1000053a:	7035      	strb	r5, [r6, #0]
1000053c:	e7ee      	b.n	1000051c <hw_claim_unused_from_range+0x58>
1000053e:	f3bf 8f5f 	dmb	sy
10000542:	2300      	movs	r3, #0
10000544:	602b      	str	r3, [r5, #0]
10000546:	f38c 8810 	msr	PRIMASK, ip
1000054a:	2001      	movs	r0, #1
1000054c:	4240      	negs	r0, r0
1000054e:	4643      	mov	r3, r8
10000550:	2b00      	cmp	r3, #0
10000552:	d0ec      	beq.n	1000052e <hw_claim_unused_from_range+0x6a>
10000554:	9808      	ldr	r0, [sp, #32]
10000556:	f7ff ff65 	bl	10000424 <panic>
1000055a:	46c0      	nop			@ (mov r8, r8)
1000055c:	d000012c 	.word	0xd000012c

10000560 <hw_claim_clear>:
10000560:	b530      	push	{r4, r5, lr}
10000562:	f3ef 8c10 	mrs	ip, PRIMASK
10000566:	b672      	cpsid	i
10000568:	4c0a      	ldr	r4, [pc, #40]	@ (10000594 <hw_claim_clear+0x34>)
1000056a:	6823      	ldr	r3, [r4, #0]
1000056c:	2b00      	cmp	r3, #0
1000056e:	d0fc      	beq.n	1000056a <hw_claim_clear+0xa>
10000570:	f3bf 8f5f 	dmb	sy
10000574:	2307      	movs	r3, #7
10000576:	2201      	movs	r2, #1
10000578:	400b      	ands	r3, r1
1000057a:	409a      	lsls	r2, r3
1000057c:	08cd      	lsrs	r5, r1, #3
1000057e:	5d43      	ldrb	r3, [r0, r5]
10000580:	4393      	bics	r3, r2
10000582:	5543      	strb	r3, [r0, r5]
10000584:	f3bf 8f5f 	dmb	sy
10000588:	2300      	movs	r3, #0
1000058a:	6023      	str	r3, [r4, #0]
1000058c:	f38c 8810 	msr	PRIMASK, ip
10000590:	bd30      	pop	{r4, r5, pc}
10000592:	46c0      	nop			@ (mov r8, r8)
10000594:	d000012c 	.word	0xd000012c

10000598 <next_striped_spin_lock_num>:
10000598:	4a04      	ldr	r2, [pc, #16]	@ (100005ac <next_striped_spin_lock_num+0x14>)
1000059a:	7810      	ldrb	r0, [r2, #0]
1000059c:	1c43      	adds	r3, r0, #1
1000059e:	b2db      	uxtb	r3, r3
100005a0:	2b17      	cmp	r3, #23
100005a2:	d900      	bls.n	100005a6 <next_striped_spin_lock_num+0xe>
100005a4:	2310      	movs	r3, #16
100005a6:	7013      	strb	r3, [r2, #0]
100005a8:	4770      	bx	lr
100005aa:	46c0      	nop			@ (mov r8, r8)
100005ac:	200004b8 	.word	0x200004b8

100005b0 <spin_locks_reset>:
100005b0:	2100      	movs	r1, #0
100005b2:	4b04      	ldr	r3, [pc, #16]	@ (100005c4 <spin_locks_reset+0x14>)
100005b4:	4a04      	ldr	r2, [pc, #16]	@ (100005c8 <spin_locks_reset+0x18>)
100005b6:	f3bf 8f5f 	dmb	sy
100005ba:	c302      	stmia	r3!, {r1}
100005bc:	4293      	cmp	r3, r2
100005be:	d1fa      	bne.n	100005b6 <spin_locks_reset+0x6>
100005c0:	4770      	bx	lr
100005c2:	46c0      	nop			@ (mov r8, r8)
100005c4:	d0000100 	.word	0xd0000100
100005c8:	d0000180 	.word	0xd0000180

100005cc <runtime_init_per_core_irq_priorities>:
100005cc:	4b05      	ldr	r3, [pc, #20]	@ (100005e4 <runtime_init_per_core_irq_priorities+0x18>)
100005ce:	4a06      	ldr	r2, [pc, #24]	@ (100005e8 <runtime_init_per_core_irq_priorities+0x1c>)
100005d0:	6013      	str	r3, [r2, #0]
100005d2:	4a06      	ldr	r2, [pc, #24]	@ (100005ec <runtime_init_per_core_irq_priorities+0x20>)
100005d4:	6013      	str	r3, [r2, #0]
100005d6:	6053      	str	r3, [r2, #4]
100005d8:	6093      	str	r3, [r2, #8]
100005da:	60d3      	str	r3, [r2, #12]
100005dc:	6113      	str	r3, [r2, #16]
100005de:	6153      	str	r3, [r2, #20]
100005e0:	6193      	str	r3, [r2, #24]
100005e2:	4770      	bx	lr
100005e4:	80808080 	.word	0x80808080
100005e8:	e000e400 	.word	0xe000e400
100005ec:	e000e404 	.word	0xe000e404

100005f0 <irq_set_enabled>:
100005f0:	231f      	movs	r3, #31
100005f2:	4018      	ands	r0, r3
100005f4:	3b1e      	subs	r3, #30
100005f6:	4083      	lsls	r3, r0
100005f8:	2900      	cmp	r1, #0
100005fa:	d005      	beq.n	10000608 <irq_set_enabled+0x18>
100005fc:	21c0      	movs	r1, #192	@ 0xc0
100005fe:	4a04      	ldr	r2, [pc, #16]	@ (10000610 <irq_set_enabled+0x20>)
10000600:	0049      	lsls	r1, r1, #1
10000602:	5053      	str	r3, [r2, r1]
10000604:	6013      	str	r3, [r2, #0]
10000606:	4770      	bx	lr
10000608:	2280      	movs	r2, #128	@ 0x80
1000060a:	4901      	ldr	r1, [pc, #4]	@ (10000610 <irq_set_enabled+0x20>)
1000060c:	508b      	str	r3, [r1, r2]
1000060e:	e7fa      	b.n	10000606 <irq_set_enabled+0x16>
10000610:	e000e100 	.word	0xe000e100

10000614 <irq_set_pending>:
10000614:	2301      	movs	r3, #1
10000616:	2280      	movs	r2, #128	@ 0x80
10000618:	4083      	lsls	r3, r0
1000061a:	4902      	ldr	r1, [pc, #8]	@ (10000624 <irq_set_pending+0x10>)
1000061c:	0052      	lsls	r2, r2, #1
1000061e:	508b      	str	r3, [r1, r2]
10000620:	4770      	bx	lr
10000622:	46c0      	nop			@ (mov r8, r8)
10000624:	e000e100 	.word	0xe000e100

10000628 <irq_set_exclusive_handler>:
10000628:	b510      	push	{r4, lr}
1000062a:	f3ef 8c10 	mrs	ip, PRIMASK
1000062e:	b672      	cpsid	i
10000630:	4a0f      	ldr	r2, [pc, #60]	@ (10000670 <irq_set_exclusive_handler+0x48>)
10000632:	6813      	ldr	r3, [r2, #0]
10000634:	2b00      	cmp	r3, #0
10000636:	d0fc      	beq.n	10000632 <irq_set_exclusive_handler+0xa>
10000638:	f3bf 8f5f 	dmb	sy
1000063c:	4b0d      	ldr	r3, [pc, #52]	@ (10000674 <irq_set_exclusive_handler+0x4c>)
1000063e:	3010      	adds	r0, #16
10000640:	689b      	ldr	r3, [r3, #8]
10000642:	0080      	lsls	r0, r0, #2
10000644:	581b      	ldr	r3, [r3, r0]
10000646:	4a0c      	ldr	r2, [pc, #48]	@ (10000678 <irq_set_exclusive_handler+0x50>)
10000648:	4293      	cmp	r3, r2
1000064a:	d001      	beq.n	10000650 <irq_set_exclusive_handler+0x28>
1000064c:	4299      	cmp	r1, r3
1000064e:	d10c      	bne.n	1000066a <irq_set_exclusive_handler+0x42>
10000650:	4b08      	ldr	r3, [pc, #32]	@ (10000674 <irq_set_exclusive_handler+0x4c>)
10000652:	689b      	ldr	r3, [r3, #8]
10000654:	5019      	str	r1, [r3, r0]
10000656:	f3bf 8f5f 	dmb	sy
1000065a:	f3bf 8f5f 	dmb	sy
1000065e:	2200      	movs	r2, #0
10000660:	4b03      	ldr	r3, [pc, #12]	@ (10000670 <irq_set_exclusive_handler+0x48>)
10000662:	601a      	str	r2, [r3, #0]
10000664:	f38c 8810 	msr	PRIMASK, ip
10000668:	bd10      	pop	{r4, pc}
1000066a:	f001 f8c9 	bl	10001800 <hard_assertion_failure>
1000066e:	46c0      	nop			@ (mov r8, r8)
10000670:	d0000124 	.word	0xd0000124
10000674:	e000ed00 	.word	0xe000ed00
10000678:	100001c1 	.word	0x100001c1

1000067c <irq_add_shared_handler>:
1000067c:	b5f0      	push	{r4, r5, r6, r7, lr}
1000067e:	4657      	mov	r7, sl
10000680:	464e      	mov	r6, r9
10000682:	46de      	mov	lr, fp
10000684:	4645      	mov	r5, r8
10000686:	b5e0      	push	{r5, r6, r7, lr}
10000688:	468a      	mov	sl, r1
1000068a:	b085      	sub	sp, #20
1000068c:	0006      	movs	r6, r0
1000068e:	f3ef 8910 	mrs	r9, PRIMASK
10000692:	b672      	cpsid	i
10000694:	4962      	ldr	r1, [pc, #392]	@ (10000820 <irq_add_shared_handler+0x1a4>)
10000696:	680b      	ldr	r3, [r1, #0]
10000698:	2b00      	cmp	r3, #0
1000069a:	d0fc      	beq.n	10000696 <irq_add_shared_handler+0x1a>
1000069c:	f3bf 8f5f 	dmb	sy
100006a0:	2100      	movs	r1, #0
100006a2:	4b60      	ldr	r3, [pc, #384]	@ (10000824 <irq_add_shared_handler+0x1a8>)
100006a4:	5659      	ldrsb	r1, [r3, r1]
100006a6:	468c      	mov	ip, r1
100006a8:	2900      	cmp	r1, #0
100006aa:	da00      	bge.n	100006ae <irq_add_shared_handler+0x32>
100006ac:	e0b5      	b.n	1000081a <irq_add_shared_handler+0x19e>
100006ae:	0049      	lsls	r1, r1, #1
100006b0:	000d      	movs	r5, r1
100006b2:	4c5d      	ldr	r4, [pc, #372]	@ (10000828 <irq_add_shared_handler+0x1ac>)
100006b4:	4465      	add	r5, ip
100006b6:	00ad      	lsls	r5, r5, #2
100006b8:	1967      	adds	r7, r4, r5
100006ba:	9102      	str	r1, [sp, #8]
100006bc:	79b9      	ldrb	r1, [r7, #6]
100006be:	3610      	adds	r6, #16
100006c0:	7019      	strb	r1, [r3, #0]
100006c2:	4b5a      	ldr	r3, [pc, #360]	@ (1000082c <irq_add_shared_handler+0x1b0>)
100006c4:	00b1      	lsls	r1, r6, #2
100006c6:	689b      	ldr	r3, [r3, #8]
100006c8:	9101      	str	r1, [sp, #4]
100006ca:	585b      	ldr	r3, [r3, r1]
100006cc:	1b19      	subs	r1, r3, r4
100006ce:	292f      	cmp	r1, #47	@ 0x2f
100006d0:	d820      	bhi.n	10000714 <irq_add_shared_handler+0x98>
100006d2:	2101      	movs	r1, #1
100006d4:	0018      	movs	r0, r3
100006d6:	4388      	bics	r0, r1
100006d8:	79c6      	ldrb	r6, [r0, #7]
100006da:	4296      	cmp	r6, r2
100006dc:	d800      	bhi.n	100006e0 <irq_add_shared_handler+0x64>
100006de:	e073      	b.n	100007c8 <irq_add_shared_handler+0x14c>
100006e0:	469b      	mov	fp, r3
100006e2:	9b02      	ldr	r3, [sp, #8]
100006e4:	9e01      	ldr	r6, [sp, #4]
100006e6:	4698      	mov	r8, r3
100006e8:	9503      	str	r5, [sp, #12]
100006ea:	e007      	b.n	100006fc <irq_add_shared_handler+0x80>
100006ec:	004d      	lsls	r5, r1, #1
100006ee:	186d      	adds	r5, r5, r1
100006f0:	00ad      	lsls	r5, r5, #2
100006f2:	1965      	adds	r5, r4, r5
100006f4:	79eb      	ldrb	r3, [r5, #7]
100006f6:	4293      	cmp	r3, r2
100006f8:	d939      	bls.n	1000076e <irq_add_shared_handler+0xf2>
100006fa:	0028      	movs	r0, r5
100006fc:	2106      	movs	r1, #6
100006fe:	5641      	ldrsb	r1, [r0, r1]
10000700:	2900      	cmp	r1, #0
10000702:	daf3      	bge.n	100006ec <irq_add_shared_handler+0x70>
10000704:	4645      	mov	r5, r8
10000706:	9502      	str	r5, [sp, #8]
10000708:	1d05      	adds	r5, r0, #4
1000070a:	9503      	str	r5, [sp, #12]
1000070c:	465b      	mov	r3, fp
1000070e:	4d48      	ldr	r5, [pc, #288]	@ (10000830 <irq_add_shared_handler+0x1b4>)
10000710:	9601      	str	r6, [sp, #4]
10000712:	e043      	b.n	1000079c <irq_add_shared_handler+0x120>
10000714:	4947      	ldr	r1, [pc, #284]	@ (10000834 <irq_add_shared_handler+0x1b8>)
10000716:	428b      	cmp	r3, r1
10000718:	d000      	beq.n	1000071c <irq_add_shared_handler+0xa0>
1000071a:	e07e      	b.n	1000081a <irq_add_shared_handler+0x19e>
1000071c:	4b46      	ldr	r3, [pc, #280]	@ (10000838 <irq_add_shared_handler+0x1bc>)
1000071e:	4947      	ldr	r1, [pc, #284]	@ (1000083c <irq_add_shared_handler+0x1c0>)
10000720:	5363      	strh	r3, [r4, r5]
10000722:	4b47      	ldr	r3, [pc, #284]	@ (10000840 <irq_add_shared_handler+0x1c4>)
10000724:	3502      	adds	r5, #2
10000726:	3b04      	subs	r3, #4
10000728:	1965      	adds	r5, r4, r5
1000072a:	1b5b      	subs	r3, r3, r5
1000072c:	051b      	lsls	r3, r3, #20
1000072e:	0d5b      	lsrs	r3, r3, #21
10000730:	430b      	orrs	r3, r1
10000732:	807b      	strh	r3, [r7, #2]
10000734:	4b43      	ldr	r3, [pc, #268]	@ (10000844 <irq_add_shared_handler+0x1c8>)
10000736:	71fa      	strb	r2, [r7, #7]
10000738:	80bb      	strh	r3, [r7, #4]
1000073a:	23ff      	movs	r3, #255	@ 0xff
1000073c:	71bb      	strb	r3, [r7, #6]
1000073e:	4653      	mov	r3, sl
10000740:	60bb      	str	r3, [r7, #8]
10000742:	2301      	movs	r3, #1
10000744:	433b      	orrs	r3, r7
10000746:	4a39      	ldr	r2, [pc, #228]	@ (1000082c <irq_add_shared_handler+0x1b0>)
10000748:	9901      	ldr	r1, [sp, #4]
1000074a:	6892      	ldr	r2, [r2, #8]
1000074c:	5053      	str	r3, [r2, r1]
1000074e:	f3bf 8f5f 	dmb	sy
10000752:	f3bf 8f5f 	dmb	sy
10000756:	2200      	movs	r2, #0
10000758:	4b31      	ldr	r3, [pc, #196]	@ (10000820 <irq_add_shared_handler+0x1a4>)
1000075a:	601a      	str	r2, [r3, #0]
1000075c:	f389 8810 	msr	PRIMASK, r9
10000760:	b005      	add	sp, #20
10000762:	bcf0      	pop	{r4, r5, r6, r7}
10000764:	46bb      	mov	fp, r7
10000766:	46b2      	mov	sl, r6
10000768:	46a9      	mov	r9, r5
1000076a:	46a0      	mov	r8, r4
1000076c:	bdf0      	pop	{r4, r5, r6, r7, pc}
1000076e:	9601      	str	r6, [sp, #4]
10000770:	4646      	mov	r6, r8
10000772:	9602      	str	r6, [sp, #8]
10000774:	1d06      	adds	r6, r0, #4
10000776:	9d03      	ldr	r5, [sp, #12]
10000778:	9603      	str	r6, [sp, #12]
1000077a:	8886      	ldrh	r6, [r0, #4]
1000077c:	465b      	mov	r3, fp
1000077e:	0576      	lsls	r6, r6, #21
10000780:	1536      	asrs	r6, r6, #20
10000782:	46b3      	mov	fp, r6
10000784:	9e03      	ldr	r6, [sp, #12]
10000786:	3504      	adds	r5, #4
10000788:	46b0      	mov	r8, r6
1000078a:	44c3      	add	fp, r8
1000078c:	465e      	mov	r6, fp
1000078e:	1965      	adds	r5, r4, r5
10000790:	1b75      	subs	r5, r6, r5
10000792:	26e0      	movs	r6, #224	@ 0xe0
10000794:	052d      	lsls	r5, r5, #20
10000796:	0d6d      	lsrs	r5, r5, #21
10000798:	0236      	lsls	r6, r6, #8
1000079a:	4335      	orrs	r5, r6
1000079c:	9e03      	ldr	r6, [sp, #12]
1000079e:	3f04      	subs	r7, #4
100007a0:	1bbf      	subs	r7, r7, r6
100007a2:	053f      	lsls	r7, r7, #20
100007a4:	4e25      	ldr	r6, [pc, #148]	@ (1000083c <irq_add_shared_handler+0x1c0>)
100007a6:	0d7f      	lsrs	r7, r7, #21
100007a8:	4337      	orrs	r7, r6
100007aa:	4666      	mov	r6, ip
100007ac:	8087      	strh	r7, [r0, #4]
100007ae:	7186      	strb	r6, [r0, #6]
100007b0:	9802      	ldr	r0, [sp, #8]
100007b2:	4460      	add	r0, ip
100007b4:	0080      	lsls	r0, r0, #2
100007b6:	1824      	adds	r4, r4, r0
100007b8:	71e2      	strb	r2, [r4, #7]
100007ba:	4652      	mov	r2, sl
100007bc:	4822      	ldr	r0, [pc, #136]	@ (10000848 <irq_add_shared_handler+0x1cc>)
100007be:	80a5      	strh	r5, [r4, #4]
100007c0:	6020      	str	r0, [r4, #0]
100007c2:	71a1      	strb	r1, [r4, #6]
100007c4:	60a2      	str	r2, [r4, #8]
100007c6:	e7be      	b.n	10000746 <irq_add_shared_handler+0xca>
100007c8:	4b20      	ldr	r3, [pc, #128]	@ (1000084c <irq_add_shared_handler+0x1d0>)
100007ca:	71fa      	strb	r2, [r7, #7]
100007cc:	469c      	mov	ip, r3
100007ce:	0003      	movs	r3, r0
100007d0:	4666      	mov	r6, ip
100007d2:	1b1b      	subs	r3, r3, r4
100007d4:	415b      	adcs	r3, r3
100007d6:	435e      	muls	r6, r3
100007d8:	0d36      	lsrs	r6, r6, #20
100007da:	46b4      	mov	ip, r6
100007dc:	1cae      	adds	r6, r5, #2
100007de:	46b0      	mov	r8, r6
100007e0:	44a0      	add	r8, r4
100007e2:	4646      	mov	r6, r8
100007e4:	4b14      	ldr	r3, [pc, #80]	@ (10000838 <irq_add_shared_handler+0x1bc>)
100007e6:	5363      	strh	r3, [r4, r5]
100007e8:	4b15      	ldr	r3, [pc, #84]	@ (10000840 <irq_add_shared_handler+0x1c4>)
100007ea:	3504      	adds	r5, #4
100007ec:	3b04      	subs	r3, #4
100007ee:	1b9b      	subs	r3, r3, r6
100007f0:	051b      	lsls	r3, r3, #20
100007f2:	4e12      	ldr	r6, [pc, #72]	@ (1000083c <irq_add_shared_handler+0x1c0>)
100007f4:	0d5b      	lsrs	r3, r3, #21
100007f6:	4333      	orrs	r3, r6
100007f8:	807b      	strh	r3, [r7, #2]
100007fa:	1963      	adds	r3, r4, r5
100007fc:	1ac3      	subs	r3, r0, r3
100007fe:	3b04      	subs	r3, #4
10000800:	051b      	lsls	r3, r3, #20
10000802:	0d5b      	lsrs	r3, r3, #21
10000804:	4333      	orrs	r3, r6
10000806:	80bb      	strh	r3, [r7, #4]
10000808:	4663      	mov	r3, ip
1000080a:	71bb      	strb	r3, [r7, #6]
1000080c:	4653      	mov	r3, sl
1000080e:	60bb      	str	r3, [r7, #8]
10000810:	4b0d      	ldr	r3, [pc, #52]	@ (10000848 <irq_add_shared_handler+0x1cc>)
10000812:	6003      	str	r3, [r0, #0]
10000814:	003b      	movs	r3, r7
10000816:	430b      	orrs	r3, r1
10000818:	e795      	b.n	10000746 <irq_add_shared_handler+0xca>
1000081a:	f000 fff1 	bl	10001800 <hard_assertion_failure>
1000081e:	46c0      	nop			@ (mov r8, r8)
10000820:	d0000124 	.word	0xd0000124
10000824:	200013b9 	.word	0x200013b9
10000828:	200004bc 	.word	0x200004bc
1000082c:	e000ed00 	.word	0xe000ed00
10000830:	0000bd01 	.word	0x0000bd01
10000834:	100001c1 	.word	0x100001c1
10000838:	ffffa100 	.word	0xffffa100
1000083c:	ffffe000 	.word	0xffffe000
10000840:	200004ec 	.word	0x200004ec
10000844:	ffffbd01 	.word	0xffffbd01
10000848:	47804801 	.word	0x47804801
1000084c:	0000aaaa 	.word	0x0000aaaa

10000850 <irq_remove_handler>:
10000850:	b5f0      	push	{r4, r5, r6, r7, lr}
10000852:	46de      	mov	lr, fp
10000854:	4657      	mov	r7, sl
10000856:	464e      	mov	r6, r9
10000858:	4645      	mov	r5, r8
1000085a:	b5e0      	push	{r5, r6, r7, lr}
1000085c:	b083      	sub	sp, #12
1000085e:	f3ef 8c10 	mrs	ip, PRIMASK
10000862:	b672      	cpsid	i
10000864:	4a63      	ldr	r2, [pc, #396]	@ (100009f4 <irq_remove_handler+0x1a4>)
10000866:	6813      	ldr	r3, [r2, #0]
10000868:	2b00      	cmp	r3, #0
1000086a:	d0fc      	beq.n	10000866 <irq_remove_handler+0x16>
1000086c:	f3bf 8f5f 	dmb	sy
10000870:	4b61      	ldr	r3, [pc, #388]	@ (100009f8 <irq_remove_handler+0x1a8>)
10000872:	4c62      	ldr	r4, [pc, #392]	@ (100009fc <irq_remove_handler+0x1ac>)
10000874:	689a      	ldr	r2, [r3, #8]
10000876:	0003      	movs	r3, r0
10000878:	3310      	adds	r3, #16
1000087a:	009d      	lsls	r5, r3, #2
1000087c:	5952      	ldr	r2, [r2, r5]
1000087e:	46a1      	mov	r9, r4
10000880:	42a2      	cmp	r2, r4
10000882:	d03d      	beq.n	10000900 <irq_remove_handler+0xb0>
10000884:	428a      	cmp	r2, r1
10000886:	d04e      	beq.n	10000926 <irq_remove_handler+0xd6>
10000888:	4c5d      	ldr	r4, [pc, #372]	@ (10000a00 <irq_remove_handler+0x1b0>)
1000088a:	1b16      	subs	r6, r2, r4
1000088c:	2e2f      	cmp	r6, #47	@ 0x2f
1000088e:	d837      	bhi.n	10000900 <irq_remove_handler+0xb0>
10000890:	2701      	movs	r7, #1
10000892:	46ba      	mov	sl, r7
10000894:	4087      	lsls	r7, r0
10000896:	4e5b      	ldr	r6, [pc, #364]	@ (10000a04 <irq_remove_handler+0x1b4>)
10000898:	46b0      	mov	r8, r6
1000089a:	6836      	ldr	r6, [r6, #0]
1000089c:	403e      	ands	r6, r7
1000089e:	271f      	movs	r7, #31
100008a0:	46b3      	mov	fp, r6
100008a2:	4656      	mov	r6, sl
100008a4:	4038      	ands	r0, r7
100008a6:	4086      	lsls	r6, r0
100008a8:	4647      	mov	r7, r8
100008aa:	2080      	movs	r0, #128	@ 0x80
100008ac:	9601      	str	r6, [sp, #4]
100008ae:	503e      	str	r6, [r7, r0]
100008b0:	f3bf 8f5f 	dmb	sy
100008b4:	f3ef 8005 	mrs	r0, IPSR
100008b8:	4680      	mov	r8, r0
100008ba:	2800      	cmp	r0, #0
100008bc:	d035      	beq.n	1000092a <irq_remove_handler+0xda>
100008be:	4283      	cmp	r3, r0
100008c0:	d000      	beq.n	100008c4 <irq_remove_handler+0x74>
100008c2:	e094      	b.n	100009ee <irq_remove_handler+0x19e>
100008c4:	0010      	movs	r0, r2
100008c6:	4653      	mov	r3, sl
100008c8:	4398      	bics	r0, r3
100008ca:	6886      	ldr	r6, [r0, #8]
100008cc:	42b1      	cmp	r1, r6
100008ce:	d108      	bne.n	100008e2 <irq_remove_handler+0x92>
100008d0:	e07b      	b.n	100009ca <irq_remove_handler+0x17a>
100008d2:	007b      	lsls	r3, r7, #1
100008d4:	19db      	adds	r3, r3, r7
100008d6:	009b      	lsls	r3, r3, #2
100008d8:	18e3      	adds	r3, r4, r3
100008da:	689e      	ldr	r6, [r3, #8]
100008dc:	42b1      	cmp	r1, r6
100008de:	d036      	beq.n	1000094e <irq_remove_handler+0xfe>
100008e0:	0018      	movs	r0, r3
100008e2:	2706      	movs	r7, #6
100008e4:	57c7      	ldrsb	r7, [r0, r7]
100008e6:	2f00      	cmp	r7, #0
100008e8:	daf3      	bge.n	100008d2 <irq_remove_handler+0x82>
100008ea:	42b1      	cmp	r1, r6
100008ec:	d059      	beq.n	100009a2 <irq_remove_handler+0x152>
100008ee:	465b      	mov	r3, fp
100008f0:	2b00      	cmp	r3, #0
100008f2:	d027      	beq.n	10000944 <irq_remove_handler+0xf4>
100008f4:	21c0      	movs	r1, #192	@ 0xc0
100008f6:	4b43      	ldr	r3, [pc, #268]	@ (10000a04 <irq_remove_handler+0x1b4>)
100008f8:	9801      	ldr	r0, [sp, #4]
100008fa:	0049      	lsls	r1, r1, #1
100008fc:	5058      	str	r0, [r3, r1]
100008fe:	6018      	str	r0, [r3, #0]
10000900:	4b3d      	ldr	r3, [pc, #244]	@ (100009f8 <irq_remove_handler+0x1a8>)
10000902:	689b      	ldr	r3, [r3, #8]
10000904:	515a      	str	r2, [r3, r5]
10000906:	f3bf 8f5f 	dmb	sy
1000090a:	f3bf 8f5f 	dmb	sy
1000090e:	2200      	movs	r2, #0
10000910:	4b38      	ldr	r3, [pc, #224]	@ (100009f4 <irq_remove_handler+0x1a4>)
10000912:	601a      	str	r2, [r3, #0]
10000914:	f38c 8810 	msr	PRIMASK, ip
10000918:	b003      	add	sp, #12
1000091a:	bcf0      	pop	{r4, r5, r6, r7}
1000091c:	46bb      	mov	fp, r7
1000091e:	46b2      	mov	sl, r6
10000920:	46a9      	mov	r9, r5
10000922:	46a0      	mov	r8, r4
10000924:	bdf0      	pop	{r4, r5, r6, r7, pc}
10000926:	0022      	movs	r2, r4
10000928:	e7ea      	b.n	10000900 <irq_remove_handler+0xb0>
1000092a:	0010      	movs	r0, r2
1000092c:	4653      	mov	r3, sl
1000092e:	4398      	bics	r0, r3
10000930:	6886      	ldr	r6, [r0, #8]
10000932:	42b1      	cmp	r1, r6
10000934:	d1d5      	bne.n	100008e2 <irq_remove_handler+0x92>
10000936:	2606      	movs	r6, #6
10000938:	5786      	ldrsb	r6, [r0, r6]
1000093a:	0003      	movs	r3, r0
1000093c:	2e00      	cmp	r6, #0
1000093e:	da0a      	bge.n	10000956 <irq_remove_handler+0x106>
10000940:	464a      	mov	r2, r9
10000942:	e036      	b.n	100009b2 <irq_remove_handler+0x162>
10000944:	2380      	movs	r3, #128	@ 0x80
10000946:	492f      	ldr	r1, [pc, #188]	@ (10000a04 <irq_remove_handler+0x1b4>)
10000948:	9801      	ldr	r0, [sp, #4]
1000094a:	50c8      	str	r0, [r1, r3]
1000094c:	e7d8      	b.n	10000900 <irq_remove_handler+0xb0>
1000094e:	2606      	movs	r6, #6
10000950:	579e      	ldrsb	r6, [r3, r6]
10000952:	2e00      	cmp	r6, #0
10000954:	db26      	blt.n	100009a4 <irq_remove_handler+0x154>
10000956:	0071      	lsls	r1, r6, #1
10000958:	1988      	adds	r0, r1, r6
1000095a:	0080      	lsls	r0, r0, #2
1000095c:	1827      	adds	r7, r4, r0
1000095e:	46b8      	mov	r8, r7
10000960:	68bf      	ldr	r7, [r7, #8]
10000962:	609f      	str	r7, [r3, #8]
10000964:	4647      	mov	r7, r8
10000966:	79ff      	ldrb	r7, [r7, #7]
10000968:	71df      	strb	r7, [r3, #7]
1000096a:	4647      	mov	r7, r8
1000096c:	79bf      	ldrb	r7, [r7, #6]
1000096e:	b27f      	sxtb	r7, r7
10000970:	719f      	strb	r7, [r3, #6]
10000972:	2f00      	cmp	r7, #0
10000974:	db27      	blt.n	100009c6 <irq_remove_handler+0x176>
10000976:	4647      	mov	r7, r8
10000978:	88bf      	ldrh	r7, [r7, #4]
1000097a:	057f      	lsls	r7, r7, #21
1000097c:	153f      	asrs	r7, r7, #20
1000097e:	46b8      	mov	r8, r7
10000980:	27e0      	movs	r7, #224	@ 0xe0
10000982:	4480      	add	r8, r0
10000984:	1ae0      	subs	r0, r4, r3
10000986:	4440      	add	r0, r8
10000988:	0500      	lsls	r0, r0, #20
1000098a:	0d40      	lsrs	r0, r0, #21
1000098c:	023f      	lsls	r7, r7, #8
1000098e:	4338      	orrs	r0, r7
10000990:	8098      	strh	r0, [r3, #4]
10000992:	198b      	adds	r3, r1, r6
10000994:	491c      	ldr	r1, [pc, #112]	@ (10000a08 <irq_remove_handler+0x1b8>)
10000996:	009b      	lsls	r3, r3, #2
10000998:	7808      	ldrb	r0, [r1, #0]
1000099a:	18e3      	adds	r3, r4, r3
1000099c:	7198      	strb	r0, [r3, #6]
1000099e:	700e      	strb	r6, [r1, #0]
100009a0:	e7a5      	b.n	100008ee <irq_remove_handler+0x9e>
100009a2:	0003      	movs	r3, r0
100009a4:	4641      	mov	r1, r8
100009a6:	2900      	cmp	r1, #0
100009a8:	d114      	bne.n	100009d4 <irq_remove_handler+0x184>
100009aa:	31ff      	adds	r1, #255	@ 0xff
100009ac:	7181      	strb	r1, [r0, #6]
100009ae:	4917      	ldr	r1, [pc, #92]	@ (10000a0c <irq_remove_handler+0x1bc>)
100009b0:	8081      	strh	r1, [r0, #4]
100009b2:	4815      	ldr	r0, [pc, #84]	@ (10000a08 <irq_remove_handler+0x1b8>)
100009b4:	7801      	ldrb	r1, [r0, #0]
100009b6:	7199      	strb	r1, [r3, #6]
100009b8:	4915      	ldr	r1, [pc, #84]	@ (10000a10 <irq_remove_handler+0x1c0>)
100009ba:	1b1b      	subs	r3, r3, r4
100009bc:	415b      	adcs	r3, r3
100009be:	4359      	muls	r1, r3
100009c0:	0d09      	lsrs	r1, r1, #20
100009c2:	7001      	strb	r1, [r0, #0]
100009c4:	e793      	b.n	100008ee <irq_remove_handler+0x9e>
100009c6:	4813      	ldr	r0, [pc, #76]	@ (10000a14 <irq_remove_handler+0x1c4>)
100009c8:	e7e2      	b.n	10000990 <irq_remove_handler+0x140>
100009ca:	2606      	movs	r6, #6
100009cc:	5786      	ldrsb	r6, [r0, r6]
100009ce:	0003      	movs	r3, r0
100009d0:	2e00      	cmp	r6, #0
100009d2:	dac0      	bge.n	10000956 <irq_remove_handler+0x106>
100009d4:	4910      	ldr	r1, [pc, #64]	@ (10000a18 <irq_remove_handler+0x1c8>)
100009d6:	4811      	ldr	r0, [pc, #68]	@ (10000a1c <irq_remove_handler+0x1cc>)
100009d8:	1ac9      	subs	r1, r1, r3
100009da:	3908      	subs	r1, #8
100009dc:	024c      	lsls	r4, r1, #9
100009de:	0d64      	lsrs	r4, r4, #21
100009e0:	4320      	orrs	r0, r4
100009e2:	8098      	strh	r0, [r3, #4]
100009e4:	480e      	ldr	r0, [pc, #56]	@ (10000a20 <irq_remove_handler+0x1d0>)
100009e6:	0849      	lsrs	r1, r1, #1
100009e8:	4301      	orrs	r1, r0
100009ea:	80d9      	strh	r1, [r3, #6]
100009ec:	e77f      	b.n	100008ee <irq_remove_handler+0x9e>
100009ee:	f000 ff07 	bl	10001800 <hard_assertion_failure>
100009f2:	46c0      	nop			@ (mov r8, r8)
100009f4:	d0000124 	.word	0xd0000124
100009f8:	e000ed00 	.word	0xe000ed00
100009fc:	100001c1 	.word	0x100001c1
10000a00:	200004bc 	.word	0x200004bc
10000a04:	e000e100 	.word	0xe000e100
10000a08:	200013b9 	.word	0x200013b9
10000a0c:	ffffbd01 	.word	0xffffbd01
10000a10:	0000aaaa 	.word	0x0000aaaa
10000a14:	0000bd01 	.word	0x0000bd01
10000a18:	200004f6 	.word	0x200004f6
10000a1c:	fffff000 	.word	0xfffff000
10000a20:	fffff800 	.word	0xfffff800

10000a24 <irq_set_priority>:
10000a24:	b510      	push	{r4, lr}
10000a26:	0883      	lsrs	r3, r0, #2
10000a28:	0004      	movs	r4, r0
10000a2a:	2003      	movs	r0, #3
10000a2c:	4020      	ands	r0, r4
10000a2e:	24ff      	movs	r4, #255	@ 0xff
10000a30:	4a05      	ldr	r2, [pc, #20]	@ (10000a48 <irq_set_priority+0x24>)
10000a32:	00c0      	lsls	r0, r0, #3
10000a34:	4694      	mov	ip, r2
10000a36:	4084      	lsls	r4, r0
10000a38:	4081      	lsls	r1, r0
10000a3a:	009b      	lsls	r3, r3, #2
10000a3c:	4463      	add	r3, ip
10000a3e:	681a      	ldr	r2, [r3, #0]
10000a40:	43a2      	bics	r2, r4
10000a42:	430a      	orrs	r2, r1
10000a44:	601a      	str	r2, [r3, #0]
10000a46:	bd10      	pop	{r4, pc}
10000a48:	e000e400 	.word	0xe000e400

10000a4c <irq_add_tail_to_free_list>:
10000a4c:	b570      	push	{r4, r5, r6, lr}
10000a4e:	2401      	movs	r4, #1
10000a50:	4304      	orrs	r4, r0
10000a52:	f3ef 8105 	mrs	r1, IPSR
10000a56:	f3ef 8c10 	mrs	ip, PRIMASK
10000a5a:	b672      	cpsid	i
10000a5c:	4a21      	ldr	r2, [pc, #132]	@ (10000ae4 <irq_add_tail_to_free_list+0x98>)
10000a5e:	6813      	ldr	r3, [r2, #0]
10000a60:	2b00      	cmp	r3, #0
10000a62:	d0fc      	beq.n	10000a5e <irq_add_tail_to_free_list+0x12>
10000a64:	f3bf 8f5f 	dmb	sy
10000a68:	4b1f      	ldr	r3, [pc, #124]	@ (10000ae8 <irq_add_tail_to_free_list+0x9c>)
10000a6a:	0005      	movs	r5, r0
10000a6c:	4a1f      	ldr	r2, [pc, #124]	@ (10000aec <irq_add_tail_to_free_list+0xa0>)
10000a6e:	1aed      	subs	r5, r5, r3
10000a70:	416d      	adcs	r5, r5
10000a72:	436a      	muls	r2, r5
10000a74:	0d12      	lsrs	r2, r2, #20
10000a76:	4d1e      	ldr	r5, [pc, #120]	@ (10000af0 <irq_add_tail_to_free_list+0xa4>)
10000a78:	0089      	lsls	r1, r1, #2
10000a7a:	68ae      	ldr	r6, [r5, #8]
10000a7c:	b252      	sxtb	r2, r2
10000a7e:	5876      	ldr	r6, [r6, r1]
10000a80:	42a6      	cmp	r6, r4
10000a82:	d01c      	beq.n	10000abe <irq_add_tail_to_free_list+0x72>
10000a84:	2106      	movs	r1, #6
10000a86:	5659      	ldrsb	r1, [r3, r1]
10000a88:	4291      	cmp	r1, r2
10000a8a:	d01c      	beq.n	10000ac6 <irq_add_tail_to_free_list+0x7a>
10000a8c:	2112      	movs	r1, #18
10000a8e:	5659      	ldrsb	r1, [r3, r1]
10000a90:	4291      	cmp	r1, r2
10000a92:	d022      	beq.n	10000ada <irq_add_tail_to_free_list+0x8e>
10000a94:	211e      	movs	r1, #30
10000a96:	5659      	ldrsb	r1, [r3, r1]
10000a98:	4291      	cmp	r1, r2
10000a9a:	d020      	beq.n	10000ade <irq_add_tail_to_free_list+0x92>
10000a9c:	212a      	movs	r1, #42	@ 0x2a
10000a9e:	5659      	ldrsb	r1, [r3, r1]
10000aa0:	2403      	movs	r4, #3
10000aa2:	4291      	cmp	r1, r2
10000aa4:	d010      	beq.n	10000ac8 <irq_add_tail_to_free_list+0x7c>
10000aa6:	4b13      	ldr	r3, [pc, #76]	@ (10000af4 <irq_add_tail_to_free_list+0xa8>)
10000aa8:	7819      	ldrb	r1, [r3, #0]
10000aaa:	701a      	strb	r2, [r3, #0]
10000aac:	7181      	strb	r1, [r0, #6]
10000aae:	f3bf 8f5f 	dmb	sy
10000ab2:	2200      	movs	r2, #0
10000ab4:	4b0b      	ldr	r3, [pc, #44]	@ (10000ae4 <irq_add_tail_to_free_list+0x98>)
10000ab6:	601a      	str	r2, [r3, #0]
10000ab8:	f38c 8810 	msr	PRIMASK, ip
10000abc:	bd70      	pop	{r4, r5, r6, pc}
10000abe:	68ab      	ldr	r3, [r5, #8]
10000ac0:	4c0d      	ldr	r4, [pc, #52]	@ (10000af8 <irq_add_tail_to_free_list+0xac>)
10000ac2:	505c      	str	r4, [r3, r1]
10000ac4:	e7ef      	b.n	10000aa6 <irq_add_tail_to_free_list+0x5a>
10000ac6:	2400      	movs	r4, #0
10000ac8:	0061      	lsls	r1, r4, #1
10000aca:	1909      	adds	r1, r1, r4
10000acc:	0089      	lsls	r1, r1, #2
10000ace:	185b      	adds	r3, r3, r1
10000ad0:	21ff      	movs	r1, #255	@ 0xff
10000ad2:	7199      	strb	r1, [r3, #6]
10000ad4:	4909      	ldr	r1, [pc, #36]	@ (10000afc <irq_add_tail_to_free_list+0xb0>)
10000ad6:	8099      	strh	r1, [r3, #4]
10000ad8:	e7e5      	b.n	10000aa6 <irq_add_tail_to_free_list+0x5a>
10000ada:	2401      	movs	r4, #1
10000adc:	e7f4      	b.n	10000ac8 <irq_add_tail_to_free_list+0x7c>
10000ade:	2402      	movs	r4, #2
10000ae0:	e7f2      	b.n	10000ac8 <irq_add_tail_to_free_list+0x7c>
10000ae2:	46c0      	nop			@ (mov r8, r8)
10000ae4:	d0000124 	.word	0xd0000124
10000ae8:	200004bc 	.word	0x200004bc
10000aec:	0000aaaa 	.word	0x0000aaaa
10000af0:	e000ed00 	.word	0xe000ed00
10000af4:	200013b9 	.word	0x200013b9
10000af8:	100001c1 	.word	0x100001c1
10000afc:	ffffbd01 	.word	0xffffbd01

10000b00 <user_irq_unclaim>:
10000b00:	211f      	movs	r1, #31
10000b02:	b510      	push	{r4, lr}
10000b04:	1a09      	subs	r1, r1, r0
10000b06:	4802      	ldr	r0, [pc, #8]	@ (10000b10 <user_irq_unclaim+0x10>)
10000b08:	f7ff fd2a 	bl	10000560 <hw_claim_clear>
10000b0c:	bd10      	pop	{r4, pc}
10000b0e:	46c0      	nop			@ (mov r8, r8)
10000b10:	200013ba 	.word	0x200013ba

10000b14 <user_irq_claim_unused>:
10000b14:	b510      	push	{r4, lr}
10000b16:	4b08      	ldr	r3, [pc, #32]	@ (10000b38 <user_irq_claim_unused+0x24>)
10000b18:	4c08      	ldr	r4, [pc, #32]	@ (10000b3c <user_irq_claim_unused+0x28>)
10000b1a:	b082      	sub	sp, #8
10000b1c:	0001      	movs	r1, r0
10000b1e:	9300      	str	r3, [sp, #0]
10000b20:	2200      	movs	r2, #0
10000b22:	2305      	movs	r3, #5
10000b24:	0020      	movs	r0, r4
10000b26:	f7ff fccd 	bl	100004c4 <hw_claim_unused_from_range>
10000b2a:	2800      	cmp	r0, #0
10000b2c:	db01      	blt.n	10000b32 <user_irq_claim_unused+0x1e>
10000b2e:	231f      	movs	r3, #31
10000b30:	1a18      	subs	r0, r3, r0
10000b32:	b002      	add	sp, #8
10000b34:	bd10      	pop	{r4, pc}
10000b36:	46c0      	nop			@ (mov r8, r8)
10000b38:	10007bd8 	.word	0x10007bd8
10000b3c:	200013ba 	.word	0x200013ba

10000b40 <sem_init>:
10000b40:	b570      	push	{r4, r5, r6, lr}
10000b42:	0004      	movs	r4, r0
10000b44:	000e      	movs	r6, r1
10000b46:	0015      	movs	r5, r2
10000b48:	f7ff fd26 	bl	10000598 <next_striped_spin_lock_num>
10000b4c:	0001      	movs	r1, r0
10000b4e:	0020      	movs	r0, r4
10000b50:	f000 f806 	bl	10000b60 <lock_init>
10000b54:	80a6      	strh	r6, [r4, #4]
10000b56:	80e5      	strh	r5, [r4, #6]
10000b58:	f3bf 8f5f 	dmb	sy
10000b5c:	bd70      	pop	{r4, r5, r6, pc}
10000b5e:	46c0      	nop			@ (mov r8, r8)

10000b60 <lock_init>:
10000b60:	4b02      	ldr	r3, [pc, #8]	@ (10000b6c <lock_init+0xc>)
10000b62:	469c      	mov	ip, r3
10000b64:	4461      	add	r1, ip
10000b66:	0089      	lsls	r1, r1, #2
10000b68:	6001      	str	r1, [r0, #0]
10000b6a:	4770      	bx	lr
10000b6c:	34000040 	.word	0x34000040

10000b70 <runtime_init_mutex>:
10000b70:	b5f8      	push	{r3, r4, r5, r6, r7, lr}
10000b72:	4d13      	ldr	r5, [pc, #76]	@ (10000bc0 <runtime_init_mutex+0x50>)
10000b74:	4e13      	ldr	r6, [pc, #76]	@ (10000bc4 <runtime_init_mutex+0x54>)
10000b76:	002c      	movs	r4, r5
10000b78:	27ff      	movs	r7, #255	@ 0xff
10000b7a:	42b5      	cmp	r5, r6
10000b7c:	d21e      	bcs.n	10000bbc <runtime_init_mutex+0x4c>
10000b7e:	6823      	ldr	r3, [r4, #0]
10000b80:	2b00      	cmp	r3, #0
10000b82:	d00f      	beq.n	10000ba4 <runtime_init_mutex+0x34>
10000b84:	f7ff fd08 	bl	10000598 <next_striped_spin_lock_num>
10000b88:	0001      	movs	r1, r0
10000b8a:	0028      	movs	r0, r5
10000b8c:	f7ff ffe8 	bl	10000b60 <lock_init>
10000b90:	80a7      	strh	r7, [r4, #4]
10000b92:	f3bf 8f5f 	dmb	sy
10000b96:	3408      	adds	r4, #8
10000b98:	42b4      	cmp	r4, r6
10000b9a:	d20f      	bcs.n	10000bbc <runtime_init_mutex+0x4c>
10000b9c:	6823      	ldr	r3, [r4, #0]
10000b9e:	0025      	movs	r5, r4
10000ba0:	2b00      	cmp	r3, #0
10000ba2:	d1ef      	bne.n	10000b84 <runtime_init_mutex+0x14>
10000ba4:	f7ff fcf8 	bl	10000598 <next_striped_spin_lock_num>
10000ba8:	0001      	movs	r1, r0
10000baa:	0028      	movs	r0, r5
10000bac:	f7ff ffd8 	bl	10000b60 <lock_init>
10000bb0:	7127      	strb	r7, [r4, #4]
10000bb2:	f3bf 8f5f 	dmb	sy
10000bb6:	3408      	adds	r4, #8
10000bb8:	42b4      	cmp	r4, r6
10000bba:	d3ef      	bcc.n	10000b9c <runtime_init_mutex+0x2c>
10000bbc:	bdf8      	pop	{r3, r4, r5, r6, r7, pc}
10000bbe:	46c0      	nop			@ (mov r8, r8)
10000bc0:	20000568 	.word	0x20000568
10000bc4:	20000570 	.word	0x20000570

10000bc8 <recursive_mutex_init>:
10000bc8:	b510      	push	{r4, lr}
10000bca:	0004      	movs	r4, r0
10000bcc:	f7ff fce4 	bl	10000598 <next_striped_spin_lock_num>
10000bd0:	0001      	movs	r1, r0
10000bd2:	0020      	movs	r0, r4
10000bd4:	f7ff ffc4 	bl	10000b60 <lock_init>
10000bd8:	23ff      	movs	r3, #255	@ 0xff
10000bda:	80a3      	strh	r3, [r4, #4]
10000bdc:	f3bf 8f5f 	dmb	sy
10000be0:	bd10      	pop	{r4, pc}
10000be2:	46c0      	nop			@ (mov r8, r8)

10000be4 <sleep_until_callback>:
10000be4:	bf40      	sev
10000be6:	2000      	movs	r0, #0
10000be8:	2100      	movs	r1, #0
10000bea:	4770      	bx	lr

10000bec <alarm_pool_irq_handler>:
10000bec:	b5f0      	push	{r4, r5, r6, r7, lr}
10000bee:	46de      	mov	lr, fp
10000bf0:	4657      	mov	r7, sl
10000bf2:	464e      	mov	r6, r9
10000bf4:	4645      	mov	r5, r8
10000bf6:	b5e0      	push	{r5, r6, r7, lr}
10000bf8:	b083      	sub	sp, #12
10000bfa:	f3ef 8205 	mrs	r2, IPSR
10000bfe:	2303      	movs	r3, #3
10000c00:	4013      	ands	r3, r2
10000c02:	4ab2      	ldr	r2, [pc, #712]	@ (10000ecc <alarm_pool_irq_handler+0x2e0>)
10000c04:	0099      	lsls	r1, r3, #2
10000c06:	5852      	ldr	r2, [r2, r1]
10000c08:	9101      	str	r1, [sp, #4]
10000c0a:	4690      	mov	r8, r2
10000c0c:	2201      	movs	r2, #1
10000c0e:	409a      	lsls	r2, r3
10000c10:	4baf      	ldr	r3, [pc, #700]	@ (10000ed0 <alarm_pool_irq_handler+0x2e4>)
10000c12:	9200      	str	r2, [sp, #0]
10000c14:	601a      	str	r2, [r3, #0]
10000c16:	2308      	movs	r3, #8
10000c18:	4443      	add	r3, r8
10000c1a:	4699      	mov	r9, r3
10000c1c:	9b00      	ldr	r3, [sp, #0]
10000c1e:	48ad      	ldr	r0, [pc, #692]	@ (10000ed4 <alarm_pool_irq_handler+0x2e8>)
10000c20:	6343      	str	r3, [r0, #52]	@ 0x34
10000c22:	4643      	mov	r3, r8
10000c24:	2208      	movs	r2, #8
10000c26:	5e9b      	ldrsh	r3, [r3, r2]
10000c28:	469a      	mov	sl, r3
10000c2a:	2b00      	cmp	r3, #0
10000c2c:	db00      	blt.n	10000c30 <alarm_pool_irq_handler+0x44>
10000c2e:	e0bd      	b.n	10000dac <alarm_pool_irq_handler+0x1c0>
10000c30:	4643      	mov	r3, r8
10000c32:	889b      	ldrh	r3, [r3, #4]
10000c34:	b21b      	sxth	r3, r3
10000c36:	2b00      	cmp	r3, #0
10000c38:	da00      	bge.n	10000c3c <alarm_pool_irq_handler+0x50>
10000c3a:	e12b      	b.n	10000e94 <alarm_pool_irq_handler+0x2a8>
10000c3c:	4643      	mov	r3, r8
10000c3e:	691b      	ldr	r3, [r3, #16]
10000c40:	f3ef 8210 	mrs	r2, PRIMASK
10000c44:	b672      	cpsid	i
10000c46:	6819      	ldr	r1, [r3, #0]
10000c48:	2900      	cmp	r1, #0
10000c4a:	d0fc      	beq.n	10000c46 <alarm_pool_irq_handler+0x5a>
10000c4c:	f3bf 8f5f 	dmb	sy
10000c50:	4643      	mov	r3, r8
10000c52:	889e      	ldrh	r6, [r3, #4]
10000c54:	2301      	movs	r3, #1
10000c56:	4641      	mov	r1, r8
10000c58:	425b      	negs	r3, r3
10000c5a:	808b      	strh	r3, [r1, #4]
10000c5c:	b236      	sxth	r6, r6
10000c5e:	690b      	ldr	r3, [r1, #16]
10000c60:	f3bf 8f5f 	dmb	sy
10000c64:	2100      	movs	r1, #0
10000c66:	6019      	str	r1, [r3, #0]
10000c68:	f382 8810 	msr	PRIMASK, r2
10000c6c:	2e00      	cmp	r6, #0
10000c6e:	db24      	blt.n	10000cba <alarm_pool_irq_handler+0xce>
10000c70:	4643      	mov	r3, r8
10000c72:	695d      	ldr	r5, [r3, #20]
10000c74:	0074      	lsls	r4, r6, #1
10000c76:	19a4      	adds	r4, r4, r6
10000c78:	00e4      	lsls	r4, r4, #3
10000c7a:	192c      	adds	r4, r5, r4
10000c7c:	68a3      	ldr	r3, [r4, #8]
10000c7e:	4649      	mov	r1, r9
10000c80:	469a      	mov	sl, r3
10000c82:	4643      	mov	r3, r8
10000c84:	2208      	movs	r2, #8
10000c86:	5e9a      	ldrsh	r2, [r3, r2]
10000c88:	68e0      	ldr	r0, [r4, #12]
10000c8a:	2a00      	cmp	r2, #0
10000c8c:	da08      	bge.n	10000ca0 <alarm_pool_irq_handler+0xb4>
10000c8e:	e00e      	b.n	10000cae <alarm_pool_irq_handler+0xc2>
10000c90:	4287      	cmp	r7, r0
10000c92:	d100      	bne.n	10000c96 <alarm_pool_irq_handler+0xaa>
10000c94:	e07e      	b.n	10000d94 <alarm_pool_irq_handler+0x1a8>
10000c96:	0019      	movs	r1, r3
10000c98:	2300      	movs	r3, #0
10000c9a:	5eca      	ldrsh	r2, [r1, r3]
10000c9c:	2a00      	cmp	r2, #0
10000c9e:	db06      	blt.n	10000cae <alarm_pool_irq_handler+0xc2>
10000ca0:	0053      	lsls	r3, r2, #1
10000ca2:	189b      	adds	r3, r3, r2
10000ca4:	00db      	lsls	r3, r3, #3
10000ca6:	18eb      	adds	r3, r5, r3
10000ca8:	68df      	ldr	r7, [r3, #12]
10000caa:	4287      	cmp	r7, r0
10000cac:	ddf0      	ble.n	10000c90 <alarm_pool_irq_handler+0xa4>
10000cae:	800e      	strh	r6, [r1, #0]
10000cb0:	2300      	movs	r3, #0
10000cb2:	5ee6      	ldrsh	r6, [r4, r3]
10000cb4:	8022      	strh	r2, [r4, #0]
10000cb6:	2e00      	cmp	r6, #0
10000cb8:	dadc      	bge.n	10000c74 <alarm_pool_irq_handler+0x88>
10000cba:	4643      	mov	r3, r8
10000cbc:	2108      	movs	r1, #8
10000cbe:	5e59      	ldrsh	r1, [r3, r1]
10000cc0:	2900      	cmp	r1, #0
10000cc2:	da00      	bge.n	10000cc6 <alarm_pool_irq_handler+0xda>
10000cc4:	e0e6      	b.n	10000e94 <alarm_pool_irq_handler+0x2a8>
10000cc6:	4643      	mov	r3, r8
10000cc8:	4882      	ldr	r0, [pc, #520]	@ (10000ed4 <alarm_pool_irq_handler+0x2e8>)
10000cca:	695a      	ldr	r2, [r3, #20]
10000ccc:	4684      	mov	ip, r0
10000cce:	004b      	lsls	r3, r1, #1
10000cd0:	185b      	adds	r3, r3, r1
10000cd2:	9901      	ldr	r1, [sp, #4]
10000cd4:	00db      	lsls	r3, r3, #3
10000cd6:	18d3      	adds	r3, r2, r3
10000cd8:	4461      	add	r1, ip
10000cda:	6a82      	ldr	r2, [r0, #40]	@ 0x28
10000cdc:	689d      	ldr	r5, [r3, #8]
10000cde:	68dc      	ldr	r4, [r3, #12]
10000ce0:	690b      	ldr	r3, [r1, #16]
10000ce2:	1aae      	subs	r6, r5, r2
10000ce4:	1a9b      	subs	r3, r3, r2
10000ce6:	429e      	cmp	r6, r3
10000ce8:	d319      	bcc.n	10000d1e <alarm_pool_irq_handler+0x132>
10000cea:	6a03      	ldr	r3, [r0, #32]
10000cec:	9a00      	ldr	r2, [sp, #0]
10000cee:	421a      	tst	r2, r3
10000cf0:	d015      	beq.n	10000d1e <alarm_pool_irq_handler+0x132>
10000cf2:	4643      	mov	r3, r8
10000cf4:	799b      	ldrb	r3, [r3, #6]
10000cf6:	2b00      	cmp	r3, #0
10000cf8:	d116      	bne.n	10000d28 <alarm_pool_irq_handler+0x13c>
10000cfa:	4876      	ldr	r0, [pc, #472]	@ (10000ed4 <alarm_pool_irq_handler+0x2e8>)
10000cfc:	f000 fbca 	bl	10001494 <timer_time_us_64>
10000d00:	428c      	cmp	r4, r1
10000d02:	dc04      	bgt.n	10000d0e <alarm_pool_irq_handler+0x122>
10000d04:	d000      	beq.n	10000d08 <alarm_pool_irq_handler+0x11c>
10000d06:	e789      	b.n	10000c1c <alarm_pool_irq_handler+0x30>
10000d08:	4285      	cmp	r5, r0
10000d0a:	d800      	bhi.n	10000d0e <alarm_pool_irq_handler+0x122>
10000d0c:	e786      	b.n	10000c1c <alarm_pool_irq_handler+0x30>
10000d0e:	bf40      	sev
10000d10:	b003      	add	sp, #12
10000d12:	bcf0      	pop	{r4, r5, r6, r7}
10000d14:	46bb      	mov	fp, r7
10000d16:	46b2      	mov	sl, r6
10000d18:	46a9      	mov	r9, r5
10000d1a:	46a0      	mov	r8, r4
10000d1c:	bdf0      	pop	{r4, r5, r6, r7, pc}
10000d1e:	4643      	mov	r3, r8
10000d20:	610d      	str	r5, [r1, #16]
10000d22:	799b      	ldrb	r3, [r3, #6]
10000d24:	2b00      	cmp	r3, #0
10000d26:	d0e8      	beq.n	10000cfa <alarm_pool_irq_handler+0x10e>
10000d28:	2300      	movs	r3, #0
10000d2a:	4642      	mov	r2, r8
10000d2c:	7193      	strb	r3, [r2, #6]
10000d2e:	4643      	mov	r3, r8
10000d30:	2208      	movs	r2, #8
10000d32:	5e9a      	ldrsh	r2, [r3, r2]
10000d34:	4648      	mov	r0, r9
10000d36:	1c53      	adds	r3, r2, #1
10000d38:	d0df      	beq.n	10000cfa <alarm_pool_irq_handler+0x10e>
10000d3a:	4647      	mov	r7, r8
10000d3c:	2600      	movs	r6, #0
10000d3e:	46a8      	mov	r8, r5
10000d40:	46a3      	mov	fp, r4
10000d42:	e002      	b.n	10000d4a <alarm_pool_irq_handler+0x15e>
10000d44:	0008      	movs	r0, r1
10000d46:	1c53      	adds	r3, r2, #1
10000d48:	d020      	beq.n	10000d8c <alarm_pool_irq_handler+0x1a0>
10000d4a:	0053      	lsls	r3, r2, #1
10000d4c:	697d      	ldr	r5, [r7, #20]
10000d4e:	189b      	adds	r3, r3, r2
10000d50:	00db      	lsls	r3, r3, #3
10000d52:	18e9      	adds	r1, r5, r3
10000d54:	0014      	movs	r4, r2
10000d56:	5eea      	ldrsh	r2, [r5, r3]
10000d58:	884b      	ldrh	r3, [r1, #2]
10000d5a:	b21b      	sxth	r3, r3
10000d5c:	2b00      	cmp	r3, #0
10000d5e:	daf1      	bge.n	10000d44 <alarm_pool_irq_handler+0x158>
10000d60:	8002      	strh	r2, [r0, #0]
10000d62:	693b      	ldr	r3, [r7, #16]
10000d64:	f3ef 8a10 	mrs	sl, PRIMASK
10000d68:	b672      	cpsid	i
10000d6a:	001d      	movs	r5, r3
10000d6c:	682b      	ldr	r3, [r5, #0]
10000d6e:	2b00      	cmp	r3, #0
10000d70:	d0fc      	beq.n	10000d6c <alarm_pool_irq_handler+0x180>
10000d72:	f3bf 8f5f 	dmb	sy
10000d76:	887b      	ldrh	r3, [r7, #2]
10000d78:	800b      	strh	r3, [r1, #0]
10000d7a:	693b      	ldr	r3, [r7, #16]
10000d7c:	807c      	strh	r4, [r7, #2]
10000d7e:	f3bf 8f5f 	dmb	sy
10000d82:	601e      	str	r6, [r3, #0]
10000d84:	f38a 8810 	msr	PRIMASK, sl
10000d88:	1c53      	adds	r3, r2, #1
10000d8a:	d1de      	bne.n	10000d4a <alarm_pool_irq_handler+0x15e>
10000d8c:	4645      	mov	r5, r8
10000d8e:	465c      	mov	r4, fp
10000d90:	46b8      	mov	r8, r7
10000d92:	e7b2      	b.n	10000cfa <alarm_pool_irq_handler+0x10e>
10000d94:	689f      	ldr	r7, [r3, #8]
10000d96:	4557      	cmp	r7, sl
10000d98:	d800      	bhi.n	10000d9c <alarm_pool_irq_handler+0x1b0>
10000d9a:	e77c      	b.n	10000c96 <alarm_pool_irq_handler+0xaa>
10000d9c:	800e      	strh	r6, [r1, #0]
10000d9e:	2300      	movs	r3, #0
10000da0:	5ee6      	ldrsh	r6, [r4, r3]
10000da2:	8022      	strh	r2, [r4, #0]
10000da4:	2e00      	cmp	r6, #0
10000da6:	db00      	blt.n	10000daa <alarm_pool_irq_handler+0x1be>
10000da8:	e764      	b.n	10000c74 <alarm_pool_irq_handler+0x88>
10000daa:	e786      	b.n	10000cba <alarm_pool_irq_handler+0xce>
10000dac:	4642      	mov	r2, r8
10000dae:	6952      	ldr	r2, [r2, #20]
10000db0:	005b      	lsls	r3, r3, #1
10000db2:	4693      	mov	fp, r2
10000db4:	4453      	add	r3, sl
10000db6:	00db      	lsls	r3, r3, #3
10000db8:	449b      	add	fp, r3
10000dba:	465b      	mov	r3, fp
10000dbc:	689e      	ldr	r6, [r3, #8]
10000dbe:	68df      	ldr	r7, [r3, #12]
10000dc0:	f000 fb68 	bl	10001494 <timer_time_us_64>
10000dc4:	428f      	cmp	r7, r1
10000dc6:	dc2a      	bgt.n	10000e1e <alarm_pool_irq_handler+0x232>
10000dc8:	d030      	beq.n	10000e2c <alarm_pool_irq_handler+0x240>
10000dca:	465b      	mov	r3, fp
10000dcc:	691b      	ldr	r3, [r3, #16]
10000dce:	2b02      	cmp	r3, #2
10000dd0:	d032      	beq.n	10000e38 <alarm_pool_irq_handler+0x24c>
10000dd2:	4640      	mov	r0, r8
10000dd4:	465a      	mov	r2, fp
10000dd6:	4659      	mov	r1, fp
10000dd8:	2408      	movs	r4, #8
10000dda:	5f00      	ldrsh	r0, [r0, r4]
10000ddc:	8852      	ldrh	r2, [r2, #2]
10000dde:	0400      	lsls	r0, r0, #16
10000de0:	6949      	ldr	r1, [r1, #20]
10000de2:	4310      	orrs	r0, r2
10000de4:	4798      	blx	r3
10000de6:	0004      	movs	r4, r0
10000de8:	000d      	movs	r5, r1
10000dea:	0023      	movs	r3, r4
10000dec:	432b      	orrs	r3, r5
10000dee:	d02f      	beq.n	10000e50 <alarm_pool_irq_handler+0x264>
10000df0:	2d00      	cmp	r5, #0
10000df2:	da49      	bge.n	10000e88 <alarm_pool_irq_handler+0x29c>
10000df4:	0030      	movs	r0, r6
10000df6:	0039      	movs	r1, r7
10000df8:	1b00      	subs	r0, r0, r4
10000dfa:	41a9      	sbcs	r1, r5
10000dfc:	465b      	mov	r3, fp
10000dfe:	6098      	str	r0, [r3, #8]
10000e00:	60d9      	str	r1, [r3, #12]
10000e02:	2200      	movs	r2, #0
10000e04:	5e9a      	ldrsh	r2, [r3, r2]
10000e06:	2a00      	cmp	r2, #0
10000e08:	db09      	blt.n	10000e1e <alarm_pool_irq_handler+0x232>
10000e0a:	4643      	mov	r3, r8
10000e0c:	695d      	ldr	r5, [r3, #20]
10000e0e:	0053      	lsls	r3, r2, #1
10000e10:	189c      	adds	r4, r3, r2
10000e12:	00e4      	lsls	r4, r4, #3
10000e14:	192c      	adds	r4, r5, r4
10000e16:	68a7      	ldr	r7, [r4, #8]
10000e18:	68e4      	ldr	r4, [r4, #12]
10000e1a:	428c      	cmp	r4, r1
10000e1c:	dd5c      	ble.n	10000ed8 <alarm_pool_irq_handler+0x2ec>
10000e1e:	4643      	mov	r3, r8
10000e20:	889b      	ldrh	r3, [r3, #4]
10000e22:	b21b      	sxth	r3, r3
10000e24:	2b00      	cmp	r3, #0
10000e26:	da00      	bge.n	10000e2a <alarm_pool_irq_handler+0x23e>
10000e28:	e747      	b.n	10000cba <alarm_pool_irq_handler+0xce>
10000e2a:	e707      	b.n	10000c3c <alarm_pool_irq_handler+0x50>
10000e2c:	4286      	cmp	r6, r0
10000e2e:	d8f6      	bhi.n	10000e1e <alarm_pool_irq_handler+0x232>
10000e30:	465b      	mov	r3, fp
10000e32:	691b      	ldr	r3, [r3, #16]
10000e34:	2b02      	cmp	r3, #2
10000e36:	d1cc      	bne.n	10000dd2 <alarm_pool_irq_handler+0x1e6>
10000e38:	465b      	mov	r3, fp
10000e3a:	695c      	ldr	r4, [r3, #20]
10000e3c:	0020      	movs	r0, r4
10000e3e:	6923      	ldr	r3, [r4, #16]
10000e40:	4798      	blx	r3
10000e42:	2800      	cmp	r0, #0
10000e44:	d004      	beq.n	10000e50 <alarm_pool_irq_handler+0x264>
10000e46:	6865      	ldr	r5, [r4, #4]
10000e48:	6824      	ldr	r4, [r4, #0]
10000e4a:	0023      	movs	r3, r4
10000e4c:	432b      	orrs	r3, r5
10000e4e:	d1cf      	bne.n	10000df0 <alarm_pool_irq_handler+0x204>
10000e50:	465b      	mov	r3, fp
10000e52:	4642      	mov	r2, r8
10000e54:	881b      	ldrh	r3, [r3, #0]
10000e56:	8113      	strh	r3, [r2, #8]
10000e58:	6912      	ldr	r2, [r2, #16]
10000e5a:	f3ef 8310 	mrs	r3, PRIMASK
10000e5e:	b672      	cpsid	i
10000e60:	6811      	ldr	r1, [r2, #0]
10000e62:	2900      	cmp	r1, #0
10000e64:	d0fc      	beq.n	10000e60 <alarm_pool_irq_handler+0x274>
10000e66:	f3bf 8f5f 	dmb	sy
10000e6a:	4642      	mov	r2, r8
10000e6c:	4659      	mov	r1, fp
10000e6e:	8852      	ldrh	r2, [r2, #2]
10000e70:	800a      	strh	r2, [r1, #0]
10000e72:	4642      	mov	r2, r8
10000e74:	4651      	mov	r1, sl
10000e76:	8051      	strh	r1, [r2, #2]
10000e78:	6912      	ldr	r2, [r2, #16]
10000e7a:	f3bf 8f5f 	dmb	sy
10000e7e:	2100      	movs	r1, #0
10000e80:	6011      	str	r1, [r2, #0]
10000e82:	f383 8810 	msr	PRIMASK, r3
10000e86:	e7ca      	b.n	10000e1e <alarm_pool_irq_handler+0x232>
10000e88:	4812      	ldr	r0, [pc, #72]	@ (10000ed4 <alarm_pool_irq_handler+0x2e8>)
10000e8a:	f000 fb03 	bl	10001494 <timer_time_us_64>
10000e8e:	1900      	adds	r0, r0, r4
10000e90:	4169      	adcs	r1, r5
10000e92:	e7b3      	b.n	10000dfc <alarm_pool_irq_handler+0x210>
10000e94:	4c0f      	ldr	r4, [pc, #60]	@ (10000ed4 <alarm_pool_irq_handler+0x2e8>)
10000e96:	0020      	movs	r0, r4
10000e98:	f000 fafc 	bl	10001494 <timer_time_us_64>
10000e9c:	2280      	movs	r2, #128	@ 0x80
10000e9e:	2300      	movs	r3, #0
10000ea0:	46a4      	mov	ip, r4
10000ea2:	0612      	lsls	r2, r2, #24
10000ea4:	1880      	adds	r0, r0, r2
10000ea6:	4159      	adcs	r1, r3
10000ea8:	9a01      	ldr	r2, [sp, #4]
10000eaa:	6aa5      	ldr	r5, [r4, #40]	@ 0x28
10000eac:	4462      	add	r2, ip
10000eae:	6913      	ldr	r3, [r2, #16]
10000eb0:	1b46      	subs	r6, r0, r5
10000eb2:	1b5b      	subs	r3, r3, r5
10000eb4:	429e      	cmp	r6, r3
10000eb6:	d201      	bcs.n	10000ebc <alarm_pool_irq_handler+0x2d0>
10000eb8:	6110      	str	r0, [r2, #16]
10000eba:	e728      	b.n	10000d0e <alarm_pool_irq_handler+0x122>
10000ebc:	6a23      	ldr	r3, [r4, #32]
10000ebe:	9c00      	ldr	r4, [sp, #0]
10000ec0:	421c      	tst	r4, r3
10000ec2:	d000      	beq.n	10000ec6 <alarm_pool_irq_handler+0x2da>
10000ec4:	e723      	b.n	10000d0e <alarm_pool_irq_handler+0x122>
10000ec6:	6110      	str	r0, [r2, #16]
10000ec8:	e721      	b.n	10000d0e <alarm_pool_irq_handler+0x122>
10000eca:	46c0      	nop			@ (mov r8, r8)
10000ecc:	20001290 	.word	0x20001290
10000ed0:	4005703c 	.word	0x4005703c
10000ed4:	40054000 	.word	0x40054000
10000ed8:	428c      	cmp	r4, r1
10000eda:	d101      	bne.n	10000ee0 <alarm_pool_irq_handler+0x2f4>
10000edc:	4287      	cmp	r7, r0
10000ede:	d89e      	bhi.n	10000e1e <alarm_pool_irq_handler+0x232>
10000ee0:	4646      	mov	r6, r8
10000ee2:	8132      	strh	r2, [r6, #8]
10000ee4:	3608      	adds	r6, #8
10000ee6:	e00c      	b.n	10000f02 <alarm_pool_irq_handler+0x316>
10000ee8:	428c      	cmp	r4, r1
10000eea:	d014      	beq.n	10000f16 <alarm_pool_irq_handler+0x32a>
10000eec:	001e      	movs	r6, r3
10000eee:	2300      	movs	r3, #0
10000ef0:	5ef2      	ldrsh	r2, [r6, r3]
10000ef2:	2a00      	cmp	r2, #0
10000ef4:	db0a      	blt.n	10000f0c <alarm_pool_irq_handler+0x320>
10000ef6:	0053      	lsls	r3, r2, #1
10000ef8:	189c      	adds	r4, r3, r2
10000efa:	00e4      	lsls	r4, r4, #3
10000efc:	192c      	adds	r4, r5, r4
10000efe:	68a7      	ldr	r7, [r4, #8]
10000f00:	68e4      	ldr	r4, [r4, #12]
10000f02:	189b      	adds	r3, r3, r2
10000f04:	00db      	lsls	r3, r3, #3
10000f06:	18eb      	adds	r3, r5, r3
10000f08:	428c      	cmp	r4, r1
10000f0a:	dded      	ble.n	10000ee8 <alarm_pool_irq_handler+0x2fc>
10000f0c:	465b      	mov	r3, fp
10000f0e:	801a      	strh	r2, [r3, #0]
10000f10:	4653      	mov	r3, sl
10000f12:	8033      	strh	r3, [r6, #0]
10000f14:	e783      	b.n	10000e1e <alarm_pool_irq_handler+0x232>
10000f16:	4287      	cmp	r7, r0
10000f18:	d9e8      	bls.n	10000eec <alarm_pool_irq_handler+0x300>
10000f1a:	e7f7      	b.n	10000f0c <alarm_pool_irq_handler+0x320>

10000f1c <runtime_init_default_alarm_pool>:
10000f1c:	b570      	push	{r4, r5, r6, lr}
10000f1e:	4c2c      	ldr	r4, [pc, #176]	@ (10000fd0 <runtime_init_default_alarm_pool+0xb4>)
10000f20:	6925      	ldr	r5, [r4, #16]
10000f22:	2d00      	cmp	r5, #0
10000f24:	d000      	beq.n	10000f28 <runtime_init_default_alarm_pool+0xc>
10000f26:	bd70      	pop	{r4, r5, r6, pc}
10000f28:	4e2a      	ldr	r6, [pc, #168]	@ (10000fd4 <runtime_init_default_alarm_pool+0xb8>)
10000f2a:	2103      	movs	r1, #3
10000f2c:	0030      	movs	r0, r6
10000f2e:	f000 faa7 	bl	10001480 <timer_hardware_alarm_claim>
10000f32:	60e6      	str	r6, [r4, #12]
10000f34:	f7ff fb30 	bl	10000598 <next_striped_spin_lock_num>
10000f38:	4b27      	ldr	r3, [pc, #156]	@ (10000fd8 <runtime_init_default_alarm_pool+0xbc>)
10000f3a:	2203      	movs	r2, #3
10000f3c:	469c      	mov	ip, r3
10000f3e:	23d0      	movs	r3, #208	@ 0xd0
10000f40:	7022      	strb	r2, [r4, #0]
10000f42:	061b      	lsls	r3, r3, #24
10000f44:	681b      	ldr	r3, [r3, #0]
10000f46:	2101      	movs	r1, #1
10000f48:	7063      	strb	r3, [r4, #1]
10000f4a:	4b24      	ldr	r3, [pc, #144]	@ (10000fdc <runtime_init_default_alarm_pool+0xc0>)
10000f4c:	4460      	add	r0, ip
10000f4e:	60a3      	str	r3, [r4, #8]
10000f50:	230f      	movs	r3, #15
10000f52:	0080      	lsls	r0, r0, #2
10000f54:	6120      	str	r0, [r4, #16]
10000f56:	2002      	movs	r0, #2
10000f58:	8063      	strh	r3, [r4, #2]
10000f5a:	6963      	ldr	r3, [r4, #20]
10000f5c:	4249      	negs	r1, r1
10000f5e:	80a1      	strh	r1, [r4, #4]
10000f60:	8019      	strh	r1, [r3, #0]
10000f62:	3102      	adds	r1, #2
10000f64:	8619      	strh	r1, [r3, #48]	@ 0x30
10000f66:	3147      	adds	r1, #71	@ 0x47
10000f68:	831d      	strh	r5, [r3, #24]
10000f6a:	5258      	strh	r0, [r3, r1]
10000f6c:	3118      	adds	r1, #24
10000f6e:	525a      	strh	r2, [r3, r1]
10000f70:	3275      	adds	r2, #117	@ 0x75
10000f72:	395c      	subs	r1, #92	@ 0x5c
10000f74:	5299      	strh	r1, [r3, r2]
10000f76:	3218      	adds	r2, #24
10000f78:	3101      	adds	r1, #1
10000f7a:	5299      	strh	r1, [r3, r2]
10000f7c:	3218      	adds	r2, #24
10000f7e:	3101      	adds	r1, #1
10000f80:	5299      	strh	r1, [r3, r2]
10000f82:	3218      	adds	r2, #24
10000f84:	3101      	adds	r1, #1
10000f86:	5299      	strh	r1, [r3, r2]
10000f88:	3508      	adds	r5, #8
10000f8a:	3218      	adds	r2, #24
10000f8c:	529d      	strh	r5, [r3, r2]
10000f8e:	3102      	adds	r1, #2
10000f90:	3218      	adds	r2, #24
10000f92:	5299      	strh	r1, [r3, r2]
10000f94:	3218      	adds	r2, #24
10000f96:	3101      	adds	r1, #1
10000f98:	5299      	strh	r1, [r3, r2]
10000f9a:	3218      	adds	r2, #24
10000f9c:	3101      	adds	r1, #1
10000f9e:	5299      	strh	r1, [r3, r2]
10000fa0:	3218      	adds	r2, #24
10000fa2:	3101      	adds	r1, #1
10000fa4:	5299      	strh	r1, [r3, r2]
10000fa6:	3218      	adds	r2, #24
10000fa8:	3101      	adds	r1, #1
10000faa:	5299      	strh	r1, [r3, r2]
10000fac:	3218      	adds	r2, #24
10000fae:	3101      	adds	r1, #1
10000fb0:	5299      	strh	r1, [r3, r2]
10000fb2:	4b0b      	ldr	r3, [pc, #44]	@ (10000fe0 <runtime_init_default_alarm_pool+0xc4>)
10000fb4:	490b      	ldr	r1, [pc, #44]	@ (10000fe4 <runtime_init_default_alarm_pool+0xc8>)
10000fb6:	60dc      	str	r4, [r3, #12]
10000fb8:	3001      	adds	r0, #1
10000fba:	6235      	str	r5, [r6, #32]
10000fbc:	f7ff fb34 	bl	10000628 <irq_set_exclusive_handler>
10000fc0:	2101      	movs	r1, #1
10000fc2:	2003      	movs	r0, #3
10000fc4:	f7ff fb14 	bl	100005f0 <irq_set_enabled>
10000fc8:	4b07      	ldr	r3, [pc, #28]	@ (10000fe8 <runtime_init_default_alarm_pool+0xcc>)
10000fca:	601d      	str	r5, [r3, #0]
10000fcc:	e7ab      	b.n	10000f26 <runtime_init_default_alarm_pool+0xa>
10000fce:	46c0      	nop			@ (mov r8, r8)
10000fd0:	20000504 	.word	0x20000504
10000fd4:	40054000 	.word	0x40054000
10000fd8:	34000040 	.word	0x34000040
10000fdc:	0010ffff 	.word	0x0010ffff
10000fe0:	20001290 	.word	0x20001290
10000fe4:	10000bed 	.word	0x10000bed
10000fe8:	40056038 	.word	0x40056038

10000fec <alarm_pool_get_default>:
10000fec:	4800      	ldr	r0, [pc, #0]	@ (10000ff0 <alarm_pool_get_default+0x4>)
10000fee:	4770      	bx	lr
10000ff0:	20000504 	.word	0x20000504

10000ff4 <alarm_pool_add_alarm_at>:
10000ff4:	b5f8      	push	{r3, r4, r5, r6, r7, lr}
10000ff6:	001f      	movs	r7, r3
10000ff8:	ab08      	add	r3, sp, #32
10000ffa:	781b      	ldrb	r3, [r3, #0]
10000ffc:	0004      	movs	r4, r0
10000ffe:	0016      	movs	r6, r2
10001000:	2b00      	cmp	r3, #0
10001002:	d108      	bne.n	10001016 <alarm_pool_add_alarm_at+0x22>
10001004:	f000 fa4e 	bl	100014a4 <time_us_64>
10001008:	0032      	movs	r2, r6
1000100a:	003b      	movs	r3, r7
1000100c:	1a12      	subs	r2, r2, r0
1000100e:	418b      	sbcs	r3, r1
10001010:	2b00      	cmp	r3, #0
10001012:	da00      	bge.n	10001016 <alarm_pool_add_alarm_at+0x22>
10001014:	e053      	b.n	100010be <alarm_pool_add_alarm_at+0xca>
10001016:	6922      	ldr	r2, [r4, #16]
10001018:	f3ef 8010 	mrs	r0, PRIMASK
1000101c:	b672      	cpsid	i
1000101e:	6813      	ldr	r3, [r2, #0]
10001020:	2b00      	cmp	r3, #0
10001022:	d0fc      	beq.n	1000101e <alarm_pool_add_alarm_at+0x2a>
10001024:	f3bf 8f5f 	dmb	sy
10001028:	2302      	movs	r3, #2
1000102a:	5ee1      	ldrsh	r1, [r4, r3]
1000102c:	6963      	ldr	r3, [r4, #20]
1000102e:	004a      	lsls	r2, r1, #1
10001030:	1852      	adds	r2, r2, r1
10001032:	00d2      	lsls	r2, r2, #3
10001034:	189b      	adds	r3, r3, r2
10001036:	2900      	cmp	r1, #0
10001038:	db37      	blt.n	100010aa <alarm_pool_add_alarm_at+0xb6>
1000103a:	881a      	ldrh	r2, [r3, #0]
1000103c:	8062      	strh	r2, [r4, #2]
1000103e:	6922      	ldr	r2, [r4, #16]
10001040:	f3bf 8f5f 	dmb	sy
10001044:	2500      	movs	r5, #0
10001046:	6015      	str	r5, [r2, #0]
10001048:	f380 8810 	msr	PRIMASK, r0
1000104c:	9a06      	ldr	r2, [sp, #24]
1000104e:	609e      	str	r6, [r3, #8]
10001050:	60df      	str	r7, [r3, #12]
10001052:	611a      	str	r2, [r3, #16]
10001054:	9a07      	ldr	r2, [sp, #28]
10001056:	615a      	str	r2, [r3, #20]
10001058:	885a      	ldrh	r2, [r3, #2]
1000105a:	3201      	adds	r2, #1
1000105c:	0452      	lsls	r2, r2, #17
1000105e:	0c52      	lsrs	r2, r2, #17
10001060:	1c10      	adds	r0, r2, #0
10001062:	2a00      	cmp	r2, #0
10001064:	d01f      	beq.n	100010a6 <alarm_pool_add_alarm_at+0xb2>
10001066:	b282      	uxth	r2, r0
10001068:	8058      	strh	r0, [r3, #2]
1000106a:	0408      	lsls	r0, r1, #16
1000106c:	4310      	orrs	r0, r2
1000106e:	6926      	ldr	r6, [r4, #16]
10001070:	f3ef 8710 	mrs	r7, PRIMASK
10001074:	b672      	cpsid	i
10001076:	6832      	ldr	r2, [r6, #0]
10001078:	2a00      	cmp	r2, #0
1000107a:	d0fc      	beq.n	10001076 <alarm_pool_add_alarm_at+0x82>
1000107c:	f3bf 8f5f 	dmb	sy
10001080:	88a2      	ldrh	r2, [r4, #4]
10001082:	801a      	strh	r2, [r3, #0]
10001084:	80a1      	strh	r1, [r4, #4]
10001086:	6923      	ldr	r3, [r4, #16]
10001088:	f3bf 8f5f 	dmb	sy
1000108c:	2200      	movs	r2, #0
1000108e:	601a      	str	r2, [r3, #0]
10001090:	f387 8810 	msr	PRIMASK, r7
10001094:	490b      	ldr	r1, [pc, #44]	@ (100010c4 <alarm_pool_add_alarm_at+0xd0>)
10001096:	7823      	ldrb	r3, [r4, #0]
10001098:	468c      	mov	ip, r1
1000109a:	3201      	adds	r2, #1
1000109c:	409a      	lsls	r2, r3
1000109e:	68e3      	ldr	r3, [r4, #12]
100010a0:	4463      	add	r3, ip
100010a2:	601a      	str	r2, [r3, #0]
100010a4:	bdf8      	pop	{r3, r4, r5, r6, r7, pc}
100010a6:	2001      	movs	r0, #1
100010a8:	e7dd      	b.n	10001066 <alarm_pool_add_alarm_at+0x72>
100010aa:	6923      	ldr	r3, [r4, #16]
100010ac:	f3bf 8f5f 	dmb	sy
100010b0:	2200      	movs	r2, #0
100010b2:	601a      	str	r2, [r3, #0]
100010b4:	f380 8810 	msr	PRIMASK, r0
100010b8:	2001      	movs	r0, #1
100010ba:	4240      	negs	r0, r0
100010bc:	e7f2      	b.n	100010a4 <alarm_pool_add_alarm_at+0xb0>
100010be:	2000      	movs	r0, #0
100010c0:	e7f0      	b.n	100010a4 <alarm_pool_add_alarm_at+0xb0>
100010c2:	46c0      	nop			@ (mov r8, r8)
100010c4:	0000203c 	.word	0x0000203c

100010c8 <alarm_pool_add_alarm_at_force_in_context>:
100010c8:	b570      	push	{r4, r5, r6, lr}
100010ca:	0001      	movs	r1, r0
100010cc:	6904      	ldr	r4, [r0, #16]
100010ce:	f3ef 8c10 	mrs	ip, PRIMASK
100010d2:	b672      	cpsid	i
100010d4:	6820      	ldr	r0, [r4, #0]
100010d6:	2800      	cmp	r0, #0
100010d8:	d0fc      	beq.n	100010d4 <alarm_pool_add_alarm_at_force_in_context+0xc>
100010da:	f3bf 8f5f 	dmb	sy
100010de:	2002      	movs	r0, #2
100010e0:	5e0d      	ldrsh	r5, [r1, r0]
100010e2:	694c      	ldr	r4, [r1, #20]
100010e4:	0068      	lsls	r0, r5, #1
100010e6:	1940      	adds	r0, r0, r5
100010e8:	00c0      	lsls	r0, r0, #3
100010ea:	1824      	adds	r4, r4, r0
100010ec:	2d00      	cmp	r5, #0
100010ee:	db37      	blt.n	10001160 <alarm_pool_add_alarm_at_force_in_context+0x98>
100010f0:	8820      	ldrh	r0, [r4, #0]
100010f2:	8048      	strh	r0, [r1, #2]
100010f4:	6908      	ldr	r0, [r1, #16]
100010f6:	f3bf 8f5f 	dmb	sy
100010fa:	2600      	movs	r6, #0
100010fc:	6006      	str	r6, [r0, #0]
100010fe:	f38c 8810 	msr	PRIMASK, ip
10001102:	60e3      	str	r3, [r4, #12]
10001104:	8863      	ldrh	r3, [r4, #2]
10001106:	9804      	ldr	r0, [sp, #16]
10001108:	3301      	adds	r3, #1
1000110a:	6120      	str	r0, [r4, #16]
1000110c:	045b      	lsls	r3, r3, #17
1000110e:	9805      	ldr	r0, [sp, #20]
10001110:	0c5b      	lsrs	r3, r3, #17
10001112:	60a2      	str	r2, [r4, #8]
10001114:	6160      	str	r0, [r4, #20]
10001116:	1c1a      	adds	r2, r3, #0
10001118:	2b00      	cmp	r3, #0
1000111a:	d01f      	beq.n	1000115c <alarm_pool_add_alarm_at_force_in_context+0x94>
1000111c:	b293      	uxth	r3, r2
1000111e:	0428      	lsls	r0, r5, #16
10001120:	8062      	strh	r2, [r4, #2]
10001122:	4318      	orrs	r0, r3
10001124:	690a      	ldr	r2, [r1, #16]
10001126:	f3ef 8c10 	mrs	ip, PRIMASK
1000112a:	b672      	cpsid	i
1000112c:	6813      	ldr	r3, [r2, #0]
1000112e:	2b00      	cmp	r3, #0
10001130:	d0fc      	beq.n	1000112c <alarm_pool_add_alarm_at_force_in_context+0x64>
10001132:	f3bf 8f5f 	dmb	sy
10001136:	888b      	ldrh	r3, [r1, #4]
10001138:	8023      	strh	r3, [r4, #0]
1000113a:	808d      	strh	r5, [r1, #4]
1000113c:	690b      	ldr	r3, [r1, #16]
1000113e:	f3bf 8f5f 	dmb	sy
10001142:	2200      	movs	r2, #0
10001144:	601a      	str	r2, [r3, #0]
10001146:	f38c 8810 	msr	PRIMASK, ip
1000114a:	780b      	ldrb	r3, [r1, #0]
1000114c:	3201      	adds	r2, #1
1000114e:	409a      	lsls	r2, r3
10001150:	68cb      	ldr	r3, [r1, #12]
10001152:	4908      	ldr	r1, [pc, #32]	@ (10001174 <alarm_pool_add_alarm_at_force_in_context+0xac>)
10001154:	468c      	mov	ip, r1
10001156:	4463      	add	r3, ip
10001158:	601a      	str	r2, [r3, #0]
1000115a:	bd70      	pop	{r4, r5, r6, pc}
1000115c:	2201      	movs	r2, #1
1000115e:	e7dd      	b.n	1000111c <alarm_pool_add_alarm_at_force_in_context+0x54>
10001160:	690b      	ldr	r3, [r1, #16]
10001162:	f3bf 8f5f 	dmb	sy
10001166:	2200      	movs	r2, #0
10001168:	601a      	str	r2, [r3, #0]
1000116a:	f38c 8810 	msr	PRIMASK, ip
1000116e:	2001      	movs	r0, #1
10001170:	4240      	negs	r0, r0
10001172:	e7f2      	b.n	1000115a <alarm_pool_add_alarm_at_force_in_context+0x92>
10001174:	0000203c 	.word	0x0000203c

10001178 <alarm_pool_cancel_alarm>:
10001178:	b510      	push	{r4, lr}
1000117a:	8943      	ldrh	r3, [r0, #10]
1000117c:	140a      	asrs	r2, r1, #16
1000117e:	4293      	cmp	r3, r2
10001180:	dd1a      	ble.n	100011b8 <alarm_pool_cancel_alarm+0x40>
10001182:	0053      	lsls	r3, r2, #1
10001184:	189b      	adds	r3, r3, r2
10001186:	6942      	ldr	r2, [r0, #20]
10001188:	00db      	lsls	r3, r3, #3
1000118a:	18d3      	adds	r3, r2, r3
1000118c:	6904      	ldr	r4, [r0, #16]
1000118e:	f3ef 8c10 	mrs	ip, PRIMASK
10001192:	b672      	cpsid	i
10001194:	6822      	ldr	r2, [r4, #0]
10001196:	2a00      	cmp	r2, #0
10001198:	d0fc      	beq.n	10001194 <alarm_pool_cancel_alarm+0x1c>
1000119a:	f3bf 8f5f 	dmb	sy
1000119e:	885a      	ldrh	r2, [r3, #2]
100011a0:	0409      	lsls	r1, r1, #16
100011a2:	b294      	uxth	r4, r2
100011a4:	0c09      	lsrs	r1, r1, #16
100011a6:	428a      	cmp	r2, r1
100011a8:	d008      	beq.n	100011bc <alarm_pool_cancel_alarm+0x44>
100011aa:	6903      	ldr	r3, [r0, #16]
100011ac:	f3bf 8f5f 	dmb	sy
100011b0:	2200      	movs	r2, #0
100011b2:	601a      	str	r2, [r3, #0]
100011b4:	f38c 8810 	msr	PRIMASK, ip
100011b8:	2000      	movs	r0, #0
100011ba:	bd10      	pop	{r4, pc}
100011bc:	2280      	movs	r2, #128	@ 0x80
100011be:	0212      	lsls	r2, r2, #8
100011c0:	4314      	orrs	r4, r2
100011c2:	805c      	strh	r4, [r3, #2]
100011c4:	2301      	movs	r3, #1
100011c6:	6902      	ldr	r2, [r0, #16]
100011c8:	7183      	strb	r3, [r0, #6]
100011ca:	f3bf 8f5f 	dmb	sy
100011ce:	2100      	movs	r1, #0
100011d0:	6011      	str	r1, [r2, #0]
100011d2:	f38c 8810 	msr	PRIMASK, ip
100011d6:	4904      	ldr	r1, [pc, #16]	@ (100011e8 <alarm_pool_cancel_alarm+0x70>)
100011d8:	7802      	ldrb	r2, [r0, #0]
100011da:	468c      	mov	ip, r1
100011dc:	4093      	lsls	r3, r2
100011de:	68c2      	ldr	r2, [r0, #12]
100011e0:	2001      	movs	r0, #1
100011e2:	4462      	add	r2, ip
100011e4:	6013      	str	r3, [r2, #0]
100011e6:	e7e8      	b.n	100011ba <alarm_pool_cancel_alarm+0x42>
100011e8:	0000203c 	.word	0x0000203c

100011ec <sleep_until>:
100011ec:	b5f0      	push	{r4, r5, r6, r7, lr}
100011ee:	0004      	movs	r4, r0
100011f0:	000d      	movs	r5, r1
100011f2:	2606      	movs	r6, #6
100011f4:	4276      	negs	r6, r6
100011f6:	17f7      	asrs	r7, r6, #31
100011f8:	1936      	adds	r6, r6, r4
100011fa:	416f      	adcs	r7, r5
100011fc:	b083      	sub	sp, #12
100011fe:	428f      	cmp	r7, r1
10001200:	d812      	bhi.n	10001228 <sleep_until+0x3c>
10001202:	d00f      	beq.n	10001224 <sleep_until+0x38>
10001204:	f000 f94e 	bl	100014a4 <time_us_64>
10001208:	0032      	movs	r2, r6
1000120a:	003b      	movs	r3, r7
1000120c:	1a12      	subs	r2, r2, r0
1000120e:	418b      	sbcs	r3, r1
10001210:	2b00      	cmp	r3, #0
10001212:	dc13      	bgt.n	1000123c <sleep_until+0x50>
10001214:	2b00      	cmp	r3, #0
10001216:	d030      	beq.n	1000127a <sleep_until+0x8e>
10001218:	0020      	movs	r0, r4
1000121a:	0029      	movs	r1, r5
1000121c:	f000 f94c 	bl	100014b8 <busy_wait_until>
10001220:	b003      	add	sp, #12
10001222:	bdf0      	pop	{r4, r5, r6, r7, pc}
10001224:	4286      	cmp	r6, r0
10001226:	d9ed      	bls.n	10001204 <sleep_until+0x18>
10001228:	2600      	movs	r6, #0
1000122a:	2700      	movs	r7, #0
1000122c:	f000 f93a 	bl	100014a4 <time_us_64>
10001230:	0032      	movs	r2, r6
10001232:	003b      	movs	r3, r7
10001234:	1a12      	subs	r2, r2, r0
10001236:	418b      	sbcs	r3, r1
10001238:	2b00      	cmp	r3, #0
1000123a:	ddeb      	ble.n	10001214 <sleep_until+0x28>
1000123c:	f000 f932 	bl	100014a4 <time_us_64>
10001240:	0032      	movs	r2, r6
10001242:	003b      	movs	r3, r7
10001244:	1a12      	subs	r2, r2, r0
10001246:	418b      	sbcs	r3, r1
10001248:	2b00      	cmp	r3, #0
1000124a:	db0a      	blt.n	10001262 <sleep_until+0x76>
1000124c:	2300      	movs	r3, #0
1000124e:	9301      	str	r3, [sp, #4]
10001250:	4b0b      	ldr	r3, [pc, #44]	@ (10001280 <sleep_until+0x94>)
10001252:	0032      	movs	r2, r6
10001254:	9300      	str	r3, [sp, #0]
10001256:	480b      	ldr	r0, [pc, #44]	@ (10001284 <sleep_until+0x98>)
10001258:	003b      	movs	r3, r7
1000125a:	f7ff ff35 	bl	100010c8 <alarm_pool_add_alarm_at_force_in_context>
1000125e:	2800      	cmp	r0, #0
10001260:	dbda      	blt.n	10001218 <sleep_until+0x2c>
10001262:	0039      	movs	r1, r7
10001264:	4a08      	ldr	r2, [pc, #32]	@ (10001288 <sleep_until+0x9c>)
10001266:	6a53      	ldr	r3, [r2, #36]	@ 0x24
10001268:	4299      	cmp	r1, r3
1000126a:	d804      	bhi.n	10001276 <sleep_until+0x8a>
1000126c:	6a90      	ldr	r0, [r2, #40]	@ 0x28
1000126e:	42b0      	cmp	r0, r6
10001270:	d2d2      	bcs.n	10001218 <sleep_until+0x2c>
10001272:	4299      	cmp	r1, r3
10001274:	d1d0      	bne.n	10001218 <sleep_until+0x2c>
10001276:	bf20      	wfe
10001278:	e7f5      	b.n	10001266 <sleep_until+0x7a>
1000127a:	2a00      	cmp	r2, #0
1000127c:	d0cc      	beq.n	10001218 <sleep_until+0x2c>
1000127e:	e7dd      	b.n	1000123c <sleep_until+0x50>
10001280:	10000be5 	.word	0x10000be5
10001284:	20000504 	.word	0x20000504
10001288:	40054000 	.word	0x40054000

1000128c <sleep_ms>:
1000128c:	b5f0      	push	{r4, r5, r6, r7, lr}
1000128e:	b083      	sub	sp, #12
10001290:	0004      	movs	r4, r0
10001292:	f000 f907 	bl	100014a4 <time_us_64>
10001296:	22fa      	movs	r2, #250	@ 0xfa
10001298:	0006      	movs	r6, r0
1000129a:	000f      	movs	r7, r1
1000129c:	2300      	movs	r3, #0
1000129e:	0020      	movs	r0, r4
100012a0:	2100      	movs	r1, #0
100012a2:	0092      	lsls	r2, r2, #2
100012a4:	f000 ff76 	bl	10002194 <__wrap___aeabi_lmul>
100012a8:	2380      	movs	r3, #128	@ 0x80
100012aa:	1980      	adds	r0, r0, r6
100012ac:	4179      	adcs	r1, r7
100012ae:	061b      	lsls	r3, r3, #24
100012b0:	0004      	movs	r4, r0
100012b2:	000d      	movs	r5, r1
100012b4:	4299      	cmp	r1, r3
100012b6:	d302      	bcc.n	100012be <sleep_ms+0x32>
100012b8:	2401      	movs	r4, #1
100012ba:	4d24      	ldr	r5, [pc, #144]	@ (1000134c <sleep_ms+0xc0>)
100012bc:	4264      	negs	r4, r4
100012be:	2606      	movs	r6, #6
100012c0:	4276      	negs	r6, r6
100012c2:	17f7      	asrs	r7, r6, #31
100012c4:	1936      	adds	r6, r6, r4
100012c6:	416f      	adcs	r7, r5
100012c8:	42af      	cmp	r7, r5
100012ca:	d812      	bhi.n	100012f2 <sleep_ms+0x66>
100012cc:	d00f      	beq.n	100012ee <sleep_ms+0x62>
100012ce:	f000 f8e9 	bl	100014a4 <time_us_64>
100012d2:	0032      	movs	r2, r6
100012d4:	003b      	movs	r3, r7
100012d6:	1a12      	subs	r2, r2, r0
100012d8:	418b      	sbcs	r3, r1
100012da:	2b00      	cmp	r3, #0
100012dc:	dc13      	bgt.n	10001306 <sleep_ms+0x7a>
100012de:	2b00      	cmp	r3, #0
100012e0:	d030      	beq.n	10001344 <sleep_ms+0xb8>
100012e2:	0020      	movs	r0, r4
100012e4:	0029      	movs	r1, r5
100012e6:	f000 f8e7 	bl	100014b8 <busy_wait_until>
100012ea:	b003      	add	sp, #12
100012ec:	bdf0      	pop	{r4, r5, r6, r7, pc}
100012ee:	42a6      	cmp	r6, r4
100012f0:	d9ed      	bls.n	100012ce <sleep_ms+0x42>
100012f2:	2600      	movs	r6, #0
100012f4:	2700      	movs	r7, #0
100012f6:	f000 f8d5 	bl	100014a4 <time_us_64>
100012fa:	0032      	movs	r2, r6
100012fc:	003b      	movs	r3, r7
100012fe:	1a12      	subs	r2, r2, r0
10001300:	418b      	sbcs	r3, r1
10001302:	2b00      	cmp	r3, #0
10001304:	ddeb      	ble.n	100012de <sleep_ms+0x52>
10001306:	f000 f8cd 	bl	100014a4 <time_us_64>
1000130a:	0032      	movs	r2, r6
1000130c:	003b      	movs	r3, r7
1000130e:	1a12      	subs	r2, r2, r0
10001310:	418b      	sbcs	r3, r1
10001312:	2b00      	cmp	r3, #0
10001314:	db0a      	blt.n	1000132c <sleep_ms+0xa0>
10001316:	2300      	movs	r3, #0
10001318:	9301      	str	r3, [sp, #4]
1000131a:	4b0d      	ldr	r3, [pc, #52]	@ (10001350 <sleep_ms+0xc4>)
1000131c:	0032      	movs	r2, r6
1000131e:	9300      	str	r3, [sp, #0]
10001320:	480c      	ldr	r0, [pc, #48]	@ (10001354 <sleep_ms+0xc8>)
10001322:	003b      	movs	r3, r7
10001324:	f7ff fed0 	bl	100010c8 <alarm_pool_add_alarm_at_force_in_context>
10001328:	2800      	cmp	r0, #0
1000132a:	dbda      	blt.n	100012e2 <sleep_ms+0x56>
1000132c:	0039      	movs	r1, r7
1000132e:	4a0a      	ldr	r2, [pc, #40]	@ (10001358 <sleep_ms+0xcc>)
10001330:	6a53      	ldr	r3, [r2, #36]	@ 0x24
10001332:	4299      	cmp	r1, r3
10001334:	d804      	bhi.n	10001340 <sleep_ms+0xb4>
10001336:	6a90      	ldr	r0, [r2, #40]	@ 0x28
10001338:	42b0      	cmp	r0, r6
1000133a:	d2d2      	bcs.n	100012e2 <sleep_ms+0x56>
1000133c:	4299      	cmp	r1, r3
1000133e:	d1d0      	bne.n	100012e2 <sleep_ms+0x56>
10001340:	bf20      	wfe
10001342:	e7f5      	b.n	10001330 <sleep_ms+0xa4>
10001344:	2a00      	cmp	r2, #0
10001346:	d0cc      	beq.n	100012e2 <sleep_ms+0x56>
10001348:	e7dd      	b.n	10001306 <sleep_ms+0x7a>
1000134a:	46c0      	nop			@ (mov r8, r8)
1000134c:	7fffffff 	.word	0x7fffffff
10001350:	10000be5 	.word	0x10000be5
10001354:	20000504 	.word	0x20000504
10001358:	40054000 	.word	0x40054000

1000135c <best_effort_wfe_or_timeout>:
1000135c:	b5f0      	push	{r4, r5, r6, r7, lr}
1000135e:	46ce      	mov	lr, r9
10001360:	4647      	mov	r7, r8
10001362:	b580      	push	{r7, lr}
10001364:	0004      	movs	r4, r0
10001366:	000d      	movs	r5, r1
10001368:	b083      	sub	sp, #12
1000136a:	f3ef 8705 	mrs	r7, IPSR
1000136e:	2f00      	cmp	r7, #0
10001370:	d00d      	beq.n	1000138e <best_effort_wfe_or_timeout+0x32>
10001372:	4a40      	ldr	r2, [pc, #256]	@ (10001474 <best_effort_wfe_or_timeout+0x118>)
10001374:	2000      	movs	r0, #0
10001376:	6a53      	ldr	r3, [r2, #36]	@ 0x24
10001378:	428b      	cmp	r3, r1
1000137a:	d303      	bcc.n	10001384 <best_effort_wfe_or_timeout+0x28>
1000137c:	6a92      	ldr	r2, [r2, #40]	@ 0x28
1000137e:	3001      	adds	r0, #1
10001380:	42a2      	cmp	r2, r4
10001382:	d334      	bcc.n	100013ee <best_effort_wfe_or_timeout+0x92>
10001384:	b003      	add	sp, #12
10001386:	bcc0      	pop	{r6, r7}
10001388:	46b9      	mov	r9, r7
1000138a:	46b0      	mov	r8, r6
1000138c:	bdf0      	pop	{r4, r5, r6, r7, pc}
1000138e:	4b3a      	ldr	r3, [pc, #232]	@ (10001478 <best_effort_wfe_or_timeout+0x11c>)
10001390:	4698      	mov	r8, r3
10001392:	68db      	ldr	r3, [r3, #12]
10001394:	4699      	mov	r9, r3
10001396:	4643      	mov	r3, r8
10001398:	4648      	mov	r0, r9
1000139a:	781e      	ldrb	r6, [r3, #0]
1000139c:	f000 f87a 	bl	10001494 <timer_time_us_64>
100013a0:	000b      	movs	r3, r1
100013a2:	4649      	mov	r1, r9
100013a4:	0002      	movs	r2, r0
100013a6:	3604      	adds	r6, #4
100013a8:	00b6      	lsls	r6, r6, #2
100013aa:	5871      	ldr	r1, [r6, r1]
100013ac:	0020      	movs	r0, r4
100013ae:	1a8e      	subs	r6, r1, r2
100013b0:	0029      	movs	r1, r5
100013b2:	1a80      	subs	r0, r0, r2
100013b4:	4199      	sbcs	r1, r3
100013b6:	428f      	cmp	r7, r1
100013b8:	dc20      	bgt.n	100013fc <best_effort_wfe_or_timeout+0xa0>
100013ba:	d01d      	beq.n	100013f8 <best_effort_wfe_or_timeout+0x9c>
100013bc:	4a2d      	ldr	r2, [pc, #180]	@ (10001474 <best_effort_wfe_or_timeout+0x118>)
100013be:	002b      	movs	r3, r5
100013c0:	6a51      	ldr	r1, [r2, #36]	@ 0x24
100013c2:	428d      	cmp	r5, r1
100013c4:	d805      	bhi.n	100013d2 <best_effort_wfe_or_timeout+0x76>
100013c6:	6a92      	ldr	r2, [r2, #40]	@ 0x28
100013c8:	2001      	movs	r0, #1
100013ca:	42a2      	cmp	r2, r4
100013cc:	d2da      	bcs.n	10001384 <best_effort_wfe_or_timeout+0x28>
100013ce:	428d      	cmp	r5, r1
100013d0:	d1d8      	bne.n	10001384 <best_effort_wfe_or_timeout+0x28>
100013d2:	bf20      	wfe
100013d4:	4927      	ldr	r1, [pc, #156]	@ (10001474 <best_effort_wfe_or_timeout+0x118>)
100013d6:	6a4a      	ldr	r2, [r1, #36]	@ 0x24
100013d8:	4293      	cmp	r3, r2
100013da:	d83d      	bhi.n	10001458 <best_effort_wfe_or_timeout+0xfc>
100013dc:	6a8b      	ldr	r3, [r1, #40]	@ 0x28
100013de:	2001      	movs	r0, #1
100013e0:	42a3      	cmp	r3, r4
100013e2:	d2cf      	bcs.n	10001384 <best_effort_wfe_or_timeout+0x28>
100013e4:	1aaa      	subs	r2, r5, r2
100013e6:	1e53      	subs	r3, r2, #1
100013e8:	419a      	sbcs	r2, r3
100013ea:	b2d0      	uxtb	r0, r2
100013ec:	e7ca      	b.n	10001384 <best_effort_wfe_or_timeout+0x28>
100013ee:	1a5b      	subs	r3, r3, r1
100013f0:	1e5a      	subs	r2, r3, #1
100013f2:	4193      	sbcs	r3, r2
100013f4:	b2d8      	uxtb	r0, r3
100013f6:	e7c5      	b.n	10001384 <best_effort_wfe_or_timeout+0x28>
100013f8:	4286      	cmp	r6, r0
100013fa:	d9df      	bls.n	100013bc <best_effort_wfe_or_timeout+0x60>
100013fc:	f000 f852 	bl	100014a4 <time_us_64>
10001400:	0022      	movs	r2, r4
10001402:	002b      	movs	r3, r5
10001404:	1a12      	subs	r2, r2, r0
10001406:	418b      	sbcs	r3, r1
10001408:	2b00      	cmp	r3, #0
1000140a:	db21      	blt.n	10001450 <best_effort_wfe_or_timeout+0xf4>
1000140c:	2300      	movs	r3, #0
1000140e:	9301      	str	r3, [sp, #4]
10001410:	4b1a      	ldr	r3, [pc, #104]	@ (1000147c <best_effort_wfe_or_timeout+0x120>)
10001412:	0022      	movs	r2, r4
10001414:	9300      	str	r3, [sp, #0]
10001416:	4640      	mov	r0, r8
10001418:	002b      	movs	r3, r5
1000141a:	f7ff fe55 	bl	100010c8 <alarm_pool_add_alarm_at_force_in_context>
1000141e:	1e01      	subs	r1, r0, #0
10001420:	dd16      	ble.n	10001450 <best_effort_wfe_or_timeout+0xf4>
10001422:	4b14      	ldr	r3, [pc, #80]	@ (10001474 <best_effort_wfe_or_timeout+0x118>)
10001424:	002e      	movs	r6, r5
10001426:	6a5a      	ldr	r2, [r3, #36]	@ 0x24
10001428:	4295      	cmp	r5, r2
1000142a:	d917      	bls.n	1000145c <best_effort_wfe_or_timeout+0x100>
1000142c:	bf20      	wfe
1000142e:	4640      	mov	r0, r8
10001430:	f7ff fea2 	bl	10001178 <alarm_pool_cancel_alarm>
10001434:	4a0f      	ldr	r2, [pc, #60]	@ (10001474 <best_effort_wfe_or_timeout+0x118>)
10001436:	2000      	movs	r0, #0
10001438:	6a53      	ldr	r3, [r2, #36]	@ 0x24
1000143a:	429e      	cmp	r6, r3
1000143c:	d8a2      	bhi.n	10001384 <best_effort_wfe_or_timeout+0x28>
1000143e:	6a92      	ldr	r2, [r2, #40]	@ 0x28
10001440:	3001      	adds	r0, #1
10001442:	42a2      	cmp	r2, r4
10001444:	d29e      	bcs.n	10001384 <best_effort_wfe_or_timeout+0x28>
10001446:	1aeb      	subs	r3, r5, r3
10001448:	1e5a      	subs	r2, r3, #1
1000144a:	4193      	sbcs	r3, r2
1000144c:	b2d8      	uxtb	r0, r3
1000144e:	e799      	b.n	10001384 <best_effort_wfe_or_timeout+0x28>
10001450:	4a08      	ldr	r2, [pc, #32]	@ (10001474 <best_effort_wfe_or_timeout+0x118>)
10001452:	6a53      	ldr	r3, [r2, #36]	@ 0x24
10001454:	42ab      	cmp	r3, r5
10001456:	d207      	bcs.n	10001468 <best_effort_wfe_or_timeout+0x10c>
10001458:	2000      	movs	r0, #0
1000145a:	e793      	b.n	10001384 <best_effort_wfe_or_timeout+0x28>
1000145c:	6a9b      	ldr	r3, [r3, #40]	@ 0x28
1000145e:	42a3      	cmp	r3, r4
10001460:	d2e5      	bcs.n	1000142e <best_effort_wfe_or_timeout+0xd2>
10001462:	4295      	cmp	r5, r2
10001464:	d1e3      	bne.n	1000142e <best_effort_wfe_or_timeout+0xd2>
10001466:	e7e1      	b.n	1000142c <best_effort_wfe_or_timeout+0xd0>
10001468:	6a92      	ldr	r2, [r2, #40]	@ 0x28
1000146a:	2001      	movs	r0, #1
1000146c:	42a2      	cmp	r2, r4
1000146e:	d300      	bcc.n	10001472 <best_effort_wfe_or_timeout+0x116>
10001470:	e788      	b.n	10001384 <best_effort_wfe_or_timeout+0x28>
10001472:	e7e8      	b.n	10001446 <best_effort_wfe_or_timeout+0xea>
10001474:	40054000 	.word	0x40054000
10001478:	20000504 	.word	0x20000504
1000147c:	10000be5 	.word	0x10000be5

10001480 <timer_hardware_alarm_claim>:
10001480:	b510      	push	{r4, lr}
10001482:	4a02      	ldr	r2, [pc, #8]	@ (1000148c <timer_hardware_alarm_claim+0xc>)
10001484:	4802      	ldr	r0, [pc, #8]	@ (10001490 <timer_hardware_alarm_claim+0x10>)
10001486:	f7fe fffb 	bl	10000480 <hw_claim_or_assert>
1000148a:	bd10      	pop	{r4, pc}
1000148c:	10007c00 	.word	0x10007c00
10001490:	2000096c 	.word	0x2000096c

10001494 <timer_time_us_64>:
10001494:	0003      	movs	r3, r0
10001496:	6a41      	ldr	r1, [r0, #36]	@ 0x24
10001498:	000a      	movs	r2, r1
1000149a:	6a98      	ldr	r0, [r3, #40]	@ 0x28
1000149c:	6a59      	ldr	r1, [r3, #36]	@ 0x24
1000149e:	428a      	cmp	r2, r1
100014a0:	d1fa      	bne.n	10001498 <timer_time_us_64+0x4>
100014a2:	4770      	bx	lr

100014a4 <time_us_64>:
100014a4:	4b03      	ldr	r3, [pc, #12]	@ (100014b4 <time_us_64+0x10>)
100014a6:	6a59      	ldr	r1, [r3, #36]	@ 0x24
100014a8:	000a      	movs	r2, r1
100014aa:	6a98      	ldr	r0, [r3, #40]	@ 0x28
100014ac:	6a59      	ldr	r1, [r3, #36]	@ 0x24
100014ae:	4291      	cmp	r1, r2
100014b0:	d1fa      	bne.n	100014a8 <time_us_64+0x4>
100014b2:	4770      	bx	lr
100014b4:	40054000 	.word	0x40054000

100014b8 <busy_wait_until>:
100014b8:	4a06      	ldr	r2, [pc, #24]	@ (100014d4 <busy_wait_until+0x1c>)
100014ba:	6a53      	ldr	r3, [r2, #36]	@ 0x24
100014bc:	4299      	cmp	r1, r3
100014be:	d8fc      	bhi.n	100014ba <busy_wait_until+0x2>
100014c0:	d107      	bne.n	100014d2 <busy_wait_until+0x1a>
100014c2:	4b04      	ldr	r3, [pc, #16]	@ (100014d4 <busy_wait_until+0x1c>)
100014c4:	e002      	b.n	100014cc <busy_wait_until+0x14>
100014c6:	6a5a      	ldr	r2, [r3, #36]	@ 0x24
100014c8:	4291      	cmp	r1, r2
100014ca:	d102      	bne.n	100014d2 <busy_wait_until+0x1a>
100014cc:	6a9a      	ldr	r2, [r3, #40]	@ 0x28
100014ce:	4282      	cmp	r2, r0
100014d0:	d3f9      	bcc.n	100014c6 <busy_wait_until+0xe>
100014d2:	4770      	bx	lr
100014d4:	40054000 	.word	0x40054000

100014d8 <clock_configure_int_divider>:
100014d8:	b5f8      	push	{r3, r4, r5, r6, r7, lr}
100014da:	46de      	mov	lr, fp
100014dc:	464e      	mov	r6, r9
100014de:	4657      	mov	r7, sl
100014e0:	4645      	mov	r5, r8
100014e2:	b5e0      	push	{r5, r6, r7, lr}
100014e4:	468b      	mov	fp, r1
100014e6:	0005      	movs	r5, r0
100014e8:	990a      	ldr	r1, [sp, #40]	@ 0x28
100014ea:	0018      	movs	r0, r3
100014ec:	0016      	movs	r6, r2
100014ee:	f000 fadf 	bl	10001ab0 <__wrap___aeabi_uidiv>
100014f2:	9b0a      	ldr	r3, [sp, #40]	@ 0x28
100014f4:	006c      	lsls	r4, r5, #1
100014f6:	021f      	lsls	r7, r3, #8
100014f8:	4b32      	ldr	r3, [pc, #200]	@ (100015c4 <clock_configure_int_divider+0xec>)
100014fa:	1964      	adds	r4, r4, r5
100014fc:	469c      	mov	ip, r3
100014fe:	00a4      	lsls	r4, r4, #2
10001500:	4464      	add	r4, ip
10001502:	6863      	ldr	r3, [r4, #4]
10001504:	4681      	mov	r9, r0
10001506:	429f      	cmp	r7, r3
10001508:	d900      	bls.n	1000150c <clock_configure_int_divider+0x34>
1000150a:	6067      	str	r7, [r4, #4]
1000150c:	1f2b      	subs	r3, r5, #4
1000150e:	b2db      	uxtb	r3, r3
10001510:	4698      	mov	r8, r3
10001512:	2b01      	cmp	r3, #1
10001514:	d930      	bls.n	10001578 <clock_configure_int_divider+0xa0>
10001516:	23c0      	movs	r3, #192	@ 0xc0
10001518:	2280      	movs	r2, #128	@ 0x80
1000151a:	019b      	lsls	r3, r3, #6
1000151c:	18e3      	adds	r3, r4, r3
1000151e:	0112      	lsls	r2, r2, #4
10001520:	601a      	str	r2, [r3, #0]
10001522:	4b29      	ldr	r3, [pc, #164]	@ (100015c8 <clock_configure_int_divider+0xf0>)
10001524:	00ad      	lsls	r5, r5, #2
10001526:	5959      	ldr	r1, [r3, r5]
10001528:	469a      	mov	sl, r3
1000152a:	2900      	cmp	r1, #0
1000152c:	d11b      	bne.n	10001566 <clock_configure_int_divider+0x8e>
1000152e:	0173      	lsls	r3, r6, #5
10001530:	26e0      	movs	r6, #224	@ 0xe0
10001532:	6822      	ldr	r2, [r4, #0]
10001534:	4053      	eors	r3, r2
10001536:	401e      	ands	r6, r3
10001538:	2380      	movs	r3, #128	@ 0x80
1000153a:	4642      	mov	r2, r8
1000153c:	015b      	lsls	r3, r3, #5
1000153e:	18e3      	adds	r3, r4, r3
10001540:	601e      	str	r6, [r3, #0]
10001542:	2a01      	cmp	r2, #1
10001544:	d930      	bls.n	100015a8 <clock_configure_int_divider+0xd0>
10001546:	2380      	movs	r3, #128	@ 0x80
10001548:	2280      	movs	r2, #128	@ 0x80
1000154a:	019b      	lsls	r3, r3, #6
1000154c:	18e3      	adds	r3, r4, r3
1000154e:	0112      	lsls	r2, r2, #4
10001550:	601a      	str	r2, [r3, #0]
10001552:	4653      	mov	r3, sl
10001554:	464a      	mov	r2, r9
10001556:	6067      	str	r7, [r4, #4]
10001558:	515a      	str	r2, [r3, r5]
1000155a:	bcf0      	pop	{r4, r5, r6, r7}
1000155c:	46bb      	mov	fp, r7
1000155e:	46b2      	mov	sl, r6
10001560:	46a9      	mov	r9, r5
10001562:	46a0      	mov	r8, r4
10001564:	bdf8      	pop	{r3, r4, r5, r6, r7, pc}
10001566:	6958      	ldr	r0, [r3, #20]
10001568:	f000 faa2 	bl	10001ab0 <__wrap___aeabi_uidiv>
1000156c:	3001      	adds	r0, #1
1000156e:	0043      	lsls	r3, r0, #1
10001570:	181b      	adds	r3, r3, r0
10001572:	3b03      	subs	r3, #3
10001574:	d2fd      	bcs.n	10001572 <clock_configure_int_divider+0x9a>
10001576:	e7da      	b.n	1000152e <clock_configure_int_divider+0x56>
10001578:	465b      	mov	r3, fp
1000157a:	2b01      	cmp	r3, #1
1000157c:	d1cb      	bne.n	10001516 <clock_configure_int_divider+0x3e>
1000157e:	23c0      	movs	r3, #192	@ 0xc0
10001580:	2203      	movs	r2, #3
10001582:	019b      	lsls	r3, r3, #6
10001584:	18e3      	adds	r3, r4, r3
10001586:	601a      	str	r2, [r3, #0]
10001588:	3a02      	subs	r2, #2
1000158a:	68a3      	ldr	r3, [r4, #8]
1000158c:	421a      	tst	r2, r3
1000158e:	d0fc      	beq.n	1000158a <clock_configure_int_divider+0xb2>
10001590:	0173      	lsls	r3, r6, #5
10001592:	26e0      	movs	r6, #224	@ 0xe0
10001594:	6822      	ldr	r2, [r4, #0]
10001596:	00ad      	lsls	r5, r5, #2
10001598:	4053      	eors	r3, r2
1000159a:	401e      	ands	r6, r3
1000159c:	2380      	movs	r3, #128	@ 0x80
1000159e:	4a0a      	ldr	r2, [pc, #40]	@ (100015c8 <clock_configure_int_divider+0xf0>)
100015a0:	015b      	lsls	r3, r3, #5
100015a2:	4692      	mov	sl, r2
100015a4:	18e3      	adds	r3, r4, r3
100015a6:	601e      	str	r6, [r3, #0]
100015a8:	465a      	mov	r2, fp
100015aa:	6821      	ldr	r1, [r4, #0]
100015ac:	4051      	eors	r1, r2
100015ae:	2203      	movs	r2, #3
100015b0:	400a      	ands	r2, r1
100015b2:	601a      	str	r2, [r3, #0]
100015b4:	2201      	movs	r2, #1
100015b6:	465b      	mov	r3, fp
100015b8:	409a      	lsls	r2, r3
100015ba:	68a3      	ldr	r3, [r4, #8]
100015bc:	421a      	tst	r2, r3
100015be:	d0fc      	beq.n	100015ba <clock_configure_int_divider+0xe2>
100015c0:	e7c1      	b.n	10001546 <clock_configure_int_divider+0x6e>
100015c2:	46c0      	nop			@ (mov r8, r8)
100015c4:	40008000 	.word	0x40008000
100015c8:	20000974 	.word	0x20000974

100015cc <clock_configure_undivided>:
100015cc:	b5f0      	push	{r4, r5, r6, r7, lr}
100015ce:	4646      	mov	r6, r8
100015d0:	464f      	mov	r7, r9
100015d2:	46d6      	mov	lr, sl
100015d4:	b5c0      	push	{r6, r7, lr}
100015d6:	001f      	movs	r7, r3
100015d8:	4b34      	ldr	r3, [pc, #208]	@ (100016ac <clock_configure_undivided+0xe0>)
100015da:	0044      	lsls	r4, r0, #1
100015dc:	469c      	mov	ip, r3
100015de:	1824      	adds	r4, r4, r0
100015e0:	00a4      	lsls	r4, r4, #2
100015e2:	4464      	add	r4, ip
100015e4:	6863      	ldr	r3, [r4, #4]
100015e6:	4688      	mov	r8, r1
100015e8:	0016      	movs	r6, r2
100015ea:	2bff      	cmp	r3, #255	@ 0xff
100015ec:	d802      	bhi.n	100015f4 <clock_configure_undivided+0x28>
100015ee:	2380      	movs	r3, #128	@ 0x80
100015f0:	005b      	lsls	r3, r3, #1
100015f2:	6063      	str	r3, [r4, #4]
100015f4:	1f03      	subs	r3, r0, #4
100015f6:	b2db      	uxtb	r3, r3
100015f8:	469a      	mov	sl, r3
100015fa:	2b01      	cmp	r3, #1
100015fc:	d930      	bls.n	10001660 <clock_configure_undivided+0x94>
100015fe:	23c0      	movs	r3, #192	@ 0xc0
10001600:	2280      	movs	r2, #128	@ 0x80
10001602:	019b      	lsls	r3, r3, #6
10001604:	18e3      	adds	r3, r4, r3
10001606:	0112      	lsls	r2, r2, #4
10001608:	601a      	str	r2, [r3, #0]
1000160a:	4b29      	ldr	r3, [pc, #164]	@ (100016b0 <clock_configure_undivided+0xe4>)
1000160c:	0085      	lsls	r5, r0, #2
1000160e:	5959      	ldr	r1, [r3, r5]
10001610:	4699      	mov	r9, r3
10001612:	2900      	cmp	r1, #0
10001614:	d11b      	bne.n	1000164e <clock_configure_undivided+0x82>
10001616:	0173      	lsls	r3, r6, #5
10001618:	26e0      	movs	r6, #224	@ 0xe0
1000161a:	6822      	ldr	r2, [r4, #0]
1000161c:	4053      	eors	r3, r2
1000161e:	401e      	ands	r6, r3
10001620:	2380      	movs	r3, #128	@ 0x80
10001622:	4652      	mov	r2, sl
10001624:	015b      	lsls	r3, r3, #5
10001626:	18e3      	adds	r3, r4, r3
10001628:	601e      	str	r6, [r3, #0]
1000162a:	2a01      	cmp	r2, #1
1000162c:	d930      	bls.n	10001690 <clock_configure_undivided+0xc4>
1000162e:	2380      	movs	r3, #128	@ 0x80
10001630:	2280      	movs	r2, #128	@ 0x80
10001632:	019b      	lsls	r3, r3, #6
10001634:	18e3      	adds	r3, r4, r3
10001636:	0112      	lsls	r2, r2, #4
10001638:	601a      	str	r2, [r3, #0]
1000163a:	2380      	movs	r3, #128	@ 0x80
1000163c:	005b      	lsls	r3, r3, #1
1000163e:	6063      	str	r3, [r4, #4]
10001640:	464b      	mov	r3, r9
10001642:	515f      	str	r7, [r3, r5]
10001644:	bce0      	pop	{r5, r6, r7}
10001646:	46ba      	mov	sl, r7
10001648:	46b1      	mov	r9, r6
1000164a:	46a8      	mov	r8, r5
1000164c:	bdf0      	pop	{r4, r5, r6, r7, pc}
1000164e:	6958      	ldr	r0, [r3, #20]
10001650:	f000 fa2e 	bl	10001ab0 <__wrap___aeabi_uidiv>
10001654:	3001      	adds	r0, #1
10001656:	0043      	lsls	r3, r0, #1
10001658:	181b      	adds	r3, r3, r0
1000165a:	3b03      	subs	r3, #3
1000165c:	d2fd      	bcs.n	1000165a <clock_configure_undivided+0x8e>
1000165e:	e7da      	b.n	10001616 <clock_configure_undivided+0x4a>
10001660:	4643      	mov	r3, r8
10001662:	2b01      	cmp	r3, #1
10001664:	d1cb      	bne.n	100015fe <clock_configure_undivided+0x32>
10001666:	23c0      	movs	r3, #192	@ 0xc0
10001668:	2203      	movs	r2, #3
1000166a:	019b      	lsls	r3, r3, #6
1000166c:	18e3      	adds	r3, r4, r3
1000166e:	601a      	str	r2, [r3, #0]
10001670:	3a02      	subs	r2, #2
10001672:	68a3      	ldr	r3, [r4, #8]
10001674:	421a      	tst	r2, r3
10001676:	d0fc      	beq.n	10001672 <clock_configure_undivided+0xa6>
10001678:	0173      	lsls	r3, r6, #5
1000167a:	26e0      	movs	r6, #224	@ 0xe0
1000167c:	6822      	ldr	r2, [r4, #0]
1000167e:	0085      	lsls	r5, r0, #2
10001680:	4053      	eors	r3, r2
10001682:	401e      	ands	r6, r3
10001684:	2380      	movs	r3, #128	@ 0x80
10001686:	4a0a      	ldr	r2, [pc, #40]	@ (100016b0 <clock_configure_undivided+0xe4>)
10001688:	015b      	lsls	r3, r3, #5
1000168a:	4691      	mov	r9, r2
1000168c:	18e3      	adds	r3, r4, r3
1000168e:	601e      	str	r6, [r3, #0]
10001690:	4642      	mov	r2, r8
10001692:	6821      	ldr	r1, [r4, #0]
10001694:	4051      	eors	r1, r2
10001696:	2203      	movs	r2, #3
10001698:	400a      	ands	r2, r1
1000169a:	601a      	str	r2, [r3, #0]
1000169c:	2301      	movs	r3, #1
1000169e:	4642      	mov	r2, r8
100016a0:	4093      	lsls	r3, r2
100016a2:	68a2      	ldr	r2, [r4, #8]
100016a4:	4213      	tst	r3, r2
100016a6:	d0fc      	beq.n	100016a2 <clock_configure_undivided+0xd6>
100016a8:	e7c1      	b.n	1000162e <clock_configure_undivided+0x62>
100016aa:	46c0      	nop			@ (mov r8, r8)
100016ac:	40008000 	.word	0x40008000
100016b0:	20000974 	.word	0x20000974

100016b4 <clock_get_hz>:
100016b4:	4b01      	ldr	r3, [pc, #4]	@ (100016bc <clock_get_hz+0x8>)
100016b6:	0080      	lsls	r0, r0, #2
100016b8:	58c0      	ldr	r0, [r0, r3]
100016ba:	4770      	bx	lr
100016bc:	20000974 	.word	0x20000974

100016c0 <pll_init>:
100016c0:	b5f8      	push	{r3, r4, r5, r6, r7, lr}
100016c2:	0004      	movs	r4, r0
100016c4:	4820      	ldr	r0, [pc, #128]	@ (10001748 <pll_init+0x88>)
100016c6:	001d      	movs	r5, r3
100016c8:	0017      	movs	r7, r2
100016ca:	000e      	movs	r6, r1
100016cc:	f000 f9f0 	bl	10001ab0 <__wrap___aeabi_uidiv>
100016d0:	0001      	movs	r1, r0
100016d2:	0038      	movs	r0, r7
100016d4:	f000 f9ec 	bl	10001ab0 <__wrap___aeabi_uidiv>
100016d8:	9b06      	ldr	r3, [sp, #24]
100016da:	0429      	lsls	r1, r5, #16
100016dc:	031b      	lsls	r3, r3, #12
100016de:	4319      	orrs	r1, r3
100016e0:	6823      	ldr	r3, [r4, #0]
100016e2:	2b00      	cmp	r3, #0
100016e4:	db1e      	blt.n	10001724 <pll_init+0x64>
100016e6:	4b19      	ldr	r3, [pc, #100]	@ (1000174c <pll_init+0x8c>)
100016e8:	4d19      	ldr	r5, [pc, #100]	@ (10001750 <pll_init+0x90>)
100016ea:	18e2      	adds	r2, r4, r3
100016ec:	4253      	negs	r3, r2
100016ee:	415a      	adcs	r2, r3
100016f0:	2380      	movs	r3, #128	@ 0x80
100016f2:	015b      	lsls	r3, r3, #5
100016f4:	469c      	mov	ip, r3
100016f6:	0312      	lsls	r2, r2, #12
100016f8:	4b16      	ldr	r3, [pc, #88]	@ (10001754 <pll_init+0x94>)
100016fa:	4462      	add	r2, ip
100016fc:	601a      	str	r2, [r3, #0]
100016fe:	4b16      	ldr	r3, [pc, #88]	@ (10001758 <pll_init+0x98>)
10001700:	601a      	str	r2, [r3, #0]
10001702:	0017      	movs	r7, r2
10001704:	682b      	ldr	r3, [r5, #0]
10001706:	439f      	bics	r7, r3
10001708:	d1fb      	bne.n	10001702 <pll_init+0x42>
1000170a:	4b14      	ldr	r3, [pc, #80]	@ (1000175c <pll_init+0x9c>)
1000170c:	6026      	str	r6, [r4, #0]
1000170e:	18e2      	adds	r2, r4, r3
10001710:	2321      	movs	r3, #33	@ 0x21
10001712:	60a0      	str	r0, [r4, #8]
10001714:	6013      	str	r3, [r2, #0]
10001716:	6823      	ldr	r3, [r4, #0]
10001718:	2b00      	cmp	r3, #0
1000171a:	dafc      	bge.n	10001716 <pll_init+0x56>
1000171c:	2308      	movs	r3, #8
1000171e:	60e1      	str	r1, [r4, #12]
10001720:	6013      	str	r3, [r2, #0]
10001722:	bdf8      	pop	{r3, r4, r5, r6, r7, pc}
10001724:	233f      	movs	r3, #63	@ 0x3f
10001726:	6822      	ldr	r2, [r4, #0]
10001728:	4013      	ands	r3, r2
1000172a:	42b3      	cmp	r3, r6
1000172c:	d1db      	bne.n	100016e6 <pll_init+0x26>
1000172e:	68a3      	ldr	r3, [r4, #8]
10001730:	051b      	lsls	r3, r3, #20
10001732:	0d1b      	lsrs	r3, r3, #20
10001734:	4283      	cmp	r3, r0
10001736:	d1d6      	bne.n	100016e6 <pll_init+0x26>
10001738:	22ee      	movs	r2, #238	@ 0xee
1000173a:	68e3      	ldr	r3, [r4, #12]
1000173c:	02d2      	lsls	r2, r2, #11
1000173e:	4013      	ands	r3, r2
10001740:	428b      	cmp	r3, r1
10001742:	d1d0      	bne.n	100016e6 <pll_init+0x26>
10001744:	e7ed      	b.n	10001722 <pll_init+0x62>
10001746:	46c0      	nop			@ (mov r8, r8)
10001748:	00b71b00 	.word	0x00b71b00
1000174c:	bffd4000 	.word	0xbffd4000
10001750:	4000c008 	.word	0x4000c008
10001754:	4000e000 	.word	0x4000e000
10001758:	4000f000 	.word	0x4000f000
1000175c:	00003004 	.word	0x00003004

10001760 <tick_start>:
10001760:	2380      	movs	r3, #128	@ 0x80
10001762:	4a02      	ldr	r2, [pc, #8]	@ (1000176c <tick_start+0xc>)
10001764:	009b      	lsls	r3, r3, #2
10001766:	430b      	orrs	r3, r1
10001768:	62d3      	str	r3, [r2, #44]	@ 0x2c
1000176a:	4770      	bx	lr
1000176c:	40058000 	.word	0x40058000

10001770 <rom_func_lookup>:
10001770:	2314      	movs	r3, #20
10001772:	b510      	push	{r4, lr}
10001774:	0001      	movs	r1, r0
10001776:	8818      	ldrh	r0, [r3, #0]
10001778:	3304      	adds	r3, #4
1000177a:	881b      	ldrh	r3, [r3, #0]
1000177c:	4798      	blx	r3
1000177e:	bd10      	pop	{r4, pc}

10001780 <rom_data_lookup>:
10001780:	2316      	movs	r3, #22
10001782:	b510      	push	{r4, lr}
10001784:	0001      	movs	r1, r0
10001786:	8818      	ldrh	r0, [r3, #0]
10001788:	3302      	adds	r3, #2
1000178a:	881b      	ldrh	r3, [r3, #0]
1000178c:	4798      	blx	r3
1000178e:	bd10      	pop	{r4, pc}

10001790 <rom_funcs_lookup>:
10001790:	b5f8      	push	{r3, r4, r5, r6, r7, lr}
10001792:	4647      	mov	r7, r8
10001794:	46ce      	mov	lr, r9
10001796:	b580      	push	{r7, lr}
10001798:	1e0f      	subs	r7, r1, #0
1000179a:	d019      	beq.n	100017d0 <rom_funcs_lookup+0x40>
1000179c:	2314      	movs	r3, #20
1000179e:	4699      	mov	r9, r3
100017a0:	3304      	adds	r3, #4
100017a2:	0004      	movs	r4, r0
100017a4:	2500      	movs	r5, #0
100017a6:	2601      	movs	r6, #1
100017a8:	4698      	mov	r8, r3
100017aa:	464b      	mov	r3, r9
100017ac:	8818      	ldrh	r0, [r3, #0]
100017ae:	4643      	mov	r3, r8
100017b0:	6821      	ldr	r1, [r4, #0]
100017b2:	881b      	ldrh	r3, [r3, #0]
100017b4:	4798      	blx	r3
100017b6:	c401      	stmia	r4!, {r0}
100017b8:	1e43      	subs	r3, r0, #1
100017ba:	4198      	sbcs	r0, r3
100017bc:	3501      	adds	r5, #1
100017be:	4240      	negs	r0, r0
100017c0:	4006      	ands	r6, r0
100017c2:	42af      	cmp	r7, r5
100017c4:	d1f1      	bne.n	100017aa <rom_funcs_lookup+0x1a>
100017c6:	0030      	movs	r0, r6
100017c8:	bcc0      	pop	{r6, r7}
100017ca:	46b9      	mov	r9, r7
100017cc:	46b0      	mov	r8, r6
100017ce:	bdf8      	pop	{r3, r4, r5, r6, r7, pc}
100017d0:	2601      	movs	r6, #1
100017d2:	e7f8      	b.n	100017c6 <rom_funcs_lookup+0x36>

100017d4 <xosc_init>:
100017d4:	23aa      	movs	r3, #170	@ 0xaa
100017d6:	4a06      	ldr	r2, [pc, #24]	@ (100017f0 <xosc_init+0x1c>)
100017d8:	011b      	lsls	r3, r3, #4
100017da:	6013      	str	r3, [r2, #0]
100017dc:	238d      	movs	r3, #141	@ 0x8d
100017de:	005b      	lsls	r3, r3, #1
100017e0:	60d3      	str	r3, [r2, #12]
100017e2:	4904      	ldr	r1, [pc, #16]	@ (100017f4 <xosc_init+0x20>)
100017e4:	4b04      	ldr	r3, [pc, #16]	@ (100017f8 <xosc_init+0x24>)
100017e6:	6019      	str	r1, [r3, #0]
100017e8:	6853      	ldr	r3, [r2, #4]
100017ea:	2b00      	cmp	r3, #0
100017ec:	dafc      	bge.n	100017e8 <xosc_init+0x14>
100017ee:	4770      	bx	lr
100017f0:	40024000 	.word	0x40024000
100017f4:	00fab000 	.word	0x00fab000
100017f8:	40026000 	.word	0x40026000

100017fc <first_per_core_initializer>:
100017fc:	4770      	bx	lr
100017fe:	46c0      	nop			@ (mov r8, r8)

10001800 <hard_assertion_failure>:
10001800:	b510      	push	{r4, lr}
10001802:	4801      	ldr	r0, [pc, #4]	@ (10001808 <hard_assertion_failure+0x8>)
10001804:	f7fe fe0e 	bl	10000424 <panic>
10001808:	10007c24 	.word	0x10007c24

1000180c <runtime_run_initializers>:
1000180c:	b570      	push	{r4, r5, r6, lr}
1000180e:	4d07      	ldr	r5, [pc, #28]	@ (1000182c <runtime_run_initializers+0x20>)
10001810:	4e07      	ldr	r6, [pc, #28]	@ (10001830 <runtime_run_initializers+0x24>)
10001812:	42b5      	cmp	r5, r6
10001814:	d209      	bcs.n	1000182a <runtime_run_initializers+0x1e>
10001816:	2400      	movs	r4, #0
10001818:	3e01      	subs	r6, #1
1000181a:	1b76      	subs	r6, r6, r5
1000181c:	08b6      	lsrs	r6, r6, #2
1000181e:	cd08      	ldmia	r5!, {r3}
10001820:	4798      	blx	r3
10001822:	0023      	movs	r3, r4
10001824:	3401      	adds	r4, #1
10001826:	42b3      	cmp	r3, r6
10001828:	d1f9      	bne.n	1000181e <runtime_run_initializers+0x12>
1000182a:	bd70      	pop	{r4, r5, r6, pc}
1000182c:	10007b88 	.word	0x10007b88
10001830:	10007bc4 	.word	0x10007bc4

10001834 <runtime_init_early_resets>:
10001834:	4b05      	ldr	r3, [pc, #20]	@ (1000184c <runtime_init_early_resets+0x18>)
10001836:	4a06      	ldr	r2, [pc, #24]	@ (10001850 <runtime_init_early_resets+0x1c>)
10001838:	4906      	ldr	r1, [pc, #24]	@ (10001854 <runtime_init_early_resets+0x20>)
1000183a:	601a      	str	r2, [r3, #0]
1000183c:	4a06      	ldr	r2, [pc, #24]	@ (10001858 <runtime_init_early_resets+0x24>)
1000183e:	4b07      	ldr	r3, [pc, #28]	@ (1000185c <runtime_init_early_resets+0x28>)
10001840:	601a      	str	r2, [r3, #0]
10001842:	0010      	movs	r0, r2
10001844:	680b      	ldr	r3, [r1, #0]
10001846:	4398      	bics	r0, r3
10001848:	d1fb      	bne.n	10001842 <runtime_init_early_resets+0xe>
1000184a:	4770      	bx	lr
1000184c:	4000e000 	.word	0x4000e000
10001850:	fefbcdbf 	.word	0xfefbcdbf
10001854:	4000c008 	.word	0x4000c008
10001858:	003c7ffe 	.word	0x003c7ffe
1000185c:	4000f000 	.word	0x4000f000

10001860 <runtime_init_usb_power_down>:
10001860:	4b04      	ldr	r3, [pc, #16]	@ (10001874 <runtime_init_usb_power_down+0x14>)
10001862:	6cdb      	ldr	r3, [r3, #76]	@ 0x4c
10001864:	2b00      	cmp	r3, #0
10001866:	d103      	bne.n	10001870 <runtime_init_usb_power_down+0x10>
10001868:	2280      	movs	r2, #128	@ 0x80
1000186a:	4b03      	ldr	r3, [pc, #12]	@ (10001878 <runtime_init_usb_power_down+0x18>)
1000186c:	02d2      	lsls	r2, r2, #11
1000186e:	601a      	str	r2, [r3, #0]
10001870:	4770      	bx	lr
10001872:	46c0      	nop			@ (mov r8, r8)
10001874:	50110000 	.word	0x50110000
10001878:	5011204c 	.word	0x5011204c

1000187c <runtime_init_post_clock_resets>:
1000187c:	4a04      	ldr	r2, [pc, #16]	@ (10001890 <runtime_init_post_clock_resets+0x14>)
1000187e:	4b05      	ldr	r3, [pc, #20]	@ (10001894 <runtime_init_post_clock_resets+0x18>)
10001880:	601a      	str	r2, [r3, #0]
10001882:	4a05      	ldr	r2, [pc, #20]	@ (10001898 <runtime_init_post_clock_resets+0x1c>)
10001884:	6813      	ldr	r3, [r2, #0]
10001886:	01db      	lsls	r3, r3, #7
10001888:	3380      	adds	r3, #128	@ 0x80
1000188a:	d1fb      	bne.n	10001884 <runtime_init_post_clock_resets+0x8>
1000188c:	4770      	bx	lr
1000188e:	46c0      	nop			@ (mov r8, r8)
10001890:	01ffffff 	.word	0x01ffffff
10001894:	4000f000 	.word	0x4000f000
10001898:	4000c008 	.word	0x4000c008

1000189c <runtime_init_rp2040_gpio_ie_disable>:
1000189c:	2240      	movs	r2, #64	@ 0x40
1000189e:	4b03      	ldr	r3, [pc, #12]	@ (100018ac <runtime_init_rp2040_gpio_ie_disable+0x10>)
100018a0:	679a      	str	r2, [r3, #120]	@ 0x78
100018a2:	675a      	str	r2, [r3, #116]	@ 0x74
100018a4:	671a      	str	r2, [r3, #112]	@ 0x70
100018a6:	66da      	str	r2, [r3, #108]	@ 0x6c
100018a8:	4770      	bx	lr
100018aa:	46c0      	nop			@ (mov r8, r8)
100018ac:	4001f000 	.word	0x4001f000

100018b0 <runtime_init_spin_locks_reset>:
100018b0:	b510      	push	{r4, lr}
100018b2:	f7fe fe7d 	bl	100005b0 <spin_locks_reset>
100018b6:	bd10      	pop	{r4, pc}

100018b8 <runtime_init_install_ram_vector_table>:
100018b8:	b5f8      	push	{r3, r4, r5, r6, r7, lr}
100018ba:	4927      	ldr	r1, [pc, #156]	@ (10001958 <runtime_init_install_ram_vector_table+0xa0>)
100018bc:	4c27      	ldr	r4, [pc, #156]	@ (1000195c <runtime_init_install_ram_vector_table+0xa4>)
100018be:	4d28      	ldr	r5, [pc, #160]	@ (10001960 <runtime_init_install_ram_vector_table+0xa8>)
100018c0:	1a64      	subs	r4, r4, r1
100018c2:	08a4      	lsrs	r4, r4, #2
100018c4:	0022      	movs	r2, r4
100018c6:	2c30      	cmp	r4, #48	@ 0x30
100018c8:	d900      	bls.n	100018cc <runtime_init_install_ram_vector_table+0x14>
100018ca:	2230      	movs	r2, #48	@ 0x30
100018cc:	0028      	movs	r0, r5
100018ce:	0092      	lsls	r2, r2, #2
100018d0:	f000 fcbc 	bl	1000224c <__wrap___aeabi_memcpy>
100018d4:	2c2f      	cmp	r4, #47	@ 0x2f
100018d6:	d83b      	bhi.n	10001950 <runtime_init_install_ram_vector_table+0x98>
100018d8:	2030      	movs	r0, #48	@ 0x30
100018da:	212f      	movs	r1, #47	@ 0x2f
100018dc:	00a7      	lsls	r7, r4, #2
100018de:	19eb      	adds	r3, r5, r7
100018e0:	075b      	lsls	r3, r3, #29
100018e2:	4a20      	ldr	r2, [pc, #128]	@ (10001964 <runtime_init_install_ram_vector_table+0xac>)
100018e4:	1b00      	subs	r0, r0, r4
100018e6:	0fdb      	lsrs	r3, r3, #31
100018e8:	1b09      	subs	r1, r1, r4
100018ea:	2905      	cmp	r1, #5
100018ec:	d916      	bls.n	1000191c <runtime_init_install_ram_vector_table+0x64>
100018ee:	0026      	movs	r6, r4
100018f0:	2b00      	cmp	r3, #0
100018f2:	d001      	beq.n	100018f8 <runtime_init_install_ram_vector_table+0x40>
100018f4:	51ea      	str	r2, [r5, r7]
100018f6:	1c66      	adds	r6, r4, #1
100018f8:	1ac0      	subs	r0, r0, r3
100018fa:	18e3      	adds	r3, r4, r3
100018fc:	009b      	lsls	r3, r3, #2
100018fe:	0841      	lsrs	r1, r0, #1
10001900:	18eb      	adds	r3, r5, r3
10001902:	00c9      	lsls	r1, r1, #3
10001904:	18c9      	adds	r1, r1, r3
10001906:	601a      	str	r2, [r3, #0]
10001908:	605a      	str	r2, [r3, #4]
1000190a:	3308      	adds	r3, #8
1000190c:	428b      	cmp	r3, r1
1000190e:	d1fa      	bne.n	10001906 <runtime_init_install_ram_vector_table+0x4e>
10001910:	2301      	movs	r3, #1
10001912:	4203      	tst	r3, r0
10001914:	d01c      	beq.n	10001950 <runtime_init_install_ram_vector_table+0x98>
10001916:	4398      	bics	r0, r3
10001918:	1984      	adds	r4, r0, r6
1000191a:	00a7      	lsls	r7, r4, #2
1000191c:	51ea      	str	r2, [r5, r7]
1000191e:	1c63      	adds	r3, r4, #1
10001920:	2c2f      	cmp	r4, #47	@ 0x2f
10001922:	d015      	beq.n	10001950 <runtime_init_install_ram_vector_table+0x98>
10001924:	009b      	lsls	r3, r3, #2
10001926:	50ea      	str	r2, [r5, r3]
10001928:	1ca3      	adds	r3, r4, #2
1000192a:	2c2e      	cmp	r4, #46	@ 0x2e
1000192c:	d010      	beq.n	10001950 <runtime_init_install_ram_vector_table+0x98>
1000192e:	009b      	lsls	r3, r3, #2
10001930:	50ea      	str	r2, [r5, r3]
10001932:	1ce3      	adds	r3, r4, #3
10001934:	2c2d      	cmp	r4, #45	@ 0x2d
10001936:	d00b      	beq.n	10001950 <runtime_init_install_ram_vector_table+0x98>
10001938:	009b      	lsls	r3, r3, #2
1000193a:	50ea      	str	r2, [r5, r3]
1000193c:	1d23      	adds	r3, r4, #4
1000193e:	2c2c      	cmp	r4, #44	@ 0x2c
10001940:	d006      	beq.n	10001950 <runtime_init_install_ram_vector_table+0x98>
10001942:	009b      	lsls	r3, r3, #2
10001944:	50ea      	str	r2, [r5, r3]
10001946:	1d63      	adds	r3, r4, #5
10001948:	2c2b      	cmp	r4, #43	@ 0x2b
1000194a:	d001      	beq.n	10001950 <runtime_init_install_ram_vector_table+0x98>
1000194c:	009b      	lsls	r3, r3, #2
1000194e:	50ea      	str	r2, [r5, r3]
10001950:	4b05      	ldr	r3, [pc, #20]	@ (10001968 <runtime_init_install_ram_vector_table+0xb0>)
10001952:	609d      	str	r5, [r3, #8]
10001954:	bdf8      	pop	{r3, r4, r5, r6, r7, pc}
10001956:	46c0      	nop			@ (mov r8, r8)
10001958:	10000100 	.word	0x10000100
1000195c:	100001c0 	.word	0x100001c0
10001960:	20000000 	.word	0x20000000
10001964:	100001c1 	.word	0x100001c1
10001968:	e000ed00 	.word	0xe000ed00

1000196c <runtime_init_clocks>:
1000196c:	2300      	movs	r3, #0
1000196e:	b510      	push	{r4, lr}
10001970:	4c29      	ldr	r4, [pc, #164]	@ (10001a18 <runtime_init_clocks+0xac>)
10001972:	b082      	sub	sp, #8
10001974:	67a3      	str	r3, [r4, #120]	@ 0x78
10001976:	f7ff ff2d 	bl	100017d4 <xosc_init>
1000197a:	2201      	movs	r2, #1
1000197c:	4b27      	ldr	r3, [pc, #156]	@ (10001a1c <runtime_init_clocks+0xb0>)
1000197e:	601a      	str	r2, [r3, #0]
10001980:	6c63      	ldr	r3, [r4, #68]	@ 0x44
10001982:	2b01      	cmp	r3, #1
10001984:	d1fc      	bne.n	10001980 <runtime_init_clocks+0x14>
10001986:	2203      	movs	r2, #3
10001988:	4b25      	ldr	r3, [pc, #148]	@ (10001a20 <runtime_init_clocks+0xb4>)
1000198a:	601a      	str	r2, [r3, #0]
1000198c:	4a22      	ldr	r2, [pc, #136]	@ (10001a18 <runtime_init_clocks+0xac>)
1000198e:	6b93      	ldr	r3, [r2, #56]	@ 0x38
10001990:	2b01      	cmp	r3, #1
10001992:	d1fc      	bne.n	1000198e <runtime_init_clocks+0x22>
10001994:	3301      	adds	r3, #1
10001996:	9300      	str	r3, [sp, #0]
10001998:	2101      	movs	r1, #1
1000199a:	4a22      	ldr	r2, [pc, #136]	@ (10001a24 <runtime_init_clocks+0xb8>)
1000199c:	4822      	ldr	r0, [pc, #136]	@ (10001a28 <runtime_init_clocks+0xbc>)
1000199e:	3304      	adds	r3, #4
100019a0:	f7ff fe8e 	bl	100016c0 <pll_init>
100019a4:	2305      	movs	r3, #5
100019a6:	2101      	movs	r1, #1
100019a8:	9300      	str	r3, [sp, #0]
100019aa:	4a20      	ldr	r2, [pc, #128]	@ (10001a2c <runtime_init_clocks+0xc0>)
100019ac:	4820      	ldr	r0, [pc, #128]	@ (10001a30 <runtime_init_clocks+0xc4>)
100019ae:	f7ff fe87 	bl	100016c0 <pll_init>
100019b2:	2200      	movs	r2, #0
100019b4:	2102      	movs	r1, #2
100019b6:	2004      	movs	r0, #4
100019b8:	4b1e      	ldr	r3, [pc, #120]	@ (10001a34 <runtime_init_clocks+0xc8>)
100019ba:	f7ff fe07 	bl	100015cc <clock_configure_undivided>
100019be:	2200      	movs	r2, #0
100019c0:	2101      	movs	r1, #1
100019c2:	2005      	movs	r0, #5
100019c4:	4b1c      	ldr	r3, [pc, #112]	@ (10001a38 <runtime_init_clocks+0xcc>)
100019c6:	f7ff fe01 	bl	100015cc <clock_configure_undivided>
100019ca:	2200      	movs	r2, #0
100019cc:	2100      	movs	r1, #0
100019ce:	2007      	movs	r0, #7
100019d0:	4b1a      	ldr	r3, [pc, #104]	@ (10001a3c <runtime_init_clocks+0xd0>)
100019d2:	f7ff fdfb 	bl	100015cc <clock_configure_undivided>
100019d6:	2200      	movs	r2, #0
100019d8:	2100      	movs	r1, #0
100019da:	2008      	movs	r0, #8
100019dc:	4b17      	ldr	r3, [pc, #92]	@ (10001a3c <runtime_init_clocks+0xd0>)
100019de:	f7ff fdf5 	bl	100015cc <clock_configure_undivided>
100019e2:	2380      	movs	r3, #128	@ 0x80
100019e4:	00db      	lsls	r3, r3, #3
100019e6:	9300      	str	r3, [sp, #0]
100019e8:	2200      	movs	r2, #0
100019ea:	2100      	movs	r1, #0
100019ec:	2009      	movs	r0, #9
100019ee:	4b13      	ldr	r3, [pc, #76]	@ (10001a3c <runtime_init_clocks+0xd0>)
100019f0:	f7ff fd72 	bl	100014d8 <clock_configure_int_divider>
100019f4:	2200      	movs	r2, #0
100019f6:	4b10      	ldr	r3, [pc, #64]	@ (10001a38 <runtime_init_clocks+0xcc>)
100019f8:	2100      	movs	r1, #0
100019fa:	2006      	movs	r0, #6
100019fc:	f7ff fde6 	bl	100015cc <clock_configure_undivided>
10001a00:	2004      	movs	r0, #4
10001a02:	f7ff fe57 	bl	100016b4 <clock_get_hz>
10001a06:	490e      	ldr	r1, [pc, #56]	@ (10001a40 <runtime_init_clocks+0xd4>)
10001a08:	f000 f852 	bl	10001ab0 <__wrap___aeabi_uidiv>
10001a0c:	0001      	movs	r1, r0
10001a0e:	2000      	movs	r0, #0
10001a10:	f7ff fea6 	bl	10001760 <tick_start>
10001a14:	b002      	add	sp, #8
10001a16:	bd10      	pop	{r4, pc}
10001a18:	40008000 	.word	0x40008000
10001a1c:	4000b03c 	.word	0x4000b03c
10001a20:	4000b030 	.word	0x4000b030
10001a24:	59682f00 	.word	0x59682f00
10001a28:	40028000 	.word	0x40028000
10001a2c:	47868c00 	.word	0x47868c00
10001a30:	4002c000 	.word	0x4002c000
10001a34:	00b71b00 	.word	0x00b71b00
10001a38:	07735940 	.word	0x07735940
10001a3c:	02dc6c00 	.word	0x02dc6c00
10001a40:	000f4240 	.word	0x000f4240

10001a44 <__aeabi_bits_init>:
10001a44:	4801      	ldr	r0, [pc, #4]	@ (10001a4c <__aeabi_bits_init+0x8>)
10001a46:	2104      	movs	r1, #4
10001a48:	4b01      	ldr	r3, [pc, #4]	@ (10001a50 <__aeabi_bits_init+0xc>)
10001a4a:	4718      	bx	r3
10001a4c:	20000520 	.word	0x20000520
10001a50:	10001791 	.word	0x10001791

10001a54 <__wrap___ctzsi2>:
10001a54:	4b01      	ldr	r3, [pc, #4]	@ (10001a5c <__wrap___ctzsi2+0x8>)
10001a56:	689b      	ldr	r3, [r3, #8]
10001a58:	4718      	bx	r3
10001a5a:	0000      	.short	0x0000
10001a5c:	20000520 	.word	0x20000520

10001a60 <__wrap___aeabi_idiv>:
10001a60:	4a12      	ldr	r2, [pc, #72]	@ (10001aac <divmod_s32s32_savestate+0x18>)
10001a62:	6f93      	ldr	r3, [r2, #120]	@ 0x78
10001a64:	089b      	lsrs	r3, r3, #2
10001a66:	d215      	bcs.n	10001a94 <divmod_s32s32_savestate>

10001a68 <divmod_s32s32_core>:
10001a68:	6690      	str	r0, [r2, #104]	@ 0x68
10001a6a:	66d1      	str	r1, [r2, #108]	@ 0x6c
10001a6c:	2900      	cmp	r1, #0
10001a6e:	d005      	beq.n	10001a7c <divmod_s32s32_core+0x14>
10001a70:	e7ff      	b.n	10001a72 <divmod_s32s32_core+0xa>
10001a72:	e7ff      	b.n	10001a74 <divmod_s32s32_core+0xc>
10001a74:	e7ff      	b.n	10001a76 <divmod_s32s32_core+0xe>
10001a76:	6f51      	ldr	r1, [r2, #116]	@ 0x74
10001a78:	6f10      	ldr	r0, [r2, #112]	@ 0x70
10001a7a:	4770      	bx	lr
10001a7c:	b504      	push	{r2, lr}
10001a7e:	2180      	movs	r1, #128	@ 0x80
10001a80:	0609      	lsls	r1, r1, #24
10001a82:	17c2      	asrs	r2, r0, #31
10001a84:	4051      	eors	r1, r2
10001a86:	2800      	cmp	r0, #0
10001a88:	d000      	beq.n	10001a8c <divmod_s32s32_core+0x24>
10001a8a:	43c8      	mvns	r0, r1
10001a8c:	f006 f864 	bl	10007b58 <____aeabi_idiv0_veneer>
10001a90:	2100      	movs	r1, #0
10001a92:	bd04      	pop	{r2, pc}

10001a94 <divmod_s32s32_savestate>:
10001a94:	b5f0      	push	{r4, r5, r6, r7, lr}
10001a96:	6e14      	ldr	r4, [r2, #96]	@ 0x60
10001a98:	6e55      	ldr	r5, [r2, #100]	@ 0x64
10001a9a:	6f57      	ldr	r7, [r2, #116]	@ 0x74
10001a9c:	6f16      	ldr	r6, [r2, #112]	@ 0x70
10001a9e:	f7ff ffe3 	bl	10001a68 <divmod_s32s32_core>
10001aa2:	6614      	str	r4, [r2, #96]	@ 0x60
10001aa4:	6655      	str	r5, [r2, #100]	@ 0x64
10001aa6:	6757      	str	r7, [r2, #116]	@ 0x74
10001aa8:	6716      	str	r6, [r2, #112]	@ 0x70
10001aaa:	bdf0      	pop	{r4, r5, r6, r7, pc}
10001aac:	d0000000 	.word	0xd0000000

10001ab0 <__wrap___aeabi_uidiv>:
10001ab0:	4a11      	ldr	r2, [pc, #68]	@ (10001af8 <divmod_u32u32_savestate+0x18>)
10001ab2:	6f93      	ldr	r3, [r2, #120]	@ 0x78
10001ab4:	089b      	lsrs	r3, r3, #2
10001ab6:	d213      	bcs.n	10001ae0 <divmod_u32u32_savestate>

10001ab8 <divmod_u32u32_core>:
10001ab8:	6610      	str	r0, [r2, #96]	@ 0x60
10001aba:	6651      	str	r1, [r2, #100]	@ 0x64
10001abc:	2900      	cmp	r1, #0
10001abe:	d005      	beq.n	10001acc <divmod_u32u32_core+0x14>
10001ac0:	e7ff      	b.n	10001ac2 <divmod_u32u32_core+0xa>
10001ac2:	e7ff      	b.n	10001ac4 <divmod_u32u32_core+0xc>
10001ac4:	e7ff      	b.n	10001ac6 <divmod_u32u32_core+0xe>
10001ac6:	6f51      	ldr	r1, [r2, #116]	@ 0x74
10001ac8:	6f10      	ldr	r0, [r2, #112]	@ 0x70
10001aca:	4770      	bx	lr
10001acc:	b504      	push	{r2, lr}
10001ace:	2800      	cmp	r0, #0
10001ad0:	d001      	beq.n	10001ad6 <divmod_u32u32_core+0x1e>
10001ad2:	2000      	movs	r0, #0
10001ad4:	43c0      	mvns	r0, r0
10001ad6:	f006 f83f 	bl	10007b58 <____aeabi_idiv0_veneer>
10001ada:	2100      	movs	r1, #0
10001adc:	bd04      	pop	{r2, pc}
10001ade:	46c0      	nop			@ (mov r8, r8)

10001ae0 <divmod_u32u32_savestate>:
10001ae0:	b5f0      	push	{r4, r5, r6, r7, lr}
10001ae2:	6e14      	ldr	r4, [r2, #96]	@ 0x60
10001ae4:	6e55      	ldr	r5, [r2, #100]	@ 0x64
10001ae6:	6f57      	ldr	r7, [r2, #116]	@ 0x74
10001ae8:	6f16      	ldr	r6, [r2, #112]	@ 0x70
10001aea:	f7ff ffe5 	bl	10001ab8 <divmod_u32u32_core>
10001aee:	6614      	str	r4, [r2, #96]	@ 0x60
10001af0:	6655      	str	r5, [r2, #100]	@ 0x64
10001af2:	6757      	str	r7, [r2, #116]	@ 0x74
10001af4:	6716      	str	r6, [r2, #112]	@ 0x70
10001af6:	bdf0      	pop	{r4, r5, r6, r7, pc}
10001af8:	d0000000 	.word	0xd0000000

10001afc <__wrap___aeabi_ldivmod>:
10001afc:	4694      	mov	ip, r2
10001afe:	4a4a      	ldr	r2, [pc, #296]	@ (10001c28 <udiv0+0x1a>)
10001b00:	6f92      	ldr	r2, [r2, #120]	@ 0x78
10001b02:	0892      	lsrs	r2, r2, #2
10001b04:	4662      	mov	r2, ip
10001b06:	d201      	bcs.n	10001b0c <divmod_s64s64_savestate>
10001b08:	e028      	b.n	10001b5c <divmod_s64s64_unsafe>
10001b0a:	46c0      	nop			@ (mov r8, r8)

10001b0c <divmod_s64s64_savestate>:
10001b0c:	b5f0      	push	{r4, r5, r6, r7, lr}
10001b0e:	4e46      	ldr	r6, [pc, #280]	@ (10001c28 <udiv0+0x1a>)
10001b10:	6e34      	ldr	r4, [r6, #96]	@ 0x60
10001b12:	6e75      	ldr	r5, [r6, #100]	@ 0x64
10001b14:	6f77      	ldr	r7, [r6, #116]	@ 0x74
10001b16:	6f36      	ldr	r6, [r6, #112]	@ 0x70
10001b18:	f000 f820 	bl	10001b5c <divmod_s64s64_unsafe>
10001b1c:	4694      	mov	ip, r2
10001b1e:	4a42      	ldr	r2, [pc, #264]	@ (10001c28 <udiv0+0x1a>)
10001b20:	6614      	str	r4, [r2, #96]	@ 0x60
10001b22:	6655      	str	r5, [r2, #100]	@ 0x64
10001b24:	6757      	str	r7, [r2, #116]	@ 0x74
10001b26:	6716      	str	r6, [r2, #112]	@ 0x70
10001b28:	4662      	mov	r2, ip
10001b2a:	bdf0      	pop	{r4, r5, r6, r7, pc}

10001b2c <__wrap___aeabi_uldivmod>:
10001b2c:	4694      	mov	ip, r2
10001b2e:	4a3e      	ldr	r2, [pc, #248]	@ (10001c28 <udiv0+0x1a>)
10001b30:	6f92      	ldr	r2, [r2, #120]	@ 0x78
10001b32:	0892      	lsrs	r2, r2, #2
10001b34:	4662      	mov	r2, ip
10001b36:	d201      	bcs.n	10001b3c <divmod_u64u64_savestate>
10001b38:	e054      	b.n	10001be4 <divmod_u64u64_unsafe>
10001b3a:	46c0      	nop			@ (mov r8, r8)

10001b3c <divmod_u64u64_savestate>:
10001b3c:	b5f0      	push	{r4, r5, r6, r7, lr}
10001b3e:	4e3a      	ldr	r6, [pc, #232]	@ (10001c28 <udiv0+0x1a>)
10001b40:	6e34      	ldr	r4, [r6, #96]	@ 0x60
10001b42:	6e75      	ldr	r5, [r6, #100]	@ 0x64
10001b44:	6f77      	ldr	r7, [r6, #116]	@ 0x74
10001b46:	6f36      	ldr	r6, [r6, #112]	@ 0x70
10001b48:	f000 f84c 	bl	10001be4 <divmod_u64u64_unsafe>
10001b4c:	4694      	mov	ip, r2
10001b4e:	4a36      	ldr	r2, [pc, #216]	@ (10001c28 <udiv0+0x1a>)
10001b50:	6614      	str	r4, [r2, #96]	@ 0x60
10001b52:	6655      	str	r5, [r2, #100]	@ 0x64
10001b54:	6757      	str	r7, [r2, #116]	@ 0x74
10001b56:	6716      	str	r6, [r2, #112]	@ 0x70
10001b58:	4662      	mov	r2, ip
10001b5a:	bdf0      	pop	{r4, r5, r6, r7, pc}

10001b5c <divmod_s64s64_unsafe>:
10001b5c:	2b00      	cmp	r3, #0
10001b5e:	db24      	blt.n	10001baa <l46_1+0x26>
10001b60:	d011      	beq.n	10001b86 <l46_1+0x2>
10001b62:	2900      	cmp	r1, #0
10001b64:	da3e      	bge.n	10001be4 <divmod_u64u64_unsafe>
10001b66:	b500      	push	{lr}
10001b68:	43c9      	mvns	r1, r1
10001b6a:	4240      	negs	r0, r0
10001b6c:	d100      	bne.n	10001b70 <l44_1>
10001b6e:	3101      	adds	r1, #1

10001b70 <l44_1>:
10001b70:	f000 f838 	bl	10001be4 <divmod_u64u64_unsafe>
10001b74:	43c9      	mvns	r1, r1
10001b76:	4240      	negs	r0, r0
10001b78:	d100      	bne.n	10001b7c <l45_1>
10001b7a:	3101      	adds	r1, #1

10001b7c <l45_1>:
10001b7c:	43db      	mvns	r3, r3
10001b7e:	4252      	negs	r2, r2
10001b80:	d100      	bne.n	10001b84 <l46_1>
10001b82:	3301      	adds	r3, #1

10001b84 <l46_1>:
10001b84:	bd00      	pop	{pc}
10001b86:	2a00      	cmp	r2, #0
10001b88:	d1eb      	bne.n	10001b62 <divmod_s64s64_unsafe+0x6>
10001b8a:	2800      	cmp	r0, #0
10001b8c:	d101      	bne.n	10001b92 <l46_1+0xe>
10001b8e:	2900      	cmp	r1, #0
10001b90:	d005      	beq.n	10001b9e <l46_1+0x1a>
10001b92:	2000      	movs	r0, #0
10001b94:	0fc9      	lsrs	r1, r1, #31
10001b96:	07c9      	lsls	r1, r1, #31
10001b98:	d101      	bne.n	10001b9e <l46_1+0x1a>
10001b9a:	43c0      	mvns	r0, r0
10001b9c:	0841      	lsrs	r1, r0, #1
10001b9e:	b500      	push	{lr}
10001ba0:	f005 ffa2 	bl	10007ae8 <____aeabi_ldiv0_veneer>
10001ba4:	2200      	movs	r2, #0
10001ba6:	2300      	movs	r3, #0
10001ba8:	bd00      	pop	{pc}
10001baa:	b500      	push	{lr}
10001bac:	2900      	cmp	r1, #0
10001bae:	db0a      	blt.n	10001bc6 <l48_1+0x2>
10001bb0:	43db      	mvns	r3, r3
10001bb2:	4252      	negs	r2, r2
10001bb4:	d100      	bne.n	10001bb8 <l47_1>
10001bb6:	3301      	adds	r3, #1

10001bb8 <l47_1>:
10001bb8:	f000 f814 	bl	10001be4 <divmod_u64u64_unsafe>
10001bbc:	43c9      	mvns	r1, r1
10001bbe:	4240      	negs	r0, r0
10001bc0:	d100      	bne.n	10001bc4 <l48_1>
10001bc2:	3101      	adds	r1, #1

10001bc4 <l48_1>:
10001bc4:	bd00      	pop	{pc}
10001bc6:	43c9      	mvns	r1, r1
10001bc8:	4240      	negs	r0, r0
10001bca:	d100      	bne.n	10001bce <l49_1>
10001bcc:	3101      	adds	r1, #1

10001bce <l49_1>:
10001bce:	43db      	mvns	r3, r3
10001bd0:	4252      	negs	r2, r2
10001bd2:	d100      	bne.n	10001bd6 <l50_1>
10001bd4:	3301      	adds	r3, #1

10001bd6 <l50_1>:
10001bd6:	f000 f805 	bl	10001be4 <divmod_u64u64_unsafe>
10001bda:	43db      	mvns	r3, r3
10001bdc:	4252      	negs	r2, r2
10001bde:	d100      	bne.n	10001be2 <l51_1>
10001be0:	3301      	adds	r3, #1

10001be2 <l51_1>:
10001be2:	bd00      	pop	{pc}

10001be4 <divmod_u64u64_unsafe>:
10001be4:	2900      	cmp	r1, #0
10001be6:	d123      	bne.n	10001c30 <y64>
10001be8:	2b00      	cmp	r3, #0
10001bea:	d118      	bne.n	10001c1e <udiv0+0x10>
10001bec:	2a00      	cmp	r2, #0
10001bee:	d00c      	beq.n	10001c0a <divmod_u64u64_unsafe+0x26>
10001bf0:	46bc      	mov	ip, r7
10001bf2:	4f0d      	ldr	r7, [pc, #52]	@ (10001c28 <udiv0+0x1a>)
10001bf4:	6638      	str	r0, [r7, #96]	@ 0x60
10001bf6:	667a      	str	r2, [r7, #100]	@ 0x64
10001bf8:	2100      	movs	r1, #0
10001bfa:	2300      	movs	r3, #0
10001bfc:	e7ff      	b.n	10001bfe <divmod_u64u64_unsafe+0x1a>
10001bfe:	e7ff      	b.n	10001c00 <divmod_u64u64_unsafe+0x1c>
10001c00:	e7ff      	b.n	10001c02 <divmod_u64u64_unsafe+0x1e>
10001c02:	6f7a      	ldr	r2, [r7, #116]	@ 0x74
10001c04:	6f38      	ldr	r0, [r7, #112]	@ 0x70
10001c06:	4667      	mov	r7, ip
10001c08:	4770      	bx	lr
10001c0a:	2800      	cmp	r0, #0
10001c0c:	d001      	beq.n	10001c12 <udiv0+0x4>

10001c0e <udiv0>:
10001c0e:	4807      	ldr	r0, [pc, #28]	@ (10001c2c <udiv0+0x1e>)
10001c10:	0001      	movs	r1, r0
10001c12:	b500      	push	{lr}
10001c14:	f005 ff68 	bl	10007ae8 <____aeabi_ldiv0_veneer>
10001c18:	2200      	movs	r2, #0
10001c1a:	2300      	movs	r3, #0
10001c1c:	bd00      	pop	{pc}
10001c1e:	0002      	movs	r2, r0
10001c20:	000b      	movs	r3, r1
10001c22:	2000      	movs	r0, #0
10001c24:	2100      	movs	r1, #0
10001c26:	4770      	bx	lr
10001c28:	d0000000 	.word	0xd0000000
10001c2c:	ffffffff 	.word	0xffffffff

10001c30 <y64>:
10001c30:	2b00      	cmp	r3, #0
10001c32:	d000      	beq.n	10001c36 <y64+0x6>
10001c34:	e0bf      	b.n	10001db6 <y64_x48>
10001c36:	0c13      	lsrs	r3, r2, #16
10001c38:	d128      	bne.n	10001c8c <y64_x32>
10001c3a:	2a00      	cmp	r2, #0
10001c3c:	d0e7      	beq.n	10001c0e <udiv0>
10001c3e:	b480      	push	{r7}
10001c40:	4f11      	ldr	r7, [pc, #68]	@ (10001c88 <y64+0x58>)
10001c42:	6639      	str	r1, [r7, #96]	@ 0x60
10001c44:	667a      	str	r2, [r7, #100]	@ 0x64
10001c46:	e7ff      	b.n	10001c48 <y64+0x18>
10001c48:	e7ff      	b.n	10001c4a <y64+0x1a>
10001c4a:	b430      	push	{r4, r5}
10001c4c:	0c04      	lsrs	r4, r0, #16
10001c4e:	6f7b      	ldr	r3, [r7, #116]	@ 0x74
10001c50:	6f39      	ldr	r1, [r7, #112]	@ 0x70
10001c52:	041b      	lsls	r3, r3, #16
10001c54:	4323      	orrs	r3, r4
10001c56:	663b      	str	r3, [r7, #96]	@ 0x60
10001c58:	667a      	str	r2, [r7, #100]	@ 0x64
10001c5a:	e7ff      	b.n	10001c5c <y64+0x2c>
10001c5c:	e7ff      	b.n	10001c5e <y64+0x2e>
10001c5e:	e7ff      	b.n	10001c60 <y64+0x30>
10001c60:	46c0      	nop			@ (mov r8, r8)
10001c62:	b284      	uxth	r4, r0
10001c64:	6f7b      	ldr	r3, [r7, #116]	@ 0x74
10001c66:	6f3d      	ldr	r5, [r7, #112]	@ 0x70
10001c68:	041b      	lsls	r3, r3, #16
10001c6a:	4323      	orrs	r3, r4
10001c6c:	663b      	str	r3, [r7, #96]	@ 0x60
10001c6e:	667a      	str	r2, [r7, #100]	@ 0x64
10001c70:	e7ff      	b.n	10001c72 <y64+0x42>
10001c72:	e7ff      	b.n	10001c74 <y64+0x44>
10001c74:	46c0      	nop			@ (mov r8, r8)
10001c76:	2300      	movs	r3, #0
10001c78:	042c      	lsls	r4, r5, #16
10001c7a:	0c2d      	lsrs	r5, r5, #16
10001c7c:	6f7a      	ldr	r2, [r7, #116]	@ 0x74
10001c7e:	6f38      	ldr	r0, [r7, #112]	@ 0x70
10001c80:	1900      	adds	r0, r0, r4
10001c82:	4169      	adcs	r1, r5
10001c84:	bcb0      	pop	{r4, r5, r7}
10001c86:	4770      	bx	lr
10001c88:	d0000000 	.word	0xd0000000

10001c8c <y64_x32>:
10001c8c:	b5f0      	push	{r4, r5, r6, r7, lr}
10001c8e:	4694      	mov	ip, r2
10001c90:	2500      	movs	r5, #0
10001c92:	0e14      	lsrs	r4, r2, #24
10001c94:	d101      	bne.n	10001c9a <y64_x32+0xe>
10001c96:	0212      	lsls	r2, r2, #8
10001c98:	3508      	adds	r5, #8
10001c9a:	0f14      	lsrs	r4, r2, #28
10001c9c:	d101      	bne.n	10001ca2 <y64_x32+0x16>
10001c9e:	0112      	lsls	r2, r2, #4
10001ca0:	3504      	adds	r5, #4
10001ca2:	0f94      	lsrs	r4, r2, #30
10001ca4:	d101      	bne.n	10001caa <y64_x32+0x1e>
10001ca6:	0092      	lsls	r2, r2, #2
10001ca8:	3502      	adds	r5, #2
10001caa:	0fd4      	lsrs	r4, r2, #31
10001cac:	d101      	bne.n	10001cb2 <y64_x32+0x26>
10001cae:	0052      	lsls	r2, r2, #1
10001cb0:	3501      	adds	r5, #1
10001cb2:	0bd4      	lsrs	r4, r2, #15
10001cb4:	3401      	adds	r4, #1
10001cb6:	4f25      	ldr	r7, [pc, #148]	@ (10001d4c <y64_x32+0xc0>)
10001cb8:	667c      	str	r4, [r7, #100]	@ 0x64
10001cba:	4c25      	ldr	r4, [pc, #148]	@ (10001d50 <y64_x32+0xc4>)
10001cbc:	663c      	str	r4, [r7, #96]	@ 0x60
10001cbe:	0c0e      	lsrs	r6, r1, #16
10001cc0:	b293      	uxth	r3, r2
10001cc2:	e7ff      	b.n	10001cc4 <y64_x32+0x38>
10001cc4:	e7ff      	b.n	10001cc6 <y64_x32+0x3a>
10001cc6:	e7ff      	b.n	10001cc8 <y64_x32+0x3c>
10001cc8:	6f3c      	ldr	r4, [r7, #112]	@ 0x70
10001cca:	4366      	muls	r6, r4
10001ccc:	0c36      	lsrs	r6, r6, #16
10001cce:	0377      	lsls	r7, r6, #13
10001cd0:	46be      	mov	lr, r7
10001cd2:	4373      	muls	r3, r6
10001cd4:	0bdf      	lsrs	r7, r3, #15
10001cd6:	045b      	lsls	r3, r3, #17
10001cd8:	1ac0      	subs	r0, r0, r3
10001cda:	41b9      	sbcs	r1, r7
10001cdc:	0c13      	lsrs	r3, r2, #16
10001cde:	4373      	muls	r3, r6
10001ce0:	18db      	adds	r3, r3, r3
10001ce2:	1ac9      	subs	r1, r1, r3
10001ce4:	08ce      	lsrs	r6, r1, #3
10001ce6:	4366      	muls	r6, r4
10001ce8:	0c36      	lsrs	r6, r6, #16
10001cea:	44b6      	add	lr, r6
10001cec:	b293      	uxth	r3, r2
10001cee:	4373      	muls	r3, r6
10001cf0:	0f1f      	lsrs	r7, r3, #28
10001cf2:	011b      	lsls	r3, r3, #4
10001cf4:	1ac0      	subs	r0, r0, r3
10001cf6:	41b9      	sbcs	r1, r7
10001cf8:	0c13      	lsrs	r3, r2, #16
10001cfa:	4373      	muls	r3, r6
10001cfc:	0b1f      	lsrs	r7, r3, #12
10001cfe:	051b      	lsls	r3, r3, #20
10001d00:	1ac0      	subs	r0, r0, r3
10001d02:	41b9      	sbcs	r1, r7
10001d04:	0d86      	lsrs	r6, r0, #22
10001d06:	028f      	lsls	r7, r1, #10
10001d08:	433e      	orrs	r6, r7
10001d0a:	4366      	muls	r6, r4
10001d0c:	0c36      	lsrs	r6, r6, #16
10001d0e:	2d09      	cmp	r5, #9
10001d10:	db24      	blt.n	10001d5c <last0>
10001d12:	0a52      	lsrs	r2, r2, #9
10001d14:	4372      	muls	r2, r6
10001d16:	1a80      	subs	r0, r0, r2
10001d18:	0377      	lsls	r7, r6, #13
10001d1a:	0a46      	lsrs	r6, r0, #9
10001d1c:	4366      	muls	r6, r4
10001d1e:	0c36      	lsrs	r6, r6, #16
10001d20:	2316      	movs	r3, #22
10001d22:	1b5b      	subs	r3, r3, r5
10001d24:	40de      	lsrs	r6, r3
10001d26:	40df      	lsrs	r7, r3
10001d28:	19bf      	adds	r7, r7, r6
10001d2a:	4664      	mov	r4, ip
10001d2c:	4366      	muls	r6, r4
10001d2e:	1b82      	subs	r2, r0, r6
10001d30:	4670      	mov	r0, lr
10001d32:	3504      	adds	r5, #4
10001d34:	3306      	adds	r3, #6
10001d36:	0001      	movs	r1, r0
10001d38:	40d9      	lsrs	r1, r3
10001d3a:	40a8      	lsls	r0, r5
10001d3c:	19c0      	adds	r0, r0, r7
10001d3e:	d300      	bcc.n	10001d42 <y64_x32+0xb6>
10001d40:	3101      	adds	r1, #1
10001d42:	42a2      	cmp	r2, r4
10001d44:	d206      	bcs.n	10001d54 <y64_x32+0xc8>
10001d46:	2300      	movs	r3, #0
10001d48:	bdf0      	pop	{r4, r5, r6, r7, pc}
10001d4a:	0000      	.short	0x0000
10001d4c:	d0000000 	.word	0xd0000000
10001d50:	ffffffff 	.word	0xffffffff
10001d54:	1b12      	subs	r2, r2, r4
10001d56:	3001      	adds	r0, #1
10001d58:	d3f3      	bcc.n	10001d42 <y64_x32+0xb6>
10001d5a:	e7f1      	b.n	10001d40 <y64_x32+0xb4>

10001d5c <last0>:
10001d5c:	2709      	movs	r7, #9
10001d5e:	1b7f      	subs	r7, r7, r5
10001d60:	40fe      	lsrs	r6, r7
10001d62:	4664      	mov	r4, ip
10001d64:	b2a2      	uxth	r2, r4
10001d66:	4372      	muls	r2, r6
10001d68:	1a80      	subs	r0, r0, r2
10001d6a:	d200      	bcs.n	10001d6e <last0+0x12>
10001d6c:	3901      	subs	r1, #1
10001d6e:	0c22      	lsrs	r2, r4, #16
10001d70:	4372      	muls	r2, r6
10001d72:	0c13      	lsrs	r3, r2, #16
10001d74:	0412      	lsls	r2, r2, #16
10001d76:	1a82      	subs	r2, r0, r2
10001d78:	4199      	sbcs	r1, r3
10001d7a:	000b      	movs	r3, r1
10001d7c:	4670      	mov	r0, lr
10001d7e:	3504      	adds	r5, #4
10001d80:	3713      	adds	r7, #19
10001d82:	0001      	movs	r1, r0
10001d84:	40f9      	lsrs	r1, r7
10001d86:	40a8      	lsls	r0, r5
10001d88:	1980      	adds	r0, r0, r6
10001d8a:	d300      	bcc.n	10001d8e <last0+0x32>
10001d8c:	3101      	adds	r1, #1
10001d8e:	2b00      	cmp	r3, #0
10001d90:	d102      	bne.n	10001d98 <last0+0x3c>
10001d92:	42a2      	cmp	r2, r4
10001d94:	d20a      	bcs.n	10001dac <last0+0x50>
10001d96:	bdf0      	pop	{r4, r5, r6, r7, pc}
10001d98:	3001      	adds	r0, #1
10001d9a:	d300      	bcc.n	10001d9e <last0+0x42>
10001d9c:	3101      	adds	r1, #1
10001d9e:	1b12      	subs	r2, r2, r4
10001da0:	d2fa      	bcs.n	10001d98 <last0+0x3c>
10001da2:	3b01      	subs	r3, #1
10001da4:	d1f8      	bne.n	10001d98 <last0+0x3c>
10001da6:	42a2      	cmp	r2, r4
10001da8:	d200      	bcs.n	10001dac <last0+0x50>
10001daa:	bdf0      	pop	{r4, r5, r6, r7, pc}
10001dac:	3001      	adds	r0, #1
10001dae:	d300      	bcc.n	10001db2 <last0+0x56>
10001db0:	3101      	adds	r1, #1
10001db2:	1b12      	subs	r2, r2, r4
10001db4:	e7f7      	b.n	10001da6 <last0+0x4a>

10001db6 <y64_x48>:
10001db6:	b5f0      	push	{r4, r5, r6, r7, lr}
10001db8:	0c1c      	lsrs	r4, r3, #16
10001dba:	d000      	beq.n	10001dbe <y64_x48+0x8>
10001dbc:	e080      	b.n	10001ec0 <y64_x64>
10001dbe:	b40c      	push	{r2, r3}
10001dc0:	2500      	movs	r5, #0
10001dc2:	0a1c      	lsrs	r4, r3, #8
10001dc4:	d104      	bne.n	10001dd0 <y64_x48+0x1a>
10001dc6:	021b      	lsls	r3, r3, #8
10001dc8:	0e16      	lsrs	r6, r2, #24
10001dca:	4333      	orrs	r3, r6
10001dcc:	0212      	lsls	r2, r2, #8
10001dce:	3508      	adds	r5, #8
10001dd0:	0b1c      	lsrs	r4, r3, #12
10001dd2:	d104      	bne.n	10001dde <y64_x48+0x28>
10001dd4:	011b      	lsls	r3, r3, #4
10001dd6:	0f16      	lsrs	r6, r2, #28
10001dd8:	4333      	orrs	r3, r6
10001dda:	0112      	lsls	r2, r2, #4
10001ddc:	3504      	adds	r5, #4
10001dde:	0b9c      	lsrs	r4, r3, #14
10001de0:	d104      	bne.n	10001dec <y64_x48+0x36>
10001de2:	009b      	lsls	r3, r3, #2
10001de4:	0f96      	lsrs	r6, r2, #30
10001de6:	4333      	orrs	r3, r6
10001de8:	0092      	lsls	r2, r2, #2
10001dea:	3502      	adds	r5, #2
10001dec:	0bdc      	lsrs	r4, r3, #15
10001dee:	d102      	bne.n	10001df6 <y64_x48+0x40>
10001df0:	1892      	adds	r2, r2, r2
10001df2:	415b      	adcs	r3, r3
10001df4:	3501      	adds	r5, #1
10001df6:	001c      	movs	r4, r3
10001df8:	1897      	adds	r7, r2, r2
10001dfa:	4164      	adcs	r4, r4
10001dfc:	3401      	adds	r4, #1
10001dfe:	4f46      	ldr	r7, [pc, #280]	@ (10001f18 <y64_x64+0x58>)
10001e00:	667c      	str	r4, [r7, #100]	@ 0x64
10001e02:	4c46      	ldr	r4, [pc, #280]	@ (10001f1c <y64_x64+0x5c>)
10001e04:	663c      	str	r4, [r7, #96]	@ 0x60
10001e06:	0c0e      	lsrs	r6, r1, #16
10001e08:	e7ff      	b.n	10001e0a <y64_x48+0x54>
10001e0a:	e7ff      	b.n	10001e0c <y64_x48+0x56>
10001e0c:	e7ff      	b.n	10001e0e <y64_x48+0x58>
10001e0e:	46c0      	nop			@ (mov r8, r8)
10001e10:	6f3c      	ldr	r4, [r7, #112]	@ 0x70
10001e12:	4366      	muls	r6, r4
10001e14:	0c36      	lsrs	r6, r6, #16
10001e16:	0377      	lsls	r7, r6, #13
10001e18:	46be      	mov	lr, r7
10001e1a:	b297      	uxth	r7, r2
10001e1c:	4377      	muls	r7, r6
10001e1e:	1bc0      	subs	r0, r0, r7
10001e20:	d200      	bcs.n	10001e24 <y64_x48+0x6e>
10001e22:	3901      	subs	r1, #1
10001e24:	1bc0      	subs	r0, r0, r7
10001e26:	d200      	bcs.n	10001e2a <y64_x48+0x74>
10001e28:	3901      	subs	r1, #1
10001e2a:	b29f      	uxth	r7, r3
10001e2c:	4377      	muls	r7, r6
10001e2e:	1bc9      	subs	r1, r1, r7
10001e30:	1bc9      	subs	r1, r1, r7
10001e32:	0c17      	lsrs	r7, r2, #16
10001e34:	4377      	muls	r7, r6
10001e36:	047e      	lsls	r6, r7, #17
10001e38:	0bff      	lsrs	r7, r7, #15
10001e3a:	1b80      	subs	r0, r0, r6
10001e3c:	41b9      	sbcs	r1, r7
10001e3e:	08ce      	lsrs	r6, r1, #3
10001e40:	4366      	muls	r6, r4
10001e42:	0c36      	lsrs	r6, r6, #16
10001e44:	2d0c      	cmp	r5, #12
10001e46:	db33      	blt.n	10001eb0 <last1>
10001e48:	44b6      	add	lr, r6
10001e4a:	0b12      	lsrs	r2, r2, #12
10001e4c:	051f      	lsls	r7, r3, #20
10001e4e:	433a      	orrs	r2, r7
10001e50:	0b1b      	lsrs	r3, r3, #12
10001e52:	b297      	uxth	r7, r2
10001e54:	4377      	muls	r7, r6
10001e56:	1bc0      	subs	r0, r0, r7
10001e58:	d200      	bcs.n	10001e5c <y64_x48+0xa6>
10001e5a:	3901      	subs	r1, #1
10001e5c:	b29f      	uxth	r7, r3
10001e5e:	4377      	muls	r7, r6
10001e60:	1bc9      	subs	r1, r1, r7
10001e62:	0c17      	lsrs	r7, r2, #16
10001e64:	4377      	muls	r7, r6
10001e66:	043e      	lsls	r6, r7, #16
10001e68:	0c3f      	lsrs	r7, r7, #16
10001e6a:	1b80      	subs	r0, r0, r6
10001e6c:	41b9      	sbcs	r1, r7
10001e6e:	0d86      	lsrs	r6, r0, #22
10001e70:	028f      	lsls	r7, r1, #10
10001e72:	433e      	orrs	r6, r7
10001e74:	4366      	muls	r6, r4
10001e76:	2729      	movs	r7, #41	@ 0x29
10001e78:	1b7f      	subs	r7, r7, r5
10001e7a:	40fe      	lsrs	r6, r7
10001e7c:	3d0c      	subs	r5, #12
10001e7e:	4677      	mov	r7, lr
10001e80:	40af      	lsls	r7, r5
10001e82:	19bf      	adds	r7, r7, r6
10001e84:	bc30      	pop	{r4, r5}
10001e86:	b2a2      	uxth	r2, r4
10001e88:	b2ab      	uxth	r3, r5
10001e8a:	4372      	muls	r2, r6
10001e8c:	4373      	muls	r3, r6
10001e8e:	1a80      	subs	r0, r0, r2
10001e90:	4199      	sbcs	r1, r3
10001e92:	0c22      	lsrs	r2, r4, #16
10001e94:	4372      	muls	r2, r6
10001e96:	0c13      	lsrs	r3, r2, #16
10001e98:	0412      	lsls	r2, r2, #16
10001e9a:	1a80      	subs	r0, r0, r2
10001e9c:	4199      	sbcs	r1, r3
10001e9e:	0002      	movs	r2, r0
10001ea0:	000b      	movs	r3, r1
10001ea2:	3701      	adds	r7, #1
10001ea4:	1b00      	subs	r0, r0, r4
10001ea6:	41a9      	sbcs	r1, r5
10001ea8:	d2f9      	bcs.n	10001e9e <y64_x48+0xe8>
10001eaa:	1e78      	subs	r0, r7, #1
10001eac:	2100      	movs	r1, #0
10001eae:	bdf0      	pop	{r4, r5, r6, r7, pc}

10001eb0 <last1>:
10001eb0:	270c      	movs	r7, #12
10001eb2:	1b7f      	subs	r7, r7, r5
10001eb4:	40fe      	lsrs	r6, r7
10001eb6:	4677      	mov	r7, lr
10001eb8:	0b7f      	lsrs	r7, r7, #13
10001eba:	40af      	lsls	r7, r5
10001ebc:	19ff      	adds	r7, r7, r7
10001ebe:	e7e0      	b.n	10001e82 <y64_x48+0xcc>

10001ec0 <y64_x64>:
10001ec0:	2400      	movs	r4, #0
10001ec2:	1c5d      	adds	r5, r3, #1
10001ec4:	d007      	beq.n	10001ed6 <y64_x64+0x16>
10001ec6:	4f14      	ldr	r7, [pc, #80]	@ (10001f18 <y64_x64+0x58>)
10001ec8:	667d      	str	r5, [r7, #100]	@ 0x64
10001eca:	6639      	str	r1, [r7, #96]	@ 0x60
10001ecc:	e7ff      	b.n	10001ece <y64_x64+0xe>
10001ece:	e7ff      	b.n	10001ed0 <y64_x64+0x10>
10001ed0:	e7ff      	b.n	10001ed2 <y64_x64+0x12>
10001ed2:	e7ff      	b.n	10001ed4 <y64_x64+0x14>
10001ed4:	6f3c      	ldr	r4, [r7, #112]	@ 0x70
10001ed6:	b295      	uxth	r5, r2
10001ed8:	b29e      	uxth	r6, r3
10001eda:	4365      	muls	r5, r4
10001edc:	4366      	muls	r6, r4
10001ede:	1b40      	subs	r0, r0, r5
10001ee0:	41b1      	sbcs	r1, r6
10001ee2:	0c15      	lsrs	r5, r2, #16
10001ee4:	0c1e      	lsrs	r6, r3, #16
10001ee6:	4365      	muls	r5, r4
10001ee8:	4366      	muls	r6, r4
10001eea:	0436      	lsls	r6, r6, #16
10001eec:	0c2f      	lsrs	r7, r5, #16
10001eee:	433e      	orrs	r6, r7
10001ef0:	042d      	lsls	r5, r5, #16
10001ef2:	1b40      	subs	r0, r0, r5
10001ef4:	41b1      	sbcs	r1, r6
10001ef6:	4299      	cmp	r1, r3
10001ef8:	d204      	bcs.n	10001f04 <y64_x64+0x44>
10001efa:	0002      	movs	r2, r0
10001efc:	000b      	movs	r3, r1
10001efe:	0020      	movs	r0, r4
10001f00:	2100      	movs	r1, #0
10001f02:	bdf0      	pop	{r4, r5, r6, r7, pc}
10001f04:	d101      	bne.n	10001f0a <y64_x64+0x4a>
10001f06:	4290      	cmp	r0, r2
10001f08:	d3f7      	bcc.n	10001efa <y64_x64+0x3a>
10001f0a:	1a80      	subs	r0, r0, r2
10001f0c:	4199      	sbcs	r1, r3
10001f0e:	3401      	adds	r4, #1
10001f10:	4299      	cmp	r1, r3
10001f12:	d3f2      	bcc.n	10001efa <y64_x64+0x3a>
10001f14:	e7f6      	b.n	10001f04 <y64_x64+0x44>
10001f16:	0000      	.short	0x0000
10001f18:	d0000000 	.word	0xd0000000
10001f1c:	ffffffff 	.word	0xffffffff

10001f20 <__wrap___aeabi_drsub>:
10001f20:	4048      	eors	r0, r1
10001f22:	4041      	eors	r1, r0
10001f24:	4048      	eors	r0, r1

10001f26 <__wrap___aeabi_dsub>:
10001f26:	b418      	push	{r3, r4}
10001f28:	4b13      	ldr	r3, [pc, #76]	@ (10001f78 <__wrap___aeabi_dmul+0xa>)
10001f2a:	685b      	ldr	r3, [r3, #4]
10001f2c:	9301      	str	r3, [sp, #4]
10001f2e:	bd08      	pop	{r3, pc}

10001f30 <__wrap___aeabi_dadd>:
10001f30:	b418      	push	{r3, r4}
10001f32:	4b11      	ldr	r3, [pc, #68]	@ (10001f78 <__wrap___aeabi_dmul+0xa>)
10001f34:	681b      	ldr	r3, [r3, #0]
10001f36:	9301      	str	r3, [sp, #4]
10001f38:	bd08      	pop	{r3, pc}

10001f3a <__wrap___aeabi_ddiv>:
10001f3a:	4694      	mov	ip, r2
10001f3c:	4a0f      	ldr	r2, [pc, #60]	@ (10001f7c <__wrap___aeabi_dmul+0xe>)
10001f3e:	6f92      	ldr	r2, [r2, #120]	@ 0x78
10001f40:	0892      	lsrs	r2, r2, #2
10001f42:	d205      	bcs.n	10001f50 <ddiv_save_state>
10001f44:	4662      	mov	r2, ip

10001f46 <ddiv_shim_call>:
10001f46:	b418      	push	{r3, r4}
10001f48:	4b0b      	ldr	r3, [pc, #44]	@ (10001f78 <__wrap___aeabi_dmul+0xa>)
10001f4a:	68db      	ldr	r3, [r3, #12]
10001f4c:	9301      	str	r3, [sp, #4]
10001f4e:	bd08      	pop	{r3, pc}

10001f50 <ddiv_save_state>:
10001f50:	4a0a      	ldr	r2, [pc, #40]	@ (10001f7c <__wrap___aeabi_dmul+0xe>)
10001f52:	b5f0      	push	{r4, r5, r6, r7, lr}
10001f54:	6e14      	ldr	r4, [r2, #96]	@ 0x60
10001f56:	6e55      	ldr	r5, [r2, #100]	@ 0x64
10001f58:	6f57      	ldr	r7, [r2, #116]	@ 0x74
10001f5a:	6f16      	ldr	r6, [r2, #112]	@ 0x70
10001f5c:	4662      	mov	r2, ip
10001f5e:	f7ff fff2 	bl	10001f46 <ddiv_shim_call>
10001f62:	4a06      	ldr	r2, [pc, #24]	@ (10001f7c <__wrap___aeabi_dmul+0xe>)
10001f64:	6614      	str	r4, [r2, #96]	@ 0x60
10001f66:	6655      	str	r5, [r2, #100]	@ 0x64
10001f68:	6757      	str	r7, [r2, #116]	@ 0x74
10001f6a:	6716      	str	r6, [r2, #112]	@ 0x70
10001f6c:	bdf0      	pop	{r4, r5, r6, r7, pc}

10001f6e <__wrap___aeabi_dmul>:
10001f6e:	b418      	push	{r3, r4}
10001f70:	4b01      	ldr	r3, [pc, #4]	@ (10001f78 <__wrap___aeabi_dmul+0xa>)
10001f72:	689b      	ldr	r3, [r3, #8]
10001f74:	9301      	str	r3, [sp, #4]
10001f76:	bd08      	pop	{r3, pc}
10001f78:	20000738 	.word	0x20000738
10001f7c:	d0000000 	.word	0xd0000000

10001f80 <__wrap___aeabi_cdrcmple>:
10001f80:	b5ff      	push	{r0, r1, r2, r3, r4, r5, r6, r7, lr}
10001f82:	4050      	eors	r0, r2
10001f84:	4042      	eors	r2, r0
10001f86:	4050      	eors	r0, r2
10001f88:	4059      	eors	r1, r3
10001f8a:	404b      	eors	r3, r1
10001f8c:	4059      	eors	r1, r3
10001f8e:	e000      	b.n	10001f92 <__aeabi_dfcmple_guts>

10001f90 <__wrap___aeabi_cdcmpeq>:
10001f90:	b5ff      	push	{r0, r1, r2, r3, r4, r5, r6, r7, lr}

10001f92 <__aeabi_dfcmple_guts>:
10001f92:	4f15      	ldr	r7, [pc, #84]	@ (10001fe8 <__aeabi_dfcmple_guts+0x56>)
10001f94:	004c      	lsls	r4, r1, #1
10001f96:	0d64      	lsrs	r4, r4, #21
10001f98:	d003      	beq.n	10001fa2 <__aeabi_dfcmple_guts+0x10>
10001f9a:	42bc      	cmp	r4, r7
10001f9c:	d104      	bne.n	10001fa8 <__aeabi_dfcmple_guts+0x16>
10001f9e:	030c      	lsls	r4, r1, #12
10001fa0:	d814      	bhi.n	10001fcc <__aeabi_dfcmple_guts+0x3a>
10001fa2:	2000      	movs	r0, #0
10001fa4:	0d09      	lsrs	r1, r1, #20
10001fa6:	0509      	lsls	r1, r1, #20
10001fa8:	005c      	lsls	r4, r3, #1
10001faa:	0d64      	lsrs	r4, r4, #21
10001fac:	d003      	beq.n	10001fb6 <__aeabi_dfcmple_guts+0x24>
10001fae:	42bc      	cmp	r4, r7
10001fb0:	d104      	bne.n	10001fbc <__aeabi_dfcmple_guts+0x2a>
10001fb2:	031c      	lsls	r4, r3, #12
10001fb4:	d80a      	bhi.n	10001fcc <__aeabi_dfcmple_guts+0x3a>
10001fb6:	2200      	movs	r2, #0
10001fb8:	0d1b      	lsrs	r3, r3, #20
10001fba:	051b      	lsls	r3, r3, #20
10001fbc:	2601      	movs	r6, #1
10001fbe:	404b      	eors	r3, r1
10001fc0:	d409      	bmi.n	10001fd6 <__aeabi_dfcmple_guts+0x44>
10001fc2:	404b      	eors	r3, r1
10001fc4:	d503      	bpl.n	10001fce <__aeabi_dfcmple_guts+0x3c>
10001fc6:	428b      	cmp	r3, r1
10001fc8:	d100      	bne.n	10001fcc <__aeabi_dfcmple_guts+0x3a>
10001fca:	4282      	cmp	r2, r0
10001fcc:	bdff      	pop	{r0, r1, r2, r3, r4, r5, r6, r7, pc}
10001fce:	4299      	cmp	r1, r3
10001fd0:	d1fc      	bne.n	10001fcc <__aeabi_dfcmple_guts+0x3a>
10001fd2:	4290      	cmp	r0, r2
10001fd4:	bdff      	pop	{r0, r1, r2, r3, r4, r5, r6, r7, pc}
10001fd6:	430b      	orrs	r3, r1
10001fd8:	18db      	adds	r3, r3, r3
10001fda:	4303      	orrs	r3, r0
10001fdc:	4313      	orrs	r3, r2
10001fde:	d0f5      	beq.n	10001fcc <__aeabi_dfcmple_guts+0x3a>
10001fe0:	43c9      	mvns	r1, r1
10001fe2:	1849      	adds	r1, r1, r1
10001fe4:	bdff      	pop	{r0, r1, r2, r3, r4, r5, r6, r7, pc}
10001fe6:	0000      	.short	0x0000
10001fe8:	000007ff 	.word	0x000007ff

10001fec <__wrap___aeabi_dcmplt>:
10001fec:	b500      	push	{lr}
10001fee:	f7ff ffcf 	bl	10001f90 <__wrap___aeabi_cdcmpeq>
10001ff2:	4180      	sbcs	r0, r0
10001ff4:	bd00      	pop	{pc}
10001ff6:	46c0      	nop			@ (mov r8, r8)

10001ff8 <__wrap___aeabi_dcmpge>:
10001ff8:	b500      	push	{lr}
10001ffa:	f7ff ffc1 	bl	10001f80 <__wrap___aeabi_cdrcmple>
10001ffe:	d901      	bls.n	10002004 <__wrap___aeabi_dcmpge+0xc>
10002000:	2000      	movs	r0, #0
10002002:	bd00      	pop	{pc}
10002004:	2001      	movs	r0, #1
10002006:	bd00      	pop	{pc}

10002008 <__wrap___aeabi_dcmpgt>:
10002008:	b500      	push	{lr}
1000200a:	f7ff ffb9 	bl	10001f80 <__wrap___aeabi_cdrcmple>
1000200e:	4180      	sbcs	r0, r0
10002010:	bd00      	pop	{pc}

10002012 <__wrap___aeabi_dcmpun>:
10002012:	2001      	movs	r0, #1
10002014:	0540      	lsls	r0, r0, #21
10002016:	004a      	lsls	r2, r1, #1
10002018:	1812      	adds	r2, r2, r0
1000201a:	d804      	bhi.n	10002026 <__wrap___aeabi_dcmpun+0x14>
1000201c:	005a      	lsls	r2, r3, #1
1000201e:	1812      	adds	r2, r2, r0
10002020:	d801      	bhi.n	10002026 <__wrap___aeabi_dcmpun+0x14>
10002022:	2000      	movs	r0, #0
10002024:	4770      	bx	lr
10002026:	2001      	movs	r0, #1
10002028:	4770      	bx	lr
	...

1000202c <__wrap___aeabi_ui2d>:
1000202c:	2100      	movs	r1, #0
1000202e:	2800      	cmp	r0, #0
10002030:	d105      	bne.n	1000203e <__wrap___aeabi_i2d+0xa>
10002032:	4770      	bx	lr

10002034 <__wrap___aeabi_i2d>:
10002034:	17c1      	asrs	r1, r0, #31
10002036:	4048      	eors	r0, r1
10002038:	1a40      	subs	r0, r0, r1
1000203a:	d0fa      	beq.n	10002032 <__wrap___aeabi_ui2d+0x6>
1000203c:	07c9      	lsls	r1, r1, #31
1000203e:	b513      	push	{r0, r1, r4, lr}
10002040:	4b06      	ldr	r3, [pc, #24]	@ (1000205c <__wrap___aeabi_i2d+0x28>)
10002042:	681b      	ldr	r3, [r3, #0]
10002044:	4798      	blx	r3
10002046:	bc0c      	pop	{r2, r3}
10002048:	1c44      	adds	r4, r0, #1
1000204a:	40a2      	lsls	r2, r4
1000204c:	0510      	lsls	r0, r2, #20
1000204e:	0b12      	lsrs	r2, r2, #12
10002050:	4903      	ldr	r1, [pc, #12]	@ (10002060 <__wrap___aeabi_i2d+0x2c>)
10002052:	1b09      	subs	r1, r1, r4
10002054:	0509      	lsls	r1, r1, #20
10002056:	4319      	orrs	r1, r3
10002058:	4311      	orrs	r1, r2
1000205a:	bd10      	pop	{r4, pc}
1000205c:	200012b0 	.word	0x200012b0
10002060:	0000041f 	.word	0x0000041f

10002064 <__wrap___aeabi_d2iz>:
10002064:	b510      	push	{r4, lr}
10002066:	004c      	lsls	r4, r1, #1
10002068:	0d62      	lsrs	r2, r4, #21
1000206a:	2380      	movs	r3, #128	@ 0x80
1000206c:	18d2      	adds	r2, r2, r3
1000206e:	00db      	lsls	r3, r3, #3
10002070:	1ad2      	subs	r2, r2, r3
10002072:	055b      	lsls	r3, r3, #21
10002074:	2a7e      	cmp	r2, #126	@ 0x7e
10002076:	dd10      	ble.n	1000209a <__wrap___aeabi_d2iz+0x36>
10002078:	3a9e      	subs	r2, #158	@ 0x9e
1000207a:	da13      	bge.n	100020a4 <__wrap___aeabi_d2iz+0x40>
1000207c:	17cc      	asrs	r4, r1, #31
1000207e:	0309      	lsls	r1, r1, #12
10002080:	0849      	lsrs	r1, r1, #1
10002082:	4319      	orrs	r1, r3
10002084:	4252      	negs	r2, r2
10002086:	40d1      	lsrs	r1, r2
10002088:	0064      	lsls	r4, r4, #1
1000208a:	3401      	adds	r4, #1
1000208c:	3215      	adds	r2, #21
1000208e:	2a20      	cmp	r2, #32
10002090:	da05      	bge.n	1000209e <__wrap___aeabi_d2iz+0x3a>
10002092:	40d0      	lsrs	r0, r2
10002094:	4308      	orrs	r0, r1
10002096:	4360      	muls	r0, r4
10002098:	bd10      	pop	{r4, pc}
1000209a:	2000      	movs	r0, #0
1000209c:	bd10      	pop	{r4, pc}
1000209e:	4608      	mov	r0, r1
100020a0:	4360      	muls	r0, r4
100020a2:	bd10      	pop	{r4, pc}
100020a4:	0fc8      	lsrs	r0, r1, #31
100020a6:	18c0      	adds	r0, r0, r3
100020a8:	3801      	subs	r0, #1
100020aa:	bd10      	pop	{r4, pc}

100020ac <__wrap___aeabi_d2uiz>:
100020ac:	b418      	push	{r3, r4}
100020ae:	4b02      	ldr	r3, [pc, #8]	@ (100020b8 <__wrap___aeabi_d2uiz+0xc>)
100020b0:	6a5b      	ldr	r3, [r3, #36]	@ 0x24
100020b2:	9301      	str	r3, [sp, #4]
100020b4:	bd08      	pop	{r3, pc}
100020b6:	0000      	.short	0x0000
100020b8:	20000738 	.word	0x20000738

100020bc <missing_double_func_shim>:
100020bc:	b510      	push	{r4, lr}
100020be:	4801      	ldr	r0, [pc, #4]	@ (100020c4 <missing_double_func_shim+0x8>)
100020c0:	f7fe f9b0 	bl	10000424 <panic>
100020c4:	10007c30 	.word	0x10007c30

100020c8 <__aeabi_double_init>:
100020c8:	2313      	movs	r3, #19
100020ca:	b570      	push	{r4, r5, r6, lr}
100020cc:	781d      	ldrb	r5, [r3, #0]
100020ce:	2d01      	cmp	r5, #1
100020d0:	d019      	beq.n	10002106 <__aeabi_double_init+0x3e>
100020d2:	dd14      	ble.n	100020fe <__aeabi_double_init+0x36>
100020d4:	481d      	ldr	r0, [pc, #116]	@ (1000214c <__aeabi_double_init+0x84>)
100020d6:	f7ff fb53 	bl	10001780 <rom_data_lookup>
100020da:	0006      	movs	r6, r0
100020dc:	481c      	ldr	r0, [pc, #112]	@ (10002150 <__aeabi_double_init+0x88>)
100020de:	f7ff fb4f 	bl	10001780 <rom_data_lookup>
100020e2:	4c1c      	ldr	r4, [pc, #112]	@ (10002154 <__aeabi_double_init+0x8c>)
100020e4:	2280      	movs	r2, #128	@ 0x80
100020e6:	0031      	movs	r1, r6
100020e8:	0020      	movs	r0, r4
100020ea:	f000 f8af 	bl	1000224c <__wrap___aeabi_memcpy>
100020ee:	2d02      	cmp	r5, #2
100020f0:	d006      	beq.n	10002100 <__aeabi_double_init+0x38>
100020f2:	4819      	ldr	r0, [pc, #100]	@ (10002158 <__aeabi_double_init+0x90>)
100020f4:	f7ff fb3c 	bl	10001770 <rom_func_lookup>
100020f8:	4b18      	ldr	r3, [pc, #96]	@ (1000215c <__aeabi_double_init+0x94>)
100020fa:	6018      	str	r0, [r3, #0]
100020fc:	bd70      	pop	{r4, r5, r6, pc}
100020fe:	4c15      	ldr	r4, [pc, #84]	@ (10002154 <__aeabi_double_init+0x8c>)
10002100:	4b17      	ldr	r3, [pc, #92]	@ (10002160 <__aeabi_double_init+0x98>)
10002102:	64a3      	str	r3, [r4, #72]	@ 0x48
10002104:	e7f5      	b.n	100020f2 <__aeabi_double_init+0x2a>
10002106:	4b17      	ldr	r3, [pc, #92]	@ (10002164 <__aeabi_double_init+0x9c>)
10002108:	4c12      	ldr	r4, [pc, #72]	@ (10002154 <__aeabi_double_init+0x8c>)
1000210a:	6023      	str	r3, [r4, #0]
1000210c:	6063      	str	r3, [r4, #4]
1000210e:	60a3      	str	r3, [r4, #8]
10002110:	60e3      	str	r3, [r4, #12]
10002112:	6123      	str	r3, [r4, #16]
10002114:	6163      	str	r3, [r4, #20]
10002116:	61a3      	str	r3, [r4, #24]
10002118:	61e3      	str	r3, [r4, #28]
1000211a:	6223      	str	r3, [r4, #32]
1000211c:	6263      	str	r3, [r4, #36]	@ 0x24
1000211e:	62a3      	str	r3, [r4, #40]	@ 0x28
10002120:	62e3      	str	r3, [r4, #44]	@ 0x2c
10002122:	6323      	str	r3, [r4, #48]	@ 0x30
10002124:	6363      	str	r3, [r4, #52]	@ 0x34
10002126:	63a3      	str	r3, [r4, #56]	@ 0x38
10002128:	63e3      	str	r3, [r4, #60]	@ 0x3c
1000212a:	6423      	str	r3, [r4, #64]	@ 0x40
1000212c:	6463      	str	r3, [r4, #68]	@ 0x44
1000212e:	64a3      	str	r3, [r4, #72]	@ 0x48
10002130:	64e3      	str	r3, [r4, #76]	@ 0x4c
10002132:	6523      	str	r3, [r4, #80]	@ 0x50
10002134:	6563      	str	r3, [r4, #84]	@ 0x54
10002136:	65a3      	str	r3, [r4, #88]	@ 0x58
10002138:	65e3      	str	r3, [r4, #92]	@ 0x5c
1000213a:	6623      	str	r3, [r4, #96]	@ 0x60
1000213c:	6663      	str	r3, [r4, #100]	@ 0x64
1000213e:	66a3      	str	r3, [r4, #104]	@ 0x68
10002140:	66e3      	str	r3, [r4, #108]	@ 0x6c
10002142:	6723      	str	r3, [r4, #112]	@ 0x70
10002144:	6763      	str	r3, [r4, #116]	@ 0x74
10002146:	67a3      	str	r3, [r4, #120]	@ 0x78
10002148:	67e3      	str	r3, [r4, #124]	@ 0x7c
1000214a:	e7d9      	b.n	10002100 <__aeabi_double_init+0x38>
1000214c:	00004453 	.word	0x00004453
10002150:	00004653 	.word	0x00004653
10002154:	20000738 	.word	0x20000738
10002158:	0000334c 	.word	0x0000334c
1000215c:	200012b0 	.word	0x200012b0
10002160:	10002169 	.word	0x10002169
10002164:	100020bd 	.word	0x100020bd

10002168 <double_table_shim_on_use_helper>:
10002168:	b507      	push	{r0, r1, r2, lr}
1000216a:	4660      	mov	r0, ip
1000216c:	8801      	ldrh	r1, [r0, #0]
1000216e:	0a0a      	lsrs	r2, r1, #8
10002170:	3002      	adds	r0, #2
10002172:	2adf      	cmp	r2, #223	@ 0xdf
10002174:	d1fa      	bne.n	1000216c <double_table_shim_on_use_helper+0x4>
10002176:	b2c9      	uxtb	r1, r1
10002178:	0882      	lsrs	r2, r0, #2
1000217a:	d304      	bcc.n	10002186 <double_table_shim_on_use_helper+0x1e>
1000217c:	8802      	ldrh	r2, [r0, #0]
1000217e:	8840      	ldrh	r0, [r0, #2]
10002180:	0400      	lsls	r0, r0, #16
10002182:	4310      	orrs	r0, r2
10002184:	e000      	b.n	10002188 <double_table_shim_on_use_helper+0x20>
10002186:	6800      	ldr	r0, [r0, #0]
10002188:	4a01      	ldr	r2, [pc, #4]	@ (10002190 <double_table_shim_on_use_helper+0x28>)
1000218a:	5050      	str	r0, [r2, r1]
1000218c:	9003      	str	r0, [sp, #12]
1000218e:	bd07      	pop	{r0, r1, r2, pc}
10002190:	20000738 	.word	0x20000738

10002194 <__wrap___aeabi_lmul>:
10002194:	4351      	muls	r1, r2
10002196:	4343      	muls	r3, r0
10002198:	18c9      	adds	r1, r1, r3
1000219a:	468c      	mov	ip, r1
1000219c:	0c11      	lsrs	r1, r2, #16
1000219e:	b283      	uxth	r3, r0
100021a0:	434b      	muls	r3, r1
100021a2:	b410      	push	{r4}
100021a4:	0c04      	lsrs	r4, r0, #16
100021a6:	4361      	muls	r1, r4
100021a8:	b292      	uxth	r2, r2
100021aa:	b280      	uxth	r0, r0
100021ac:	4350      	muls	r0, r2
100021ae:	4362      	muls	r2, r4
100021b0:	041c      	lsls	r4, r3, #16
100021b2:	0c1b      	lsrs	r3, r3, #16
100021b4:	1900      	adds	r0, r0, r4
100021b6:	bc10      	pop	{r4}
100021b8:	4159      	adcs	r1, r3
100021ba:	0413      	lsls	r3, r2, #16
100021bc:	0c12      	lsrs	r2, r2, #16
100021be:	18c0      	adds	r0, r0, r3
100021c0:	4151      	adcs	r1, r2
100021c2:	4461      	add	r1, ip
100021c4:	4770      	bx	lr
	...

100021c8 <missing_float_func_shim>:
100021c8:	b510      	push	{r4, lr}
100021ca:	4801      	ldr	r0, [pc, #4]	@ (100021d0 <missing_float_func_shim+0x8>)
100021cc:	f7fe f92a 	bl	10000424 <panic>
100021d0:	10007f8c 	.word	0x10007f8c

100021d4 <__aeabi_float_init>:
100021d4:	2313      	movs	r3, #19
100021d6:	b510      	push	{r4, lr}
100021d8:	4810      	ldr	r0, [pc, #64]	@ (1000221c <__aeabi_float_init+0x48>)
100021da:	781c      	ldrb	r4, [r3, #0]
100021dc:	f7ff fad0 	bl	10001780 <rom_data_lookup>
100021e0:	0001      	movs	r1, r0
100021e2:	2c01      	cmp	r4, #1
100021e4:	d00a      	beq.n	100021fc <__aeabi_float_init+0x28>
100021e6:	dd03      	ble.n	100021f0 <__aeabi_float_init+0x1c>
100021e8:	2280      	movs	r2, #128	@ 0x80
100021ea:	480d      	ldr	r0, [pc, #52]	@ (10002220 <__aeabi_float_init+0x4c>)
100021ec:	f000 f82e 	bl	1000224c <__wrap___aeabi_memcpy>
100021f0:	480c      	ldr	r0, [pc, #48]	@ (10002224 <__aeabi_float_init+0x50>)
100021f2:	f7ff fabd 	bl	10001770 <rom_func_lookup>
100021f6:	4b0c      	ldr	r3, [pc, #48]	@ (10002228 <__aeabi_float_init+0x54>)
100021f8:	6018      	str	r0, [r3, #0]
100021fa:	bd10      	pop	{r4, pc}
100021fc:	4c08      	ldr	r4, [pc, #32]	@ (10002220 <__aeabi_float_init+0x4c>)
100021fe:	2254      	movs	r2, #84	@ 0x54
10002200:	0020      	movs	r0, r4
10002202:	f000 f823 	bl	1000224c <__wrap___aeabi_memcpy>
10002206:	0022      	movs	r2, r4
10002208:	4908      	ldr	r1, [pc, #32]	@ (1000222c <__aeabi_float_init+0x58>)
1000220a:	3280      	adds	r2, #128	@ 0x80
1000220c:	6823      	ldr	r3, [r4, #0]
1000220e:	2b00      	cmp	r3, #0
10002210:	d100      	bne.n	10002214 <__aeabi_float_init+0x40>
10002212:	6021      	str	r1, [r4, #0]
10002214:	3404      	adds	r4, #4
10002216:	4294      	cmp	r4, r2
10002218:	d1f8      	bne.n	1000220c <__aeabi_float_init+0x38>
1000221a:	e7e9      	b.n	100021f0 <__aeabi_float_init+0x1c>
1000221c:	00004653 	.word	0x00004653
10002220:	200012b4 	.word	0x200012b4
10002224:	0000334c 	.word	0x0000334c
10002228:	200012b0 	.word	0x200012b0
1000222c:	100021c9 	.word	0x100021c9

10002230 <__aeabi_mem_init>:
10002230:	4801      	ldr	r0, [pc, #4]	@ (10002238 <__aeabi_mem_init+0x8>)
10002232:	2104      	movs	r1, #4
10002234:	4b01      	ldr	r3, [pc, #4]	@ (1000223c <__aeabi_mem_init+0xc>)
10002236:	4718      	bx	r3
10002238:	20000530 	.word	0x20000530
1000223c:	10001791 	.word	0x10001791

10002240 <__wrap_memset>:
10002240:	4b01      	ldr	r3, [pc, #4]	@ (10002248 <__wrap_memset+0x8>)
10002242:	681b      	ldr	r3, [r3, #0]
10002244:	4718      	bx	r3
10002246:	0000      	.short	0x0000
10002248:	20000530 	.word	0x20000530

1000224c <__wrap___aeabi_memcpy>:
1000224c:	4b01      	ldr	r3, [pc, #4]	@ (10002254 <__wrap___aeabi_memcpy+0x8>)
1000224e:	685b      	ldr	r3, [r3, #4]
10002250:	4718      	bx	r3
10002252:	0000      	.short	0x0000
10002254:	20000530 	.word	0x20000530

10002258 <_out_null>:
10002258:	4770      	bx	lr
1000225a:	46c0      	nop			@ (mov r8, r8)

1000225c <_out_rev>:
1000225c:	b5f8      	push	{r3, r4, r5, r6, r7, lr}
1000225e:	4657      	mov	r7, sl
10002260:	4645      	mov	r5, r8
10002262:	46de      	mov	lr, fp
10002264:	464e      	mov	r6, r9
10002266:	b5e0      	push	{r5, r6, r7, lr}
10002268:	4698      	mov	r8, r3
1000226a:	9b0a      	ldr	r3, [sp, #40]	@ 0x28
1000226c:	0006      	movs	r6, r0
1000226e:	469a      	mov	sl, r3
10002270:	9b0d      	ldr	r3, [sp, #52]	@ 0x34
10002272:	000f      	movs	r7, r1
10002274:	4693      	mov	fp, r2
10002276:	0015      	movs	r5, r2
10002278:	079b      	lsls	r3, r3, #30
1000227a:	d110      	bne.n	1000229e <_out_rev+0x42>
1000227c:	9b0b      	ldr	r3, [sp, #44]	@ 0x2c
1000227e:	9a0c      	ldr	r2, [sp, #48]	@ 0x30
10002280:	4293      	cmp	r3, r2
10002282:	d20c      	bcs.n	1000229e <_out_rev+0x42>
10002284:	0013      	movs	r3, r2
10002286:	465c      	mov	r4, fp
10002288:	9a0b      	ldr	r2, [sp, #44]	@ 0x2c
1000228a:	1a9d      	subs	r5, r3, r2
1000228c:	445d      	add	r5, fp
1000228e:	0022      	movs	r2, r4
10002290:	4643      	mov	r3, r8
10002292:	3401      	adds	r4, #1
10002294:	0039      	movs	r1, r7
10002296:	2020      	movs	r0, #32
10002298:	47b0      	blx	r6
1000229a:	42a5      	cmp	r5, r4
1000229c:	d1f7      	bne.n	1000228e <_out_rev+0x32>
1000229e:	9c0b      	ldr	r4, [sp, #44]	@ 0x2c
100022a0:	1963      	adds	r3, r4, r5
100022a2:	2c00      	cmp	r4, #0
100022a4:	d009      	beq.n	100022ba <_out_rev+0x5e>
100022a6:	001d      	movs	r5, r3
100022a8:	4653      	mov	r3, sl
100022aa:	1b2a      	subs	r2, r5, r4
100022ac:	3c01      	subs	r4, #1
100022ae:	5d18      	ldrb	r0, [r3, r4]
100022b0:	0039      	movs	r1, r7
100022b2:	4643      	mov	r3, r8
100022b4:	47b0      	blx	r6
100022b6:	2c00      	cmp	r4, #0
100022b8:	d1f6      	bne.n	100022a8 <_out_rev+0x4c>
100022ba:	9b0d      	ldr	r3, [sp, #52]	@ 0x34
100022bc:	079b      	lsls	r3, r3, #30
100022be:	d50e      	bpl.n	100022de <_out_rev+0x82>
100022c0:	465b      	mov	r3, fp
100022c2:	1aec      	subs	r4, r5, r3
100022c4:	9b0c      	ldr	r3, [sp, #48]	@ 0x30
100022c6:	42a3      	cmp	r3, r4
100022c8:	d909      	bls.n	100022de <_out_rev+0x82>
100022ca:	4699      	mov	r9, r3
100022cc:	002a      	movs	r2, r5
100022ce:	4643      	mov	r3, r8
100022d0:	0039      	movs	r1, r7
100022d2:	2020      	movs	r0, #32
100022d4:	3401      	adds	r4, #1
100022d6:	47b0      	blx	r6
100022d8:	3501      	adds	r5, #1
100022da:	45a1      	cmp	r9, r4
100022dc:	d8f6      	bhi.n	100022cc <_out_rev+0x70>
100022de:	0028      	movs	r0, r5
100022e0:	bcf0      	pop	{r4, r5, r6, r7}
100022e2:	46bb      	mov	fp, r7
100022e4:	46b2      	mov	sl, r6
100022e6:	46a9      	mov	r9, r5
100022e8:	46a0      	mov	r8, r4
100022ea:	bdf8      	pop	{r3, r4, r5, r6, r7, pc}

100022ec <_ntoa_format>:
100022ec:	b5f0      	push	{r4, r5, r6, r7, lr}
100022ee:	464f      	mov	r7, r9
100022f0:	4646      	mov	r6, r8
100022f2:	46d6      	mov	lr, sl
100022f4:	b5c0      	push	{r6, r7, lr}
100022f6:	b084      	sub	sp, #16
100022f8:	4698      	mov	r8, r3
100022fa:	ab0e      	add	r3, sp, #56	@ 0x38
100022fc:	781b      	ldrb	r3, [r3, #0]
100022fe:	4694      	mov	ip, r2
10002300:	4699      	mov	r9, r3
10002302:	9b12      	ldr	r3, [sp, #72]	@ 0x48
10002304:	9c0d      	ldr	r4, [sp, #52]	@ 0x34
10002306:	9f10      	ldr	r7, [sp, #64]	@ 0x40
10002308:	9e11      	ldr	r6, [sp, #68]	@ 0x44
1000230a:	079a      	lsls	r2, r3, #30
1000230c:	d424      	bmi.n	10002358 <_ntoa_format+0x6c>
1000230e:	2e00      	cmp	r6, #0
10002310:	d16a      	bne.n	100023e8 <_ntoa_format+0xfc>
10002312:	42bc      	cmp	r4, r7
10002314:	d220      	bcs.n	10002358 <_ntoa_format+0x6c>
10002316:	2201      	movs	r2, #1
10002318:	401a      	ands	r2, r3
1000231a:	4692      	mov	sl, r2
1000231c:	2c20      	cmp	r4, #32
1000231e:	d100      	bne.n	10002322 <_ntoa_format+0x36>
10002320:	e0cb      	b.n	100024ba <_ntoa_format+0x1ce>
10002322:	9a0c      	ldr	r2, [sp, #48]	@ 0x30
10002324:	1e55      	subs	r5, r2, #1
10002326:	2230      	movs	r2, #48	@ 0x30
10002328:	e001      	b.n	1000232e <_ntoa_format+0x42>
1000232a:	2c20      	cmp	r4, #32
1000232c:	d030      	beq.n	10002390 <_ntoa_format+0xa4>
1000232e:	3401      	adds	r4, #1
10002330:	552a      	strb	r2, [r5, r4]
10002332:	42a7      	cmp	r7, r4
10002334:	d8f9      	bhi.n	1000232a <_ntoa_format+0x3e>
10002336:	4652      	mov	r2, sl
10002338:	2a00      	cmp	r2, #0
1000233a:	d00d      	beq.n	10002358 <_ntoa_format+0x6c>
1000233c:	42b4      	cmp	r4, r6
1000233e:	d20b      	bcs.n	10002358 <_ntoa_format+0x6c>
10002340:	9a0c      	ldr	r2, [sp, #48]	@ 0x30
10002342:	1e55      	subs	r5, r2, #1
10002344:	2230      	movs	r2, #48	@ 0x30
10002346:	2c20      	cmp	r4, #32
10002348:	d102      	bne.n	10002350 <_ntoa_format+0x64>
1000234a:	e026      	b.n	1000239a <_ntoa_format+0xae>
1000234c:	2c20      	cmp	r4, #32
1000234e:	d061      	beq.n	10002414 <_ntoa_format+0x128>
10002350:	3401      	adds	r4, #1
10002352:	552a      	strb	r2, [r5, r4]
10002354:	42b4      	cmp	r4, r6
10002356:	d1f9      	bne.n	1000234c <_ntoa_format+0x60>
10002358:	06da      	lsls	r2, r3, #27
1000235a:	d534      	bpl.n	100023c6 <_ntoa_format+0xda>
1000235c:	055a      	lsls	r2, r3, #21
1000235e:	d462      	bmi.n	10002426 <_ntoa_format+0x13a>
10002360:	2c00      	cmp	r4, #0
10002362:	d15c      	bne.n	1000241e <_ntoa_format+0x132>
10002364:	9a0f      	ldr	r2, [sp, #60]	@ 0x3c
10002366:	2a10      	cmp	r2, #16
10002368:	d100      	bne.n	1000236c <_ntoa_format+0x80>
1000236a:	e091      	b.n	10002490 <_ntoa_format+0x1a4>
1000236c:	2a02      	cmp	r2, #2
1000236e:	d100      	bne.n	10002372 <_ntoa_format+0x86>
10002370:	e0a1      	b.n	100024b6 <_ntoa_format+0x1ca>
10002372:	2230      	movs	r2, #48	@ 0x30
10002374:	9c0c      	ldr	r4, [sp, #48]	@ 0x30
10002376:	7022      	strb	r2, [r4, #0]
10002378:	2401      	movs	r4, #1
1000237a:	464a      	mov	r2, r9
1000237c:	2a00      	cmp	r2, #0
1000237e:	d15c      	bne.n	1000243a <_ntoa_format+0x14e>
10002380:	075a      	lsls	r2, r3, #29
10002382:	d400      	bmi.n	10002386 <_ntoa_format+0x9a>
10002384:	e07d      	b.n	10002482 <_ntoa_format+0x196>
10002386:	222b      	movs	r2, #43	@ 0x2b
10002388:	9d0c      	ldr	r5, [sp, #48]	@ 0x30
1000238a:	552a      	strb	r2, [r5, r4]
1000238c:	3401      	adds	r4, #1
1000238e:	e01c      	b.n	100023ca <_ntoa_format+0xde>
10002390:	4652      	mov	r2, sl
10002392:	2a00      	cmp	r2, #0
10002394:	d002      	beq.n	1000239c <_ntoa_format+0xb0>
10002396:	2e20      	cmp	r6, #32
10002398:	d93c      	bls.n	10002414 <_ntoa_format+0x128>
1000239a:	2420      	movs	r4, #32
1000239c:	06da      	lsls	r2, r3, #27
1000239e:	d514      	bpl.n	100023ca <_ntoa_format+0xde>
100023a0:	055a      	lsls	r2, r3, #21
100023a2:	d412      	bmi.n	100023ca <_ntoa_format+0xde>
100023a4:	2f20      	cmp	r7, #32
100023a6:	d100      	bne.n	100023aa <_ntoa_format+0xbe>
100023a8:	e097      	b.n	100024da <_ntoa_format+0x1ee>
100023aa:	2e20      	cmp	r6, #32
100023ac:	d13b      	bne.n	10002426 <_ntoa_format+0x13a>
100023ae:	2620      	movs	r6, #32
100023b0:	221f      	movs	r2, #31
100023b2:	0034      	movs	r4, r6
100023b4:	9d0f      	ldr	r5, [sp, #60]	@ 0x3c
100023b6:	2d10      	cmp	r5, #16
100023b8:	d100      	bne.n	100023bc <_ntoa_format+0xd0>
100023ba:	e081      	b.n	100024c0 <_ntoa_format+0x1d4>
100023bc:	2d02      	cmp	r5, #2
100023be:	d04c      	beq.n	1000245a <_ntoa_format+0x16e>
100023c0:	2530      	movs	r5, #48	@ 0x30
100023c2:	9f0c      	ldr	r7, [sp, #48]	@ 0x30
100023c4:	54bd      	strb	r5, [r7, r2]
100023c6:	2c20      	cmp	r4, #32
100023c8:	d1d7      	bne.n	1000237a <_ntoa_format+0x8e>
100023ca:	9303      	str	r3, [sp, #12]
100023cc:	9b0c      	ldr	r3, [sp, #48]	@ 0x30
100023ce:	4662      	mov	r2, ip
100023d0:	9300      	str	r3, [sp, #0]
100023d2:	9602      	str	r6, [sp, #8]
100023d4:	4643      	mov	r3, r8
100023d6:	9401      	str	r4, [sp, #4]
100023d8:	f7ff ff40 	bl	1000225c <_out_rev>
100023dc:	b004      	add	sp, #16
100023de:	bce0      	pop	{r5, r6, r7}
100023e0:	46ba      	mov	sl, r7
100023e2:	46b1      	mov	r9, r6
100023e4:	46a8      	mov	r8, r5
100023e6:	bdf0      	pop	{r4, r5, r6, r7, pc}
100023e8:	2201      	movs	r2, #1
100023ea:	0015      	movs	r5, r2
100023ec:	401d      	ands	r5, r3
100023ee:	46aa      	mov	sl, r5
100023f0:	421a      	tst	r2, r3
100023f2:	d027      	beq.n	10002444 <_ntoa_format+0x158>
100023f4:	464a      	mov	r2, r9
100023f6:	2a00      	cmp	r2, #0
100023f8:	d133      	bne.n	10002462 <_ntoa_format+0x176>
100023fa:	320c      	adds	r2, #12
100023fc:	421a      	tst	r2, r3
100023fe:	d130      	bne.n	10002462 <_ntoa_format+0x176>
10002400:	42bc      	cmp	r4, r7
10002402:	d29b      	bcs.n	1000233c <_ntoa_format+0x50>
10002404:	2c20      	cmp	r4, #32
10002406:	d000      	beq.n	1000240a <_ntoa_format+0x11e>
10002408:	e78b      	b.n	10002322 <_ntoa_format+0x36>
1000240a:	2e20      	cmp	r6, #32
1000240c:	d8c5      	bhi.n	1000239a <_ntoa_format+0xae>
1000240e:	06da      	lsls	r2, r3, #27
10002410:	d4a4      	bmi.n	1000235c <_ntoa_format+0x70>
10002412:	e7da      	b.n	100023ca <_ntoa_format+0xde>
10002414:	2420      	movs	r4, #32
10002416:	06da      	lsls	r2, r3, #27
10002418:	d5d7      	bpl.n	100023ca <_ntoa_format+0xde>
1000241a:	055a      	lsls	r2, r3, #21
1000241c:	d403      	bmi.n	10002426 <_ntoa_format+0x13a>
1000241e:	42a7      	cmp	r7, r4
10002420:	d021      	beq.n	10002466 <_ntoa_format+0x17a>
10002422:	42b4      	cmp	r4, r6
10002424:	d01f      	beq.n	10002466 <_ntoa_format+0x17a>
10002426:	9a0f      	ldr	r2, [sp, #60]	@ 0x3c
10002428:	2a10      	cmp	r2, #16
1000242a:	d021      	beq.n	10002470 <_ntoa_format+0x184>
1000242c:	2a02      	cmp	r2, #2
1000242e:	d010      	beq.n	10002452 <_ntoa_format+0x166>
10002430:	2c20      	cmp	r4, #32
10002432:	d0ca      	beq.n	100023ca <_ntoa_format+0xde>
10002434:	0022      	movs	r2, r4
10002436:	3401      	adds	r4, #1
10002438:	e7c2      	b.n	100023c0 <_ntoa_format+0xd4>
1000243a:	222d      	movs	r2, #45	@ 0x2d
1000243c:	9d0c      	ldr	r5, [sp, #48]	@ 0x30
1000243e:	552a      	strb	r2, [r5, r4]
10002440:	3401      	adds	r4, #1
10002442:	e7c2      	b.n	100023ca <_ntoa_format+0xde>
10002444:	42bc      	cmp	r4, r7
10002446:	d300      	bcc.n	1000244a <_ntoa_format+0x15e>
10002448:	e786      	b.n	10002358 <_ntoa_format+0x6c>
1000244a:	2c20      	cmp	r4, #32
1000244c:	d000      	beq.n	10002450 <_ntoa_format+0x164>
1000244e:	e768      	b.n	10002322 <_ntoa_format+0x36>
10002450:	e7e1      	b.n	10002416 <_ntoa_format+0x12a>
10002452:	2c20      	cmp	r4, #32
10002454:	d0b9      	beq.n	100023ca <_ntoa_format+0xde>
10002456:	0022      	movs	r2, r4
10002458:	3401      	adds	r4, #1
1000245a:	2562      	movs	r5, #98	@ 0x62
1000245c:	9f0c      	ldr	r7, [sp, #48]	@ 0x30
1000245e:	54bd      	strb	r5, [r7, r2]
10002460:	e7e6      	b.n	10002430 <_ntoa_format+0x144>
10002462:	3e01      	subs	r6, #1
10002464:	e7cc      	b.n	10002400 <_ntoa_format+0x114>
10002466:	1e62      	subs	r2, r4, #1
10002468:	2c01      	cmp	r4, #1
1000246a:	d100      	bne.n	1000246e <_ntoa_format+0x182>
1000246c:	e77a      	b.n	10002364 <_ntoa_format+0x78>
1000246e:	e7a1      	b.n	100023b4 <_ntoa_format+0xc8>
10002470:	069a      	lsls	r2, r3, #26
10002472:	d416      	bmi.n	100024a2 <_ntoa_format+0x1b6>
10002474:	2c20      	cmp	r4, #32
10002476:	d0a8      	beq.n	100023ca <_ntoa_format+0xde>
10002478:	2278      	movs	r2, #120	@ 0x78
1000247a:	9d0c      	ldr	r5, [sp, #48]	@ 0x30
1000247c:	552a      	strb	r2, [r5, r4]
1000247e:	3401      	adds	r4, #1
10002480:	e7d6      	b.n	10002430 <_ntoa_format+0x144>
10002482:	071a      	lsls	r2, r3, #28
10002484:	d5a1      	bpl.n	100023ca <_ntoa_format+0xde>
10002486:	2220      	movs	r2, #32
10002488:	9d0c      	ldr	r5, [sp, #48]	@ 0x30
1000248a:	552a      	strb	r2, [r5, r4]
1000248c:	3401      	adds	r4, #1
1000248e:	e79c      	b.n	100023ca <_ntoa_format+0xde>
10002490:	069a      	lsls	r2, r3, #26
10002492:	d40e      	bmi.n	100024b2 <_ntoa_format+0x1c6>
10002494:	2278      	movs	r2, #120	@ 0x78
10002496:	9c0c      	ldr	r4, [sp, #48]	@ 0x30
10002498:	7022      	strb	r2, [r4, #0]
1000249a:	2230      	movs	r2, #48	@ 0x30
1000249c:	7062      	strb	r2, [r4, #1]
1000249e:	2402      	movs	r4, #2
100024a0:	e76b      	b.n	1000237a <_ntoa_format+0x8e>
100024a2:	2c20      	cmp	r4, #32
100024a4:	d091      	beq.n	100023ca <_ntoa_format+0xde>
100024a6:	2558      	movs	r5, #88	@ 0x58
100024a8:	9a0c      	ldr	r2, [sp, #48]	@ 0x30
100024aa:	1912      	adds	r2, r2, r4
100024ac:	7015      	strb	r5, [r2, #0]
100024ae:	3401      	adds	r4, #1
100024b0:	e7be      	b.n	10002430 <_ntoa_format+0x144>
100024b2:	2258      	movs	r2, #88	@ 0x58
100024b4:	e7ef      	b.n	10002496 <_ntoa_format+0x1aa>
100024b6:	2262      	movs	r2, #98	@ 0x62
100024b8:	e7ed      	b.n	10002496 <_ntoa_format+0x1aa>
100024ba:	2a00      	cmp	r2, #0
100024bc:	d1a7      	bne.n	1000240e <_ntoa_format+0x122>
100024be:	e7aa      	b.n	10002416 <_ntoa_format+0x12a>
100024c0:	3c02      	subs	r4, #2
100024c2:	069d      	lsls	r5, r3, #26
100024c4:	d404      	bmi.n	100024d0 <_ntoa_format+0x1e4>
100024c6:	2578      	movs	r5, #120	@ 0x78
100024c8:	9f0c      	ldr	r7, [sp, #48]	@ 0x30
100024ca:	553d      	strb	r5, [r7, r4]
100024cc:	0014      	movs	r4, r2
100024ce:	e7b1      	b.n	10002434 <_ntoa_format+0x148>
100024d0:	2558      	movs	r5, #88	@ 0x58
100024d2:	9f0c      	ldr	r7, [sp, #48]	@ 0x30
100024d4:	553d      	strb	r5, [r7, r4]
100024d6:	0014      	movs	r4, r2
100024d8:	e7ac      	b.n	10002434 <_ntoa_format+0x148>
100024da:	221f      	movs	r2, #31
100024dc:	e76a      	b.n	100023b4 <_ntoa_format+0xc8>
100024de:	46c0      	nop			@ (mov r8, r8)

100024e0 <_out_char>:
100024e0:	b510      	push	{r4, lr}
100024e2:	2800      	cmp	r0, #0
100024e4:	d100      	bne.n	100024e8 <_out_char+0x8>
100024e6:	bd10      	pop	{r4, pc}
100024e8:	f001 fb00 	bl	10003aec <__wrap_putchar>
100024ec:	e7fb      	b.n	100024e6 <_out_char+0x6>
100024ee:	46c0      	nop			@ (mov r8, r8)

100024f0 <_out_fct>:
100024f0:	000b      	movs	r3, r1
100024f2:	b510      	push	{r4, lr}
100024f4:	2800      	cmp	r0, #0
100024f6:	d002      	beq.n	100024fe <_out_fct+0xe>
100024f8:	6849      	ldr	r1, [r1, #4]
100024fa:	681b      	ldr	r3, [r3, #0]
100024fc:	4798      	blx	r3
100024fe:	bd10      	pop	{r4, pc}

10002500 <_etoa>:
10002500:	b5f0      	push	{r4, r5, r6, r7, lr}
10002502:	4657      	mov	r7, sl
10002504:	464e      	mov	r6, r9
10002506:	4645      	mov	r5, r8
10002508:	46de      	mov	lr, fp
1000250a:	b5e0      	push	{r5, r6, r7, lr}
1000250c:	b099      	sub	sp, #100	@ 0x64
1000250e:	4682      	mov	sl, r0
10002510:	4689      	mov	r9, r1
10002512:	4690      	mov	r8, r2
10002514:	9309      	str	r3, [sp, #36]	@ 0x24
10002516:	9a22      	ldr	r2, [sp, #136]	@ 0x88
10002518:	9b23      	ldr	r3, [sp, #140]	@ 0x8c
1000251a:	0010      	movs	r0, r2
1000251c:	0019      	movs	r1, r3
1000251e:	f7ff fd78 	bl	10002012 <__wrap___aeabi_dcmpun>
10002522:	2800      	cmp	r0, #0
10002524:	d000      	beq.n	10002528 <_etoa+0x28>
10002526:	e0c8      	b.n	100026ba <_etoa+0x1ba>
10002528:	9822      	ldr	r0, [sp, #136]	@ 0x88
1000252a:	9923      	ldr	r1, [sp, #140]	@ 0x8c
1000252c:	2201      	movs	r2, #1
1000252e:	4bd5      	ldr	r3, [pc, #852]	@ (10002884 <_etoa+0x384>)
10002530:	4252      	negs	r2, r2
10002532:	f7ff fd69 	bl	10002008 <__wrap___aeabi_dcmpgt>
10002536:	2800      	cmp	r0, #0
10002538:	d000      	beq.n	1000253c <_etoa+0x3c>
1000253a:	e0be      	b.n	100026ba <_etoa+0x1ba>
1000253c:	9822      	ldr	r0, [sp, #136]	@ 0x88
1000253e:	9923      	ldr	r1, [sp, #140]	@ 0x8c
10002540:	2201      	movs	r2, #1
10002542:	4bd1      	ldr	r3, [pc, #836]	@ (10002888 <_etoa+0x388>)
10002544:	4252      	negs	r2, r2
10002546:	f7ff fd51 	bl	10001fec <__wrap___aeabi_dcmplt>
1000254a:	2800      	cmp	r0, #0
1000254c:	d000      	beq.n	10002550 <_etoa+0x50>
1000254e:	e0b4      	b.n	100026ba <_etoa+0x1ba>
10002550:	9822      	ldr	r0, [sp, #136]	@ 0x88
10002552:	9923      	ldr	r1, [sp, #140]	@ 0x8c
10002554:	2200      	movs	r2, #0
10002556:	2300      	movs	r3, #0
10002558:	f7ff fd48 	bl	10001fec <__wrap___aeabi_dcmplt>
1000255c:	2800      	cmp	r0, #0
1000255e:	d000      	beq.n	10002562 <_etoa+0x62>
10002560:	e1e9      	b.n	10002936 <_etoa+0x436>
10002562:	9e22      	ldr	r6, [sp, #136]	@ 0x88
10002564:	9f23      	ldr	r7, [sp, #140]	@ 0x8c
10002566:	2380      	movs	r3, #128	@ 0x80
10002568:	9a26      	ldr	r2, [sp, #152]	@ 0x98
1000256a:	00db      	lsls	r3, r3, #3
1000256c:	401a      	ands	r2, r3
1000256e:	920d      	str	r2, [sp, #52]	@ 0x34
10002570:	9a26      	ldr	r2, [sp, #152]	@ 0x98
10002572:	421a      	tst	r2, r3
10002574:	d101      	bne.n	1000257a <_etoa+0x7a>
10002576:	2306      	movs	r3, #6
10002578:	9324      	str	r3, [sp, #144]	@ 0x90
1000257a:	003b      	movs	r3, r7
1000257c:	4333      	orrs	r3, r6
1000257e:	d000      	beq.n	10002582 <_etoa+0x82>
10002580:	e0b4      	b.n	100026ec <_etoa+0x1ec>
10002582:	9b26      	ldr	r3, [sp, #152]	@ 0x98
10002584:	051b      	lsls	r3, r3, #20
10002586:	d500      	bpl.n	1000258a <_etoa+0x8a>
10002588:	e1bf      	b.n	1000290a <_etoa+0x40a>
1000258a:	2300      	movs	r3, #0
1000258c:	2400      	movs	r4, #0
1000258e:	930a      	str	r3, [sp, #40]	@ 0x28
10002590:	940b      	str	r4, [sp, #44]	@ 0x2c
10002592:	2300      	movs	r3, #0
10002594:	2504      	movs	r5, #4
10002596:	930c      	str	r3, [sp, #48]	@ 0x30
10002598:	9b25      	ldr	r3, [sp, #148]	@ 0x94
1000259a:	2400      	movs	r4, #0
1000259c:	42ab      	cmp	r3, r5
1000259e:	d900      	bls.n	100025a2 <_etoa+0xa2>
100025a0:	1b5c      	subs	r4, r3, r5
100025a2:	2302      	movs	r3, #2
100025a4:	9a26      	ldr	r2, [sp, #152]	@ 0x98
100025a6:	401a      	ands	r2, r3
100025a8:	920d      	str	r2, [sp, #52]	@ 0x34
100025aa:	9a26      	ldr	r2, [sp, #152]	@ 0x98
100025ac:	4213      	tst	r3, r2
100025ae:	d003      	beq.n	100025b8 <_etoa+0xb8>
100025b0:	426b      	negs	r3, r5
100025b2:	416b      	adcs	r3, r5
100025b4:	425b      	negs	r3, r3
100025b6:	401c      	ands	r4, r3
100025b8:	9b0c      	ldr	r3, [sp, #48]	@ 0x30
100025ba:	2b00      	cmp	r3, #0
100025bc:	d007      	beq.n	100025ce <_etoa+0xce>
100025be:	9a0a      	ldr	r2, [sp, #40]	@ 0x28
100025c0:	9b0b      	ldr	r3, [sp, #44]	@ 0x2c
100025c2:	0030      	movs	r0, r6
100025c4:	0039      	movs	r1, r7
100025c6:	f7ff fcb8 	bl	10001f3a <__wrap___aeabi_ddiv>
100025ca:	0006      	movs	r6, r0
100025cc:	000f      	movs	r7, r1
100025ce:	9822      	ldr	r0, [sp, #136]	@ 0x88
100025d0:	9923      	ldr	r1, [sp, #140]	@ 0x8c
100025d2:	2200      	movs	r2, #0
100025d4:	2300      	movs	r3, #0
100025d6:	f7ff fd09 	bl	10001fec <__wrap___aeabi_dcmplt>
100025da:	2800      	cmp	r0, #0
100025dc:	d003      	beq.n	100025e6 <_etoa+0xe6>
100025de:	2180      	movs	r1, #128	@ 0x80
100025e0:	0609      	lsls	r1, r1, #24
100025e2:	187b      	adds	r3, r7, r1
100025e4:	001f      	movs	r7, r3
100025e6:	9a26      	ldr	r2, [sp, #152]	@ 0x98
100025e8:	4ba8      	ldr	r3, [pc, #672]	@ (1000288c <_etoa+0x38c>)
100025ea:	9600      	str	r6, [sp, #0]
100025ec:	9701      	str	r7, [sp, #4]
100025ee:	4013      	ands	r3, r2
100025f0:	9e09      	ldr	r6, [sp, #36]	@ 0x24
100025f2:	9304      	str	r3, [sp, #16]
100025f4:	9b24      	ldr	r3, [sp, #144]	@ 0x90
100025f6:	9403      	str	r4, [sp, #12]
100025f8:	9302      	str	r3, [sp, #8]
100025fa:	4642      	mov	r2, r8
100025fc:	0033      	movs	r3, r6
100025fe:	4649      	mov	r1, r9
10002600:	4650      	mov	r0, sl
10002602:	f000 f9a7 	bl	10002954 <_ftoa>
10002606:	0004      	movs	r4, r0
10002608:	2d00      	cmp	r5, #0
1000260a:	d067      	beq.n	100026dc <_etoa+0x1dc>
1000260c:	2020      	movs	r0, #32
1000260e:	9a26      	ldr	r2, [sp, #152]	@ 0x98
10002610:	4649      	mov	r1, r9
10002612:	4002      	ands	r2, r0
10002614:	0013      	movs	r3, r2
10002616:	425a      	negs	r2, r3
10002618:	4153      	adcs	r3, r2
1000261a:	425b      	negs	r3, r3
1000261c:	1c62      	adds	r2, r4, #1
1000261e:	4018      	ands	r0, r3
10002620:	920a      	str	r2, [sp, #40]	@ 0x28
10002622:	0033      	movs	r3, r6
10002624:	0022      	movs	r2, r4
10002626:	3045      	adds	r0, #69	@ 0x45
10002628:	47d0      	blx	sl
1000262a:	9a0c      	ldr	r2, [sp, #48]	@ 0x30
1000262c:	1e6f      	subs	r7, r5, #1
1000262e:	17d3      	asrs	r3, r2, #31
10002630:	18d4      	adds	r4, r2, r3
10002632:	405c      	eors	r4, r3
10002634:	0fd3      	lsrs	r3, r2, #31
10002636:	469b      	mov	fp, r3
10002638:	2500      	movs	r5, #0
1000263a:	e001      	b.n	10002640 <_etoa+0x140>
1000263c:	2d20      	cmp	r5, #32
1000263e:	d013      	beq.n	10002668 <_etoa+0x168>
10002640:	aa08      	add	r2, sp, #32
10002642:	4694      	mov	ip, r2
10002644:	231f      	movs	r3, #31
10002646:	0020      	movs	r0, r4
10002648:	4463      	add	r3, ip
1000264a:	210a      	movs	r1, #10
1000264c:	3501      	adds	r5, #1
1000264e:	195e      	adds	r6, r3, r5
10002650:	f7ff fa2e 	bl	10001ab0 <__wrap___aeabi_uidiv>
10002654:	3130      	adds	r1, #48	@ 0x30
10002656:	7031      	strb	r1, [r6, #0]
10002658:	0020      	movs	r0, r4
1000265a:	210a      	movs	r1, #10
1000265c:	f7ff fa28 	bl	10001ab0 <__wrap___aeabi_uidiv>
10002660:	0026      	movs	r6, r4
10002662:	0004      	movs	r4, r0
10002664:	2e09      	cmp	r6, #9
10002666:	d8e9      	bhi.n	1000263c <_etoa+0x13c>
10002668:	2305      	movs	r3, #5
1000266a:	9306      	str	r3, [sp, #24]
1000266c:	2300      	movs	r3, #0
1000266e:	9304      	str	r3, [sp, #16]
10002670:	330a      	adds	r3, #10
10002672:	9303      	str	r3, [sp, #12]
10002674:	465b      	mov	r3, fp
10002676:	9e09      	ldr	r6, [sp, #36]	@ 0x24
10002678:	9302      	str	r3, [sp, #8]
1000267a:	ab10      	add	r3, sp, #64	@ 0x40
1000267c:	9a0a      	ldr	r2, [sp, #40]	@ 0x28
1000267e:	9300      	str	r3, [sp, #0]
10002680:	4649      	mov	r1, r9
10002682:	0033      	movs	r3, r6
10002684:	4650      	mov	r0, sl
10002686:	9705      	str	r7, [sp, #20]
10002688:	9501      	str	r5, [sp, #4]
1000268a:	f7ff fe2f 	bl	100022ec <_ntoa_format>
1000268e:	9a0d      	ldr	r2, [sp, #52]	@ 0x34
10002690:	0004      	movs	r4, r0
10002692:	2a00      	cmp	r2, #0
10002694:	d022      	beq.n	100026dc <_etoa+0x1dc>
10002696:	4642      	mov	r2, r8
10002698:	1a85      	subs	r5, r0, r2
1000269a:	9a25      	ldr	r2, [sp, #148]	@ 0x94
1000269c:	42aa      	cmp	r2, r5
1000269e:	d91d      	bls.n	100026dc <_etoa+0x1dc>
100026a0:	46b0      	mov	r8, r6
100026a2:	4657      	mov	r7, sl
100026a4:	0016      	movs	r6, r2
100026a6:	0022      	movs	r2, r4
100026a8:	4643      	mov	r3, r8
100026aa:	4649      	mov	r1, r9
100026ac:	2020      	movs	r0, #32
100026ae:	3501      	adds	r5, #1
100026b0:	47b8      	blx	r7
100026b2:	3401      	adds	r4, #1
100026b4:	42ae      	cmp	r6, r5
100026b6:	d8f6      	bhi.n	100026a6 <_etoa+0x1a6>
100026b8:	e010      	b.n	100026dc <_etoa+0x1dc>
100026ba:	9b26      	ldr	r3, [sp, #152]	@ 0x98
100026bc:	4642      	mov	r2, r8
100026be:	9304      	str	r3, [sp, #16]
100026c0:	9b25      	ldr	r3, [sp, #148]	@ 0x94
100026c2:	4649      	mov	r1, r9
100026c4:	9303      	str	r3, [sp, #12]
100026c6:	9b24      	ldr	r3, [sp, #144]	@ 0x90
100026c8:	4650      	mov	r0, sl
100026ca:	9302      	str	r3, [sp, #8]
100026cc:	9b22      	ldr	r3, [sp, #136]	@ 0x88
100026ce:	9c23      	ldr	r4, [sp, #140]	@ 0x8c
100026d0:	9300      	str	r3, [sp, #0]
100026d2:	9401      	str	r4, [sp, #4]
100026d4:	9b09      	ldr	r3, [sp, #36]	@ 0x24
100026d6:	f000 f93d 	bl	10002954 <_ftoa>
100026da:	0004      	movs	r4, r0
100026dc:	0020      	movs	r0, r4
100026de:	b019      	add	sp, #100	@ 0x64
100026e0:	bcf0      	pop	{r4, r5, r6, r7}
100026e2:	46bb      	mov	fp, r7
100026e4:	46b2      	mov	sl, r6
100026e6:	46a9      	mov	r9, r5
100026e8:	46a0      	mov	r8, r4
100026ea:	bdf0      	pop	{r4, r5, r6, r7, pc}
100026ec:	4b68      	ldr	r3, [pc, #416]	@ (10002890 <_etoa+0x390>)
100026ee:	0078      	lsls	r0, r7, #1
100026f0:	469c      	mov	ip, r3
100026f2:	0d40      	lsrs	r0, r0, #21
100026f4:	4460      	add	r0, ip
100026f6:	f7ff fc9d 	bl	10002034 <__wrap___aeabi_i2d>
100026fa:	4a66      	ldr	r2, [pc, #408]	@ (10002894 <_etoa+0x394>)
100026fc:	4b66      	ldr	r3, [pc, #408]	@ (10002898 <_etoa+0x398>)
100026fe:	f7ff fc36 	bl	10001f6e <__wrap___aeabi_dmul>
10002702:	4a66      	ldr	r2, [pc, #408]	@ (1000289c <_etoa+0x39c>)
10002704:	4b66      	ldr	r3, [pc, #408]	@ (100028a0 <_etoa+0x3a0>)
10002706:	f7ff fc13 	bl	10001f30 <__wrap___aeabi_dadd>
1000270a:	4a66      	ldr	r2, [pc, #408]	@ (100028a4 <_etoa+0x3a4>)
1000270c:	033b      	lsls	r3, r7, #12
1000270e:	0b1b      	lsrs	r3, r3, #12
10002710:	431a      	orrs	r2, r3
10002712:	0004      	movs	r4, r0
10002714:	000d      	movs	r5, r1
10002716:	4b64      	ldr	r3, [pc, #400]	@ (100028a8 <_etoa+0x3a8>)
10002718:	0011      	movs	r1, r2
1000271a:	0030      	movs	r0, r6
1000271c:	2200      	movs	r2, #0
1000271e:	f7ff fc02 	bl	10001f26 <__wrap___aeabi_dsub>
10002722:	4a62      	ldr	r2, [pc, #392]	@ (100028ac <_etoa+0x3ac>)
10002724:	4b62      	ldr	r3, [pc, #392]	@ (100028b0 <_etoa+0x3b0>)
10002726:	f7ff fc22 	bl	10001f6e <__wrap___aeabi_dmul>
1000272a:	0002      	movs	r2, r0
1000272c:	000b      	movs	r3, r1
1000272e:	0020      	movs	r0, r4
10002730:	0029      	movs	r1, r5
10002732:	f7ff fbfd 	bl	10001f30 <__wrap___aeabi_dadd>
10002736:	f7ff fc95 	bl	10002064 <__wrap___aeabi_d2iz>
1000273a:	900c      	str	r0, [sp, #48]	@ 0x30
1000273c:	f7ff fc7a 	bl	10002034 <__wrap___aeabi_i2d>
10002740:	4a5c      	ldr	r2, [pc, #368]	@ (100028b4 <_etoa+0x3b4>)
10002742:	4b5d      	ldr	r3, [pc, #372]	@ (100028b8 <_etoa+0x3b8>)
10002744:	0004      	movs	r4, r0
10002746:	000d      	movs	r5, r1
10002748:	f7ff fc11 	bl	10001f6e <__wrap___aeabi_dmul>
1000274c:	2200      	movs	r2, #0
1000274e:	4b5b      	ldr	r3, [pc, #364]	@ (100028bc <_etoa+0x3bc>)
10002750:	f7ff fbee 	bl	10001f30 <__wrap___aeabi_dadd>
10002754:	f7ff fc86 	bl	10002064 <__wrap___aeabi_d2iz>
10002758:	4a59      	ldr	r2, [pc, #356]	@ (100028c0 <_etoa+0x3c0>)
1000275a:	4683      	mov	fp, r0
1000275c:	4b59      	ldr	r3, [pc, #356]	@ (100028c4 <_etoa+0x3c4>)
1000275e:	0020      	movs	r0, r4
10002760:	0029      	movs	r1, r5
10002762:	f7ff fc04 	bl	10001f6e <__wrap___aeabi_dmul>
10002766:	0004      	movs	r4, r0
10002768:	4658      	mov	r0, fp
1000276a:	000d      	movs	r5, r1
1000276c:	f7ff fc62 	bl	10002034 <__wrap___aeabi_i2d>
10002770:	4a55      	ldr	r2, [pc, #340]	@ (100028c8 <_etoa+0x3c8>)
10002772:	4b56      	ldr	r3, [pc, #344]	@ (100028cc <_etoa+0x3cc>)
10002774:	f7ff fbfb 	bl	10001f6e <__wrap___aeabi_dmul>
10002778:	0002      	movs	r2, r0
1000277a:	000b      	movs	r3, r1
1000277c:	0020      	movs	r0, r4
1000277e:	0029      	movs	r1, r5
10002780:	f7ff fbd1 	bl	10001f26 <__wrap___aeabi_dsub>
10002784:	0002      	movs	r2, r0
10002786:	000b      	movs	r3, r1
10002788:	900a      	str	r0, [sp, #40]	@ 0x28
1000278a:	910b      	str	r1, [sp, #44]	@ 0x2c
1000278c:	f7ff fbef 	bl	10001f6e <__wrap___aeabi_dmul>
10002790:	0004      	movs	r4, r0
10002792:	000d      	movs	r5, r1
10002794:	980a      	ldr	r0, [sp, #40]	@ 0x28
10002796:	990b      	ldr	r1, [sp, #44]	@ 0x2c
10002798:	0002      	movs	r2, r0
1000279a:	000b      	movs	r3, r1
1000279c:	f7ff fbc8 	bl	10001f30 <__wrap___aeabi_dadd>
100027a0:	2200      	movs	r2, #0
100027a2:	900e      	str	r0, [sp, #56]	@ 0x38
100027a4:	910f      	str	r1, [sp, #60]	@ 0x3c
100027a6:	4b4a      	ldr	r3, [pc, #296]	@ (100028d0 <_etoa+0x3d0>)
100027a8:	0020      	movs	r0, r4
100027aa:	0029      	movs	r1, r5
100027ac:	f7ff fbc5 	bl	10001f3a <__wrap___aeabi_ddiv>
100027b0:	2200      	movs	r2, #0
100027b2:	4b48      	ldr	r3, [pc, #288]	@ (100028d4 <_etoa+0x3d4>)
100027b4:	f7ff fbbc 	bl	10001f30 <__wrap___aeabi_dadd>
100027b8:	0002      	movs	r2, r0
100027ba:	000b      	movs	r3, r1
100027bc:	0020      	movs	r0, r4
100027be:	0029      	movs	r1, r5
100027c0:	f7ff fbbb 	bl	10001f3a <__wrap___aeabi_ddiv>
100027c4:	2200      	movs	r2, #0
100027c6:	4b44      	ldr	r3, [pc, #272]	@ (100028d8 <_etoa+0x3d8>)
100027c8:	f7ff fbb2 	bl	10001f30 <__wrap___aeabi_dadd>
100027cc:	0002      	movs	r2, r0
100027ce:	000b      	movs	r3, r1
100027d0:	0020      	movs	r0, r4
100027d2:	0029      	movs	r1, r5
100027d4:	f7ff fbb1 	bl	10001f3a <__wrap___aeabi_ddiv>
100027d8:	9a0a      	ldr	r2, [sp, #40]	@ 0x28
100027da:	9b0b      	ldr	r3, [sp, #44]	@ 0x2c
100027dc:	000d      	movs	r5, r1
100027de:	2180      	movs	r1, #128	@ 0x80
100027e0:	0004      	movs	r4, r0
100027e2:	05c9      	lsls	r1, r1, #23
100027e4:	2000      	movs	r0, #0
100027e6:	f7ff fb9e 	bl	10001f26 <__wrap___aeabi_dsub>
100027ea:	0002      	movs	r2, r0
100027ec:	000b      	movs	r3, r1
100027ee:	0020      	movs	r0, r4
100027f0:	0029      	movs	r1, r5
100027f2:	f7ff fb9d 	bl	10001f30 <__wrap___aeabi_dadd>
100027f6:	4c39      	ldr	r4, [pc, #228]	@ (100028dc <_etoa+0x3dc>)
100027f8:	0002      	movs	r2, r0
100027fa:	000b      	movs	r3, r1
100027fc:	980e      	ldr	r0, [sp, #56]	@ 0x38
100027fe:	990f      	ldr	r1, [sp, #60]	@ 0x3c
10002800:	f7ff fb9b 	bl	10001f3a <__wrap___aeabi_ddiv>
10002804:	445c      	add	r4, fp
10002806:	2200      	movs	r2, #0
10002808:	4b26      	ldr	r3, [pc, #152]	@ (100028a4 <_etoa+0x3a4>)
1000280a:	f7ff fb91 	bl	10001f30 <__wrap___aeabi_dadd>
1000280e:	0523      	lsls	r3, r4, #20
10002810:	2200      	movs	r2, #0
10002812:	f7ff fbac 	bl	10001f6e <__wrap___aeabi_dmul>
10002816:	0004      	movs	r4, r0
10002818:	000d      	movs	r5, r1
1000281a:	0002      	movs	r2, r0
1000281c:	000b      	movs	r3, r1
1000281e:	0030      	movs	r0, r6
10002820:	0039      	movs	r1, r7
10002822:	940a      	str	r4, [sp, #40]	@ 0x28
10002824:	950b      	str	r5, [sp, #44]	@ 0x2c
10002826:	f7ff fbe1 	bl	10001fec <__wrap___aeabi_dcmplt>
1000282a:	2800      	cmp	r0, #0
1000282c:	d15e      	bne.n	100028ec <_etoa+0x3ec>
1000282e:	0023      	movs	r3, r4
10002830:	002a      	movs	r2, r5
10002832:	25c6      	movs	r5, #198	@ 0xc6
10002834:	990c      	ldr	r1, [sp, #48]	@ 0x30
10002836:	3163      	adds	r1, #99	@ 0x63
10002838:	428d      	cmp	r5, r1
1000283a:	41ad      	sbcs	r5, r5
1000283c:	9926      	ldr	r1, [sp, #152]	@ 0x98
1000283e:	426d      	negs	r5, r5
10002840:	3504      	adds	r5, #4
10002842:	0509      	lsls	r1, r1, #20
10002844:	d400      	bmi.n	10002848 <_etoa+0x348>
10002846:	e6a7      	b.n	10002598 <_etoa+0x98>
10002848:	4313      	orrs	r3, r2
1000284a:	d064      	beq.n	10002916 <_etoa+0x416>
1000284c:	0030      	movs	r0, r6
1000284e:	0039      	movs	r1, r7
10002850:	4a23      	ldr	r2, [pc, #140]	@ (100028e0 <_etoa+0x3e0>)
10002852:	4b24      	ldr	r3, [pc, #144]	@ (100028e4 <_etoa+0x3e4>)
10002854:	f7ff fbd0 	bl	10001ff8 <__wrap___aeabi_dcmpge>
10002858:	2800      	cmp	r0, #0
1000285a:	d007      	beq.n	1000286c <_etoa+0x36c>
1000285c:	2200      	movs	r2, #0
1000285e:	0030      	movs	r0, r6
10002860:	0039      	movs	r1, r7
10002862:	4b21      	ldr	r3, [pc, #132]	@ (100028e8 <_etoa+0x3e8>)
10002864:	f7ff fbc2 	bl	10001fec <__wrap___aeabi_dcmplt>
10002868:	2800      	cmp	r0, #0
1000286a:	d154      	bne.n	10002916 <_etoa+0x416>
1000286c:	9b24      	ldr	r3, [sp, #144]	@ 0x90
1000286e:	2b00      	cmp	r3, #0
10002870:	d100      	bne.n	10002874 <_etoa+0x374>
10002872:	e691      	b.n	10002598 <_etoa+0x98>
10002874:	9b0d      	ldr	r3, [sp, #52]	@ 0x34
10002876:	1e5a      	subs	r2, r3, #1
10002878:	4193      	sbcs	r3, r2
1000287a:	9a24      	ldr	r2, [sp, #144]	@ 0x90
1000287c:	1ad3      	subs	r3, r2, r3
1000287e:	9324      	str	r3, [sp, #144]	@ 0x90
10002880:	e68a      	b.n	10002598 <_etoa+0x98>
10002882:	46c0      	nop			@ (mov r8, r8)
10002884:	7fefffff 	.word	0x7fefffff
10002888:	ffefffff 	.word	0xffefffff
1000288c:	fffff7ff 	.word	0xfffff7ff
10002890:	fffffc01 	.word	0xfffffc01
10002894:	509f79fb 	.word	0x509f79fb
10002898:	3fd34413 	.word	0x3fd34413
1000289c:	8b60c8b3 	.word	0x8b60c8b3
100028a0:	3fc68a28 	.word	0x3fc68a28
100028a4:	3ff00000 	.word	0x3ff00000
100028a8:	3ff80000 	.word	0x3ff80000
100028ac:	636f4361 	.word	0x636f4361
100028b0:	3fd287a7 	.word	0x3fd287a7
100028b4:	0979a371 	.word	0x0979a371
100028b8:	400a934f 	.word	0x400a934f
100028bc:	3fe00000 	.word	0x3fe00000
100028c0:	bbb55516 	.word	0xbbb55516
100028c4:	40026bb1 	.word	0x40026bb1
100028c8:	fefa39ef 	.word	0xfefa39ef
100028cc:	3fe62e42 	.word	0x3fe62e42
100028d0:	402c0000 	.word	0x402c0000
100028d4:	40240000 	.word	0x40240000
100028d8:	40180000 	.word	0x40180000
100028dc:	000003ff 	.word	0x000003ff
100028e0:	eb1c432d 	.word	0xeb1c432d
100028e4:	3f1a36e2 	.word	0x3f1a36e2
100028e8:	412e8480 	.word	0x412e8480
100028ec:	9b0c      	ldr	r3, [sp, #48]	@ 0x30
100028ee:	2200      	movs	r2, #0
100028f0:	3b01      	subs	r3, #1
100028f2:	930c      	str	r3, [sp, #48]	@ 0x30
100028f4:	0020      	movs	r0, r4
100028f6:	4b16      	ldr	r3, [pc, #88]	@ (10002950 <_etoa+0x450>)
100028f8:	0029      	movs	r1, r5
100028fa:	f7ff fb1e 	bl	10001f3a <__wrap___aeabi_ddiv>
100028fe:	000a      	movs	r2, r1
10002900:	0001      	movs	r1, r0
10002902:	0003      	movs	r3, r0
10002904:	910a      	str	r1, [sp, #40]	@ 0x28
10002906:	920b      	str	r2, [sp, #44]	@ 0x2c
10002908:	e793      	b.n	10002832 <_etoa+0x332>
1000290a:	2300      	movs	r3, #0
1000290c:	2400      	movs	r4, #0
1000290e:	930a      	str	r3, [sp, #40]	@ 0x28
10002910:	940b      	str	r4, [sp, #44]	@ 0x2c
10002912:	2300      	movs	r3, #0
10002914:	930c      	str	r3, [sp, #48]	@ 0x30
10002916:	9a24      	ldr	r2, [sp, #144]	@ 0x90
10002918:	9b0c      	ldr	r3, [sp, #48]	@ 0x30
1000291a:	429a      	cmp	r2, r3
1000291c:	dd14      	ble.n	10002948 <_etoa+0x448>
1000291e:	1ad3      	subs	r3, r2, r3
10002920:	3b01      	subs	r3, #1
10002922:	9324      	str	r3, [sp, #144]	@ 0x90
10002924:	2380      	movs	r3, #128	@ 0x80
10002926:	9a26      	ldr	r2, [sp, #152]	@ 0x98
10002928:	00db      	lsls	r3, r3, #3
1000292a:	431a      	orrs	r2, r3
1000292c:	2300      	movs	r3, #0
1000292e:	2500      	movs	r5, #0
10002930:	9226      	str	r2, [sp, #152]	@ 0x98
10002932:	930c      	str	r3, [sp, #48]	@ 0x30
10002934:	e630      	b.n	10002598 <_etoa+0x98>
10002936:	2280      	movs	r2, #128	@ 0x80
10002938:	0612      	lsls	r2, r2, #24
1000293a:	4694      	mov	ip, r2
1000293c:	9b22      	ldr	r3, [sp, #136]	@ 0x88
1000293e:	001e      	movs	r6, r3
10002940:	9b23      	ldr	r3, [sp, #140]	@ 0x8c
10002942:	4463      	add	r3, ip
10002944:	001f      	movs	r7, r3
10002946:	e60e      	b.n	10002566 <_etoa+0x66>
10002948:	2300      	movs	r3, #0
1000294a:	9324      	str	r3, [sp, #144]	@ 0x90
1000294c:	e7ea      	b.n	10002924 <_etoa+0x424>
1000294e:	46c0      	nop			@ (mov r8, r8)
10002950:	40240000 	.word	0x40240000

10002954 <_ftoa>:
10002954:	b5f0      	push	{r4, r5, r6, r7, lr}
10002956:	4645      	mov	r5, r8
10002958:	46de      	mov	lr, fp
1000295a:	464e      	mov	r6, r9
1000295c:	4657      	mov	r7, sl
1000295e:	b5e0      	push	{r5, r6, r7, lr}
10002960:	b095      	sub	sp, #84	@ 0x54
10002962:	468b      	mov	fp, r1
10002964:	4690      	mov	r8, r2
10002966:	4699      	mov	r9, r3
10002968:	9a1e      	ldr	r2, [sp, #120]	@ 0x78
1000296a:	9b1f      	ldr	r3, [sp, #124]	@ 0x7c
1000296c:	900a      	str	r0, [sp, #40]	@ 0x28
1000296e:	0019      	movs	r1, r3
10002970:	0010      	movs	r0, r2
10002972:	9d20      	ldr	r5, [sp, #128]	@ 0x80
10002974:	f7ff fb4d 	bl	10002012 <__wrap___aeabi_dcmpun>
10002978:	2800      	cmp	r0, #0
1000297a:	d000      	beq.n	1000297e <_ftoa+0x2a>
1000297c:	e1b0      	b.n	10002ce0 <_ftoa+0x38c>
1000297e:	981e      	ldr	r0, [sp, #120]	@ 0x78
10002980:	991f      	ldr	r1, [sp, #124]	@ 0x7c
10002982:	2201      	movs	r2, #1
10002984:	4bc7      	ldr	r3, [pc, #796]	@ (10002ca4 <_ftoa+0x350>)
10002986:	4252      	negs	r2, r2
10002988:	f7ff fb30 	bl	10001fec <__wrap___aeabi_dcmplt>
1000298c:	2800      	cmp	r0, #0
1000298e:	d000      	beq.n	10002992 <_ftoa+0x3e>
10002990:	e137      	b.n	10002c02 <_ftoa+0x2ae>
10002992:	981e      	ldr	r0, [sp, #120]	@ 0x78
10002994:	991f      	ldr	r1, [sp, #124]	@ 0x7c
10002996:	2201      	movs	r2, #1
10002998:	4bc3      	ldr	r3, [pc, #780]	@ (10002ca8 <_ftoa+0x354>)
1000299a:	4252      	negs	r2, r2
1000299c:	f7ff fb34 	bl	10002008 <__wrap___aeabi_dcmpgt>
100029a0:	2800      	cmp	r0, #0
100029a2:	d000      	beq.n	100029a6 <_ftoa+0x52>
100029a4:	e0a7      	b.n	10002af6 <_ftoa+0x1a2>
100029a6:	981e      	ldr	r0, [sp, #120]	@ 0x78
100029a8:	991f      	ldr	r1, [sp, #124]	@ 0x7c
100029aa:	2200      	movs	r2, #0
100029ac:	4bbf      	ldr	r3, [pc, #764]	@ (10002cac <_ftoa+0x358>)
100029ae:	f7ff fb2b 	bl	10002008 <__wrap___aeabi_dcmpgt>
100029b2:	2800      	cmp	r0, #0
100029b4:	d000      	beq.n	100029b8 <_ftoa+0x64>
100029b6:	e088      	b.n	10002aca <_ftoa+0x176>
100029b8:	981e      	ldr	r0, [sp, #120]	@ 0x78
100029ba:	991f      	ldr	r1, [sp, #124]	@ 0x7c
100029bc:	2200      	movs	r2, #0
100029be:	4bbc      	ldr	r3, [pc, #752]	@ (10002cb0 <_ftoa+0x35c>)
100029c0:	f7ff fb14 	bl	10001fec <__wrap___aeabi_dcmplt>
100029c4:	2800      	cmp	r0, #0
100029c6:	d000      	beq.n	100029ca <_ftoa+0x76>
100029c8:	e07f      	b.n	10002aca <_ftoa+0x176>
100029ca:	981e      	ldr	r0, [sp, #120]	@ 0x78
100029cc:	991f      	ldr	r1, [sp, #124]	@ 0x7c
100029ce:	2200      	movs	r2, #0
100029d0:	2300      	movs	r3, #0
100029d2:	f7ff fb0b 	bl	10001fec <__wrap___aeabi_dcmplt>
100029d6:	2800      	cmp	r0, #0
100029d8:	d000      	beq.n	100029dc <_ftoa+0x88>
100029da:	e0fa      	b.n	10002bd2 <_ftoa+0x27e>
100029dc:	2300      	movs	r3, #0
100029de:	930b      	str	r3, [sp, #44]	@ 0x2c
100029e0:	2380      	movs	r3, #128	@ 0x80
100029e2:	9c22      	ldr	r4, [sp, #136]	@ 0x88
100029e4:	9a22      	ldr	r2, [sp, #136]	@ 0x88
100029e6:	00db      	lsls	r3, r3, #3
100029e8:	401c      	ands	r4, r3
100029ea:	421a      	tst	r2, r3
100029ec:	d100      	bne.n	100029f0 <_ftoa+0x9c>
100029ee:	e102      	b.n	10002bf6 <_ftoa+0x2a2>
100029f0:	2d09      	cmp	r5, #9
100029f2:	d800      	bhi.n	100029f6 <_ftoa+0xa2>
100029f4:	e17e      	b.n	10002cf4 <_ftoa+0x3a0>
100029f6:	a906      	add	r1, sp, #24
100029f8:	468c      	mov	ip, r1
100029fa:	002c      	movs	r4, r5
100029fc:	2217      	movs	r2, #23
100029fe:	2300      	movs	r3, #0
10002a00:	2130      	movs	r1, #48	@ 0x30
10002a02:	3c09      	subs	r4, #9
10002a04:	4462      	add	r2, ip
10002a06:	3301      	adds	r3, #1
10002a08:	54d1      	strb	r1, [r2, r3]
10002a0a:	1aef      	subs	r7, r5, r3
10002a0c:	2b20      	cmp	r3, #32
10002a0e:	d100      	bne.n	10002a12 <_ftoa+0xbe>
10002a10:	e132      	b.n	10002c78 <_ftoa+0x324>
10002a12:	42a3      	cmp	r3, r4
10002a14:	d1f7      	bne.n	10002a06 <_ftoa+0xb2>
10002a16:	2200      	movs	r2, #0
10002a18:	4ba4      	ldr	r3, [pc, #656]	@ (10002cac <_ftoa+0x358>)
10002a1a:	9206      	str	r2, [sp, #24]
10002a1c:	9307      	str	r3, [sp, #28]
10002a1e:	981e      	ldr	r0, [sp, #120]	@ 0x78
10002a20:	991f      	ldr	r1, [sp, #124]	@ 0x7c
10002a22:	f7ff fb1f 	bl	10002064 <__wrap___aeabi_d2iz>
10002a26:	0005      	movs	r5, r0
10002a28:	f7ff fb04 	bl	10002034 <__wrap___aeabi_i2d>
10002a2c:	0002      	movs	r2, r0
10002a2e:	000b      	movs	r3, r1
10002a30:	981e      	ldr	r0, [sp, #120]	@ 0x78
10002a32:	991f      	ldr	r1, [sp, #124]	@ 0x7c
10002a34:	f7ff fa77 	bl	10001f26 <__wrap___aeabi_dsub>
10002a38:	9a06      	ldr	r2, [sp, #24]
10002a3a:	9b07      	ldr	r3, [sp, #28]
10002a3c:	f7ff fa97 	bl	10001f6e <__wrap___aeabi_dmul>
10002a40:	9008      	str	r0, [sp, #32]
10002a42:	9109      	str	r1, [sp, #36]	@ 0x24
10002a44:	f7ff fb32 	bl	100020ac <__wrap___aeabi_d2uiz>
10002a48:	0006      	movs	r6, r0
10002a4a:	f7ff faef 	bl	1000202c <__wrap___aeabi_ui2d>
10002a4e:	0002      	movs	r2, r0
10002a50:	000b      	movs	r3, r1
10002a52:	9808      	ldr	r0, [sp, #32]
10002a54:	9909      	ldr	r1, [sp, #36]	@ 0x24
10002a56:	f7ff fa66 	bl	10001f26 <__wrap___aeabi_dsub>
10002a5a:	2200      	movs	r2, #0
10002a5c:	4b95      	ldr	r3, [pc, #596]	@ (10002cb4 <_ftoa+0x360>)
10002a5e:	9008      	str	r0, [sp, #32]
10002a60:	9109      	str	r1, [sp, #36]	@ 0x24
10002a62:	f7ff fad1 	bl	10002008 <__wrap___aeabi_dcmpgt>
10002a66:	2800      	cmp	r0, #0
10002a68:	d100      	bne.n	10002a6c <_ftoa+0x118>
10002a6a:	e0d2      	b.n	10002c12 <_ftoa+0x2be>
10002a6c:	3601      	adds	r6, #1
10002a6e:	0030      	movs	r0, r6
10002a70:	f7ff fadc 	bl	1000202c <__wrap___aeabi_ui2d>
10002a74:	9a06      	ldr	r2, [sp, #24]
10002a76:	9b07      	ldr	r3, [sp, #28]
10002a78:	f7ff fabe 	bl	10001ff8 <__wrap___aeabi_dcmpge>
10002a7c:	2800      	cmp	r0, #0
10002a7e:	d001      	beq.n	10002a84 <_ftoa+0x130>
10002a80:	2600      	movs	r6, #0
10002a82:	3501      	adds	r5, #1
10002a84:	46aa      	mov	sl, r5
10002a86:	2f00      	cmp	r7, #0
10002a88:	d000      	beq.n	10002a8c <_ftoa+0x138>
10002a8a:	e098      	b.n	10002bbe <_ftoa+0x26a>
10002a8c:	0028      	movs	r0, r5
10002a8e:	f7ff fad1 	bl	10002034 <__wrap___aeabi_i2d>
10002a92:	0002      	movs	r2, r0
10002a94:	000b      	movs	r3, r1
10002a96:	981e      	ldr	r0, [sp, #120]	@ 0x78
10002a98:	991f      	ldr	r1, [sp, #124]	@ 0x7c
10002a9a:	f7ff fa44 	bl	10001f26 <__wrap___aeabi_dsub>
10002a9e:	4b85      	ldr	r3, [pc, #532]	@ (10002cb4 <_ftoa+0x360>)
10002aa0:	2200      	movs	r2, #0
10002aa2:	0006      	movs	r6, r0
10002aa4:	000f      	movs	r7, r1
10002aa6:	f7ff faa1 	bl	10001fec <__wrap___aeabi_dcmplt>
10002aaa:	ab0c      	add	r3, sp, #48	@ 0x30
10002aac:	469a      	mov	sl, r3
10002aae:	2800      	cmp	r0, #0
10002ab0:	d145      	bne.n	10002b3e <_ftoa+0x1ea>
10002ab2:	2200      	movs	r2, #0
10002ab4:	0030      	movs	r0, r6
10002ab6:	0039      	movs	r1, r7
10002ab8:	4b7e      	ldr	r3, [pc, #504]	@ (10002cb4 <_ftoa+0x360>)
10002aba:	f7ff faa5 	bl	10002008 <__wrap___aeabi_dcmpgt>
10002abe:	2800      	cmp	r0, #0
10002ac0:	d13d      	bne.n	10002b3e <_ftoa+0x1ea>
10002ac2:	07eb      	lsls	r3, r5, #31
10002ac4:	d53b      	bpl.n	10002b3e <_ftoa+0x1ea>
10002ac6:	3501      	adds	r5, #1
10002ac8:	e039      	b.n	10002b3e <_ftoa+0x1ea>
10002aca:	9b22      	ldr	r3, [sp, #136]	@ 0x88
10002acc:	4642      	mov	r2, r8
10002ace:	9304      	str	r3, [sp, #16]
10002ad0:	9b21      	ldr	r3, [sp, #132]	@ 0x84
10002ad2:	4659      	mov	r1, fp
10002ad4:	9303      	str	r3, [sp, #12]
10002ad6:	980a      	ldr	r0, [sp, #40]	@ 0x28
10002ad8:	9b1e      	ldr	r3, [sp, #120]	@ 0x78
10002ada:	9c1f      	ldr	r4, [sp, #124]	@ 0x7c
10002adc:	9502      	str	r5, [sp, #8]
10002ade:	9300      	str	r3, [sp, #0]
10002ae0:	9401      	str	r4, [sp, #4]
10002ae2:	464b      	mov	r3, r9
10002ae4:	f7ff fd0c 	bl	10002500 <_etoa>
10002ae8:	b015      	add	sp, #84	@ 0x54
10002aea:	bcf0      	pop	{r4, r5, r6, r7}
10002aec:	46bb      	mov	fp, r7
10002aee:	46b2      	mov	sl, r6
10002af0:	46a9      	mov	r9, r5
10002af2:	46a0      	mov	r8, r4
10002af4:	bdf0      	pop	{r4, r5, r6, r7, pc}
10002af6:	9b22      	ldr	r3, [sp, #136]	@ 0x88
10002af8:	075b      	lsls	r3, r3, #29
10002afa:	d467      	bmi.n	10002bcc <_ftoa+0x278>
10002afc:	2203      	movs	r2, #3
10002afe:	4b6e      	ldr	r3, [pc, #440]	@ (10002cb8 <_ftoa+0x364>)
10002b00:	9922      	ldr	r1, [sp, #136]	@ 0x88
10002b02:	9201      	str	r2, [sp, #4]
10002b04:	9103      	str	r1, [sp, #12]
10002b06:	9921      	ldr	r1, [sp, #132]	@ 0x84
10002b08:	9102      	str	r1, [sp, #8]
10002b0a:	9300      	str	r3, [sp, #0]
10002b0c:	4642      	mov	r2, r8
10002b0e:	464b      	mov	r3, r9
10002b10:	4659      	mov	r1, fp
10002b12:	980a      	ldr	r0, [sp, #40]	@ 0x28
10002b14:	f7ff fba2 	bl	1000225c <_out_rev>
10002b18:	e7e6      	b.n	10002ae8 <_ftoa+0x194>
10002b1a:	aa06      	add	r2, sp, #24
10002b1c:	4694      	mov	ip, r2
10002b1e:	2317      	movs	r3, #23
10002b20:	0028      	movs	r0, r5
10002b22:	4463      	add	r3, ip
10002b24:	210a      	movs	r1, #10
10002b26:	3401      	adds	r4, #1
10002b28:	191e      	adds	r6, r3, r4
10002b2a:	f7fe ff99 	bl	10001a60 <__wrap___aeabi_idiv>
10002b2e:	3130      	adds	r1, #48	@ 0x30
10002b30:	0028      	movs	r0, r5
10002b32:	7031      	strb	r1, [r6, #0]
10002b34:	210a      	movs	r1, #10
10002b36:	f7fe ff93 	bl	10001a60 <__wrap___aeabi_idiv>
10002b3a:	1e05      	subs	r5, r0, #0
10002b3c:	d076      	beq.n	10002c2c <_ftoa+0x2d8>
10002b3e:	2c20      	cmp	r4, #32
10002b40:	d1eb      	bne.n	10002b1a <_ftoa+0x1c6>
10002b42:	2303      	movs	r3, #3
10002b44:	9a22      	ldr	r2, [sp, #136]	@ 0x88
10002b46:	4013      	ands	r3, r2
10002b48:	2b01      	cmp	r3, #1
10002b4a:	d11d      	bne.n	10002b88 <_ftoa+0x234>
10002b4c:	9b21      	ldr	r3, [sp, #132]	@ 0x84
10002b4e:	2b00      	cmp	r3, #0
10002b50:	d01a      	beq.n	10002b88 <_ftoa+0x234>
10002b52:	9b0b      	ldr	r3, [sp, #44]	@ 0x2c
10002b54:	2b00      	cmp	r3, #0
10002b56:	d000      	beq.n	10002b5a <_ftoa+0x206>
10002b58:	e0bb      	b.n	10002cd2 <_ftoa+0x37e>
10002b5a:	9a22      	ldr	r2, [sp, #136]	@ 0x88
10002b5c:	330c      	adds	r3, #12
10002b5e:	4213      	tst	r3, r2
10002b60:	d000      	beq.n	10002b64 <_ftoa+0x210>
10002b62:	e0b6      	b.n	10002cd2 <_ftoa+0x37e>
10002b64:	9b21      	ldr	r3, [sp, #132]	@ 0x84
10002b66:	42a3      	cmp	r3, r4
10002b68:	d800      	bhi.n	10002b6c <_ftoa+0x218>
10002b6a:	e087      	b.n	10002c7c <_ftoa+0x328>
10002b6c:	ab06      	add	r3, sp, #24
10002b6e:	469c      	mov	ip, r3
10002b70:	2217      	movs	r2, #23
10002b72:	2330      	movs	r3, #48	@ 0x30
10002b74:	4462      	add	r2, ip
10002b76:	e004      	b.n	10002b82 <_ftoa+0x22e>
10002b78:	9921      	ldr	r1, [sp, #132]	@ 0x84
10002b7a:	3401      	adds	r4, #1
10002b7c:	5513      	strb	r3, [r2, r4]
10002b7e:	428c      	cmp	r4, r1
10002b80:	d059      	beq.n	10002c36 <_ftoa+0x2e2>
10002b82:	2c20      	cmp	r4, #32
10002b84:	d1f8      	bne.n	10002b78 <_ftoa+0x224>
10002b86:	2420      	movs	r4, #32
10002b88:	9b22      	ldr	r3, [sp, #136]	@ 0x88
10002b8a:	9401      	str	r4, [sp, #4]
10002b8c:	9303      	str	r3, [sp, #12]
10002b8e:	9b21      	ldr	r3, [sp, #132]	@ 0x84
10002b90:	9302      	str	r3, [sp, #8]
10002b92:	4653      	mov	r3, sl
10002b94:	e7b9      	b.n	10002b0a <_ftoa+0x1b6>
10002b96:	aa06      	add	r2, sp, #24
10002b98:	4694      	mov	ip, r2
10002b9a:	2317      	movs	r3, #23
10002b9c:	210a      	movs	r1, #10
10002b9e:	4463      	add	r3, ip
10002ba0:	0030      	movs	r0, r6
10002ba2:	3401      	adds	r4, #1
10002ba4:	191d      	adds	r5, r3, r4
10002ba6:	f7fe ff83 	bl	10001ab0 <__wrap___aeabi_uidiv>
10002baa:	3130      	adds	r1, #48	@ 0x30
10002bac:	7029      	strb	r1, [r5, #0]
10002bae:	0030      	movs	r0, r6
10002bb0:	210a      	movs	r1, #10
10002bb2:	3f01      	subs	r7, #1
10002bb4:	f7fe ff7c 	bl	10001ab0 <__wrap___aeabi_uidiv>
10002bb8:	2e09      	cmp	r6, #9
10002bba:	d946      	bls.n	10002c4a <_ftoa+0x2f6>
10002bbc:	0006      	movs	r6, r0
10002bbe:	2c20      	cmp	r4, #32
10002bc0:	d1e9      	bne.n	10002b96 <_ftoa+0x242>
10002bc2:	4655      	mov	r5, sl
10002bc4:	ab0c      	add	r3, sp, #48	@ 0x30
10002bc6:	2420      	movs	r4, #32
10002bc8:	469a      	mov	sl, r3
10002bca:	e7b8      	b.n	10002b3e <_ftoa+0x1ea>
10002bcc:	2204      	movs	r2, #4
10002bce:	4b3b      	ldr	r3, [pc, #236]	@ (10002cbc <_ftoa+0x368>)
10002bd0:	e796      	b.n	10002b00 <_ftoa+0x1ac>
10002bd2:	9a1e      	ldr	r2, [sp, #120]	@ 0x78
10002bd4:	9b1f      	ldr	r3, [sp, #124]	@ 0x7c
10002bd6:	2000      	movs	r0, #0
10002bd8:	2100      	movs	r1, #0
10002bda:	f7ff f9a4 	bl	10001f26 <__wrap___aeabi_dsub>
10002bde:	2301      	movs	r3, #1
10002be0:	930b      	str	r3, [sp, #44]	@ 0x2c
10002be2:	2380      	movs	r3, #128	@ 0x80
10002be4:	9c22      	ldr	r4, [sp, #136]	@ 0x88
10002be6:	9a22      	ldr	r2, [sp, #136]	@ 0x88
10002be8:	00db      	lsls	r3, r3, #3
10002bea:	901e      	str	r0, [sp, #120]	@ 0x78
10002bec:	911f      	str	r1, [sp, #124]	@ 0x7c
10002bee:	401c      	ands	r4, r3
10002bf0:	421a      	tst	r2, r3
10002bf2:	d000      	beq.n	10002bf6 <_ftoa+0x2a2>
10002bf4:	e6fc      	b.n	100029f0 <_ftoa+0x9c>
10002bf6:	2200      	movs	r2, #0
10002bf8:	4b31      	ldr	r3, [pc, #196]	@ (10002cc0 <_ftoa+0x36c>)
10002bfa:	2706      	movs	r7, #6
10002bfc:	9206      	str	r2, [sp, #24]
10002bfe:	9307      	str	r3, [sp, #28]
10002c00:	e70d      	b.n	10002a1e <_ftoa+0xca>
10002c02:	9b22      	ldr	r3, [sp, #136]	@ 0x88
10002c04:	9303      	str	r3, [sp, #12]
10002c06:	9b21      	ldr	r3, [sp, #132]	@ 0x84
10002c08:	9302      	str	r3, [sp, #8]
10002c0a:	2304      	movs	r3, #4
10002c0c:	9301      	str	r3, [sp, #4]
10002c0e:	4b2d      	ldr	r3, [pc, #180]	@ (10002cc4 <_ftoa+0x370>)
10002c10:	e77b      	b.n	10002b0a <_ftoa+0x1b6>
10002c12:	2200      	movs	r2, #0
10002c14:	9808      	ldr	r0, [sp, #32]
10002c16:	9909      	ldr	r1, [sp, #36]	@ 0x24
10002c18:	4b26      	ldr	r3, [pc, #152]	@ (10002cb4 <_ftoa+0x360>)
10002c1a:	f7ff f9e7 	bl	10001fec <__wrap___aeabi_dcmplt>
10002c1e:	2800      	cmp	r0, #0
10002c20:	d000      	beq.n	10002c24 <_ftoa+0x2d0>
10002c22:	e72f      	b.n	10002a84 <_ftoa+0x130>
10002c24:	2e00      	cmp	r6, #0
10002c26:	d14f      	bne.n	10002cc8 <_ftoa+0x374>
10002c28:	3601      	adds	r6, #1
10002c2a:	e72b      	b.n	10002a84 <_ftoa+0x130>
10002c2c:	2303      	movs	r3, #3
10002c2e:	9a22      	ldr	r2, [sp, #136]	@ 0x88
10002c30:	4013      	ands	r3, r2
10002c32:	2b01      	cmp	r3, #1
10002c34:	d068      	beq.n	10002d08 <_ftoa+0x3b4>
10002c36:	2c20      	cmp	r4, #32
10002c38:	d0a6      	beq.n	10002b88 <_ftoa+0x234>
10002c3a:	9b0b      	ldr	r3, [sp, #44]	@ 0x2c
10002c3c:	2b00      	cmp	r3, #0
10002c3e:	d01f      	beq.n	10002c80 <_ftoa+0x32c>
10002c40:	232d      	movs	r3, #45	@ 0x2d
10002c42:	4652      	mov	r2, sl
10002c44:	5513      	strb	r3, [r2, r4]
10002c46:	3401      	adds	r4, #1
10002c48:	e79e      	b.n	10002b88 <_ftoa+0x234>
10002c4a:	4655      	mov	r5, sl
10002c4c:	2c20      	cmp	r4, #32
10002c4e:	d0b9      	beq.n	10002bc4 <_ftoa+0x270>
10002c50:	2230      	movs	r2, #48	@ 0x30
10002c52:	193b      	adds	r3, r7, r4
10002c54:	2f00      	cmp	r7, #0
10002c56:	d04b      	beq.n	10002cf0 <_ftoa+0x39c>
10002c58:	2017      	movs	r0, #23
10002c5a:	a906      	add	r1, sp, #24
10002c5c:	3401      	adds	r4, #1
10002c5e:	1809      	adds	r1, r1, r0
10002c60:	550a      	strb	r2, [r1, r4]
10002c62:	2c20      	cmp	r4, #32
10002c64:	d0ae      	beq.n	10002bc4 <_ftoa+0x270>
10002c66:	429c      	cmp	r4, r3
10002c68:	d1f6      	bne.n	10002c58 <_ftoa+0x304>
10002c6a:	aa0c      	add	r2, sp, #48	@ 0x30
10002c6c:	4692      	mov	sl, r2
10002c6e:	222e      	movs	r2, #46	@ 0x2e
10002c70:	4651      	mov	r1, sl
10002c72:	1c5c      	adds	r4, r3, #1
10002c74:	54ca      	strb	r2, [r1, r3]
10002c76:	e762      	b.n	10002b3e <_ftoa+0x1ea>
10002c78:	2420      	movs	r4, #32
10002c7a:	e6cc      	b.n	10002a16 <_ftoa+0xc2>
10002c7c:	2c20      	cmp	r4, #32
10002c7e:	d083      	beq.n	10002b88 <_ftoa+0x234>
10002c80:	9b22      	ldr	r3, [sp, #136]	@ 0x88
10002c82:	075b      	lsls	r3, r3, #29
10002c84:	d408      	bmi.n	10002c98 <_ftoa+0x344>
10002c86:	9b22      	ldr	r3, [sp, #136]	@ 0x88
10002c88:	071b      	lsls	r3, r3, #28
10002c8a:	d400      	bmi.n	10002c8e <_ftoa+0x33a>
10002c8c:	e77c      	b.n	10002b88 <_ftoa+0x234>
10002c8e:	2320      	movs	r3, #32
10002c90:	4652      	mov	r2, sl
10002c92:	5513      	strb	r3, [r2, r4]
10002c94:	3401      	adds	r4, #1
10002c96:	e777      	b.n	10002b88 <_ftoa+0x234>
10002c98:	232b      	movs	r3, #43	@ 0x2b
10002c9a:	4652      	mov	r2, sl
10002c9c:	5513      	strb	r3, [r2, r4]
10002c9e:	3401      	adds	r4, #1
10002ca0:	e772      	b.n	10002b88 <_ftoa+0x234>
10002ca2:	46c0      	nop			@ (mov r8, r8)
10002ca4:	ffefffff 	.word	0xffefffff
10002ca8:	7fefffff 	.word	0x7fefffff
10002cac:	41cdcd65 	.word	0x41cdcd65
10002cb0:	c1cdcd65 	.word	0xc1cdcd65
10002cb4:	3fe00000 	.word	0x3fe00000
10002cb8:	10007ce4 	.word	0x10007ce4
10002cbc:	10007cdc 	.word	0x10007cdc
10002cc0:	412e8480 	.word	0x412e8480
10002cc4:	10007cec 	.word	0x10007cec
10002cc8:	07f3      	lsls	r3, r6, #31
10002cca:	d400      	bmi.n	10002cce <_ftoa+0x37a>
10002ccc:	e6da      	b.n	10002a84 <_ftoa+0x130>
10002cce:	3601      	adds	r6, #1
10002cd0:	e6d8      	b.n	10002a84 <_ftoa+0x130>
10002cd2:	9b21      	ldr	r3, [sp, #132]	@ 0x84
10002cd4:	3b01      	subs	r3, #1
10002cd6:	9321      	str	r3, [sp, #132]	@ 0x84
10002cd8:	42a3      	cmp	r3, r4
10002cda:	d900      	bls.n	10002cde <_ftoa+0x38a>
10002cdc:	e746      	b.n	10002b6c <_ftoa+0x218>
10002cde:	e7aa      	b.n	10002c36 <_ftoa+0x2e2>
10002ce0:	9b22      	ldr	r3, [sp, #136]	@ 0x88
10002ce2:	9303      	str	r3, [sp, #12]
10002ce4:	9b21      	ldr	r3, [sp, #132]	@ 0x84
10002ce6:	9302      	str	r3, [sp, #8]
10002ce8:	2303      	movs	r3, #3
10002cea:	9301      	str	r3, [sp, #4]
10002cec:	4b08      	ldr	r3, [pc, #32]	@ (10002d10 <_ftoa+0x3bc>)
10002cee:	e70c      	b.n	10002b0a <_ftoa+0x1b6>
10002cf0:	0023      	movs	r3, r4
10002cf2:	e7ba      	b.n	10002c6a <_ftoa+0x316>
10002cf4:	4b07      	ldr	r3, [pc, #28]	@ (10002d14 <_ftoa+0x3c0>)
10002cf6:	00ea      	lsls	r2, r5, #3
10002cf8:	189b      	adds	r3, r3, r2
10002cfa:	685c      	ldr	r4, [r3, #4]
10002cfc:	681b      	ldr	r3, [r3, #0]
10002cfe:	002f      	movs	r7, r5
10002d00:	9306      	str	r3, [sp, #24]
10002d02:	9407      	str	r4, [sp, #28]
10002d04:	2400      	movs	r4, #0
10002d06:	e68a      	b.n	10002a1e <_ftoa+0xca>
10002d08:	9b21      	ldr	r3, [sp, #132]	@ 0x84
10002d0a:	2b00      	cmp	r3, #0
10002d0c:	d093      	beq.n	10002c36 <_ftoa+0x2e2>
10002d0e:	e720      	b.n	10002b52 <_ftoa+0x1fe>
10002d10:	10007ce8 	.word	0x10007ce8
10002d14:	10007e90 	.word	0x10007e90

10002d18 <_vsnprintf>:
10002d18:	b5f0      	push	{r4, r5, r6, r7, lr}
10002d1a:	46de      	mov	lr, fp
10002d1c:	4657      	mov	r7, sl
10002d1e:	464e      	mov	r6, r9
10002d20:	4645      	mov	r5, r8
10002d22:	b5e0      	push	{r5, r6, r7, lr}
10002d24:	b09f      	sub	sp, #124	@ 0x7c
10002d26:	001c      	movs	r4, r3
10002d28:	9b28      	ldr	r3, [sp, #160]	@ 0xa0
10002d2a:	4693      	mov	fp, r2
10002d2c:	930a      	str	r3, [sp, #40]	@ 0x28
10002d2e:	4acc      	ldr	r2, [pc, #816]	@ (10003060 <_vsnprintf+0x348>)
10002d30:	4bcc      	ldr	r3, [pc, #816]	@ (10003064 <_vsnprintf+0x34c>)
10002d32:	468a      	mov	sl, r1
10002d34:	9009      	str	r0, [sp, #36]	@ 0x24
10002d36:	601a      	str	r2, [r3, #0]
10002d38:	2900      	cmp	r1, #0
10002d3a:	d100      	bne.n	10002d3e <_vsnprintf+0x26>
10002d3c:	e14d      	b.n	10002fda <_vsnprintf+0x2c2>
10002d3e:	2300      	movs	r3, #0
10002d40:	7820      	ldrb	r0, [r4, #0]
10002d42:	4699      	mov	r9, r3
10002d44:	2800      	cmp	r0, #0
10002d46:	d100      	bne.n	10002d4a <_vsnprintf+0x32>
10002d48:	e14f      	b.n	10002fea <_vsnprintf+0x2d2>
10002d4a:	4bc7      	ldr	r3, [pc, #796]	@ (10003068 <_vsnprintf+0x350>)
10002d4c:	464d      	mov	r5, r9
10002d4e:	9308      	str	r3, [sp, #32]
10002d50:	4bc6      	ldr	r3, [pc, #792]	@ (1000306c <_vsnprintf+0x354>)
10002d52:	930d      	str	r3, [sp, #52]	@ 0x34
10002d54:	e00a      	b.n	10002d6c <_vsnprintf+0x54>
10002d56:	002a      	movs	r2, r5
10002d58:	1c6e      	adds	r6, r5, #1
10002d5a:	465b      	mov	r3, fp
10002d5c:	9d09      	ldr	r5, [sp, #36]	@ 0x24
10002d5e:	4651      	mov	r1, sl
10002d60:	47a8      	blx	r5
10002d62:	0035      	movs	r5, r6
10002d64:	3401      	adds	r4, #1
10002d66:	7820      	ldrb	r0, [r4, #0]
10002d68:	2800      	cmp	r0, #0
10002d6a:	d072      	beq.n	10002e52 <_vsnprintf+0x13a>
10002d6c:	2825      	cmp	r0, #37	@ 0x25
10002d6e:	d1f2      	bne.n	10002d56 <_vsnprintf+0x3e>
10002d70:	2310      	movs	r3, #16
10002d72:	4699      	mov	r9, r3
10002d74:	3b08      	subs	r3, #8
10002d76:	4698      	mov	r8, r3
10002d78:	3b04      	subs	r3, #4
10002d7a:	2100      	movs	r1, #0
10002d7c:	469c      	mov	ip, r3
10002d7e:	2702      	movs	r7, #2
10002d80:	3401      	adds	r4, #1
10002d82:	7820      	ldrb	r0, [r4, #0]
10002d84:	0026      	movs	r6, r4
10002d86:	0003      	movs	r3, r0
10002d88:	3b20      	subs	r3, #32
10002d8a:	b2db      	uxtb	r3, r3
10002d8c:	2b10      	cmp	r3, #16
10002d8e:	d803      	bhi.n	10002d98 <_vsnprintf+0x80>
10002d90:	9a08      	ldr	r2, [sp, #32]
10002d92:	009b      	lsls	r3, r3, #2
10002d94:	58d3      	ldr	r3, [r2, r3]
10002d96:	469f      	mov	pc, r3
10002d98:	0003      	movs	r3, r0
10002d9a:	3b30      	subs	r3, #48	@ 0x30
10002d9c:	2b09      	cmp	r3, #9
10002d9e:	d96e      	bls.n	10002e7e <_vsnprintf+0x166>
10002da0:	2700      	movs	r7, #0
10002da2:	282a      	cmp	r0, #42	@ 0x2a
10002da4:	d100      	bne.n	10002da8 <_vsnprintf+0x90>
10002da6:	e08a      	b.n	10002ebe <_vsnprintf+0x1a6>
10002da8:	2300      	movs	r3, #0
10002daa:	930b      	str	r3, [sp, #44]	@ 0x2c
10002dac:	282e      	cmp	r0, #46	@ 0x2e
10002dae:	d100      	bne.n	10002db2 <_vsnprintf+0x9a>
10002db0:	e076      	b.n	10002ea0 <_vsnprintf+0x188>
10002db2:	0003      	movs	r3, r0
10002db4:	3b68      	subs	r3, #104	@ 0x68
10002db6:	b2db      	uxtb	r3, r3
10002db8:	2b12      	cmp	r3, #18
10002dba:	d81b      	bhi.n	10002df4 <_vsnprintf+0xdc>
10002dbc:	4cac      	ldr	r4, [pc, #688]	@ (10003070 <_vsnprintf+0x358>)
10002dbe:	009b      	lsls	r3, r3, #2
10002dc0:	58e3      	ldr	r3, [r4, r3]
10002dc2:	469f      	mov	pc, r3
10002dc4:	2301      	movs	r3, #1
10002dc6:	3401      	adds	r4, #1
10002dc8:	4319      	orrs	r1, r3
10002dca:	e7da      	b.n	10002d82 <_vsnprintf+0x6a>
10002dcc:	4339      	orrs	r1, r7
10002dce:	3401      	adds	r4, #1
10002dd0:	e7d7      	b.n	10002d82 <_vsnprintf+0x6a>
10002dd2:	4663      	mov	r3, ip
10002dd4:	3401      	adds	r4, #1
10002dd6:	4319      	orrs	r1, r3
10002dd8:	e7d3      	b.n	10002d82 <_vsnprintf+0x6a>
10002dda:	464b      	mov	r3, r9
10002ddc:	3401      	adds	r4, #1
10002dde:	4319      	orrs	r1, r3
10002de0:	e7cf      	b.n	10002d82 <_vsnprintf+0x6a>
10002de2:	4643      	mov	r3, r8
10002de4:	3401      	adds	r4, #1
10002de6:	4319      	orrs	r1, r3
10002de8:	e7cb      	b.n	10002d82 <_vsnprintf+0x6a>
10002dea:	2380      	movs	r3, #128	@ 0x80
10002dec:	005b      	lsls	r3, r3, #1
10002dee:	7870      	ldrb	r0, [r6, #1]
10002df0:	4319      	orrs	r1, r3
10002df2:	3601      	adds	r6, #1
10002df4:	2867      	cmp	r0, #103	@ 0x67
10002df6:	d80a      	bhi.n	10002e0e <_vsnprintf+0xf6>
10002df8:	2824      	cmp	r0, #36	@ 0x24
10002dfa:	d91f      	bls.n	10002e3c <_vsnprintf+0x124>
10002dfc:	0003      	movs	r3, r0
10002dfe:	3b25      	subs	r3, #37	@ 0x25
10002e00:	b2db      	uxtb	r3, r3
10002e02:	2b42      	cmp	r3, #66	@ 0x42
10002e04:	d81a      	bhi.n	10002e3c <_vsnprintf+0x124>
10002e06:	9a0d      	ldr	r2, [sp, #52]	@ 0x34
10002e08:	009b      	lsls	r3, r3, #2
10002e0a:	58d3      	ldr	r3, [r2, r3]
10002e0c:	469f      	mov	pc, r3
10002e0e:	0003      	movs	r3, r0
10002e10:	3b69      	subs	r3, #105	@ 0x69
10002e12:	b2db      	uxtb	r3, r3
10002e14:	2b0f      	cmp	r3, #15
10002e16:	d811      	bhi.n	10002e3c <_vsnprintf+0x124>
10002e18:	2401      	movs	r4, #1
10002e1a:	409c      	lsls	r4, r3
10002e1c:	4a95      	ldr	r2, [pc, #596]	@ (10003074 <_vsnprintf+0x35c>)
10002e1e:	46a4      	mov	ip, r4
10002e20:	4690      	mov	r8, r2
10002e22:	4014      	ands	r4, r2
10002e24:	940c      	str	r4, [sp, #48]	@ 0x30
10002e26:	4662      	mov	r2, ip
10002e28:	4644      	mov	r4, r8
10002e2a:	4222      	tst	r2, r4
10002e2c:	d000      	beq.n	10002e30 <_vsnprintf+0x118>
10002e2e:	e225      	b.n	1000327c <_vsnprintf+0x564>
10002e30:	2b0a      	cmp	r3, #10
10002e32:	d100      	bne.n	10002e36 <_vsnprintf+0x11e>
10002e34:	e101      	b.n	1000303a <_vsnprintf+0x322>
10002e36:	2b07      	cmp	r3, #7
10002e38:	d100      	bne.n	10002e3c <_vsnprintf+0x124>
10002e3a:	e0d8      	b.n	10002fee <_vsnprintf+0x2d6>
10002e3c:	9c09      	ldr	r4, [sp, #36]	@ 0x24
10002e3e:	002a      	movs	r2, r5
10002e40:	465b      	mov	r3, fp
10002e42:	4651      	mov	r1, sl
10002e44:	47a0      	blx	r4
10002e46:	7870      	ldrb	r0, [r6, #1]
10002e48:	1c6f      	adds	r7, r5, #1
10002e4a:	1c74      	adds	r4, r6, #1
10002e4c:	003d      	movs	r5, r7
10002e4e:	2800      	cmp	r0, #0
10002e50:	d18c      	bne.n	10002d6c <_vsnprintf+0x54>
10002e52:	46a9      	mov	r9, r5
10002e54:	002c      	movs	r4, r5
10002e56:	45cb      	cmp	fp, r9
10002e58:	d803      	bhi.n	10002e62 <_vsnprintf+0x14a>
10002e5a:	2301      	movs	r3, #1
10002e5c:	425b      	negs	r3, r3
10002e5e:	445b      	add	r3, fp
10002e60:	4699      	mov	r9, r3
10002e62:	465b      	mov	r3, fp
10002e64:	464a      	mov	r2, r9
10002e66:	4651      	mov	r1, sl
10002e68:	2000      	movs	r0, #0
10002e6a:	9d09      	ldr	r5, [sp, #36]	@ 0x24
10002e6c:	47a8      	blx	r5
10002e6e:	0020      	movs	r0, r4
10002e70:	b01f      	add	sp, #124	@ 0x7c
10002e72:	bcf0      	pop	{r4, r5, r6, r7}
10002e74:	46bb      	mov	fp, r7
10002e76:	46b2      	mov	sl, r6
10002e78:	46a9      	mov	r9, r5
10002e7a:	46a0      	mov	r8, r4
10002e7c:	bdf0      	pop	{r4, r5, r6, r7, pc}
10002e7e:	2700      	movs	r7, #0
10002e80:	00bb      	lsls	r3, r7, #2
10002e82:	19df      	adds	r7, r3, r7
10002e84:	3601      	adds	r6, #1
10002e86:	007f      	lsls	r7, r7, #1
10002e88:	183f      	adds	r7, r7, r0
10002e8a:	7830      	ldrb	r0, [r6, #0]
10002e8c:	3f30      	subs	r7, #48	@ 0x30
10002e8e:	0003      	movs	r3, r0
10002e90:	3b30      	subs	r3, #48	@ 0x30
10002e92:	2b09      	cmp	r3, #9
10002e94:	d9f4      	bls.n	10002e80 <_vsnprintf+0x168>
10002e96:	2300      	movs	r3, #0
10002e98:	930b      	str	r3, [sp, #44]	@ 0x2c
10002e9a:	282e      	cmp	r0, #46	@ 0x2e
10002e9c:	d000      	beq.n	10002ea0 <_vsnprintf+0x188>
10002e9e:	e788      	b.n	10002db2 <_vsnprintf+0x9a>
10002ea0:	2380      	movs	r3, #128	@ 0x80
10002ea2:	7870      	ldrb	r0, [r6, #1]
10002ea4:	00db      	lsls	r3, r3, #3
10002ea6:	4319      	orrs	r1, r3
10002ea8:	0003      	movs	r3, r0
10002eaa:	3b30      	subs	r3, #48	@ 0x30
10002eac:	1c74      	adds	r4, r6, #1
10002eae:	2b09      	cmp	r3, #9
10002eb0:	d800      	bhi.n	10002eb4 <_vsnprintf+0x19c>
10002eb2:	e12c      	b.n	1000310e <_vsnprintf+0x3f6>
10002eb4:	282a      	cmp	r0, #42	@ 0x2a
10002eb6:	d100      	bne.n	10002eba <_vsnprintf+0x1a2>
10002eb8:	e138      	b.n	1000312c <_vsnprintf+0x414>
10002eba:	0026      	movs	r6, r4
10002ebc:	e779      	b.n	10002db2 <_vsnprintf+0x9a>
10002ebe:	9b0a      	ldr	r3, [sp, #40]	@ 0x28
10002ec0:	cb80      	ldmia	r3!, {r7}
10002ec2:	2f00      	cmp	r7, #0
10002ec4:	db03      	blt.n	10002ece <_vsnprintf+0x1b6>
10002ec6:	7860      	ldrb	r0, [r4, #1]
10002ec8:	930a      	str	r3, [sp, #40]	@ 0x28
10002eca:	1c66      	adds	r6, r4, #1
10002ecc:	e76c      	b.n	10002da8 <_vsnprintf+0x90>
10002ece:	2202      	movs	r2, #2
10002ed0:	7860      	ldrb	r0, [r4, #1]
10002ed2:	4311      	orrs	r1, r2
10002ed4:	427f      	negs	r7, r7
10002ed6:	930a      	str	r3, [sp, #40]	@ 0x28
10002ed8:	1c66      	adds	r6, r4, #1
10002eda:	e765      	b.n	10002da8 <_vsnprintf+0x90>
10002edc:	2867      	cmp	r0, #103	@ 0x67
10002ede:	d100      	bne.n	10002ee2 <_vsnprintf+0x1ca>
10002ee0:	e1c8      	b.n	10003274 <_vsnprintf+0x55c>
10002ee2:	2847      	cmp	r0, #71	@ 0x47
10002ee4:	d100      	bne.n	10002ee8 <_vsnprintf+0x1d0>
10002ee6:	e204      	b.n	100032f2 <_vsnprintf+0x5da>
10002ee8:	2845      	cmp	r0, #69	@ 0x45
10002eea:	d100      	bne.n	10002eee <_vsnprintf+0x1d6>
10002eec:	e204      	b.n	100032f8 <_vsnprintf+0x5e0>
10002eee:	2007      	movs	r0, #7
10002ef0:	9b0a      	ldr	r3, [sp, #40]	@ 0x28
10002ef2:	9104      	str	r1, [sp, #16]
10002ef4:	3307      	adds	r3, #7
10002ef6:	4383      	bics	r3, r0
10002ef8:	0019      	movs	r1, r3
10002efa:	9a0b      	ldr	r2, [sp, #44]	@ 0x2c
10002efc:	9703      	str	r7, [sp, #12]
10002efe:	9202      	str	r2, [sp, #8]
10002f00:	c90c      	ldmia	r1!, {r2, r3}
10002f02:	9809      	ldr	r0, [sp, #36]	@ 0x24
10002f04:	9200      	str	r2, [sp, #0]
10002f06:	9301      	str	r3, [sp, #4]
10002f08:	910a      	str	r1, [sp, #40]	@ 0x28
10002f0a:	002a      	movs	r2, r5
10002f0c:	465b      	mov	r3, fp
10002f0e:	4651      	mov	r1, sl
10002f10:	f7ff faf6 	bl	10002500 <_etoa>
10002f14:	1c74      	adds	r4, r6, #1
10002f16:	0005      	movs	r5, r0
10002f18:	e725      	b.n	10002d66 <_vsnprintf+0x4e>
10002f1a:	7870      	ldrb	r0, [r6, #1]
10002f1c:	286c      	cmp	r0, #108	@ 0x6c
10002f1e:	d100      	bne.n	10002f22 <_vsnprintf+0x20a>
10002f20:	e20d      	b.n	1000333e <_vsnprintf+0x626>
10002f22:	2380      	movs	r3, #128	@ 0x80
10002f24:	005b      	lsls	r3, r3, #1
10002f26:	4319      	orrs	r1, r3
10002f28:	3601      	adds	r6, #1
10002f2a:	e763      	b.n	10002df4 <_vsnprintf+0xdc>
10002f2c:	2380      	movs	r3, #128	@ 0x80
10002f2e:	009b      	lsls	r3, r3, #2
10002f30:	7870      	ldrb	r0, [r6, #1]
10002f32:	4319      	orrs	r1, r3
10002f34:	3601      	adds	r6, #1
10002f36:	e75d      	b.n	10002df4 <_vsnprintf+0xdc>
10002f38:	7870      	ldrb	r0, [r6, #1]
10002f3a:	2868      	cmp	r0, #104	@ 0x68
10002f3c:	d100      	bne.n	10002f40 <_vsnprintf+0x228>
10002f3e:	e1f9      	b.n	10003334 <_vsnprintf+0x61c>
10002f40:	2380      	movs	r3, #128	@ 0x80
10002f42:	3601      	adds	r6, #1
10002f44:	4319      	orrs	r1, r3
10002f46:	e755      	b.n	10002df4 <_vsnprintf+0xdc>
10002f48:	2846      	cmp	r0, #70	@ 0x46
10002f4a:	d100      	bne.n	10002f4e <_vsnprintf+0x236>
10002f4c:	e18f      	b.n	1000326e <_vsnprintf+0x556>
10002f4e:	2007      	movs	r0, #7
10002f50:	9b0a      	ldr	r3, [sp, #40]	@ 0x28
10002f52:	9104      	str	r1, [sp, #16]
10002f54:	3307      	adds	r3, #7
10002f56:	4383      	bics	r3, r0
10002f58:	0019      	movs	r1, r3
10002f5a:	9a0b      	ldr	r2, [sp, #44]	@ 0x2c
10002f5c:	9703      	str	r7, [sp, #12]
10002f5e:	9202      	str	r2, [sp, #8]
10002f60:	c90c      	ldmia	r1!, {r2, r3}
10002f62:	9809      	ldr	r0, [sp, #36]	@ 0x24
10002f64:	9200      	str	r2, [sp, #0]
10002f66:	9301      	str	r3, [sp, #4]
10002f68:	910a      	str	r1, [sp, #40]	@ 0x28
10002f6a:	002a      	movs	r2, r5
10002f6c:	465b      	mov	r3, fp
10002f6e:	4651      	mov	r1, sl
10002f70:	f7ff fcf0 	bl	10002954 <_ftoa>
10002f74:	1c74      	adds	r4, r6, #1
10002f76:	0005      	movs	r5, r0
10002f78:	e6f5      	b.n	10002d66 <_vsnprintf+0x4e>
10002f7a:	002a      	movs	r2, r5
10002f7c:	9c09      	ldr	r4, [sp, #36]	@ 0x24
10002f7e:	465b      	mov	r3, fp
10002f80:	4651      	mov	r1, sl
10002f82:	2025      	movs	r0, #37	@ 0x25
10002f84:	1c6f      	adds	r7, r5, #1
10002f86:	47a0      	blx	r4
10002f88:	003d      	movs	r5, r7
10002f8a:	1c74      	adds	r4, r6, #1
10002f8c:	e6eb      	b.n	10002d66 <_vsnprintf+0x4e>
10002f8e:	0789      	lsls	r1, r1, #30
10002f90:	d400      	bmi.n	10002f94 <_vsnprintf+0x27c>
10002f92:	e1de      	b.n	10003352 <_vsnprintf+0x63a>
10002f94:	9b0a      	ldr	r3, [sp, #40]	@ 0x28
10002f96:	002a      	movs	r2, r5
10002f98:	4698      	mov	r8, r3
10002f9a:	1c6b      	adds	r3, r5, #1
10002f9c:	4699      	mov	r9, r3
10002f9e:	4643      	mov	r3, r8
10002fa0:	cb01      	ldmia	r3!, {r0}
10002fa2:	4651      	mov	r1, sl
10002fa4:	4698      	mov	r8, r3
10002fa6:	9c09      	ldr	r4, [sp, #36]	@ 0x24
10002fa8:	465b      	mov	r3, fp
10002faa:	b2c0      	uxtb	r0, r0
10002fac:	47a0      	blx	r4
10002fae:	19ed      	adds	r5, r5, r7
10002fb0:	2f01      	cmp	r7, #1
10002fb2:	d800      	bhi.n	10002fb6 <_vsnprintf+0x29e>
10002fb4:	e293      	b.n	100034de <_vsnprintf+0x7c6>
10002fb6:	464c      	mov	r4, r9
10002fb8:	46b1      	mov	r9, r6
10002fba:	4656      	mov	r6, sl
10002fbc:	9f09      	ldr	r7, [sp, #36]	@ 0x24
10002fbe:	0022      	movs	r2, r4
10002fc0:	465b      	mov	r3, fp
10002fc2:	3401      	adds	r4, #1
10002fc4:	0031      	movs	r1, r6
10002fc6:	2020      	movs	r0, #32
10002fc8:	47b8      	blx	r7
10002fca:	42ac      	cmp	r4, r5
10002fcc:	d1f7      	bne.n	10002fbe <_vsnprintf+0x2a6>
10002fce:	46b2      	mov	sl, r6
10002fd0:	4643      	mov	r3, r8
10002fd2:	464e      	mov	r6, r9
10002fd4:	930a      	str	r3, [sp, #40]	@ 0x28
10002fd6:	1c74      	adds	r4, r6, #1
10002fd8:	e6c5      	b.n	10002d66 <_vsnprintf+0x4e>
10002fda:	4b27      	ldr	r3, [pc, #156]	@ (10003078 <_vsnprintf+0x360>)
10002fdc:	7820      	ldrb	r0, [r4, #0]
10002fde:	9309      	str	r3, [sp, #36]	@ 0x24
10002fe0:	2300      	movs	r3, #0
10002fe2:	4699      	mov	r9, r3
10002fe4:	2800      	cmp	r0, #0
10002fe6:	d000      	beq.n	10002fea <_vsnprintf+0x2d2>
10002fe8:	e6af      	b.n	10002d4a <_vsnprintf+0x32>
10002fea:	2400      	movs	r4, #0
10002fec:	e733      	b.n	10002e56 <_vsnprintf+0x13e>
10002fee:	9b0a      	ldr	r3, [sp, #40]	@ 0x28
10002ff0:	001a      	movs	r2, r3
10002ff2:	ca08      	ldmia	r2!, {r3}
10002ff4:	4690      	mov	r8, r2
10002ff6:	2b00      	cmp	r3, #0
10002ff8:	d100      	bne.n	10002ffc <_vsnprintf+0x2e4>
10002ffa:	e0a7      	b.n	1000314c <_vsnprintf+0x434>
10002ffc:	2021      	movs	r0, #33	@ 0x21
10002ffe:	4308      	orrs	r0, r1
10003000:	a90e      	add	r1, sp, #56	@ 0x38
10003002:	468c      	mov	ip, r1
10003004:	221f      	movs	r2, #31
10003006:	4462      	add	r2, ip
10003008:	270f      	movs	r7, #15
1000300a:	46ac      	mov	ip, r5
1000300c:	4681      	mov	r9, r0
1000300e:	0015      	movs	r5, r2
10003010:	9c0c      	ldr	r4, [sp, #48]	@ 0x30
10003012:	e002      	b.n	1000301a <_vsnprintf+0x302>
10003014:	2c20      	cmp	r4, #32
10003016:	d00c      	beq.n	10003032 <_vsnprintf+0x31a>
10003018:	0013      	movs	r3, r2
1000301a:	0038      	movs	r0, r7
1000301c:	4018      	ands	r0, r3
1000301e:	0001      	movs	r1, r0
10003020:	3137      	adds	r1, #55	@ 0x37
10003022:	2809      	cmp	r0, #9
10003024:	d800      	bhi.n	10003028 <_vsnprintf+0x310>
10003026:	3907      	subs	r1, #7
10003028:	3401      	adds	r4, #1
1000302a:	5529      	strb	r1, [r5, r4]
1000302c:	091a      	lsrs	r2, r3, #4
1000302e:	2b0f      	cmp	r3, #15
10003030:	d8f0      	bhi.n	10003014 <_vsnprintf+0x2fc>
10003032:	4665      	mov	r5, ip
10003034:	4648      	mov	r0, r9
10003036:	940c      	str	r4, [sp, #48]	@ 0x30
10003038:	e094      	b.n	10003164 <_vsnprintf+0x44c>
1000303a:	9b0a      	ldr	r3, [sp, #40]	@ 0x28
1000303c:	001a      	movs	r2, r3
1000303e:	ca08      	ldmia	r2!, {r3}
10003040:	9212      	str	r2, [sp, #72]	@ 0x48
10003042:	9a0b      	ldr	r2, [sp, #44]	@ 0x2c
10003044:	2a00      	cmp	r2, #0
10003046:	d17b      	bne.n	10003140 <_vsnprintf+0x428>
10003048:	2402      	movs	r4, #2
1000304a:	781a      	ldrb	r2, [r3, #0]
1000304c:	4264      	negs	r4, r4
1000304e:	2a00      	cmp	r2, #0
10003050:	d01d      	beq.n	1000308e <_vsnprintf+0x376>
10003052:	3401      	adds	r4, #1
10003054:	1918      	adds	r0, r3, r4
10003056:	469c      	mov	ip, r3
10003058:	001c      	movs	r4, r3
1000305a:	0003      	movs	r3, r0
1000305c:	e010      	b.n	10003080 <_vsnprintf+0x368>
1000305e:	46c0      	nop			@ (mov r8, r8)
10003060:	10002d19 	.word	0x10002d19
10003064:	2000128c 	.word	0x2000128c
10003068:	10007cf4 	.word	0x10007cf4
1000306c:	10007d84 	.word	0x10007d84
10003070:	10007d38 	.word	0x10007d38
10003074:	00009041 	.word	0x00009041
10003078:	10002259 	.word	0x10002259
1000307c:	429c      	cmp	r4, r3
1000307e:	d003      	beq.n	10003088 <_vsnprintf+0x370>
10003080:	7860      	ldrb	r0, [r4, #1]
10003082:	3401      	adds	r4, #1
10003084:	2800      	cmp	r0, #0
10003086:	d1f9      	bne.n	1000307c <_vsnprintf+0x364>
10003088:	4663      	mov	r3, ip
1000308a:	1ae0      	subs	r0, r4, r3
1000308c:	900c      	str	r0, [sp, #48]	@ 0x30
1000308e:	2080      	movs	r0, #128	@ 0x80
10003090:	00c0      	lsls	r0, r0, #3
10003092:	4684      	mov	ip, r0
10003094:	4008      	ands	r0, r1
10003096:	4680      	mov	r8, r0
10003098:	4660      	mov	r0, ip
1000309a:	4201      	tst	r1, r0
1000309c:	d004      	beq.n	100030a8 <_vsnprintf+0x390>
1000309e:	980b      	ldr	r0, [sp, #44]	@ 0x2c
100030a0:	9c0c      	ldr	r4, [sp, #48]	@ 0x30
100030a2:	4284      	cmp	r4, r0
100030a4:	d900      	bls.n	100030a8 <_vsnprintf+0x390>
100030a6:	900c      	str	r0, [sp, #48]	@ 0x30
100030a8:	2002      	movs	r0, #2
100030aa:	4684      	mov	ip, r0
100030ac:	4008      	ands	r0, r1
100030ae:	900a      	str	r0, [sp, #40]	@ 0x28
100030b0:	4660      	mov	r0, ip
100030b2:	4208      	tst	r0, r1
100030b4:	d100      	bne.n	100030b8 <_vsnprintf+0x3a0>
100030b6:	e189      	b.n	100033cc <_vsnprintf+0x6b4>
100030b8:	1e10      	subs	r0, r2, #0
100030ba:	d100      	bne.n	100030be <_vsnprintf+0x3a6>
100030bc:	e170      	b.n	100033a0 <_vsnprintf+0x688>
100030be:	4642      	mov	r2, r8
100030c0:	2a00      	cmp	r2, #0
100030c2:	d100      	bne.n	100030c6 <_vsnprintf+0x3ae>
100030c4:	e11b      	b.n	100032fe <_vsnprintf+0x5e6>
100030c6:	9a0b      	ldr	r2, [sp, #44]	@ 0x2c
100030c8:	1b5b      	subs	r3, r3, r5
100030ca:	4690      	mov	r8, r2
100030cc:	44a8      	add	r8, r5
100030ce:	4644      	mov	r4, r8
100030d0:	002a      	movs	r2, r5
100030d2:	46b8      	mov	r8, r7
100030d4:	4699      	mov	r9, r3
100030d6:	4657      	mov	r7, sl
100030d8:	46b2      	mov	sl, r6
100030da:	9e09      	ldr	r6, [sp, #36]	@ 0x24
100030dc:	e009      	b.n	100030f2 <_vsnprintf+0x3da>
100030de:	465b      	mov	r3, fp
100030e0:	0039      	movs	r1, r7
100030e2:	1c55      	adds	r5, r2, #1
100030e4:	47b0      	blx	r6
100030e6:	464b      	mov	r3, r9
100030e8:	5d58      	ldrb	r0, [r3, r5]
100030ea:	2800      	cmp	r0, #0
100030ec:	d100      	bne.n	100030f0 <_vsnprintf+0x3d8>
100030ee:	e12c      	b.n	1000334a <_vsnprintf+0x632>
100030f0:	002a      	movs	r2, r5
100030f2:	4294      	cmp	r4, r2
100030f4:	d1f3      	bne.n	100030de <_vsnprintf+0x3c6>
100030f6:	4656      	mov	r6, sl
100030f8:	0025      	movs	r5, r4
100030fa:	46ba      	mov	sl, r7
100030fc:	4647      	mov	r7, r8
100030fe:	9b0a      	ldr	r3, [sp, #40]	@ 0x28
10003100:	2b00      	cmp	r3, #0
10003102:	d000      	beq.n	10003106 <_vsnprintf+0x3ee>
10003104:	e14c      	b.n	100033a0 <_vsnprintf+0x688>
10003106:	9b12      	ldr	r3, [sp, #72]	@ 0x48
10003108:	1c74      	adds	r4, r6, #1
1000310a:	930a      	str	r3, [sp, #40]	@ 0x28
1000310c:	e62b      	b.n	10002d66 <_vsnprintf+0x4e>
1000310e:	2200      	movs	r2, #0
10003110:	0093      	lsls	r3, r2, #2
10003112:	189b      	adds	r3, r3, r2
10003114:	005b      	lsls	r3, r3, #1
10003116:	3401      	adds	r4, #1
10003118:	181a      	adds	r2, r3, r0
1000311a:	7820      	ldrb	r0, [r4, #0]
1000311c:	3a30      	subs	r2, #48	@ 0x30
1000311e:	0003      	movs	r3, r0
10003120:	3b30      	subs	r3, #48	@ 0x30
10003122:	2b09      	cmp	r3, #9
10003124:	d9f4      	bls.n	10003110 <_vsnprintf+0x3f8>
10003126:	0026      	movs	r6, r4
10003128:	920b      	str	r2, [sp, #44]	@ 0x2c
1000312a:	e642      	b.n	10002db2 <_vsnprintf+0x9a>
1000312c:	9b0a      	ldr	r3, [sp, #40]	@ 0x28
1000312e:	3602      	adds	r6, #2
10003130:	cb04      	ldmia	r3!, {r2}
10003132:	43d0      	mvns	r0, r2
10003134:	17c0      	asrs	r0, r0, #31
10003136:	4002      	ands	r2, r0
10003138:	920b      	str	r2, [sp, #44]	@ 0x2c
1000313a:	7830      	ldrb	r0, [r6, #0]
1000313c:	930a      	str	r3, [sp, #40]	@ 0x28
1000313e:	e638      	b.n	10002db2 <_vsnprintf+0x9a>
10003140:	781a      	ldrb	r2, [r3, #0]
10003142:	2a00      	cmp	r2, #0
10003144:	d0a3      	beq.n	1000308e <_vsnprintf+0x376>
10003146:	980b      	ldr	r0, [sp, #44]	@ 0x2c
10003148:	1e44      	subs	r4, r0, #1
1000314a:	e782      	b.n	10003052 <_vsnprintf+0x33a>
1000314c:	2310      	movs	r3, #16
1000314e:	0008      	movs	r0, r1
10003150:	2780      	movs	r7, #128	@ 0x80
10003152:	4398      	bics	r0, r3
10003154:	3311      	adds	r3, #17
10003156:	4318      	orrs	r0, r3
10003158:	000b      	movs	r3, r1
1000315a:	00ff      	lsls	r7, r7, #3
1000315c:	403b      	ands	r3, r7
1000315e:	4239      	tst	r1, r7
10003160:	d100      	bne.n	10003164 <_vsnprintf+0x44c>
10003162:	e74d      	b.n	10003000 <_vsnprintf+0x2e8>
10003164:	2308      	movs	r3, #8
10003166:	9305      	str	r3, [sp, #20]
10003168:	9b0b      	ldr	r3, [sp, #44]	@ 0x2c
1000316a:	002a      	movs	r2, r5
1000316c:	9304      	str	r3, [sp, #16]
1000316e:	2310      	movs	r3, #16
10003170:	9303      	str	r3, [sp, #12]
10003172:	2300      	movs	r3, #0
10003174:	9302      	str	r3, [sp, #8]
10003176:	9b0c      	ldr	r3, [sp, #48]	@ 0x30
10003178:	9006      	str	r0, [sp, #24]
1000317a:	9301      	str	r3, [sp, #4]
1000317c:	ab16      	add	r3, sp, #88	@ 0x58
1000317e:	9300      	str	r3, [sp, #0]
10003180:	4651      	mov	r1, sl
10003182:	465b      	mov	r3, fp
10003184:	9809      	ldr	r0, [sp, #36]	@ 0x24
10003186:	f7ff f8b1 	bl	100022ec <_ntoa_format>
1000318a:	4643      	mov	r3, r8
1000318c:	0005      	movs	r5, r0
1000318e:	1c74      	adds	r4, r6, #1
10003190:	930a      	str	r3, [sp, #40]	@ 0x28
10003192:	e5e8      	b.n	10002d66 <_vsnprintf+0x4e>
10003194:	2862      	cmp	r0, #98	@ 0x62
10003196:	d100      	bne.n	1000319a <_vsnprintf+0x482>
10003198:	e1a6      	b.n	100034e8 <_vsnprintf+0x7d0>
1000319a:	2858      	cmp	r0, #88	@ 0x58
1000319c:	d100      	bne.n	100031a0 <_vsnprintf+0x488>
1000319e:	e1b1      	b.n	10003504 <_vsnprintf+0x7ec>
100031a0:	2380      	movs	r3, #128	@ 0x80
100031a2:	000a      	movs	r2, r1
100031a4:	00db      	lsls	r3, r3, #3
100031a6:	401a      	ands	r2, r3
100031a8:	4690      	mov	r8, r2
100031aa:	4219      	tst	r1, r3
100031ac:	d100      	bne.n	100031b0 <_vsnprintf+0x498>
100031ae:	e189      	b.n	100034c4 <_vsnprintf+0x7ac>
100031b0:	2311      	movs	r3, #17
100031b2:	4399      	bics	r1, r3
100031b4:	468c      	mov	ip, r1
100031b6:	2380      	movs	r3, #128	@ 0x80
100031b8:	4662      	mov	r2, ip
100031ba:	009b      	lsls	r3, r3, #2
100031bc:	401a      	ands	r2, r3
100031be:	0010      	movs	r0, r2
100031c0:	4662      	mov	r2, ip
100031c2:	421a      	tst	r2, r3
100031c4:	d000      	beq.n	100031c8 <_vsnprintf+0x4b0>
100031c6:	e123      	b.n	10003410 <_vsnprintf+0x6f8>
100031c8:	2380      	movs	r3, #128	@ 0x80
100031ca:	4664      	mov	r4, ip
100031cc:	005b      	lsls	r3, r3, #1
100031ce:	401c      	ands	r4, r3
100031d0:	421a      	tst	r2, r3
100031d2:	d000      	beq.n	100031d6 <_vsnprintf+0x4be>
100031d4:	e232      	b.n	1000363c <_vsnprintf+0x924>
100031d6:	4663      	mov	r3, ip
100031d8:	065b      	lsls	r3, r3, #25
100031da:	d500      	bpl.n	100031de <_vsnprintf+0x4c6>
100031dc:	e16b      	b.n	100034b6 <_vsnprintf+0x79e>
100031de:	4663      	mov	r3, ip
100031e0:	990a      	ldr	r1, [sp, #40]	@ 0x28
100031e2:	061b      	lsls	r3, r3, #24
100031e4:	d400      	bmi.n	100031e8 <_vsnprintf+0x4d0>
100031e6:	e2db      	b.n	100037a0 <_vsnprintf+0xa88>
100031e8:	c908      	ldmia	r1!, {r3}
100031ea:	b21b      	sxth	r3, r3
100031ec:	17da      	asrs	r2, r3, #31
100031ee:	1898      	adds	r0, r3, r2
100031f0:	4050      	eors	r0, r2
100031f2:	b280      	uxth	r0, r0
100031f4:	910a      	str	r1, [sp, #40]	@ 0x28
100031f6:	0fda      	lsrs	r2, r3, #31
100031f8:	920c      	str	r2, [sp, #48]	@ 0x30
100031fa:	2b00      	cmp	r3, #0
100031fc:	d100      	bne.n	10003200 <_vsnprintf+0x4e8>
100031fe:	e218      	b.n	10003632 <_vsnprintf+0x91a>
10003200:	4680      	mov	r8, r0
10003202:	aa0e      	add	r2, sp, #56	@ 0x38
10003204:	4691      	mov	r9, r2
10003206:	231f      	movs	r3, #31
10003208:	444b      	add	r3, r9
1000320a:	9513      	str	r5, [sp, #76]	@ 0x4c
1000320c:	46e1      	mov	r9, ip
1000320e:	4645      	mov	r5, r8
10003210:	9712      	str	r7, [sp, #72]	@ 0x48
10003212:	46b0      	mov	r8, r6
10003214:	001e      	movs	r6, r3
10003216:	e001      	b.n	1000321c <_vsnprintf+0x504>
10003218:	2c20      	cmp	r4, #32
1000321a:	d00f      	beq.n	1000323c <_vsnprintf+0x524>
1000321c:	0028      	movs	r0, r5
1000321e:	210a      	movs	r1, #10
10003220:	f7fe fc46 	bl	10001ab0 <__wrap___aeabi_uidiv>
10003224:	3401      	adds	r4, #1
10003226:	1937      	adds	r7, r6, r4
10003228:	3130      	adds	r1, #48	@ 0x30
1000322a:	7039      	strb	r1, [r7, #0]
1000322c:	0028      	movs	r0, r5
1000322e:	210a      	movs	r1, #10
10003230:	f7fe fc3e 	bl	10001ab0 <__wrap___aeabi_uidiv>
10003234:	002f      	movs	r7, r5
10003236:	0005      	movs	r5, r0
10003238:	2f09      	cmp	r7, #9
1000323a:	d8ed      	bhi.n	10003218 <_vsnprintf+0x500>
1000323c:	4646      	mov	r6, r8
1000323e:	46cc      	mov	ip, r9
10003240:	9f12      	ldr	r7, [sp, #72]	@ 0x48
10003242:	9d13      	ldr	r5, [sp, #76]	@ 0x4c
10003244:	4663      	mov	r3, ip
10003246:	9306      	str	r3, [sp, #24]
10003248:	9b0b      	ldr	r3, [sp, #44]	@ 0x2c
1000324a:	9705      	str	r7, [sp, #20]
1000324c:	9304      	str	r3, [sp, #16]
1000324e:	230a      	movs	r3, #10
10003250:	9303      	str	r3, [sp, #12]
10003252:	9b0c      	ldr	r3, [sp, #48]	@ 0x30
10003254:	9302      	str	r3, [sp, #8]
10003256:	ab16      	add	r3, sp, #88	@ 0x58
10003258:	002a      	movs	r2, r5
1000325a:	9401      	str	r4, [sp, #4]
1000325c:	9300      	str	r3, [sp, #0]
1000325e:	4651      	mov	r1, sl
10003260:	465b      	mov	r3, fp
10003262:	9809      	ldr	r0, [sp, #36]	@ 0x24
10003264:	f7ff f842 	bl	100022ec <_ntoa_format>
10003268:	1c74      	adds	r4, r6, #1
1000326a:	0005      	movs	r5, r0
1000326c:	e57b      	b.n	10002d66 <_vsnprintf+0x4e>
1000326e:	2320      	movs	r3, #32
10003270:	4319      	orrs	r1, r3
10003272:	e66c      	b.n	10002f4e <_vsnprintf+0x236>
10003274:	2380      	movs	r3, #128	@ 0x80
10003276:	011b      	lsls	r3, r3, #4
10003278:	4319      	orrs	r1, r3
1000327a:	e638      	b.n	10002eee <_vsnprintf+0x1d6>
1000327c:	2878      	cmp	r0, #120	@ 0x78
1000327e:	d000      	beq.n	10003282 <_vsnprintf+0x56a>
10003280:	e17c      	b.n	1000357c <_vsnprintf+0x864>
10003282:	2380      	movs	r3, #128	@ 0x80
10003284:	000a      	movs	r2, r1
10003286:	00db      	lsls	r3, r3, #3
10003288:	401a      	ands	r2, r3
1000328a:	4691      	mov	r9, r2
1000328c:	4219      	tst	r1, r3
1000328e:	d100      	bne.n	10003292 <_vsnprintf+0x57a>
10003290:	e2a5      	b.n	100037de <_vsnprintf+0xac6>
10003292:	230d      	movs	r3, #13
10003294:	4399      	bics	r1, r3
10003296:	0008      	movs	r0, r1
10003298:	3303      	adds	r3, #3
1000329a:	930c      	str	r3, [sp, #48]	@ 0x30
1000329c:	2380      	movs	r3, #128	@ 0x80
1000329e:	0002      	movs	r2, r0
100032a0:	009b      	lsls	r3, r3, #2
100032a2:	401a      	ands	r2, r3
100032a4:	4690      	mov	r8, r2
100032a6:	4218      	tst	r0, r3
100032a8:	d000      	beq.n	100032ac <_vsnprintf+0x594>
100032aa:	e178      	b.n	1000359e <_vsnprintf+0x886>
100032ac:	2380      	movs	r3, #128	@ 0x80
100032ae:	0004      	movs	r4, r0
100032b0:	005b      	lsls	r3, r3, #1
100032b2:	401c      	ands	r4, r3
100032b4:	4218      	tst	r0, r3
100032b6:	d000      	beq.n	100032ba <_vsnprintf+0x5a2>
100032b8:	e207      	b.n	100036ca <_vsnprintf+0x9b2>
100032ba:	0643      	lsls	r3, r0, #25
100032bc:	d400      	bmi.n	100032c0 <_vsnprintf+0x5a8>
100032be:	e253      	b.n	10003768 <_vsnprintf+0xa50>
100032c0:	21ff      	movs	r1, #255	@ 0xff
100032c2:	9b0a      	ldr	r3, [sp, #40]	@ 0x28
100032c4:	cb04      	ldmia	r3!, {r2}
100032c6:	400a      	ands	r2, r1
100032c8:	4690      	mov	r8, r2
100032ca:	930a      	str	r3, [sp, #40]	@ 0x28
100032cc:	4643      	mov	r3, r8
100032ce:	2b00      	cmp	r3, #0
100032d0:	d000      	beq.n	100032d4 <_vsnprintf+0x5bc>
100032d2:	e126      	b.n	10003522 <_vsnprintf+0x80a>
100032d4:	3310      	adds	r3, #16
100032d6:	4398      	bics	r0, r3
100032d8:	464b      	mov	r3, r9
100032da:	2b00      	cmp	r3, #0
100032dc:	d100      	bne.n	100032e0 <_vsnprintf+0x5c8>
100032de:	e120      	b.n	10003522 <_vsnprintf+0x80a>
100032e0:	2400      	movs	r4, #0
100032e2:	9b0b      	ldr	r3, [sp, #44]	@ 0x2c
100032e4:	9006      	str	r0, [sp, #24]
100032e6:	9304      	str	r3, [sp, #16]
100032e8:	9b0c      	ldr	r3, [sp, #48]	@ 0x30
100032ea:	9705      	str	r7, [sp, #20]
100032ec:	9303      	str	r3, [sp, #12]
100032ee:	2300      	movs	r3, #0
100032f0:	e7b0      	b.n	10003254 <_vsnprintf+0x53c>
100032f2:	2380      	movs	r3, #128	@ 0x80
100032f4:	011b      	lsls	r3, r3, #4
100032f6:	4319      	orrs	r1, r3
100032f8:	2320      	movs	r3, #32
100032fa:	4319      	orrs	r1, r3
100032fc:	e5f7      	b.n	10002eee <_vsnprintf+0x1d6>
100032fe:	1b5b      	subs	r3, r3, r5
10003300:	4699      	mov	r9, r3
10003302:	9b0c      	ldr	r3, [sp, #48]	@ 0x30
10003304:	9c09      	ldr	r4, [sp, #36]	@ 0x24
10003306:	4698      	mov	r8, r3
10003308:	465b      	mov	r3, fp
1000330a:	46b3      	mov	fp, r6
1000330c:	4656      	mov	r6, sl
1000330e:	46ba      	mov	sl, r7
10003310:	001f      	movs	r7, r3
10003312:	002a      	movs	r2, r5
10003314:	003b      	movs	r3, r7
10003316:	0031      	movs	r1, r6
10003318:	47a0      	blx	r4
1000331a:	464b      	mov	r3, r9
1000331c:	3501      	adds	r5, #1
1000331e:	5d58      	ldrb	r0, [r3, r5]
10003320:	2800      	cmp	r0, #0
10003322:	d1f6      	bne.n	10003312 <_vsnprintf+0x5fa>
10003324:	4643      	mov	r3, r8
10003326:	930c      	str	r3, [sp, #48]	@ 0x30
10003328:	003b      	movs	r3, r7
1000332a:	4657      	mov	r7, sl
1000332c:	46b2      	mov	sl, r6
1000332e:	465e      	mov	r6, fp
10003330:	469b      	mov	fp, r3
10003332:	e6e4      	b.n	100030fe <_vsnprintf+0x3e6>
10003334:	23c0      	movs	r3, #192	@ 0xc0
10003336:	78b0      	ldrb	r0, [r6, #2]
10003338:	4319      	orrs	r1, r3
1000333a:	3602      	adds	r6, #2
1000333c:	e55a      	b.n	10002df4 <_vsnprintf+0xdc>
1000333e:	23c0      	movs	r3, #192	@ 0xc0
10003340:	009b      	lsls	r3, r3, #2
10003342:	78b0      	ldrb	r0, [r6, #2]
10003344:	4319      	orrs	r1, r3
10003346:	3602      	adds	r6, #2
10003348:	e554      	b.n	10002df4 <_vsnprintf+0xdc>
1000334a:	4656      	mov	r6, sl
1000334c:	46ba      	mov	sl, r7
1000334e:	4647      	mov	r7, r8
10003350:	e6d5      	b.n	100030fe <_vsnprintf+0x3e6>
10003352:	2f01      	cmp	r7, #1
10003354:	d800      	bhi.n	10003358 <_vsnprintf+0x640>
10003356:	e232      	b.n	100037be <_vsnprintf+0xaa6>
10003358:	1e6b      	subs	r3, r5, #1
1000335a:	4698      	mov	r8, r3
1000335c:	44b8      	add	r8, r7
1000335e:	002c      	movs	r4, r5
10003360:	46a9      	mov	r9, r5
10003362:	4645      	mov	r5, r8
10003364:	46b8      	mov	r8, r7
10003366:	4657      	mov	r7, sl
10003368:	46b2      	mov	sl, r6
1000336a:	9e09      	ldr	r6, [sp, #36]	@ 0x24
1000336c:	0022      	movs	r2, r4
1000336e:	465b      	mov	r3, fp
10003370:	3401      	adds	r4, #1
10003372:	0039      	movs	r1, r7
10003374:	2020      	movs	r0, #32
10003376:	47b0      	blx	r6
10003378:	42ac      	cmp	r4, r5
1000337a:	d1f7      	bne.n	1000336c <_vsnprintf+0x654>
1000337c:	9b0a      	ldr	r3, [sp, #40]	@ 0x28
1000337e:	4656      	mov	r6, sl
10003380:	cb01      	ldmia	r3!, {r0}
10003382:	46ba      	mov	sl, r7
10003384:	4647      	mov	r7, r8
10003386:	4698      	mov	r8, r3
10003388:	0022      	movs	r2, r4
1000338a:	465b      	mov	r3, fp
1000338c:	9c09      	ldr	r4, [sp, #36]	@ 0x24
1000338e:	4651      	mov	r1, sl
10003390:	b2c0      	uxtb	r0, r0
10003392:	47a0      	blx	r4
10003394:	464d      	mov	r5, r9
10003396:	4643      	mov	r3, r8
10003398:	19ed      	adds	r5, r5, r7
1000339a:	930a      	str	r3, [sp, #40]	@ 0x28
1000339c:	1c74      	adds	r4, r6, #1
1000339e:	e4e2      	b.n	10002d66 <_vsnprintf+0x4e>
100033a0:	9b0c      	ldr	r3, [sp, #48]	@ 0x30
100033a2:	46a8      	mov	r8, r5
100033a4:	429f      	cmp	r7, r3
100033a6:	d800      	bhi.n	100033aa <_vsnprintf+0x692>
100033a8:	e6ad      	b.n	10003106 <_vsnprintf+0x3ee>
100033aa:	4644      	mov	r4, r8
100033ac:	46b0      	mov	r8, r6
100033ae:	4656      	mov	r6, sl
100033b0:	197d      	adds	r5, r7, r5
100033b2:	9f09      	ldr	r7, [sp, #36]	@ 0x24
100033b4:	1aed      	subs	r5, r5, r3
100033b6:	0022      	movs	r2, r4
100033b8:	465b      	mov	r3, fp
100033ba:	3401      	adds	r4, #1
100033bc:	0031      	movs	r1, r6
100033be:	2020      	movs	r0, #32
100033c0:	47b8      	blx	r7
100033c2:	42ac      	cmp	r4, r5
100033c4:	d1f7      	bne.n	100033b6 <_vsnprintf+0x69e>
100033c6:	46b2      	mov	sl, r6
100033c8:	4646      	mov	r6, r8
100033ca:	e69c      	b.n	10003106 <_vsnprintf+0x3ee>
100033cc:	980c      	ldr	r0, [sp, #48]	@ 0x30
100033ce:	4287      	cmp	r7, r0
100033d0:	d800      	bhi.n	100033d4 <_vsnprintf+0x6bc>
100033d2:	e1f0      	b.n	100037b6 <_vsnprintf+0xa9e>
100033d4:	4642      	mov	r2, r8
100033d6:	4698      	mov	r8, r3
100033d8:	1979      	adds	r1, r7, r5
100033da:	46b9      	mov	r9, r7
100033dc:	4657      	mov	r7, sl
100033de:	46b2      	mov	sl, r6
100033e0:	9e09      	ldr	r6, [sp, #36]	@ 0x24
100033e2:	1a0c      	subs	r4, r1, r0
100033e4:	920c      	str	r2, [sp, #48]	@ 0x30
100033e6:	002a      	movs	r2, r5
100033e8:	465b      	mov	r3, fp
100033ea:	3501      	adds	r5, #1
100033ec:	0039      	movs	r1, r7
100033ee:	2020      	movs	r0, #32
100033f0:	47b0      	blx	r6
100033f2:	42a5      	cmp	r5, r4
100033f4:	d1f7      	bne.n	100033e6 <_vsnprintf+0x6ce>
100033f6:	4656      	mov	r6, sl
100033f8:	46ba      	mov	sl, r7
100033fa:	464f      	mov	r7, r9
100033fc:	4643      	mov	r3, r8
100033fe:	9a0c      	ldr	r2, [sp, #48]	@ 0x30
10003400:	4690      	mov	r8, r2
10003402:	1c7a      	adds	r2, r7, #1
10003404:	920c      	str	r2, [sp, #48]	@ 0x30
10003406:	781a      	ldrb	r2, [r3, #0]
10003408:	1e10      	subs	r0, r2, #0
1000340a:	d000      	beq.n	1000340e <_vsnprintf+0x6f6>
1000340c:	e657      	b.n	100030be <_vsnprintf+0x3a6>
1000340e:	e67a      	b.n	10003106 <_vsnprintf+0x3ee>
10003410:	2208      	movs	r2, #8
10003412:	2107      	movs	r1, #7
10003414:	4691      	mov	r9, r2
10003416:	9b0a      	ldr	r3, [sp, #40]	@ 0x28
10003418:	3307      	adds	r3, #7
1000341a:	438b      	bics	r3, r1
1000341c:	4499      	add	r9, r3
1000341e:	464a      	mov	r2, r9
10003420:	cb0a      	ldmia	r3, {r1, r3}
10003422:	000c      	movs	r4, r1
10003424:	920a      	str	r2, [sp, #40]	@ 0x28
10003426:	431c      	orrs	r4, r3
10003428:	0fda      	lsrs	r2, r3, #31
1000342a:	2c00      	cmp	r4, #0
1000342c:	d04e      	beq.n	100034cc <_vsnprintf+0x7b4>
1000342e:	17d8      	asrs	r0, r3, #31
10003430:	0004      	movs	r4, r0
10003432:	9010      	str	r0, [sp, #64]	@ 0x40
10003434:	404c      	eors	r4, r1
10003436:	9011      	str	r0, [sp, #68]	@ 0x44
10003438:	940e      	str	r4, [sp, #56]	@ 0x38
1000343a:	9810      	ldr	r0, [sp, #64]	@ 0x40
1000343c:	9911      	ldr	r1, [sp, #68]	@ 0x44
1000343e:	000c      	movs	r4, r1
10003440:	405c      	eors	r4, r3
10003442:	940f      	str	r4, [sp, #60]	@ 0x3c
10003444:	9b0e      	ldr	r3, [sp, #56]	@ 0x38
10003446:	9c0f      	ldr	r4, [sp, #60]	@ 0x3c
10003448:	1a1b      	subs	r3, r3, r0
1000344a:	418c      	sbcs	r4, r1
1000344c:	930e      	str	r3, [sp, #56]	@ 0x38
1000344e:	940f      	str	r4, [sp, #60]	@ 0x3c
10003450:	a90e      	add	r1, sp, #56	@ 0x38
10003452:	4688      	mov	r8, r1
10003454:	231f      	movs	r3, #31
10003456:	2400      	movs	r4, #0
10003458:	4443      	add	r3, r8
1000345a:	9712      	str	r7, [sp, #72]	@ 0x48
1000345c:	46b0      	mov	r8, r6
1000345e:	0027      	movs	r7, r4
10003460:	9513      	str	r5, [sp, #76]	@ 0x4c
10003462:	001e      	movs	r6, r3
10003464:	9c0e      	ldr	r4, [sp, #56]	@ 0x38
10003466:	9d0f      	ldr	r5, [sp, #60]	@ 0x3c
10003468:	46e1      	mov	r9, ip
1000346a:	920c      	str	r2, [sp, #48]	@ 0x30
1000346c:	e001      	b.n	10003472 <_vsnprintf+0x75a>
1000346e:	2f20      	cmp	r7, #32
10003470:	d010      	beq.n	10003494 <_vsnprintf+0x77c>
10003472:	0020      	movs	r0, r4
10003474:	0029      	movs	r1, r5
10003476:	220a      	movs	r2, #10
10003478:	2300      	movs	r3, #0
1000347a:	f7fe fb57 	bl	10001b2c <__wrap___aeabi_uldivmod>
1000347e:	3701      	adds	r7, #1
10003480:	3230      	adds	r2, #48	@ 0x30
10003482:	002b      	movs	r3, r5
10003484:	55f2      	strb	r2, [r6, r7]
10003486:	000d      	movs	r5, r1
10003488:	0022      	movs	r2, r4
1000348a:	0004      	movs	r4, r0
1000348c:	2b00      	cmp	r3, #0
1000348e:	d1ee      	bne.n	1000346e <_vsnprintf+0x756>
10003490:	2a09      	cmp	r2, #9
10003492:	d8ec      	bhi.n	1000346e <_vsnprintf+0x756>
10003494:	4646      	mov	r6, r8
10003496:	46cc      	mov	ip, r9
10003498:	940e      	str	r4, [sp, #56]	@ 0x38
1000349a:	950f      	str	r5, [sp, #60]	@ 0x3c
1000349c:	9a0c      	ldr	r2, [sp, #48]	@ 0x30
1000349e:	003c      	movs	r4, r7
100034a0:	9d13      	ldr	r5, [sp, #76]	@ 0x4c
100034a2:	9f12      	ldr	r7, [sp, #72]	@ 0x48
100034a4:	4663      	mov	r3, ip
100034a6:	9306      	str	r3, [sp, #24]
100034a8:	9b0b      	ldr	r3, [sp, #44]	@ 0x2c
100034aa:	9705      	str	r7, [sp, #20]
100034ac:	9304      	str	r3, [sp, #16]
100034ae:	230a      	movs	r3, #10
100034b0:	9202      	str	r2, [sp, #8]
100034b2:	9303      	str	r3, [sp, #12]
100034b4:	e6cf      	b.n	10003256 <_vsnprintf+0x53e>
100034b6:	23ff      	movs	r3, #255	@ 0xff
100034b8:	990a      	ldr	r1, [sp, #40]	@ 0x28
100034ba:	c904      	ldmia	r1!, {r2}
100034bc:	4013      	ands	r3, r2
100034be:	0018      	movs	r0, r3
100034c0:	910a      	str	r1, [sp, #40]	@ 0x28
100034c2:	e698      	b.n	100031f6 <_vsnprintf+0x4de>
100034c4:	2310      	movs	r3, #16
100034c6:	4399      	bics	r1, r3
100034c8:	468c      	mov	ip, r1
100034ca:	e674      	b.n	100031b6 <_vsnprintf+0x49e>
100034cc:	4643      	mov	r3, r8
100034ce:	2400      	movs	r4, #0
100034d0:	2b00      	cmp	r3, #0
100034d2:	d1e7      	bne.n	100034a4 <_vsnprintf+0x78c>
100034d4:	2300      	movs	r3, #0
100034d6:	2400      	movs	r4, #0
100034d8:	930e      	str	r3, [sp, #56]	@ 0x38
100034da:	940f      	str	r4, [sp, #60]	@ 0x3c
100034dc:	e7b8      	b.n	10003450 <_vsnprintf+0x738>
100034de:	4643      	mov	r3, r8
100034e0:	464d      	mov	r5, r9
100034e2:	930a      	str	r3, [sp, #40]	@ 0x28
100034e4:	1c74      	adds	r4, r6, #1
100034e6:	e43e      	b.n	10002d66 <_vsnprintf+0x4e>
100034e8:	2380      	movs	r3, #128	@ 0x80
100034ea:	000a      	movs	r2, r1
100034ec:	00db      	lsls	r3, r3, #3
100034ee:	401a      	ands	r2, r3
100034f0:	4691      	mov	r9, r2
100034f2:	4219      	tst	r1, r3
100034f4:	d100      	bne.n	100034f8 <_vsnprintf+0x7e0>
100034f6:	e140      	b.n	1000377a <_vsnprintf+0xa62>
100034f8:	230d      	movs	r3, #13
100034fa:	4399      	bics	r1, r3
100034fc:	3b0b      	subs	r3, #11
100034fe:	0008      	movs	r0, r1
10003500:	930c      	str	r3, [sp, #48]	@ 0x30
10003502:	e6cb      	b.n	1000329c <_vsnprintf+0x584>
10003504:	2380      	movs	r3, #128	@ 0x80
10003506:	000a      	movs	r2, r1
10003508:	00db      	lsls	r3, r3, #3
1000350a:	401a      	ands	r2, r3
1000350c:	4691      	mov	r9, r2
1000350e:	4219      	tst	r1, r3
10003510:	d100      	bne.n	10003514 <_vsnprintf+0x7fc>
10003512:	e162      	b.n	100037da <_vsnprintf+0xac2>
10003514:	230d      	movs	r3, #13
10003516:	2020      	movs	r0, #32
10003518:	4399      	bics	r1, r3
1000351a:	3303      	adds	r3, #3
1000351c:	4308      	orrs	r0, r1
1000351e:	930c      	str	r3, [sp, #48]	@ 0x30
10003520:	e6bc      	b.n	1000329c <_vsnprintf+0x584>
10003522:	2361      	movs	r3, #97	@ 0x61
10003524:	0681      	lsls	r1, r0, #26
10003526:	d500      	bpl.n	1000352a <_vsnprintf+0x812>
10003528:	2341      	movs	r3, #65	@ 0x41
1000352a:	a90e      	add	r1, sp, #56	@ 0x38
1000352c:	221f      	movs	r2, #31
1000352e:	468c      	mov	ip, r1
10003530:	b2db      	uxtb	r3, r3
10003532:	4462      	add	r2, ip
10003534:	3b0a      	subs	r3, #10
10003536:	9713      	str	r7, [sp, #76]	@ 0x4c
10003538:	9514      	str	r5, [sp, #80]	@ 0x50
1000353a:	4681      	mov	r9, r0
1000353c:	4645      	mov	r5, r8
1000353e:	9f0c      	ldr	r7, [sp, #48]	@ 0x30
10003540:	46b0      	mov	r8, r6
10003542:	9312      	str	r3, [sp, #72]	@ 0x48
10003544:	0016      	movs	r6, r2
10003546:	e008      	b.n	1000355a <_vsnprintf+0x842>
10003548:	3330      	adds	r3, #48	@ 0x30
1000354a:	b2db      	uxtb	r3, r3
1000354c:	3401      	adds	r4, #1
1000354e:	5533      	strb	r3, [r6, r4]
10003550:	42bd      	cmp	r5, r7
10003552:	d30e      	bcc.n	10003572 <_vsnprintf+0x85a>
10003554:	2c20      	cmp	r4, #32
10003556:	d00c      	beq.n	10003572 <_vsnprintf+0x85a>
10003558:	0005      	movs	r5, r0
1000355a:	0039      	movs	r1, r7
1000355c:	0028      	movs	r0, r5
1000355e:	f7fe faa7 	bl	10001ab0 <__wrap___aeabi_uidiv>
10003562:	b2cb      	uxtb	r3, r1
10003564:	2909      	cmp	r1, #9
10003566:	d9ef      	bls.n	10003548 <_vsnprintf+0x830>
10003568:	9a12      	ldr	r2, [sp, #72]	@ 0x48
1000356a:	4694      	mov	ip, r2
1000356c:	4463      	add	r3, ip
1000356e:	b2db      	uxtb	r3, r3
10003570:	e7ec      	b.n	1000354c <_vsnprintf+0x834>
10003572:	4646      	mov	r6, r8
10003574:	4648      	mov	r0, r9
10003576:	9f13      	ldr	r7, [sp, #76]	@ 0x4c
10003578:	9d14      	ldr	r5, [sp, #80]	@ 0x50
1000357a:	e6b2      	b.n	100032e2 <_vsnprintf+0x5ca>
1000357c:	286f      	cmp	r0, #111	@ 0x6f
1000357e:	d000      	beq.n	10003582 <_vsnprintf+0x86a>
10003580:	e13c      	b.n	100037fc <_vsnprintf+0xae4>
10003582:	230c      	movs	r3, #12
10003584:	0008      	movs	r0, r1
10003586:	4398      	bics	r0, r3
10003588:	2380      	movs	r3, #128	@ 0x80
1000358a:	000a      	movs	r2, r1
1000358c:	00db      	lsls	r3, r3, #3
1000358e:	401a      	ands	r2, r3
10003590:	4691      	mov	r9, r2
10003592:	4219      	tst	r1, r3
10003594:	d000      	beq.n	10003598 <_vsnprintf+0x880>
10003596:	e12a      	b.n	100037ee <_vsnprintf+0xad6>
10003598:	2308      	movs	r3, #8
1000359a:	930c      	str	r3, [sp, #48]	@ 0x30
1000359c:	e67e      	b.n	1000329c <_vsnprintf+0x584>
1000359e:	990a      	ldr	r1, [sp, #40]	@ 0x28
100035a0:	3bfa      	subs	r3, #250	@ 0xfa
100035a2:	3bff      	subs	r3, #255	@ 0xff
100035a4:	3107      	adds	r1, #7
100035a6:	4399      	bics	r1, r3
100035a8:	3301      	adds	r3, #1
100035aa:	469c      	mov	ip, r3
100035ac:	448c      	add	ip, r1
100035ae:	4663      	mov	r3, ip
100035b0:	684a      	ldr	r2, [r1, #4]
100035b2:	930a      	str	r3, [sp, #40]	@ 0x28
100035b4:	680b      	ldr	r3, [r1, #0]
100035b6:	4690      	mov	r8, r2
100035b8:	469c      	mov	ip, r3
100035ba:	4313      	orrs	r3, r2
100035bc:	1e19      	subs	r1, r3, #0
100035be:	d106      	bne.n	100035ce <_vsnprintf+0x8b6>
100035c0:	464b      	mov	r3, r9
100035c2:	3110      	adds	r1, #16
100035c4:	2400      	movs	r4, #0
100035c6:	4388      	bics	r0, r1
100035c8:	2b00      	cmp	r3, #0
100035ca:	d000      	beq.n	100035ce <_vsnprintf+0x8b6>
100035cc:	e689      	b.n	100032e2 <_vsnprintf+0x5ca>
100035ce:	2161      	movs	r1, #97	@ 0x61
100035d0:	0683      	lsls	r3, r0, #26
100035d2:	d500      	bpl.n	100035d6 <_vsnprintf+0x8be>
100035d4:	2141      	movs	r1, #65	@ 0x41
100035d6:	aa0e      	add	r2, sp, #56	@ 0x38
100035d8:	4691      	mov	r9, r2
100035da:	231f      	movs	r3, #31
100035dc:	444b      	add	r3, r9
100035de:	4699      	mov	r9, r3
100035e0:	b2c9      	uxtb	r1, r1
100035e2:	9b0c      	ldr	r3, [sp, #48]	@ 0x30
100035e4:	390a      	subs	r1, #10
100035e6:	9713      	str	r7, [sp, #76]	@ 0x4c
100035e8:	9514      	str	r5, [sp, #80]	@ 0x50
100035ea:	9615      	str	r6, [sp, #84]	@ 0x54
100035ec:	4645      	mov	r5, r8
100035ee:	464e      	mov	r6, r9
100035f0:	2400      	movs	r4, #0
100035f2:	4667      	mov	r7, ip
100035f4:	4698      	mov	r8, r3
100035f6:	4681      	mov	r9, r0
100035f8:	9112      	str	r1, [sp, #72]	@ 0x48
100035fa:	e00c      	b.n	10003616 <_vsnprintf+0x8fe>
100035fc:	3230      	adds	r2, #48	@ 0x30
100035fe:	b2d2      	uxtb	r2, r2
10003600:	2300      	movs	r3, #0
10003602:	3401      	adds	r4, #1
10003604:	5532      	strb	r2, [r6, r4]
10003606:	42ab      	cmp	r3, r5
10003608:	d100      	bne.n	1000360c <_vsnprintf+0x8f4>
1000360a:	e0bc      	b.n	10003786 <_vsnprintf+0xa6e>
1000360c:	2c20      	cmp	r4, #32
1000360e:	d100      	bne.n	10003612 <_vsnprintf+0x8fa>
10003610:	e0bc      	b.n	1000378c <_vsnprintf+0xa74>
10003612:	0007      	movs	r7, r0
10003614:	000d      	movs	r5, r1
10003616:	4642      	mov	r2, r8
10003618:	2300      	movs	r3, #0
1000361a:	0038      	movs	r0, r7
1000361c:	0029      	movs	r1, r5
1000361e:	f7fe fa85 	bl	10001b2c <__wrap___aeabi_uldivmod>
10003622:	b2d2      	uxtb	r2, r2
10003624:	2a09      	cmp	r2, #9
10003626:	d9e9      	bls.n	100035fc <_vsnprintf+0x8e4>
10003628:	9b12      	ldr	r3, [sp, #72]	@ 0x48
1000362a:	469c      	mov	ip, r3
1000362c:	4462      	add	r2, ip
1000362e:	b2d2      	uxtb	r2, r2
10003630:	e7e6      	b.n	10003600 <_vsnprintf+0x8e8>
10003632:	4643      	mov	r3, r8
10003634:	2b00      	cmp	r3, #0
10003636:	d000      	beq.n	1000363a <_vsnprintf+0x922>
10003638:	e604      	b.n	10003244 <_vsnprintf+0x52c>
1000363a:	e5e2      	b.n	10003202 <_vsnprintf+0x4ea>
1000363c:	9c0a      	ldr	r4, [sp, #40]	@ 0x28
1000363e:	cc08      	ldmia	r4!, {r3}
10003640:	0fda      	lsrs	r2, r3, #31
10003642:	9213      	str	r2, [sp, #76]	@ 0x4c
10003644:	2b00      	cmp	r3, #0
10003646:	d100      	bne.n	1000364a <_vsnprintf+0x932>
10003648:	e0a5      	b.n	10003796 <_vsnprintf+0xa7e>
1000364a:	17d9      	asrs	r1, r3, #31
1000364c:	185b      	adds	r3, r3, r1
1000364e:	404b      	eors	r3, r1
10003650:	4698      	mov	r8, r3
10003652:	aa0e      	add	r2, sp, #56	@ 0x38
10003654:	4691      	mov	r9, r2
10003656:	231f      	movs	r3, #31
10003658:	444b      	add	r3, r9
1000365a:	950c      	str	r5, [sp, #48]	@ 0x30
1000365c:	46a1      	mov	r9, r4
1000365e:	4645      	mov	r5, r8
10003660:	9612      	str	r6, [sp, #72]	@ 0x48
10003662:	46e0      	mov	r8, ip
10003664:	0006      	movs	r6, r0
10003666:	001c      	movs	r4, r3
10003668:	970a      	str	r7, [sp, #40]	@ 0x28
1000366a:	e001      	b.n	10003670 <_vsnprintf+0x958>
1000366c:	2e20      	cmp	r6, #32
1000366e:	d00f      	beq.n	10003690 <_vsnprintf+0x978>
10003670:	0028      	movs	r0, r5
10003672:	210a      	movs	r1, #10
10003674:	f7fe fa1c 	bl	10001ab0 <__wrap___aeabi_uidiv>
10003678:	3601      	adds	r6, #1
1000367a:	19a7      	adds	r7, r4, r6
1000367c:	3130      	adds	r1, #48	@ 0x30
1000367e:	7039      	strb	r1, [r7, #0]
10003680:	0028      	movs	r0, r5
10003682:	210a      	movs	r1, #10
10003684:	f7fe fa14 	bl	10001ab0 <__wrap___aeabi_uidiv>
10003688:	002f      	movs	r7, r5
1000368a:	0005      	movs	r5, r0
1000368c:	2f09      	cmp	r7, #9
1000368e:	d8ed      	bhi.n	1000366c <_vsnprintf+0x954>
10003690:	46c4      	mov	ip, r8
10003692:	464c      	mov	r4, r9
10003694:	0030      	movs	r0, r6
10003696:	9f0a      	ldr	r7, [sp, #40]	@ 0x28
10003698:	9d0c      	ldr	r5, [sp, #48]	@ 0x30
1000369a:	9e12      	ldr	r6, [sp, #72]	@ 0x48
1000369c:	4663      	mov	r3, ip
1000369e:	9306      	str	r3, [sp, #24]
100036a0:	9b0b      	ldr	r3, [sp, #44]	@ 0x2c
100036a2:	002a      	movs	r2, r5
100036a4:	9304      	str	r3, [sp, #16]
100036a6:	230a      	movs	r3, #10
100036a8:	9303      	str	r3, [sp, #12]
100036aa:	9b13      	ldr	r3, [sp, #76]	@ 0x4c
100036ac:	9001      	str	r0, [sp, #4]
100036ae:	9302      	str	r3, [sp, #8]
100036b0:	ab16      	add	r3, sp, #88	@ 0x58
100036b2:	9300      	str	r3, [sp, #0]
100036b4:	4651      	mov	r1, sl
100036b6:	465b      	mov	r3, fp
100036b8:	9809      	ldr	r0, [sp, #36]	@ 0x24
100036ba:	9705      	str	r7, [sp, #20]
100036bc:	f7fe fe16 	bl	100022ec <_ntoa_format>
100036c0:	940a      	str	r4, [sp, #40]	@ 0x28
100036c2:	0005      	movs	r5, r0
100036c4:	1c74      	adds	r4, r6, #1
100036c6:	f7ff fb4e 	bl	10002d66 <_vsnprintf+0x4e>
100036ca:	9b0a      	ldr	r3, [sp, #40]	@ 0x28
100036cc:	cb10      	ldmia	r3!, {r4}
100036ce:	9314      	str	r3, [sp, #80]	@ 0x50
100036d0:	2c00      	cmp	r4, #0
100036d2:	d104      	bne.n	100036de <_vsnprintf+0x9c6>
100036d4:	2310      	movs	r3, #16
100036d6:	4398      	bics	r0, r3
100036d8:	464b      	mov	r3, r9
100036da:	2b00      	cmp	r3, #0
100036dc:	d12c      	bne.n	10003738 <_vsnprintf+0xa20>
100036de:	2361      	movs	r3, #97	@ 0x61
100036e0:	0681      	lsls	r1, r0, #26
100036e2:	d500      	bpl.n	100036e6 <_vsnprintf+0x9ce>
100036e4:	2341      	movs	r3, #65	@ 0x41
100036e6:	a90e      	add	r1, sp, #56	@ 0x38
100036e8:	221f      	movs	r2, #31
100036ea:	468c      	mov	ip, r1
100036ec:	b2db      	uxtb	r3, r3
100036ee:	4462      	add	r2, ip
100036f0:	3b0a      	subs	r3, #10
100036f2:	9712      	str	r7, [sp, #72]	@ 0x48
100036f4:	9513      	str	r5, [sp, #76]	@ 0x4c
100036f6:	4681      	mov	r9, r0
100036f8:	4645      	mov	r5, r8
100036fa:	9f0c      	ldr	r7, [sp, #48]	@ 0x30
100036fc:	46b0      	mov	r8, r6
100036fe:	930a      	str	r3, [sp, #40]	@ 0x28
10003700:	0016      	movs	r6, r2
10003702:	e008      	b.n	10003716 <_vsnprintf+0x9fe>
10003704:	3330      	adds	r3, #48	@ 0x30
10003706:	b2db      	uxtb	r3, r3
10003708:	3501      	adds	r5, #1
1000370a:	5573      	strb	r3, [r6, r5]
1000370c:	42bc      	cmp	r4, r7
1000370e:	d30e      	bcc.n	1000372e <_vsnprintf+0xa16>
10003710:	2d20      	cmp	r5, #32
10003712:	d00c      	beq.n	1000372e <_vsnprintf+0xa16>
10003714:	0004      	movs	r4, r0
10003716:	0039      	movs	r1, r7
10003718:	0020      	movs	r0, r4
1000371a:	f7fe f9c9 	bl	10001ab0 <__wrap___aeabi_uidiv>
1000371e:	b2cb      	uxtb	r3, r1
10003720:	2909      	cmp	r1, #9
10003722:	d9ef      	bls.n	10003704 <_vsnprintf+0x9ec>
10003724:	9a0a      	ldr	r2, [sp, #40]	@ 0x28
10003726:	4694      	mov	ip, r2
10003728:	4463      	add	r3, ip
1000372a:	b2db      	uxtb	r3, r3
1000372c:	e7ec      	b.n	10003708 <_vsnprintf+0x9f0>
1000372e:	4648      	mov	r0, r9
10003730:	4646      	mov	r6, r8
10003732:	9f12      	ldr	r7, [sp, #72]	@ 0x48
10003734:	46a8      	mov	r8, r5
10003736:	9d13      	ldr	r5, [sp, #76]	@ 0x4c
10003738:	9b0b      	ldr	r3, [sp, #44]	@ 0x2c
1000373a:	002a      	movs	r2, r5
1000373c:	9304      	str	r3, [sp, #16]
1000373e:	9b0c      	ldr	r3, [sp, #48]	@ 0x30
10003740:	9006      	str	r0, [sp, #24]
10003742:	9303      	str	r3, [sp, #12]
10003744:	2300      	movs	r3, #0
10003746:	9302      	str	r3, [sp, #8]
10003748:	4643      	mov	r3, r8
1000374a:	9301      	str	r3, [sp, #4]
1000374c:	ab16      	add	r3, sp, #88	@ 0x58
1000374e:	9300      	str	r3, [sp, #0]
10003750:	4651      	mov	r1, sl
10003752:	465b      	mov	r3, fp
10003754:	9809      	ldr	r0, [sp, #36]	@ 0x24
10003756:	9705      	str	r7, [sp, #20]
10003758:	f7fe fdc8 	bl	100022ec <_ntoa_format>
1000375c:	9b14      	ldr	r3, [sp, #80]	@ 0x50
1000375e:	0005      	movs	r5, r0
10003760:	930a      	str	r3, [sp, #40]	@ 0x28
10003762:	1c74      	adds	r4, r6, #1
10003764:	f7ff faff 	bl	10002d66 <_vsnprintf+0x4e>
10003768:	0603      	lsls	r3, r0, #24
1000376a:	d51f      	bpl.n	100037ac <_vsnprintf+0xa94>
1000376c:	9b0a      	ldr	r3, [sp, #40]	@ 0x28
1000376e:	cb02      	ldmia	r3!, {r1}
10003770:	0409      	lsls	r1, r1, #16
10003772:	0c0a      	lsrs	r2, r1, #16
10003774:	4690      	mov	r8, r2
10003776:	930a      	str	r3, [sp, #40]	@ 0x28
10003778:	e5a8      	b.n	100032cc <_vsnprintf+0x5b4>
1000377a:	230c      	movs	r3, #12
1000377c:	4399      	bics	r1, r3
1000377e:	3b0a      	subs	r3, #10
10003780:	0008      	movs	r0, r1
10003782:	930c      	str	r3, [sp, #48]	@ 0x30
10003784:	e58a      	b.n	1000329c <_vsnprintf+0x584>
10003786:	45b8      	cmp	r8, r7
10003788:	d800      	bhi.n	1000378c <_vsnprintf+0xa74>
1000378a:	e73f      	b.n	1000360c <_vsnprintf+0x8f4>
1000378c:	4648      	mov	r0, r9
1000378e:	9f13      	ldr	r7, [sp, #76]	@ 0x4c
10003790:	9d14      	ldr	r5, [sp, #80]	@ 0x50
10003792:	9e15      	ldr	r6, [sp, #84]	@ 0x54
10003794:	e5a5      	b.n	100032e2 <_vsnprintf+0x5ca>
10003796:	4643      	mov	r3, r8
10003798:	2b00      	cmp	r3, #0
1000379a:	d000      	beq.n	1000379e <_vsnprintf+0xa86>
1000379c:	e77e      	b.n	1000369c <_vsnprintf+0x984>
1000379e:	e758      	b.n	10003652 <_vsnprintf+0x93a>
100037a0:	c908      	ldmia	r1!, {r3}
100037a2:	17da      	asrs	r2, r3, #31
100037a4:	1898      	adds	r0, r3, r2
100037a6:	4050      	eors	r0, r2
100037a8:	910a      	str	r1, [sp, #40]	@ 0x28
100037aa:	e524      	b.n	100031f6 <_vsnprintf+0x4de>
100037ac:	9b0a      	ldr	r3, [sp, #40]	@ 0x28
100037ae:	cb04      	ldmia	r3!, {r2}
100037b0:	4690      	mov	r8, r2
100037b2:	930a      	str	r3, [sp, #40]	@ 0x28
100037b4:	e58a      	b.n	100032cc <_vsnprintf+0x5b4>
100037b6:	0001      	movs	r1, r0
100037b8:	3101      	adds	r1, #1
100037ba:	910c      	str	r1, [sp, #48]	@ 0x30
100037bc:	e624      	b.n	10003408 <_vsnprintf+0x6f0>
100037be:	9f0a      	ldr	r7, [sp, #40]	@ 0x28
100037c0:	1c6c      	adds	r4, r5, #1
100037c2:	cf01      	ldmia	r7!, {r0}
100037c4:	002a      	movs	r2, r5
100037c6:	465b      	mov	r3, fp
100037c8:	9d09      	ldr	r5, [sp, #36]	@ 0x24
100037ca:	4651      	mov	r1, sl
100037cc:	b2c0      	uxtb	r0, r0
100037ce:	47a8      	blx	r5
100037d0:	0025      	movs	r5, r4
100037d2:	970a      	str	r7, [sp, #40]	@ 0x28
100037d4:	1c74      	adds	r4, r6, #1
100037d6:	f7ff fac6 	bl	10002d66 <_vsnprintf+0x4e>
100037da:	2320      	movs	r3, #32
100037dc:	4319      	orrs	r1, r3
100037de:	230c      	movs	r3, #12
100037e0:	4399      	bics	r1, r3
100037e2:	2300      	movs	r3, #0
100037e4:	4699      	mov	r9, r3
100037e6:	3310      	adds	r3, #16
100037e8:	0008      	movs	r0, r1
100037ea:	930c      	str	r3, [sp, #48]	@ 0x30
100037ec:	e556      	b.n	1000329c <_vsnprintf+0x584>
100037ee:	2308      	movs	r3, #8
100037f0:	468c      	mov	ip, r1
100037f2:	930c      	str	r3, [sp, #48]	@ 0x30
100037f4:	230d      	movs	r3, #13
100037f6:	4660      	mov	r0, ip
100037f8:	4398      	bics	r0, r3
100037fa:	e54f      	b.n	1000329c <_vsnprintf+0x584>
100037fc:	2310      	movs	r3, #16
100037fe:	000a      	movs	r2, r1
10003800:	439a      	bics	r2, r3
10003802:	4694      	mov	ip, r2
10003804:	2869      	cmp	r0, #105	@ 0x69
10003806:	d108      	bne.n	1000381a <_vsnprintf+0xb02>
10003808:	2380      	movs	r3, #128	@ 0x80
1000380a:	000a      	movs	r2, r1
1000380c:	00db      	lsls	r3, r3, #3
1000380e:	401a      	ands	r2, r3
10003810:	4690      	mov	r8, r2
10003812:	4219      	tst	r1, r3
10003814:	d100      	bne.n	10003818 <_vsnprintf+0xb00>
10003816:	e4ce      	b.n	100031b6 <_vsnprintf+0x49e>
10003818:	e4ca      	b.n	100031b0 <_vsnprintf+0x498>
1000381a:	231c      	movs	r3, #28
1000381c:	0008      	movs	r0, r1
1000381e:	4398      	bics	r0, r3
10003820:	2380      	movs	r3, #128	@ 0x80
10003822:	000a      	movs	r2, r1
10003824:	00db      	lsls	r3, r3, #3
10003826:	401a      	ands	r2, r3
10003828:	4691      	mov	r9, r2
1000382a:	4219      	tst	r1, r3
1000382c:	d102      	bne.n	10003834 <_vsnprintf+0xb1c>
1000382e:	230a      	movs	r3, #10
10003830:	930c      	str	r3, [sp, #48]	@ 0x30
10003832:	e533      	b.n	1000329c <_vsnprintf+0x584>
10003834:	230a      	movs	r3, #10
10003836:	930c      	str	r3, [sp, #48]	@ 0x30
10003838:	e7dc      	b.n	100037f4 <_vsnprintf+0xadc>
1000383a:	46c0      	nop			@ (mov r8, r8)

1000383c <vfctprintf>:
1000383c:	b500      	push	{lr}
1000383e:	b085      	sub	sp, #20
10003840:	9103      	str	r1, [sp, #12]
10003842:	2101      	movs	r1, #1
10003844:	9002      	str	r0, [sp, #8]
10003846:	9300      	str	r3, [sp, #0]
10003848:	4803      	ldr	r0, [pc, #12]	@ (10003858 <vfctprintf+0x1c>)
1000384a:	0013      	movs	r3, r2
1000384c:	424a      	negs	r2, r1
1000384e:	a902      	add	r1, sp, #8
10003850:	f7ff fa62 	bl	10002d18 <_vsnprintf>
10003854:	b005      	add	sp, #20
10003856:	bd00      	pop	{pc}
10003858:	100024f1 	.word	0x100024f1

1000385c <weak_raw_vprintf>:
1000385c:	b510      	push	{r4, lr}
1000385e:	4a09      	ldr	r2, [pc, #36]	@ (10003884 <weak_raw_vprintf+0x28>)
10003860:	0003      	movs	r3, r0
10003862:	6814      	ldr	r4, [r2, #0]
10003864:	b084      	sub	sp, #16
10003866:	2c00      	cmp	r4, #0
10003868:	d008      	beq.n	1000387c <weak_raw_vprintf+0x20>
1000386a:	2201      	movs	r2, #1
1000386c:	9100      	str	r1, [sp, #0]
1000386e:	4806      	ldr	r0, [pc, #24]	@ (10003888 <weak_raw_vprintf+0x2c>)
10003870:	4252      	negs	r2, r2
10003872:	a903      	add	r1, sp, #12
10003874:	47a0      	blx	r4
10003876:	2001      	movs	r0, #1
10003878:	b004      	add	sp, #16
1000387a:	bd10      	pop	{r4, pc}
1000387c:	f000 f982 	bl	10003b84 <__wrap_puts>
10003880:	2000      	movs	r0, #0
10003882:	e7f9      	b.n	10003878 <weak_raw_vprintf+0x1c>
10003884:	2000128c 	.word	0x2000128c
10003888:	100024e1 	.word	0x100024e1

1000388c <_exit>:
1000388c:	be00      	bkpt	0x0000
1000388e:	e7fd      	b.n	1000388c <_exit>

10003890 <_fini>:
10003890:	4770      	bx	lr
10003892:	46c0      	nop			@ (mov r8, r8)

10003894 <exit>:
10003894:	b510      	push	{r4, lr}
10003896:	f7ff fff9 	bl	1000388c <_exit>
1000389a:	46c0      	nop			@ (mov r8, r8)

1000389c <runtime_init>:
1000389c:	b570      	push	{r4, r5, r6, lr}
1000389e:	f7fd ffb5 	bl	1000180c <runtime_run_initializers>
100038a2:	4d07      	ldr	r5, [pc, #28]	@ (100038c0 <runtime_init+0x24>)
100038a4:	4e07      	ldr	r6, [pc, #28]	@ (100038c4 <runtime_init+0x28>)
100038a6:	42b5      	cmp	r5, r6
100038a8:	d209      	bcs.n	100038be <runtime_init+0x22>
100038aa:	2400      	movs	r4, #0
100038ac:	3e01      	subs	r6, #1
100038ae:	1b76      	subs	r6, r6, r5
100038b0:	08b6      	lsrs	r6, r6, #2
100038b2:	cd08      	ldmia	r5!, {r3}
100038b4:	4798      	blx	r3
100038b6:	0023      	movs	r3, r4
100038b8:	3401      	adds	r4, #1
100038ba:	42b3      	cmp	r3, r6
100038bc:	d1f9      	bne.n	100038b2 <runtime_init+0x16>
100038be:	bd70      	pop	{r4, r5, r6, pc}
100038c0:	10007bc4 	.word	0x10007bc4
100038c4:	10007bc8 	.word	0x10007bc8

100038c8 <stdio_out_chars_no_crlf>:
100038c8:	0003      	movs	r3, r0
100038ca:	b510      	push	{r4, lr}
100038cc:	0008      	movs	r0, r1
100038ce:	0011      	movs	r1, r2
100038d0:	681b      	ldr	r3, [r3, #0]
100038d2:	4798      	blx	r3
100038d4:	bd10      	pop	{r4, pc}
100038d6:	46c0      	nop			@ (mov r8, r8)

100038d8 <stdio_out_chars_crlf>:
100038d8:	b5f0      	push	{r4, r5, r6, r7, lr}
100038da:	4646      	mov	r6, r8
100038dc:	464f      	mov	r7, r9
100038de:	46d6      	mov	lr, sl
100038e0:	b5c0      	push	{r6, r7, lr}
100038e2:	7d43      	ldrb	r3, [r0, #21]
100038e4:	4680      	mov	r8, r0
100038e6:	000e      	movs	r6, r1
100038e8:	0017      	movs	r7, r2
100038ea:	2b00      	cmp	r3, #0
100038ec:	d04b      	beq.n	10003986 <stdio_out_chars_crlf+0xae>
100038ee:	2a00      	cmp	r2, #0
100038f0:	dd32      	ble.n	10003958 <stdio_out_chars_crlf+0x80>
100038f2:	4b27      	ldr	r3, [pc, #156]	@ (10003990 <stdio_out_chars_crlf+0xb8>)
100038f4:	2501      	movs	r5, #1
100038f6:	469a      	mov	sl, r3
100038f8:	1e4b      	subs	r3, r1, #1
100038fa:	2400      	movs	r4, #0
100038fc:	2000      	movs	r0, #0
100038fe:	4699      	mov	r9, r3
10003900:	e007      	b.n	10003912 <stdio_out_chars_crlf+0x3a>
10003902:	5d33      	ldrb	r3, [r6, r4]
10003904:	2b0a      	cmp	r3, #10
10003906:	d02c      	beq.n	10003962 <stdio_out_chars_crlf+0x8a>
10003908:	002b      	movs	r3, r5
1000390a:	3401      	adds	r4, #1
1000390c:	3501      	adds	r5, #1
1000390e:	42bb      	cmp	r3, r7
10003910:	da13      	bge.n	1000393a <stdio_out_chars_crlf+0x62>
10003912:	2c00      	cmp	r4, #0
10003914:	d1f5      	bne.n	10003902 <stdio_out_chars_crlf+0x2a>
10003916:	7833      	ldrb	r3, [r6, #0]
10003918:	2b0a      	cmp	r3, #10
1000391a:	d1f5      	bne.n	10003908 <stdio_out_chars_crlf+0x30>
1000391c:	4643      	mov	r3, r8
1000391e:	7d1b      	ldrb	r3, [r3, #20]
10003920:	2b00      	cmp	r3, #0
10003922:	d1f1      	bne.n	10003908 <stdio_out_chars_crlf+0x30>
10003924:	4643      	mov	r3, r8
10003926:	4650      	mov	r0, sl
10003928:	2102      	movs	r1, #2
1000392a:	681b      	ldr	r3, [r3, #0]
1000392c:	4798      	blx	r3
1000392e:	0028      	movs	r0, r5
10003930:	002b      	movs	r3, r5
10003932:	3401      	adds	r4, #1
10003934:	3501      	adds	r5, #1
10003936:	42bb      	cmp	r3, r7
10003938:	dbeb      	blt.n	10003912 <stdio_out_chars_crlf+0x3a>
1000393a:	4287      	cmp	r7, r0
1000393c:	dd04      	ble.n	10003948 <stdio_out_chars_crlf+0x70>
1000393e:	4643      	mov	r3, r8
10003940:	1a39      	subs	r1, r7, r0
10003942:	681b      	ldr	r3, [r3, #0]
10003944:	1830      	adds	r0, r6, r0
10003946:	4798      	blx	r3
10003948:	19f6      	adds	r6, r6, r7
1000394a:	3e01      	subs	r6, #1
1000394c:	7833      	ldrb	r3, [r6, #0]
1000394e:	3b0d      	subs	r3, #13
10003950:	425a      	negs	r2, r3
10003952:	4153      	adcs	r3, r2
10003954:	4642      	mov	r2, r8
10003956:	7513      	strb	r3, [r2, #20]
10003958:	bce0      	pop	{r5, r6, r7}
1000395a:	46ba      	mov	sl, r7
1000395c:	46b1      	mov	r9, r6
1000395e:	46a8      	mov	r8, r5
10003960:	bdf0      	pop	{r4, r5, r6, r7, pc}
10003962:	464b      	mov	r3, r9
10003964:	5d1b      	ldrb	r3, [r3, r4]
10003966:	2b0d      	cmp	r3, #13
10003968:	d0ce      	beq.n	10003908 <stdio_out_chars_crlf+0x30>
1000396a:	42a0      	cmp	r0, r4
1000396c:	dada      	bge.n	10003924 <stdio_out_chars_crlf+0x4c>
1000396e:	4643      	mov	r3, r8
10003970:	1a21      	subs	r1, r4, r0
10003972:	681b      	ldr	r3, [r3, #0]
10003974:	1830      	adds	r0, r6, r0
10003976:	4798      	blx	r3
10003978:	4643      	mov	r3, r8
1000397a:	4650      	mov	r0, sl
1000397c:	2102      	movs	r1, #2
1000397e:	681b      	ldr	r3, [r3, #0]
10003980:	4798      	blx	r3
10003982:	0028      	movs	r0, r5
10003984:	e7d4      	b.n	10003930 <stdio_out_chars_crlf+0x58>
10003986:	6803      	ldr	r3, [r0, #0]
10003988:	0011      	movs	r1, r2
1000398a:	0030      	movs	r0, r6
1000398c:	4798      	blx	r3
1000398e:	e7e3      	b.n	10003958 <stdio_out_chars_crlf+0x80>
10003990:	10007ee0 	.word	0x10007ee0

10003994 <stdio_buffered_printer>:
10003994:	b5f8      	push	{r3, r4, r5, r6, r7, lr}
10003996:	680b      	ldr	r3, [r1, #0]
10003998:	000d      	movs	r5, r1
1000399a:	1c5a      	adds	r2, r3, #1
1000399c:	18cb      	adds	r3, r1, r3
1000399e:	600a      	str	r2, [r1, #0]
100039a0:	7118      	strb	r0, [r3, #4]
100039a2:	2a80      	cmp	r2, #128	@ 0x80
100039a4:	d000      	beq.n	100039a8 <stdio_buffered_printer+0x14>
100039a6:	bdf8      	pop	{r3, r4, r5, r6, r7, pc}
100039a8:	4b0e      	ldr	r3, [pc, #56]	@ (100039e4 <stdio_buffered_printer+0x50>)
100039aa:	681c      	ldr	r4, [r3, #0]
100039ac:	2c00      	cmp	r4, #0
100039ae:	d015      	beq.n	100039dc <stdio_buffered_printer+0x48>
100039b0:	4e0d      	ldr	r6, [pc, #52]	@ (100039e8 <stdio_buffered_printer+0x54>)
100039b2:	1d0f      	adds	r7, r1, #4
100039b4:	e002      	b.n	100039bc <stdio_buffered_printer+0x28>
100039b6:	6924      	ldr	r4, [r4, #16]
100039b8:	2c00      	cmp	r4, #0
100039ba:	d00f      	beq.n	100039dc <stdio_buffered_printer+0x48>
100039bc:	6823      	ldr	r3, [r4, #0]
100039be:	2b00      	cmp	r3, #0
100039c0:	d0f9      	beq.n	100039b6 <stdio_buffered_printer+0x22>
100039c2:	6833      	ldr	r3, [r6, #0]
100039c4:	2b00      	cmp	r3, #0
100039c6:	d001      	beq.n	100039cc <stdio_buffered_printer+0x38>
100039c8:	42a3      	cmp	r3, r4
100039ca:	d1f4      	bne.n	100039b6 <stdio_buffered_printer+0x22>
100039cc:	0020      	movs	r0, r4
100039ce:	0039      	movs	r1, r7
100039d0:	682a      	ldr	r2, [r5, #0]
100039d2:	f7ff ff81 	bl	100038d8 <stdio_out_chars_crlf>
100039d6:	6924      	ldr	r4, [r4, #16]
100039d8:	2c00      	cmp	r4, #0
100039da:	d1ef      	bne.n	100039bc <stdio_buffered_printer+0x28>
100039dc:	2300      	movs	r3, #0
100039de:	602b      	str	r3, [r5, #0]
100039e0:	e7e1      	b.n	100039a6 <stdio_buffered_printer+0x12>
100039e2:	46c0      	nop			@ (mov r8, r8)
100039e4:	20001284 	.word	0x20001284
100039e8:	20001288 	.word	0x20001288

100039ec <stdio_put_string>:
100039ec:	b5f0      	push	{r4, r5, r6, r7, lr}
100039ee:	46de      	mov	lr, fp
100039f0:	4657      	mov	r7, sl
100039f2:	464e      	mov	r6, r9
100039f4:	4645      	mov	r5, r8
100039f6:	b5e0      	push	{r5, r6, r7, lr}
100039f8:	b085      	sub	sp, #20
100039fa:	0017      	movs	r7, r2
100039fc:	001c      	movs	r4, r3
100039fe:	0006      	movs	r6, r0
10003a00:	000d      	movs	r5, r1
10003a02:	f7fd fd4f 	bl	100014a4 <time_us_64>
10003a06:	2300      	movs	r3, #0
10003a08:	4a31      	ldr	r2, [pc, #196]	@ (10003ad0 <stdio_put_string+0xe4>)
10003a0a:	1812      	adds	r2, r2, r0
10003a0c:	414b      	adcs	r3, r1
10003a0e:	2180      	movs	r1, #128	@ 0x80
10003a10:	0609      	lsls	r1, r1, #24
10003a12:	428b      	cmp	r3, r1
10003a14:	d302      	bcc.n	10003a1c <stdio_put_string+0x30>
10003a16:	2201      	movs	r2, #1
10003a18:	4b2e      	ldr	r3, [pc, #184]	@ (10003ad4 <stdio_put_string+0xe8>)
10003a1a:	4252      	negs	r2, r2
10003a1c:	492e      	ldr	r1, [pc, #184]	@ (10003ad8 <stdio_put_string+0xec>)
10003a1e:	0008      	movs	r0, r1
10003a20:	468a      	mov	sl, r1
10003a22:	f004 f8a1 	bl	10007b68 <__mutex_try_enter_block_until_veneer>
10003a26:	9001      	str	r0, [sp, #4]
10003a28:	1c6b      	adds	r3, r5, #1
10003a2a:	d103      	bne.n	10003a34 <stdio_put_string+0x48>
10003a2c:	0030      	movs	r0, r6
10003a2e:	f003 fff9 	bl	10007a24 <strlen>
10003a32:	0005      	movs	r5, r0
10003a34:	2c00      	cmp	r4, #0
10003a36:	d026      	beq.n	10003a86 <stdio_put_string+0x9a>
10003a38:	4b28      	ldr	r3, [pc, #160]	@ (10003adc <stdio_put_string+0xf0>)
10003a3a:	4698      	mov	r8, r3
10003a3c:	4b28      	ldr	r3, [pc, #160]	@ (10003ae0 <stdio_put_string+0xf4>)
10003a3e:	681c      	ldr	r4, [r3, #0]
10003a40:	2c00      	cmp	r4, #0
10003a42:	d015      	beq.n	10003a70 <stdio_put_string+0x84>
10003a44:	2f00      	cmp	r7, #0
10003a46:	d121      	bne.n	10003a8c <stdio_put_string+0xa0>
10003a48:	4f26      	ldr	r7, [pc, #152]	@ (10003ae4 <stdio_put_string+0xf8>)
10003a4a:	e002      	b.n	10003a52 <stdio_put_string+0x66>
10003a4c:	6924      	ldr	r4, [r4, #16]
10003a4e:	2c00      	cmp	r4, #0
10003a50:	d00e      	beq.n	10003a70 <stdio_put_string+0x84>
10003a52:	6823      	ldr	r3, [r4, #0]
10003a54:	2b00      	cmp	r3, #0
10003a56:	d0f9      	beq.n	10003a4c <stdio_put_string+0x60>
10003a58:	683b      	ldr	r3, [r7, #0]
10003a5a:	2b00      	cmp	r3, #0
10003a5c:	d001      	beq.n	10003a62 <stdio_put_string+0x76>
10003a5e:	42a3      	cmp	r3, r4
10003a60:	d1f4      	bne.n	10003a4c <stdio_put_string+0x60>
10003a62:	0020      	movs	r0, r4
10003a64:	002a      	movs	r2, r5
10003a66:	0031      	movs	r1, r6
10003a68:	47c0      	blx	r8
10003a6a:	6924      	ldr	r4, [r4, #16]
10003a6c:	2c00      	cmp	r4, #0
10003a6e:	d1f0      	bne.n	10003a52 <stdio_put_string+0x66>
10003a70:	9b01      	ldr	r3, [sp, #4]
10003a72:	2b00      	cmp	r3, #0
10003a74:	d128      	bne.n	10003ac8 <stdio_put_string+0xdc>
10003a76:	0028      	movs	r0, r5
10003a78:	b005      	add	sp, #20
10003a7a:	bcf0      	pop	{r4, r5, r6, r7}
10003a7c:	46bb      	mov	fp, r7
10003a7e:	46b2      	mov	sl, r6
10003a80:	46a9      	mov	r9, r5
10003a82:	46a0      	mov	r8, r4
10003a84:	bdf0      	pop	{r4, r5, r6, r7, pc}
10003a86:	4b18      	ldr	r3, [pc, #96]	@ (10003ae8 <stdio_put_string+0xfc>)
10003a88:	4698      	mov	r8, r3
10003a8a:	e7d7      	b.n	10003a3c <stdio_put_string+0x50>
10003a8c:	4b15      	ldr	r3, [pc, #84]	@ (10003ae4 <stdio_put_string+0xf8>)
10003a8e:	4699      	mov	r9, r3
10003a90:	ab02      	add	r3, sp, #8
10003a92:	1ddf      	adds	r7, r3, #7
10003a94:	230a      	movs	r3, #10
10003a96:	469b      	mov	fp, r3
10003a98:	e002      	b.n	10003aa0 <stdio_put_string+0xb4>
10003a9a:	6924      	ldr	r4, [r4, #16]
10003a9c:	2c00      	cmp	r4, #0
10003a9e:	d0e7      	beq.n	10003a70 <stdio_put_string+0x84>
10003aa0:	6823      	ldr	r3, [r4, #0]
10003aa2:	2b00      	cmp	r3, #0
10003aa4:	d0f9      	beq.n	10003a9a <stdio_put_string+0xae>
10003aa6:	464b      	mov	r3, r9
10003aa8:	681b      	ldr	r3, [r3, #0]
10003aaa:	2b00      	cmp	r3, #0
10003aac:	d001      	beq.n	10003ab2 <stdio_put_string+0xc6>
10003aae:	42a3      	cmp	r3, r4
10003ab0:	d1f3      	bne.n	10003a9a <stdio_put_string+0xae>
10003ab2:	002a      	movs	r2, r5
10003ab4:	0031      	movs	r1, r6
10003ab6:	0020      	movs	r0, r4
10003ab8:	47c0      	blx	r8
10003aba:	465b      	mov	r3, fp
10003abc:	2201      	movs	r2, #1
10003abe:	0039      	movs	r1, r7
10003ac0:	0020      	movs	r0, r4
10003ac2:	703b      	strb	r3, [r7, #0]
10003ac4:	47c0      	blx	r8
10003ac6:	e7e8      	b.n	10003a9a <stdio_put_string+0xae>
10003ac8:	4650      	mov	r0, sl
10003aca:	f004 f83d 	bl	10007b48 <__mutex_exit_veneer>
10003ace:	e7d2      	b.n	10003a76 <stdio_put_string+0x8a>
10003ad0:	000f4240 	.word	0x000f4240
10003ad4:	7fffffff 	.word	0x7fffffff
10003ad8:	20000568 	.word	0x20000568
10003adc:	100038d9 	.word	0x100038d9
10003ae0:	20001284 	.word	0x20001284
10003ae4:	20001288 	.word	0x20001288
10003ae8:	100038c9 	.word	0x100038c9

10003aec <__wrap_putchar>:
10003aec:	b5f0      	push	{r4, r5, r6, r7, lr}
10003aee:	46ce      	mov	lr, r9
10003af0:	4647      	mov	r7, r8
10003af2:	b580      	push	{r7, lr}
10003af4:	b083      	sub	sp, #12
10003af6:	466b      	mov	r3, sp
10003af8:	0006      	movs	r6, r0
10003afa:	1ddd      	adds	r5, r3, #7
10003afc:	7028      	strb	r0, [r5, #0]
10003afe:	f7fd fcd1 	bl	100014a4 <time_us_64>
10003b02:	2300      	movs	r3, #0
10003b04:	4a1a      	ldr	r2, [pc, #104]	@ (10003b70 <__wrap_putchar+0x84>)
10003b06:	1812      	adds	r2, r2, r0
10003b08:	414b      	adcs	r3, r1
10003b0a:	2180      	movs	r1, #128	@ 0x80
10003b0c:	0609      	lsls	r1, r1, #24
10003b0e:	428b      	cmp	r3, r1
10003b10:	d302      	bcc.n	10003b18 <__wrap_putchar+0x2c>
10003b12:	2201      	movs	r2, #1
10003b14:	4b17      	ldr	r3, [pc, #92]	@ (10003b74 <__wrap_putchar+0x88>)
10003b16:	4252      	negs	r2, r2
10003b18:	4917      	ldr	r1, [pc, #92]	@ (10003b78 <__wrap_putchar+0x8c>)
10003b1a:	0008      	movs	r0, r1
10003b1c:	4688      	mov	r8, r1
10003b1e:	f004 f823 	bl	10007b68 <__mutex_try_enter_block_until_veneer>
10003b22:	4b16      	ldr	r3, [pc, #88]	@ (10003b7c <__wrap_putchar+0x90>)
10003b24:	4681      	mov	r9, r0
10003b26:	681c      	ldr	r4, [r3, #0]
10003b28:	2c00      	cmp	r4, #0
10003b2a:	d014      	beq.n	10003b56 <__wrap_putchar+0x6a>
10003b2c:	4f14      	ldr	r7, [pc, #80]	@ (10003b80 <__wrap_putchar+0x94>)
10003b2e:	e002      	b.n	10003b36 <__wrap_putchar+0x4a>
10003b30:	6924      	ldr	r4, [r4, #16]
10003b32:	2c00      	cmp	r4, #0
10003b34:	d00f      	beq.n	10003b56 <__wrap_putchar+0x6a>
10003b36:	6823      	ldr	r3, [r4, #0]
10003b38:	2b00      	cmp	r3, #0
10003b3a:	d0f9      	beq.n	10003b30 <__wrap_putchar+0x44>
10003b3c:	683b      	ldr	r3, [r7, #0]
10003b3e:	2b00      	cmp	r3, #0
10003b40:	d001      	beq.n	10003b46 <__wrap_putchar+0x5a>
10003b42:	42a3      	cmp	r3, r4
10003b44:	d1f4      	bne.n	10003b30 <__wrap_putchar+0x44>
10003b46:	0020      	movs	r0, r4
10003b48:	2201      	movs	r2, #1
10003b4a:	0029      	movs	r1, r5
10003b4c:	f7ff fec4 	bl	100038d8 <stdio_out_chars_crlf>
10003b50:	6924      	ldr	r4, [r4, #16]
10003b52:	2c00      	cmp	r4, #0
10003b54:	d1ef      	bne.n	10003b36 <__wrap_putchar+0x4a>
10003b56:	464b      	mov	r3, r9
10003b58:	2b00      	cmp	r3, #0
10003b5a:	d105      	bne.n	10003b68 <__wrap_putchar+0x7c>
10003b5c:	0030      	movs	r0, r6
10003b5e:	b003      	add	sp, #12
10003b60:	bcc0      	pop	{r6, r7}
10003b62:	46b9      	mov	r9, r7
10003b64:	46b0      	mov	r8, r6
10003b66:	bdf0      	pop	{r4, r5, r6, r7, pc}
10003b68:	4640      	mov	r0, r8
10003b6a:	f003 ffed 	bl	10007b48 <__mutex_exit_veneer>
10003b6e:	e7f5      	b.n	10003b5c <__wrap_putchar+0x70>
10003b70:	000f4240 	.word	0x000f4240
10003b74:	7fffffff 	.word	0x7fffffff
10003b78:	20000568 	.word	0x20000568
10003b7c:	20001284 	.word	0x20001284
10003b80:	20001288 	.word	0x20001288

10003b84 <__wrap_puts>:
10003b84:	b570      	push	{r4, r5, r6, lr}
10003b86:	0004      	movs	r4, r0
10003b88:	f003 ff4c 	bl	10007a24 <strlen>
10003b8c:	2301      	movs	r3, #1
10003b8e:	0001      	movs	r1, r0
10003b90:	0005      	movs	r5, r0
10003b92:	2201      	movs	r2, #1
10003b94:	0020      	movs	r0, r4
10003b96:	f7ff ff29 	bl	100039ec <stdio_put_string>
10003b9a:	4b08      	ldr	r3, [pc, #32]	@ (10003bbc <__wrap_puts+0x38>)
10003b9c:	681c      	ldr	r4, [r3, #0]
10003b9e:	2c00      	cmp	r4, #0
10003ba0:	d006      	beq.n	10003bb0 <__wrap_puts+0x2c>
10003ba2:	6863      	ldr	r3, [r4, #4]
10003ba4:	2b00      	cmp	r3, #0
10003ba6:	d005      	beq.n	10003bb4 <__wrap_puts+0x30>
10003ba8:	4798      	blx	r3
10003baa:	6924      	ldr	r4, [r4, #16]
10003bac:	2c00      	cmp	r4, #0
10003bae:	d1f8      	bne.n	10003ba2 <__wrap_puts+0x1e>
10003bb0:	0028      	movs	r0, r5
10003bb2:	bd70      	pop	{r4, r5, r6, pc}
10003bb4:	6924      	ldr	r4, [r4, #16]
10003bb6:	2c00      	cmp	r4, #0
10003bb8:	d1f3      	bne.n	10003ba2 <__wrap_puts+0x1e>
10003bba:	e7f9      	b.n	10003bb0 <__wrap_puts+0x2c>
10003bbc:	20001284 	.word	0x20001284

10003bc0 <__wrap_vprintf>:
10003bc0:	b5f0      	push	{r4, r5, r6, r7, lr}
10003bc2:	46ce      	mov	lr, r9
10003bc4:	4647      	mov	r7, r8
10003bc6:	b580      	push	{r7, lr}
10003bc8:	b0a3      	sub	sp, #140	@ 0x8c
10003bca:	0004      	movs	r4, r0
10003bcc:	000d      	movs	r5, r1
10003bce:	f7fd fc69 	bl	100014a4 <time_us_64>
10003bd2:	2300      	movs	r3, #0
10003bd4:	4a29      	ldr	r2, [pc, #164]	@ (10003c7c <__wrap_vprintf+0xbc>)
10003bd6:	1812      	adds	r2, r2, r0
10003bd8:	414b      	adcs	r3, r1
10003bda:	2180      	movs	r1, #128	@ 0x80
10003bdc:	0609      	lsls	r1, r1, #24
10003bde:	428b      	cmp	r3, r1
10003be0:	d302      	bcc.n	10003be8 <__wrap_vprintf+0x28>
10003be2:	2201      	movs	r2, #1
10003be4:	4b26      	ldr	r3, [pc, #152]	@ (10003c80 <__wrap_vprintf+0xc0>)
10003be6:	4252      	negs	r2, r2
10003be8:	4f26      	ldr	r7, [pc, #152]	@ (10003c84 <__wrap_vprintf+0xc4>)
10003bea:	0038      	movs	r0, r7
10003bec:	f003 ffbc 	bl	10007b68 <__mutex_try_enter_block_until_veneer>
10003bf0:	2300      	movs	r3, #0
10003bf2:	0006      	movs	r6, r0
10003bf4:	9301      	str	r3, [sp, #4]
10003bf6:	0022      	movs	r2, r4
10003bf8:	002b      	movs	r3, r5
10003bfa:	4823      	ldr	r0, [pc, #140]	@ (10003c88 <__wrap_vprintf+0xc8>)
10003bfc:	a901      	add	r1, sp, #4
10003bfe:	f7ff fe1d 	bl	1000383c <vfctprintf>
10003c02:	9b01      	ldr	r3, [sp, #4]
10003c04:	4680      	mov	r8, r0
10003c06:	2b00      	cmp	r3, #0
10003c08:	d114      	bne.n	10003c34 <__wrap_vprintf+0x74>
10003c0a:	4b20      	ldr	r3, [pc, #128]	@ (10003c8c <__wrap_vprintf+0xcc>)
10003c0c:	681c      	ldr	r4, [r3, #0]
10003c0e:	2c00      	cmp	r4, #0
10003c10:	d006      	beq.n	10003c20 <__wrap_vprintf+0x60>
10003c12:	6863      	ldr	r3, [r4, #4]
10003c14:	2b00      	cmp	r3, #0
10003c16:	d00b      	beq.n	10003c30 <__wrap_vprintf+0x70>
10003c18:	4798      	blx	r3
10003c1a:	6924      	ldr	r4, [r4, #16]
10003c1c:	2c00      	cmp	r4, #0
10003c1e:	d1f8      	bne.n	10003c12 <__wrap_vprintf+0x52>
10003c20:	2e00      	cmp	r6, #0
10003c22:	d125      	bne.n	10003c70 <__wrap_vprintf+0xb0>
10003c24:	4640      	mov	r0, r8
10003c26:	b023      	add	sp, #140	@ 0x8c
10003c28:	bcc0      	pop	{r6, r7}
10003c2a:	46b9      	mov	r9, r7
10003c2c:	46b0      	mov	r8, r6
10003c2e:	bdf0      	pop	{r4, r5, r6, r7, pc}
10003c30:	6924      	ldr	r4, [r4, #16]
10003c32:	e7ec      	b.n	10003c0e <__wrap_vprintf+0x4e>
10003c34:	4b15      	ldr	r3, [pc, #84]	@ (10003c8c <__wrap_vprintf+0xcc>)
10003c36:	681d      	ldr	r5, [r3, #0]
10003c38:	4699      	mov	r9, r3
10003c3a:	2d00      	cmp	r5, #0
10003c3c:	d01c      	beq.n	10003c78 <__wrap_vprintf+0xb8>
10003c3e:	4c14      	ldr	r4, [pc, #80]	@ (10003c90 <__wrap_vprintf+0xd0>)
10003c40:	e002      	b.n	10003c48 <__wrap_vprintf+0x88>
10003c42:	692d      	ldr	r5, [r5, #16]
10003c44:	2d00      	cmp	r5, #0
10003c46:	d00f      	beq.n	10003c68 <__wrap_vprintf+0xa8>
10003c48:	682b      	ldr	r3, [r5, #0]
10003c4a:	2b00      	cmp	r3, #0
10003c4c:	d0f9      	beq.n	10003c42 <__wrap_vprintf+0x82>
10003c4e:	6823      	ldr	r3, [r4, #0]
10003c50:	2b00      	cmp	r3, #0
10003c52:	d001      	beq.n	10003c58 <__wrap_vprintf+0x98>
10003c54:	42ab      	cmp	r3, r5
10003c56:	d1f4      	bne.n	10003c42 <__wrap_vprintf+0x82>
10003c58:	0028      	movs	r0, r5
10003c5a:	9a01      	ldr	r2, [sp, #4]
10003c5c:	a902      	add	r1, sp, #8
10003c5e:	f7ff fe3b 	bl	100038d8 <stdio_out_chars_crlf>
10003c62:	692d      	ldr	r5, [r5, #16]
10003c64:	2d00      	cmp	r5, #0
10003c66:	d1ef      	bne.n	10003c48 <__wrap_vprintf+0x88>
10003c68:	464b      	mov	r3, r9
10003c6a:	9501      	str	r5, [sp, #4]
10003c6c:	681c      	ldr	r4, [r3, #0]
10003c6e:	e7ce      	b.n	10003c0e <__wrap_vprintf+0x4e>
10003c70:	0038      	movs	r0, r7
10003c72:	f003 ff69 	bl	10007b48 <__mutex_exit_veneer>
10003c76:	e7d5      	b.n	10003c24 <__wrap_vprintf+0x64>
10003c78:	9501      	str	r5, [sp, #4]
10003c7a:	e7d1      	b.n	10003c20 <__wrap_vprintf+0x60>
10003c7c:	000f4240 	.word	0x000f4240
10003c80:	7fffffff 	.word	0x7fffffff
10003c84:	20000568 	.word	0x20000568
10003c88:	10003995 	.word	0x10003995
10003c8c:	20001284 	.word	0x20001284
10003c90:	20001288 	.word	0x20001288

10003c94 <__wrap_printf>:
10003c94:	b40f      	push	{r0, r1, r2, r3}
10003c96:	b500      	push	{lr}
10003c98:	b083      	sub	sp, #12
10003c9a:	a904      	add	r1, sp, #16
10003c9c:	c901      	ldmia	r1!, {r0}
10003c9e:	9101      	str	r1, [sp, #4]
10003ca0:	f7ff ff8e 	bl	10003bc0 <__wrap_vprintf>
10003ca4:	b003      	add	sp, #12
10003ca6:	bc08      	pop	{r3}
10003ca8:	b004      	add	sp, #16
10003caa:	4718      	bx	r3

10003cac <cyw43_arch_set_async_context>:
10003cac:	4b01      	ldr	r3, [pc, #4]	@ (10003cb4 <cyw43_arch_set_async_context+0x8>)
10003cae:	6018      	str	r0, [r3, #0]
10003cb0:	4770      	bx	lr
10003cb2:	46c0      	nop			@ (mov r8, r8)
10003cb4:	20000840 	.word	0x20000840

10003cb8 <cyw43_arch_gpio_put>:
10003cb8:	b510      	push	{r4, lr}
10003cba:	4b03      	ldr	r3, [pc, #12]	@ (10003cc8 <cyw43_arch_gpio_put+0x10>)
10003cbc:	000a      	movs	r2, r1
10003cbe:	0001      	movs	r1, r0
10003cc0:	0018      	movs	r0, r3
10003cc2:	f003 f81b 	bl	10006cfc <cyw43_gpio_set>
10003cc6:	bd10      	pop	{r4, pc}
10003cc8:	200009a8 	.word	0x200009a8

10003ccc <cyw43_arch_async_context>:
10003ccc:	4b01      	ldr	r3, [pc, #4]	@ (10003cd4 <cyw43_arch_async_context+0x8>)
10003cce:	6818      	ldr	r0, [r3, #0]
10003cd0:	4770      	bx	lr
10003cd2:	46c0      	nop			@ (mov r8, r8)
10003cd4:	20000840 	.word	0x20000840

10003cd8 <cyw43_arch_init>:
10003cd8:	b510      	push	{r4, lr}
10003cda:	b082      	sub	sp, #8
10003cdc:	f7ff fff6 	bl	10003ccc <cyw43_arch_async_context>
10003ce0:	2800      	cmp	r0, #0
10003ce2:	d007      	beq.n	10003cf4 <cyw43_arch_init+0x1c>
10003ce4:	f003 fad0 	bl	10007288 <cyw43_driver_init>
10003ce8:	0003      	movs	r3, r0
10003cea:	2000      	movs	r0, #0
10003cec:	2b00      	cmp	r3, #0
10003cee:	d010      	beq.n	10003d12 <cyw43_arch_init+0x3a>
10003cf0:	b002      	add	sp, #8
10003cf2:	bd10      	pop	{r4, pc}
10003cf4:	4668      	mov	r0, sp
10003cf6:	f003 fd27 	bl	10007748 <async_context_threadsafe_background_default_config>
10003cfa:	4c0f      	ldr	r4, [pc, #60]	@ (10003d38 <cyw43_arch_init+0x60>)
10003cfc:	4669      	mov	r1, sp
10003cfe:	0020      	movs	r0, r4
10003d00:	f003 fd28 	bl	10007754 <async_context_threadsafe_background_init>
10003d04:	2800      	cmp	r0, #0
10003d06:	d013      	beq.n	10003d30 <cyw43_arch_init+0x58>
10003d08:	0020      	movs	r0, r4
10003d0a:	f7ff ffcf 	bl	10003cac <cyw43_arch_set_async_context>
10003d0e:	0020      	movs	r0, r4
10003d10:	e7e8      	b.n	10003ce4 <cyw43_arch_init+0xc>
10003d12:	f7ff ffdb 	bl	10003ccc <cyw43_arch_async_context>
10003d16:	0004      	movs	r4, r0
10003d18:	f003 fad2 	bl	100072c0 <cyw43_driver_deinit>
10003d1c:	4b06      	ldr	r3, [pc, #24]	@ (10003d38 <cyw43_arch_init+0x60>)
10003d1e:	429c      	cmp	r4, r3
10003d20:	d106      	bne.n	10003d30 <cyw43_arch_init+0x58>
10003d22:	6823      	ldr	r3, [r4, #0]
10003d24:	0020      	movs	r0, r4
10003d26:	6b5b      	ldr	r3, [r3, #52]	@ 0x34
10003d28:	4798      	blx	r3
10003d2a:	2000      	movs	r0, #0
10003d2c:	f7ff ffbe 	bl	10003cac <cyw43_arch_set_async_context>
10003d30:	2001      	movs	r0, #1
10003d32:	4240      	negs	r0, r0
10003d34:	e7dc      	b.n	10003cf0 <cyw43_arch_init+0x18>
10003d36:	46c0      	nop			@ (mov r8, r8)
10003d38:	20000570 	.word	0x20000570

10003d3c <_retrieve_unique_id_on_boot>:
10003d3c:	b510      	push	{r4, lr}
10003d3e:	4802      	ldr	r0, [pc, #8]	@ (10003d48 <_retrieve_unique_id_on_boot+0xc>)
10003d40:	f000 f80c 	bl	10003d5c <flash_get_unique_id>
10003d44:	bd10      	pop	{r4, pc}
10003d46:	46c0      	nop			@ (mov r8, r8)
10003d48:	200012a8 	.word	0x200012a8

10003d4c <pico_get_unique_board_id>:
10003d4c:	b510      	push	{r4, lr}
10003d4e:	2208      	movs	r2, #8
10003d50:	4901      	ldr	r1, [pc, #4]	@ (10003d58 <pico_get_unique_board_id+0xc>)
10003d52:	f7fe fa7b 	bl	1000224c <__wrap___aeabi_memcpy>
10003d56:	bd10      	pop	{r4, pc}
10003d58:	200012a8 	.word	0x200012a8

10003d5c <flash_get_unique_id>:
10003d5c:	b530      	push	{r4, r5, lr}
10003d5e:	2500      	movs	r5, #0
10003d60:	b089      	sub	sp, #36	@ 0x24
10003d62:	0004      	movs	r4, r0
10003d64:	2209      	movs	r2, #9
10003d66:	2100      	movs	r1, #0
10003d68:	a801      	add	r0, sp, #4
10003d6a:	9500      	str	r5, [sp, #0]
10003d6c:	f7fe fa68 	bl	10002240 <__wrap_memset>
10003d70:	2209      	movs	r2, #9
10003d72:	2100      	movs	r1, #0
10003d74:	a805      	add	r0, sp, #20
10003d76:	9504      	str	r5, [sp, #16]
10003d78:	f7fe fa62 	bl	10002240 <__wrap_memset>
10003d7c:	466a      	mov	r2, sp
10003d7e:	234b      	movs	r3, #75	@ 0x4b
10003d80:	4668      	mov	r0, sp
10003d82:	7013      	strb	r3, [r2, #0]
10003d84:	a904      	add	r1, sp, #16
10003d86:	2300      	movs	r3, #0
10003d88:	220d      	movs	r2, #13
10003d8a:	f003 fecd 	bl	10007b28 <__flash_do_cmd_cs_veneer>
10003d8e:	2115      	movs	r1, #21
10003d90:	2208      	movs	r2, #8
10003d92:	0020      	movs	r0, r4
10003d94:	4469      	add	r1, sp
10003d96:	f7fe fa59 	bl	1000224c <__wrap___aeabi_memcpy>
10003d9a:	b009      	add	sp, #36	@ 0x24
10003d9c:	bd30      	pop	{r4, r5, pc}
10003d9e:	46c0      	nop			@ (mov r8, r8)

10003da0 <ns_delay.constprop.0>:
10003da0:	b510      	push	{r4, lr}
10003da2:	2005      	movs	r0, #5
10003da4:	f7fd fc86 	bl	100016b4 <clock_get_hz>
10003da8:	0c03      	lsrs	r3, r0, #16
10003daa:	2064      	movs	r0, #100	@ 0x64
10003dac:	4903      	ldr	r1, [pc, #12]	@ (10003dbc <ns_delay.constprop.0+0x1c>)
10003dae:	4358      	muls	r0, r3
10003db0:	f7fd fe7e 	bl	10001ab0 <__wrap___aeabi_uidiv>
10003db4:	3803      	subs	r0, #3
10003db6:	d2fd      	bcs.n	10003db4 <ns_delay.constprop.0+0x14>
10003db8:	bd10      	pop	{r4, pc}
10003dba:	46c0      	nop			@ (mov r8, r8)
10003dbc:	00003b9a 	.word	0x00003b9a

10003dc0 <cyw43_spi_deinit>:
10003dc0:	4b18      	ldr	r3, [pc, #96]	@ (10003e24 <cyw43_spi_deinit+0x64>)
10003dc2:	b570      	push	{r4, r5, r6, lr}
10003dc4:	58c4      	ldr	r4, [r0, r3]
10003dc6:	0005      	movs	r5, r0
10003dc8:	2c00      	cmp	r4, #0
10003dca:	d014      	beq.n	10003df6 <cyw43_spi_deinit+0x36>
10003dcc:	6821      	ldr	r1, [r4, #0]
10003dce:	2900      	cmp	r1, #0
10003dd0:	d006      	beq.n	10003de0 <cyw43_spi_deinit+0x20>
10003dd2:	6863      	ldr	r3, [r4, #4]
10003dd4:	68a2      	ldr	r2, [r4, #8]
10003dd6:	4814      	ldr	r0, [pc, #80]	@ (10003e28 <cyw43_spi_deinit+0x68>)
10003dd8:	f003 f950 	bl	1000707c <pio_remove_program_and_unclaim_sm>
10003ddc:	2300      	movs	r3, #0
10003dde:	6023      	str	r3, [r4, #0]
10003de0:	200c      	movs	r0, #12
10003de2:	5620      	ldrsb	r0, [r4, r0]
10003de4:	2800      	cmp	r0, #0
10003de6:	da10      	bge.n	10003e0a <cyw43_spi_deinit+0x4a>
10003de8:	200d      	movs	r0, #13
10003dea:	5620      	ldrsb	r0, [r4, r0]
10003dec:	2800      	cmp	r0, #0
10003dee:	da03      	bge.n	10003df8 <cyw43_spi_deinit+0x38>
10003df0:	2200      	movs	r2, #0
10003df2:	4b0c      	ldr	r3, [pc, #48]	@ (10003e24 <cyw43_spi_deinit+0x64>)
10003df4:	50ea      	str	r2, [r5, r3]
10003df6:	bd70      	pop	{r4, r5, r6, pc}
10003df8:	f003 f97c 	bl	100070f4 <dma_channel_cleanup>
10003dfc:	200d      	movs	r0, #13
10003dfe:	5620      	ldrsb	r0, [r4, r0]
10003e00:	f003 f95c 	bl	100070bc <dma_channel_unclaim>
10003e04:	23ff      	movs	r3, #255	@ 0xff
10003e06:	7363      	strb	r3, [r4, #13]
10003e08:	e7f2      	b.n	10003df0 <cyw43_spi_deinit+0x30>
10003e0a:	f003 f973 	bl	100070f4 <dma_channel_cleanup>
10003e0e:	200c      	movs	r0, #12
10003e10:	5620      	ldrsb	r0, [r4, r0]
10003e12:	f003 f953 	bl	100070bc <dma_channel_unclaim>
10003e16:	23ff      	movs	r3, #255	@ 0xff
10003e18:	200d      	movs	r0, #13
10003e1a:	7323      	strb	r3, [r4, #12]
10003e1c:	5620      	ldrsb	r0, [r4, r0]
10003e1e:	2800      	cmp	r0, #0
10003e20:	dbe6      	blt.n	10003df0 <cyw43_spi_deinit+0x30>
10003e22:	e7e9      	b.n	10003df8 <cyw43_spi_deinit+0x38>
10003e24:	0000084c 	.word	0x0000084c
10003e28:	10007f00 	.word	0x10007f00

10003e2c <cyw43_spi_init>:
10003e2c:	b5f0      	push	{r4, r5, r6, r7, lr}
10003e2e:	46c6      	mov	lr, r8
10003e30:	4c3f      	ldr	r4, [pc, #252]	@ (10003f30 <cyw43_spi_init+0x104>)
10003e32:	4b40      	ldr	r3, [pc, #256]	@ (10003f34 <cyw43_spi_init+0x108>)
10003e34:	b500      	push	{lr}
10003e36:	50c4      	str	r4, [r0, r3]
10003e38:	2300      	movs	r3, #0
10003e3a:	2106      	movs	r1, #6
10003e3c:	0022      	movs	r2, r4
10003e3e:	2601      	movs	r6, #1
10003e40:	b084      	sub	sp, #16
10003e42:	6023      	str	r3, [r4, #0]
10003e44:	3b01      	subs	r3, #1
10003e46:	81a3      	strh	r3, [r4, #12]
10003e48:	9101      	str	r1, [sp, #4]
10003e4a:	3112      	adds	r1, #18
10003e4c:	0005      	movs	r5, r0
10003e4e:	9100      	str	r1, [sp, #0]
10003e50:	4839      	ldr	r0, [pc, #228]	@ (10003f38 <cyw43_spi_init+0x10c>)
10003e52:	0021      	movs	r1, r4
10003e54:	1d23      	adds	r3, r4, #4
10003e56:	3208      	adds	r2, #8
10003e58:	9602      	str	r6, [sp, #8]
10003e5a:	f003 f901 	bl	10007060 <pio_claim_free_sm_and_add_program_for_gpio_range>
10003e5e:	2800      	cmp	r0, #0
10003e60:	d060      	beq.n	10003f24 <cyw43_spi_init+0xf8>
10003e62:	6863      	ldr	r3, [r4, #4]
10003e64:	4935      	ldr	r1, [pc, #212]	@ (10003f3c <cyw43_spi_init+0x110>)
10003e66:	1d5f      	adds	r7, r3, #5
10003e68:	033f      	lsls	r7, r7, #12
10003e6a:	01db      	lsls	r3, r3, #7
10003e6c:	431f      	orrs	r7, r3
10003e6e:	4b34      	ldr	r3, [pc, #208]	@ (10003f40 <cyw43_spi_init+0x114>)
10003e70:	680a      	ldr	r2, [r1, #0]
10003e72:	401f      	ands	r7, r3
10003e74:	2330      	movs	r3, #48	@ 0x30
10003e76:	4393      	bics	r3, r2
10003e78:	4a32      	ldr	r2, [pc, #200]	@ (10003f44 <cyw43_spi_init+0x118>)
10003e7a:	6820      	ldr	r0, [r4, #0]
10003e7c:	6013      	str	r3, [r2, #0]
10003e7e:	680b      	ldr	r3, [r1, #0]
10003e80:	0031      	movs	r1, r6
10003e82:	4399      	bics	r1, r3
10003e84:	6011      	str	r1, [r2, #0]
10003e86:	2280      	movs	r2, #128	@ 0x80
10003e88:	2300      	movs	r3, #0
10003e8a:	0452      	lsls	r2, r2, #17
10003e8c:	9200      	str	r2, [sp, #0]
10003e8e:	9301      	str	r3, [sp, #4]
10003e90:	f002 ffda 	bl	10006e48 <pio_set_input_sync_bypass_with_mask64>
10003e94:	68a1      	ldr	r1, [r4, #8]
10003e96:	6820      	ldr	r0, [r4, #0]
10003e98:	004b      	lsls	r3, r1, #1
10003e9a:	185b      	adds	r3, r3, r1
10003e9c:	00db      	lsls	r3, r3, #3
10003e9e:	18c3      	adds	r3, r0, r3
10003ea0:	46b8      	mov	r8, r7
10003ea2:	001a      	movs	r2, r3
10003ea4:	2780      	movs	r7, #128	@ 0x80
10003ea6:	32c8      	adds	r2, #200	@ 0xc8
10003ea8:	02bf      	lsls	r7, r7, #10
10003eaa:	6017      	str	r7, [r2, #0]
10003eac:	27c0      	movs	r7, #192	@ 0xc0
10003eae:	02bf      	lsls	r7, r7, #10
10003eb0:	6097      	str	r7, [r2, #8]
10003eb2:	4647      	mov	r7, r8
10003eb4:	3204      	adds	r2, #4
10003eb6:	6017      	str	r7, [r2, #0]
10003eb8:	4a23      	ldr	r2, [pc, #140]	@ (10003f48 <cyw43_spi_init+0x11c>)
10003eba:	33dc      	adds	r3, #220	@ 0xdc
10003ebc:	601a      	str	r2, [r3, #0]
10003ebe:	221d      	movs	r2, #29
10003ec0:	2301      	movs	r3, #1
10003ec2:	9600      	str	r6, [sp, #0]
10003ec4:	f002 ffcc 	bl	10006e60 <pio_sm_set_consecutive_pindirs>
10003ec8:	4b20      	ldr	r3, [pc, #128]	@ (10003f4c <cyw43_spi_init+0x120>)
10003eca:	6821      	ldr	r1, [r4, #0]
10003ecc:	469c      	mov	ip, r3
10003ece:	4461      	add	r1, ip
10003ed0:	0d09      	lsrs	r1, r1, #20
10003ed2:	3106      	adds	r1, #6
10003ed4:	2018      	movs	r0, #24
10003ed6:	b2c9      	uxtb	r1, r1
10003ed8:	f7fc f9f8 	bl	100002cc <gpio_set_function>
10003edc:	2201      	movs	r2, #1
10003ede:	2100      	movs	r1, #0
10003ee0:	2018      	movs	r0, #24
10003ee2:	f7fc fa0d 	bl	10000300 <gpio_set_pulls>
10003ee6:	2101      	movs	r1, #1
10003ee8:	2018      	movs	r0, #24
10003eea:	f7fc fa1d 	bl	10000328 <gpio_set_input_hysteresis_enabled>
10003eee:	68a1      	ldr	r1, [r4, #8]
10003ef0:	6823      	ldr	r3, [r4, #0]
10003ef2:	004a      	lsls	r2, r1, #1
10003ef4:	1852      	adds	r2, r2, r1
10003ef6:	00d2      	lsls	r2, r2, #3
10003ef8:	189b      	adds	r3, r3, r2
10003efa:	4a15      	ldr	r2, [pc, #84]	@ (10003f50 <cyw43_spi_init+0x124>)
10003efc:	33d8      	adds	r3, #216	@ 0xd8
10003efe:	601a      	str	r2, [r3, #0]
10003f00:	2000      	movs	r0, #0
10003f02:	f003 f8e5 	bl	100070d0 <dma_claim_unused_channel>
10003f06:	7320      	strb	r0, [r4, #12]
10003f08:	2000      	movs	r0, #0
10003f0a:	f003 f8e1 	bl	100070d0 <dma_claim_unused_channel>
10003f0e:	7b23      	ldrb	r3, [r4, #12]
10003f10:	b240      	sxtb	r0, r0
10003f12:	7360      	strb	r0, [r4, #13]
10003f14:	4318      	orrs	r0, r3
10003f16:	0600      	lsls	r0, r0, #24
10003f18:	d404      	bmi.n	10003f24 <cyw43_spi_init+0xf8>
10003f1a:	2000      	movs	r0, #0
10003f1c:	b004      	add	sp, #16
10003f1e:	bc80      	pop	{r7}
10003f20:	46b8      	mov	r8, r7
10003f22:	bdf0      	pop	{r4, r5, r6, r7, pc}
10003f24:	0028      	movs	r0, r5
10003f26:	f7ff ff4b 	bl	10003dc0 <cyw43_spi_deinit>
10003f2a:	2006      	movs	r0, #6
10003f2c:	4240      	negs	r0, r0
10003f2e:	e7f5      	b.n	10003f1c <cyw43_spi_init+0xf0>
10003f30:	2000095c 	.word	0x2000095c
10003f34:	0000084c 	.word	0x0000084c
10003f38:	10007f00 	.word	0x10007f00
10003f3c:	4001c078 	.word	0x4001c078
10003f40:	9fffffff 	.word	0x9fffffff
10003f44:	4001d078 	.word	0x4001d078
10003f48:	241c7718 	.word	0x241c7718
10003f4c:	afe00000 	.word	0xafe00000
10003f50:	0000e001 	.word	0x0000e001

10003f54 <cyw43_spi_transfer>:
10003f54:	b5f0      	push	{r4, r5, r6, r7, lr}
10003f56:	464e      	mov	r6, r9
10003f58:	4645      	mov	r5, r8
10003f5a:	46de      	mov	lr, fp
10003f5c:	4657      	mov	r7, sl
10003f5e:	b5e0      	push	{r5, r6, r7, lr}
10003f60:	4689      	mov	r9, r1
10003f62:	0016      	movs	r6, r2
10003f64:	4698      	mov	r8, r3
10003f66:	b089      	sub	sp, #36	@ 0x24
10003f68:	2900      	cmp	r1, #0
10003f6a:	d100      	bne.n	10003f6e <cyw43_spi_transfer+0x1a>
10003f6c:	e124      	b.n	100041b8 <cyw43_spi_transfer+0x264>
10003f6e:	4b96      	ldr	r3, [pc, #600]	@ (100041c8 <cyw43_spi_transfer+0x274>)
10003f70:	58c4      	ldr	r4, [r0, r3]
10003f72:	4b96      	ldr	r3, [pc, #600]	@ (100041cc <cyw43_spi_transfer+0x278>)
10003f74:	6821      	ldr	r1, [r4, #0]
10003f76:	469c      	mov	ip, r3
10003f78:	4461      	add	r1, ip
10003f7a:	0d09      	lsrs	r1, r1, #20
10003f7c:	3106      	adds	r1, #6
10003f7e:	2018      	movs	r0, #24
10003f80:	b2c9      	uxtb	r1, r1
10003f82:	f7fc f9a3 	bl	100002cc <gpio_set_function>
10003f86:	4b91      	ldr	r3, [pc, #580]	@ (100041cc <cyw43_spi_transfer+0x278>)
10003f88:	6821      	ldr	r1, [r4, #0]
10003f8a:	469c      	mov	ip, r3
10003f8c:	4461      	add	r1, ip
10003f8e:	0d09      	lsrs	r1, r1, #20
10003f90:	3106      	adds	r1, #6
10003f92:	201d      	movs	r0, #29
10003f94:	b2c9      	uxtb	r1, r1
10003f96:	f7fc f999 	bl	100002cc <gpio_set_function>
10003f9a:	2201      	movs	r2, #1
10003f9c:	2100      	movs	r1, #0
10003f9e:	201d      	movs	r0, #29
10003fa0:	f7fc f9ae 	bl	10000300 <gpio_set_pulls>
10003fa4:	23d0      	movs	r3, #208	@ 0xd0
10003fa6:	2280      	movs	r2, #128	@ 0x80
10003fa8:	061b      	lsls	r3, r3, #24
10003faa:	0492      	lsls	r2, r2, #18
10003fac:	619a      	str	r2, [r3, #24]
10003fae:	4643      	mov	r3, r8
10003fb0:	2b00      	cmp	r3, #0
10003fb2:	d100      	bne.n	10003fb6 <cyw43_spi_transfer+0x62>
10003fb4:	e122      	b.n	100041fc <cyw43_spi_transfer+0x2a8>
10003fb6:	464b      	mov	r3, r9
10003fb8:	2b00      	cmp	r3, #0
10003fba:	d100      	bne.n	10003fbe <cyw43_spi_transfer+0x6a>
10003fbc:	e0fa      	b.n	100041b4 <cyw43_spi_transfer+0x260>
10003fbe:	2501      	movs	r5, #1
10003fc0:	002a      	movs	r2, r5
10003fc2:	68a1      	ldr	r1, [r4, #8]
10003fc4:	6820      	ldr	r0, [r4, #0]
10003fc6:	408a      	lsls	r2, r1
10003fc8:	6803      	ldr	r3, [r0, #0]
10003fca:	4393      	bics	r3, r2
10003fcc:	6003      	str	r3, [r0, #0]
10003fce:	6863      	ldr	r3, [r4, #4]
10003fd0:	469c      	mov	ip, r3
10003fd2:	004b      	lsls	r3, r1, #1
10003fd4:	185b      	adds	r3, r3, r1
10003fd6:	00db      	lsls	r3, r3, #3
10003fd8:	18c7      	adds	r7, r0, r3
10003fda:	37cc      	adds	r7, #204	@ 0xcc
10003fdc:	9303      	str	r3, [sp, #12]
10003fde:	683b      	ldr	r3, [r7, #0]
10003fe0:	469a      	mov	sl, r3
10003fe2:	4663      	mov	r3, ip
10003fe4:	1d5a      	adds	r2, r3, #5
10003fe6:	4b7a      	ldr	r3, [pc, #488]	@ (100041d0 <cyw43_spi_transfer+0x27c>)
10003fe8:	0312      	lsls	r2, r2, #12
10003fea:	469b      	mov	fp, r3
10003fec:	9204      	str	r2, [sp, #16]
10003fee:	4653      	mov	r3, sl
10003ff0:	465a      	mov	r2, fp
10003ff2:	4013      	ands	r3, r2
10003ff4:	9a04      	ldr	r2, [sp, #16]
10003ff6:	431a      	orrs	r2, r3
10003ff8:	4663      	mov	r3, ip
10003ffa:	01db      	lsls	r3, r3, #7
10003ffc:	431a      	orrs	r2, r3
10003ffe:	603a      	str	r2, [r7, #0]
10004000:	4a74      	ldr	r2, [pc, #464]	@ (100041d4 <cyw43_spi_transfer+0x280>)
10004002:	9b03      	ldr	r3, [sp, #12]
10004004:	4694      	mov	ip, r2
10004006:	2280      	movs	r2, #128	@ 0x80
10004008:	18c3      	adds	r3, r0, r3
1000400a:	4463      	add	r3, ip
1000400c:	0612      	lsls	r2, r2, #24
1000400e:	601a      	str	r2, [r3, #0]
10004010:	601a      	str	r2, [r3, #0]
10004012:	2280      	movs	r2, #128	@ 0x80
10004014:	2300      	movs	r3, #0
10004016:	0452      	lsls	r2, r2, #17
10004018:	9200      	str	r2, [sp, #0]
1000401a:	9301      	str	r3, [sp, #4]
1000401c:	f002 febe 	bl	10006d9c <pio_sm_set_pindirs_with_mask64>
10004020:	0029      	movs	r1, r5
10004022:	68a3      	ldr	r3, [r4, #8]
10004024:	6827      	ldr	r7, [r4, #0]
10004026:	1d1a      	adds	r2, r3, #4
10004028:	4091      	lsls	r1, r2
1000402a:	4694      	mov	ip, r2
1000402c:	2280      	movs	r2, #128	@ 0x80
1000402e:	0192      	lsls	r2, r2, #6
10004030:	18ba      	adds	r2, r7, r2
10004032:	6011      	str	r1, [r2, #0]
10004034:	0019      	movs	r1, r3
10004036:	0028      	movs	r0, r5
10004038:	3108      	adds	r1, #8
1000403a:	4088      	lsls	r0, r1
1000403c:	0099      	lsls	r1, r3, #2
1000403e:	6010      	str	r0, [r2, #0]
10004040:	00f2      	lsls	r2, r6, #3
10004042:	1879      	adds	r1, r7, r1
10004044:	3a01      	subs	r2, #1
10004046:	610a      	str	r2, [r1, #16]
10004048:	005a      	lsls	r2, r3, #1
1000404a:	18d2      	adds	r2, r2, r3
1000404c:	00d2      	lsls	r2, r2, #3
1000404e:	4862      	ldr	r0, [pc, #392]	@ (100041d8 <cyw43_spi_transfer+0x284>)
10004050:	18ba      	adds	r2, r7, r2
10004052:	32d8      	adds	r2, #216	@ 0xd8
10004054:	6010      	str	r0, [r2, #0]
10004056:	9812      	ldr	r0, [sp, #72]	@ 0x48
10004058:	1b80      	subs	r0, r0, r6
1000405a:	00c0      	lsls	r0, r0, #3
1000405c:	3801      	subs	r0, #1
1000405e:	6108      	str	r0, [r1, #16]
10004060:	201f      	movs	r0, #31
10004062:	495e      	ldr	r1, [pc, #376]	@ (100041dc <cyw43_spi_transfer+0x288>)
10004064:	6011      	str	r1, [r2, #0]
10004066:	6861      	ldr	r1, [r4, #4]
10004068:	4001      	ands	r1, r0
1000406a:	6011      	str	r1, [r2, #0]
1000406c:	21a0      	movs	r1, #160	@ 0xa0
1000406e:	220c      	movs	r2, #12
10004070:	05c9      	lsls	r1, r1, #23
10004072:	468a      	mov	sl, r1
10004074:	56a2      	ldrsb	r2, [r4, r2]
10004076:	4650      	mov	r0, sl
10004078:	4095      	lsls	r5, r2
1000407a:	4959      	ldr	r1, [pc, #356]	@ (100041e0 <cyw43_spi_transfer+0x28c>)
1000407c:	5045      	str	r5, [r0, r1]
1000407e:	0191      	lsls	r1, r2, #6
10004080:	0008      	movs	r0, r1
10004082:	2580      	movs	r5, #128	@ 0x80
10004084:	4683      	mov	fp, r0
10004086:	9107      	str	r1, [sp, #28]
10004088:	4956      	ldr	r1, [pc, #344]	@ (100041e4 <cyw43_spi_transfer+0x290>)
1000408a:	046d      	lsls	r5, r5, #17
1000408c:	4459      	add	r1, fp
1000408e:	6808      	ldr	r0, [r1, #0]
10004090:	4228      	tst	r0, r5
10004092:	d1fc      	bne.n	1000408e <cyw43_spi_transfer+0x13a>
10004094:	200d      	movs	r0, #13
10004096:	2501      	movs	r5, #1
10004098:	5620      	ldrsb	r0, [r4, r0]
1000409a:	4951      	ldr	r1, [pc, #324]	@ (100041e0 <cyw43_spi_transfer+0x28c>)
1000409c:	4085      	lsls	r5, r0
1000409e:	9003      	str	r0, [sp, #12]
100040a0:	4650      	mov	r0, sl
100040a2:	5045      	str	r5, [r0, r1]
100040a4:	21a0      	movs	r1, #160	@ 0xa0
100040a6:	05c9      	lsls	r1, r1, #23
100040a8:	468a      	mov	sl, r1
100040aa:	494e      	ldr	r1, [pc, #312]	@ (100041e4 <cyw43_spi_transfer+0x290>)
100040ac:	9803      	ldr	r0, [sp, #12]
100040ae:	468b      	mov	fp, r1
100040b0:	0185      	lsls	r5, r0, #6
100040b2:	2180      	movs	r1, #128	@ 0x80
100040b4:	44aa      	add	sl, r5
100040b6:	445d      	add	r5, fp
100040b8:	469b      	mov	fp, r3
100040ba:	002b      	movs	r3, r5
100040bc:	0449      	lsls	r1, r1, #17
100040be:	681d      	ldr	r5, [r3, #0]
100040c0:	420d      	tst	r5, r1
100040c2:	d1fc      	bne.n	100040be <cyw43_spi_transfer+0x16a>
100040c4:	465b      	mov	r3, fp
100040c6:	4941      	ldr	r1, [pc, #260]	@ (100041cc <cyw43_spi_transfer+0x278>)
100040c8:	9003      	str	r0, [sp, #12]
100040ca:	187d      	adds	r5, r7, r1
100040cc:	0d2d      	lsrs	r5, r5, #20
100040ce:	00ed      	lsls	r5, r5, #3
100040d0:	1959      	adds	r1, r3, r5
100040d2:	03c9      	lsls	r1, r1, #15
100040d4:	468b      	mov	fp, r1
100040d6:	4658      	mov	r0, fp
100040d8:	4943      	ldr	r1, [pc, #268]	@ (100041e8 <cyw43_spi_transfer+0x294>)
100040da:	02d2      	lsls	r2, r2, #11
100040dc:	400a      	ands	r2, r1
100040de:	4302      	orrs	r2, r0
100040e0:	4842      	ldr	r0, [pc, #264]	@ (100041ec <cyw43_spi_transfer+0x298>)
100040e2:	9506      	str	r5, [sp, #24]
100040e4:	0001      	movs	r1, r0
100040e6:	20a0      	movs	r0, #160	@ 0xa0
100040e8:	4311      	orrs	r1, r2
100040ea:	05c0      	lsls	r0, r0, #23
100040ec:	4662      	mov	r2, ip
100040ee:	4683      	mov	fp, r0
100040f0:	4648      	mov	r0, r9
100040f2:	9d07      	ldr	r5, [sp, #28]
100040f4:	0092      	lsls	r2, r2, #2
100040f6:	445d      	add	r5, fp
100040f8:	9204      	str	r2, [sp, #16]
100040fa:	6028      	str	r0, [r5, #0]
100040fc:	9804      	ldr	r0, [sp, #16]
100040fe:	46b9      	mov	r9, r7
10004100:	4683      	mov	fp, r0
10004102:	44d9      	add	r9, fp
10004104:	4648      	mov	r0, r9
10004106:	9105      	str	r1, [sp, #20]
10004108:	0029      	movs	r1, r5
1000410a:	08b2      	lsrs	r2, r6, #2
1000410c:	6068      	str	r0, [r5, #4]
1000410e:	60aa      	str	r2, [r5, #8]
10004110:	9d05      	ldr	r5, [sp, #20]
10004112:	60cd      	str	r5, [r1, #12]
10004114:	9903      	ldr	r1, [sp, #12]
10004116:	9d06      	ldr	r5, [sp, #24]
10004118:	02c8      	lsls	r0, r1, #11
1000411a:	4933      	ldr	r1, [pc, #204]	@ (100041e8 <cyw43_spi_transfer+0x294>)
1000411c:	4465      	add	r5, ip
1000411e:	4008      	ands	r0, r1
10004120:	9912      	ldr	r1, [sp, #72]	@ 0x48
10004122:	03ed      	lsls	r5, r5, #15
10004124:	0889      	lsrs	r1, r1, #2
10004126:	4305      	orrs	r5, r0
10004128:	1a8a      	subs	r2, r1, r2
1000412a:	4831      	ldr	r0, [pc, #196]	@ (100041f0 <cyw43_spi_transfer+0x29c>)
1000412c:	4659      	mov	r1, fp
1000412e:	4328      	orrs	r0, r5
10004130:	4655      	mov	r5, sl
10004132:	3110      	adds	r1, #16
10004134:	1879      	adds	r1, r7, r1
10004136:	6029      	str	r1, [r5, #0]
10004138:	4641      	mov	r1, r8
1000413a:	1989      	adds	r1, r1, r6
1000413c:	6069      	str	r1, [r5, #4]
1000413e:	60aa      	str	r2, [r5, #8]
10004140:	2201      	movs	r2, #1
10004142:	409a      	lsls	r2, r3
10004144:	0013      	movs	r3, r2
10004146:	60e8      	str	r0, [r5, #12]
10004148:	6839      	ldr	r1, [r7, #0]
1000414a:	430b      	orrs	r3, r1
1000414c:	603b      	str	r3, [r7, #0]
1000414e:	220c      	movs	r2, #12
10004150:	4b28      	ldr	r3, [pc, #160]	@ (100041f4 <cyw43_spi_transfer+0x2a0>)
10004152:	2180      	movs	r1, #128	@ 0x80
10004154:	469c      	mov	ip, r3
10004156:	56a2      	ldrsb	r2, [r4, r2]
10004158:	0449      	lsls	r1, r1, #17
1000415a:	0192      	lsls	r2, r2, #6
1000415c:	4462      	add	r2, ip
1000415e:	6813      	ldr	r3, [r2, #0]
10004160:	420b      	tst	r3, r1
10004162:	d1fc      	bne.n	1000415e <cyw43_spi_transfer+0x20a>
10004164:	220d      	movs	r2, #13
10004166:	4b23      	ldr	r3, [pc, #140]	@ (100041f4 <cyw43_spi_transfer+0x2a0>)
10004168:	2180      	movs	r1, #128	@ 0x80
1000416a:	469c      	mov	ip, r3
1000416c:	56a2      	ldrsb	r2, [r4, r2]
1000416e:	0449      	lsls	r1, r1, #17
10004170:	0192      	lsls	r2, r2, #6
10004172:	4462      	add	r2, ip
10004174:	6813      	ldr	r3, [r2, #0]
10004176:	420b      	tst	r3, r1
10004178:	d1fc      	bne.n	10004174 <cyw43_spi_transfer+0x220>
1000417a:	2100      	movs	r1, #0
1000417c:	0032      	movs	r2, r6
1000417e:	4640      	mov	r0, r8
10004180:	f7fe f85e 	bl	10002240 <__wrap_memset>
10004184:	68a1      	ldr	r1, [r4, #8]
10004186:	6823      	ldr	r3, [r4, #0]
10004188:	004a      	lsls	r2, r1, #1
1000418a:	1852      	adds	r2, r2, r1
1000418c:	00d2      	lsls	r2, r2, #3
1000418e:	189b      	adds	r3, r3, r2
10004190:	4a19      	ldr	r2, [pc, #100]	@ (100041f8 <cyw43_spi_transfer+0x2a4>)
10004192:	33d8      	adds	r3, #216	@ 0xd8
10004194:	601a      	str	r2, [r3, #0]
10004196:	23d0      	movs	r3, #208	@ 0xd0
10004198:	2280      	movs	r2, #128	@ 0x80
1000419a:	061b      	lsls	r3, r3, #24
1000419c:	0492      	lsls	r2, r2, #18
1000419e:	615a      	str	r2, [r3, #20]
100041a0:	f7ff fdfe 	bl	10003da0 <ns_delay.constprop.0>
100041a4:	2000      	movs	r0, #0
100041a6:	b009      	add	sp, #36	@ 0x24
100041a8:	bcf0      	pop	{r4, r5, r6, r7}
100041aa:	46bb      	mov	fp, r7
100041ac:	46b2      	mov	sl, r6
100041ae:	46a9      	mov	r9, r5
100041b0:	46a0      	mov	r8, r4
100041b2:	bdf0      	pop	{r4, r5, r6, r7, pc}
100041b4:	46c1      	mov	r9, r8
100041b6:	e702      	b.n	10003fbe <cyw43_spi_transfer+0x6a>
100041b8:	4643      	mov	r3, r8
100041ba:	2b00      	cmp	r3, #0
100041bc:	d000      	beq.n	100041c0 <cyw43_spi_transfer+0x26c>
100041be:	e6d6      	b.n	10003f6e <cyw43_spi_transfer+0x1a>
100041c0:	2005      	movs	r0, #5
100041c2:	4240      	negs	r0, r0
100041c4:	e7ef      	b.n	100041a6 <cyw43_spi_transfer+0x252>
100041c6:	46c0      	nop			@ (mov r8, r8)
100041c8:	0000084c 	.word	0x0000084c
100041cc:	afe00000 	.word	0xafe00000
100041d0:	fffe007f 	.word	0xfffe007f
100041d4:	000010d0 	.word	0x000010d0
100041d8:	00006020 	.word	0x00006020
100041dc:	00006040 	.word	0x00006040
100041e0:	00000444 	.word	0x00000444
100041e4:	5000000c 	.word	0x5000000c
100041e8:	ff007ffd 	.word	0xff007ffd
100041ec:	00400019 	.word	0x00400019
100041f0:	00400029 	.word	0x00400029
100041f4:	50000010 	.word	0x50000010
100041f8:	0000a003 	.word	0x0000a003
100041fc:	464b      	mov	r3, r9
100041fe:	2b00      	cmp	r3, #0
10004200:	d0c0      	beq.n	10004184 <cyw43_spi_transfer+0x230>
10004202:	2701      	movs	r7, #1
10004204:	003a      	movs	r2, r7
10004206:	68a1      	ldr	r1, [r4, #8]
10004208:	6820      	ldr	r0, [r4, #0]
1000420a:	408a      	lsls	r2, r1
1000420c:	6803      	ldr	r3, [r0, #0]
1000420e:	4393      	bics	r3, r2
10004210:	6003      	str	r3, [r0, #0]
10004212:	6863      	ldr	r3, [r4, #4]
10004214:	469c      	mov	ip, r3
10004216:	004b      	lsls	r3, r1, #1
10004218:	185b      	adds	r3, r3, r1
1000421a:	00db      	lsls	r3, r3, #3
1000421c:	18c5      	adds	r5, r0, r3
1000421e:	35cc      	adds	r5, #204	@ 0xcc
10004220:	9303      	str	r3, [sp, #12]
10004222:	682b      	ldr	r3, [r5, #0]
10004224:	469a      	mov	sl, r3
10004226:	4663      	mov	r3, ip
10004228:	1c5a      	adds	r2, r3, #1
1000422a:	4b48      	ldr	r3, [pc, #288]	@ (1000434c <cyw43_spi_transfer+0x3f8>)
1000422c:	0312      	lsls	r2, r2, #12
1000422e:	469b      	mov	fp, r3
10004230:	9204      	str	r2, [sp, #16]
10004232:	4653      	mov	r3, sl
10004234:	465a      	mov	r2, fp
10004236:	4013      	ands	r3, r2
10004238:	9a04      	ldr	r2, [sp, #16]
1000423a:	431a      	orrs	r2, r3
1000423c:	4663      	mov	r3, ip
1000423e:	01db      	lsls	r3, r3, #7
10004240:	431a      	orrs	r2, r3
10004242:	602a      	str	r2, [r5, #0]
10004244:	4a42      	ldr	r2, [pc, #264]	@ (10004350 <cyw43_spi_transfer+0x3fc>)
10004246:	9b03      	ldr	r3, [sp, #12]
10004248:	4694      	mov	ip, r2
1000424a:	2280      	movs	r2, #128	@ 0x80
1000424c:	18c3      	adds	r3, r0, r3
1000424e:	4463      	add	r3, ip
10004250:	0612      	lsls	r2, r2, #24
10004252:	601a      	str	r2, [r3, #0]
10004254:	601a      	str	r2, [r3, #0]
10004256:	2280      	movs	r2, #128	@ 0x80
10004258:	2300      	movs	r3, #0
1000425a:	0452      	lsls	r2, r2, #17
1000425c:	9200      	str	r2, [sp, #0]
1000425e:	9301      	str	r3, [sp, #4]
10004260:	f002 fd9c 	bl	10006d9c <pio_sm_set_pindirs_with_mask64>
10004264:	003a      	movs	r2, r7
10004266:	68a0      	ldr	r0, [r4, #8]
10004268:	6821      	ldr	r1, [r4, #0]
1000426a:	1d03      	adds	r3, r0, #4
1000426c:	409a      	lsls	r2, r3
1000426e:	469a      	mov	sl, r3
10004270:	2380      	movs	r3, #128	@ 0x80
10004272:	019b      	lsls	r3, r3, #6
10004274:	18cb      	adds	r3, r1, r3
10004276:	601a      	str	r2, [r3, #0]
10004278:	0002      	movs	r2, r0
1000427a:	003d      	movs	r5, r7
1000427c:	3208      	adds	r2, #8
1000427e:	4095      	lsls	r5, r2
10004280:	0082      	lsls	r2, r0, #2
10004282:	601d      	str	r5, [r3, #0]
10004284:	00f3      	lsls	r3, r6, #3
10004286:	188a      	adds	r2, r1, r2
10004288:	3b01      	subs	r3, #1
1000428a:	6113      	str	r3, [r2, #16]
1000428c:	0043      	lsls	r3, r0, #1
1000428e:	181b      	adds	r3, r3, r0
10004290:	00db      	lsls	r3, r3, #3
10004292:	4d30      	ldr	r5, [pc, #192]	@ (10004354 <cyw43_spi_transfer+0x400>)
10004294:	18cb      	adds	r3, r1, r3
10004296:	33d8      	adds	r3, #216	@ 0xd8
10004298:	601d      	str	r5, [r3, #0]
1000429a:	4645      	mov	r5, r8
1000429c:	6115      	str	r5, [r2, #16]
1000429e:	251f      	movs	r5, #31
100042a0:	4a2d      	ldr	r2, [pc, #180]	@ (10004358 <cyw43_spi_transfer+0x404>)
100042a2:	601a      	str	r2, [r3, #0]
100042a4:	6862      	ldr	r2, [r4, #4]
100042a6:	402a      	ands	r2, r5
100042a8:	601a      	str	r2, [r3, #0]
100042aa:	230c      	movs	r3, #12
100042ac:	56e3      	ldrsb	r3, [r4, r3]
100042ae:	22a0      	movs	r2, #160	@ 0xa0
100042b0:	409f      	lsls	r7, r3
100042b2:	469c      	mov	ip, r3
100042b4:	4b29      	ldr	r3, [pc, #164]	@ (1000435c <cyw43_spi_transfer+0x408>)
100042b6:	05d2      	lsls	r2, r2, #23
100042b8:	50d7      	str	r7, [r2, r3]
100042ba:	4663      	mov	r3, ip
100042bc:	019b      	lsls	r3, r3, #6
100042be:	469b      	mov	fp, r3
100042c0:	0017      	movs	r7, r2
100042c2:	2580      	movs	r5, #128	@ 0x80
100042c4:	4a26      	ldr	r2, [pc, #152]	@ (10004360 <cyw43_spi_transfer+0x40c>)
100042c6:	445f      	add	r7, fp
100042c8:	445a      	add	r2, fp
100042ca:	046d      	lsls	r5, r5, #17
100042cc:	6813      	ldr	r3, [r2, #0]
100042ce:	422b      	tst	r3, r5
100042d0:	d1fc      	bne.n	100042cc <cyw43_spi_transfer+0x378>
100042d2:	4662      	mov	r2, ip
100042d4:	02d2      	lsls	r2, r2, #11
100042d6:	4694      	mov	ip, r2
100042d8:	4a22      	ldr	r2, [pc, #136]	@ (10004364 <cyw43_spi_transfer+0x410>)
100042da:	4b23      	ldr	r3, [pc, #140]	@ (10004368 <cyw43_spi_transfer+0x414>)
100042dc:	4690      	mov	r8, r2
100042de:	4662      	mov	r2, ip
100042e0:	4645      	mov	r5, r8
100042e2:	18cb      	adds	r3, r1, r3
100042e4:	0d1b      	lsrs	r3, r3, #20
100042e6:	00db      	lsls	r3, r3, #3
100042e8:	181b      	adds	r3, r3, r0
100042ea:	402a      	ands	r2, r5
100042ec:	03db      	lsls	r3, r3, #15
100042ee:	4313      	orrs	r3, r2
100042f0:	4a1e      	ldr	r2, [pc, #120]	@ (1000436c <cyw43_spi_transfer+0x418>)
100042f2:	08b6      	lsrs	r6, r6, #2
100042f4:	4313      	orrs	r3, r2
100042f6:	464a      	mov	r2, r9
100042f8:	603a      	str	r2, [r7, #0]
100042fa:	4652      	mov	r2, sl
100042fc:	0095      	lsls	r5, r2, #2
100042fe:	194d      	adds	r5, r1, r5
10004300:	607d      	str	r5, [r7, #4]
10004302:	60be      	str	r6, [r7, #8]
10004304:	60fb      	str	r3, [r7, #12]
10004306:	2301      	movs	r3, #1
10004308:	4083      	lsls	r3, r0
1000430a:	680d      	ldr	r5, [r1, #0]
1000430c:	4a18      	ldr	r2, [pc, #96]	@ (10004370 <cyw43_spi_transfer+0x41c>)
1000430e:	432b      	orrs	r3, r5
10004310:	600b      	str	r3, [r1, #0]
10004312:	2180      	movs	r1, #128	@ 0x80
10004314:	445a      	add	r2, fp
10004316:	0449      	lsls	r1, r1, #17
10004318:	6813      	ldr	r3, [r2, #0]
1000431a:	420b      	tst	r3, r1
1000431c:	d1fc      	bne.n	10004318 <cyw43_spi_transfer+0x3c4>
1000431e:	2201      	movs	r2, #1
10004320:	68a3      	ldr	r3, [r4, #8]
10004322:	6821      	ldr	r1, [r4, #0]
10004324:	3318      	adds	r3, #24
10004326:	409a      	lsls	r2, r3
10004328:	608a      	str	r2, [r1, #8]
1000432a:	688b      	ldr	r3, [r1, #8]
1000432c:	421a      	tst	r2, r3
1000432e:	d0fc      	beq.n	1000432a <cyw43_spi_transfer+0x3d6>
10004330:	2201      	movs	r2, #1
10004332:	68a1      	ldr	r1, [r4, #8]
10004334:	6820      	ldr	r0, [r4, #0]
10004336:	408a      	lsls	r2, r1
10004338:	6803      	ldr	r3, [r0, #0]
1000433a:	4393      	bics	r3, r2
1000433c:	6003      	str	r3, [r0, #0]
1000433e:	2300      	movs	r3, #0
10004340:	2218      	movs	r2, #24
10004342:	9300      	str	r3, [sp, #0]
10004344:	3301      	adds	r3, #1
10004346:	f002 fd8b 	bl	10006e60 <pio_sm_set_consecutive_pindirs>
1000434a:	e71b      	b.n	10004184 <cyw43_spi_transfer+0x230>
1000434c:	fffe007f 	.word	0xfffe007f
10004350:	000010d0 	.word	0x000010d0
10004354:	00006020 	.word	0x00006020
10004358:	00006040 	.word	0x00006040
1000435c:	00000444 	.word	0x00000444
10004360:	5000000c 	.word	0x5000000c
10004364:	ff007ffd 	.word	0xff007ffd
10004368:	afe00000 	.word	0xafe00000
1000436c:	00400019 	.word	0x00400019
10004370:	50000010 	.word	0x50000010

10004374 <cyw43_spi_gpio_setup>:
10004374:	b510      	push	{r4, lr}
10004376:	2017      	movs	r0, #23
10004378:	f7fc f834 	bl	100003e4 <gpio_init>
1000437c:	24d0      	movs	r4, #208	@ 0xd0
1000437e:	2380      	movs	r3, #128	@ 0x80
10004380:	0624      	lsls	r4, r4, #24
10004382:	041b      	lsls	r3, r3, #16
10004384:	2200      	movs	r2, #0
10004386:	2101      	movs	r1, #1
10004388:	6263      	str	r3, [r4, #36]	@ 0x24
1000438a:	2017      	movs	r0, #23
1000438c:	f7fb ffb8 	bl	10000300 <gpio_set_pulls>
10004390:	2018      	movs	r0, #24
10004392:	f7fc f827 	bl	100003e4 <gpio_init>
10004396:	2380      	movs	r3, #128	@ 0x80
10004398:	045b      	lsls	r3, r3, #17
1000439a:	6263      	str	r3, [r4, #36]	@ 0x24
1000439c:	2019      	movs	r0, #25
1000439e:	61a3      	str	r3, [r4, #24]
100043a0:	f7fc f820 	bl	100003e4 <gpio_init>
100043a4:	2380      	movs	r3, #128	@ 0x80
100043a6:	049b      	lsls	r3, r3, #18
100043a8:	6263      	str	r3, [r4, #36]	@ 0x24
100043aa:	6163      	str	r3, [r4, #20]
100043ac:	bd10      	pop	{r4, pc}
100043ae:	46c0      	nop			@ (mov r8, r8)

100043b0 <cyw43_spi_reset>:
100043b0:	b570      	push	{r4, r5, r6, lr}
100043b2:	24d0      	movs	r4, #208	@ 0xd0
100043b4:	2580      	movs	r5, #128	@ 0x80
100043b6:	0624      	lsls	r4, r4, #24
100043b8:	042d      	lsls	r5, r5, #16
100043ba:	61a5      	str	r5, [r4, #24]
100043bc:	2014      	movs	r0, #20
100043be:	f003 f801 	bl	100073c4 <cyw43_delay_ms>
100043c2:	6165      	str	r5, [r4, #20]
100043c4:	20fa      	movs	r0, #250	@ 0xfa
100043c6:	f002 fffd 	bl	100073c4 <cyw43_delay_ms>
100043ca:	2018      	movs	r0, #24
100043cc:	f7fc f80a 	bl	100003e4 <gpio_init>
100043d0:	2380      	movs	r3, #128	@ 0x80
100043d2:	045b      	lsls	r3, r3, #17
100043d4:	62a3      	str	r3, [r4, #40]	@ 0x28
100043d6:	bd70      	pop	{r4, r5, r6, pc}

100043d8 <read_reg_u32_swap>:
100043d8:	2300      	movs	r3, #0
100043da:	b500      	push	{lr}
100043dc:	b085      	sub	sp, #20
100043de:	9303      	str	r3, [sp, #12]
100043e0:	4b0a      	ldr	r3, [pc, #40]	@ (1000440c <read_reg_u32_swap+0x34>)
100043e2:	02d2      	lsls	r2, r2, #11
100043e4:	401a      	ands	r2, r3
100043e6:	2308      	movs	r3, #8
100043e8:	0709      	lsls	r1, r1, #28
100043ea:	4311      	orrs	r1, r2
100043ec:	4a08      	ldr	r2, [pc, #32]	@ (10004410 <read_reg_u32_swap+0x38>)
100043ee:	9300      	str	r3, [sp, #0]
100043f0:	430a      	orrs	r2, r1
100043f2:	ab02      	add	r3, sp, #8
100043f4:	ba52      	rev16	r2, r2
100043f6:	2100      	movs	r1, #0
100043f8:	9202      	str	r2, [sp, #8]
100043fa:	2204      	movs	r2, #4
100043fc:	f7ff fdaa 	bl	10003f54 <cyw43_spi_transfer>
10004400:	2800      	cmp	r0, #0
10004402:	d101      	bne.n	10004408 <read_reg_u32_swap+0x30>
10004404:	9803      	ldr	r0, [sp, #12]
10004406:	ba40      	rev16	r0, r0
10004408:	b005      	add	sp, #20
1000440a:	bd00      	pop	{pc}
1000440c:	0ffff800 	.word	0x0ffff800
10004410:	40000004 	.word	0x40000004

10004414 <cyw43_read_reg_u32>:
10004414:	b510      	push	{r4, lr}
10004416:	1e4c      	subs	r4, r1, #1
10004418:	4263      	negs	r3, r4
1000441a:	415c      	adcs	r4, r3
1000441c:	4b10      	ldr	r3, [pc, #64]	@ (10004460 <cyw43_read_reg_u32+0x4c>)
1000441e:	02d2      	lsls	r2, r2, #11
10004420:	401a      	ands	r2, r3
10004422:	0709      	lsls	r1, r1, #28
10004424:	4b0f      	ldr	r3, [pc, #60]	@ (10004464 <cyw43_read_reg_u32+0x50>)
10004426:	430a      	orrs	r2, r1
10004428:	b088      	sub	sp, #32
1000442a:	4313      	orrs	r3, r2
1000442c:	0124      	lsls	r4, r4, #4
1000442e:	9302      	str	r3, [sp, #8]
10004430:	0023      	movs	r3, r4
10004432:	3308      	adds	r3, #8
10004434:	9300      	str	r3, [sp, #0]
10004436:	2204      	movs	r2, #4
10004438:	2100      	movs	r1, #0
1000443a:	ab02      	add	r3, sp, #8
1000443c:	f7ff fd8a 	bl	10003f54 <cyw43_spi_transfer>
10004440:	2800      	cmp	r0, #0
10004442:	d10a      	bne.n	1000445a <cyw43_read_reg_u32+0x46>
10004444:	4263      	negs	r3, r4
10004446:	415c      	adcs	r4, r3
10004448:	2303      	movs	r3, #3
1000444a:	4264      	negs	r4, r4
1000444c:	439c      	bics	r4, r3
1000444e:	2208      	movs	r2, #8
10004450:	466b      	mov	r3, sp
10004452:	3405      	adds	r4, #5
10004454:	00a4      	lsls	r4, r4, #2
10004456:	189b      	adds	r3, r3, r2
10004458:	5918      	ldr	r0, [r3, r4]
1000445a:	b008      	add	sp, #32
1000445c:	bd10      	pop	{r4, pc}
1000445e:	46c0      	nop			@ (mov r8, r8)
10004460:	0ffff800 	.word	0x0ffff800
10004464:	40000004 	.word	0x40000004

10004468 <cyw43_read_reg_u16>:
10004468:	b510      	push	{r4, lr}
1000446a:	1e4c      	subs	r4, r1, #1
1000446c:	4263      	negs	r3, r4
1000446e:	415c      	adcs	r4, r3
10004470:	4b10      	ldr	r3, [pc, #64]	@ (100044b4 <cyw43_read_reg_u16+0x4c>)
10004472:	02d2      	lsls	r2, r2, #11
10004474:	401a      	ands	r2, r3
10004476:	0709      	lsls	r1, r1, #28
10004478:	4b0f      	ldr	r3, [pc, #60]	@ (100044b8 <cyw43_read_reg_u16+0x50>)
1000447a:	430a      	orrs	r2, r1
1000447c:	b088      	sub	sp, #32
1000447e:	4313      	orrs	r3, r2
10004480:	0124      	lsls	r4, r4, #4
10004482:	9302      	str	r3, [sp, #8]
10004484:	0023      	movs	r3, r4
10004486:	3308      	adds	r3, #8
10004488:	9300      	str	r3, [sp, #0]
1000448a:	2204      	movs	r2, #4
1000448c:	2100      	movs	r1, #0
1000448e:	ab02      	add	r3, sp, #8
10004490:	f7ff fd60 	bl	10003f54 <cyw43_spi_transfer>
10004494:	2800      	cmp	r0, #0
10004496:	d10a      	bne.n	100044ae <cyw43_read_reg_u16+0x46>
10004498:	4263      	negs	r3, r4
1000449a:	415c      	adcs	r4, r3
1000449c:	2303      	movs	r3, #3
1000449e:	4264      	negs	r4, r4
100044a0:	439c      	bics	r4, r3
100044a2:	2208      	movs	r2, #8
100044a4:	466b      	mov	r3, sp
100044a6:	3405      	adds	r4, #5
100044a8:	00a4      	lsls	r4, r4, #2
100044aa:	189b      	adds	r3, r3, r2
100044ac:	5918      	ldr	r0, [r3, r4]
100044ae:	b008      	add	sp, #32
100044b0:	bd10      	pop	{r4, pc}
100044b2:	46c0      	nop			@ (mov r8, r8)
100044b4:	0ffff800 	.word	0x0ffff800
100044b8:	40000002 	.word	0x40000002

100044bc <cyw43_read_reg_u8>:
100044bc:	b510      	push	{r4, lr}
100044be:	1e4c      	subs	r4, r1, #1
100044c0:	4263      	negs	r3, r4
100044c2:	415c      	adcs	r4, r3
100044c4:	4b10      	ldr	r3, [pc, #64]	@ (10004508 <cyw43_read_reg_u8+0x4c>)
100044c6:	02d2      	lsls	r2, r2, #11
100044c8:	401a      	ands	r2, r3
100044ca:	0709      	lsls	r1, r1, #28
100044cc:	4b0f      	ldr	r3, [pc, #60]	@ (1000450c <cyw43_read_reg_u8+0x50>)
100044ce:	430a      	orrs	r2, r1
100044d0:	b088      	sub	sp, #32
100044d2:	4313      	orrs	r3, r2
100044d4:	0124      	lsls	r4, r4, #4
100044d6:	9302      	str	r3, [sp, #8]
100044d8:	0023      	movs	r3, r4
100044da:	3308      	adds	r3, #8
100044dc:	9300      	str	r3, [sp, #0]
100044de:	2204      	movs	r2, #4
100044e0:	2100      	movs	r1, #0
100044e2:	ab02      	add	r3, sp, #8
100044e4:	f7ff fd36 	bl	10003f54 <cyw43_spi_transfer>
100044e8:	2800      	cmp	r0, #0
100044ea:	d10a      	bne.n	10004502 <cyw43_read_reg_u8+0x46>
100044ec:	4263      	negs	r3, r4
100044ee:	415c      	adcs	r4, r3
100044f0:	2303      	movs	r3, #3
100044f2:	4264      	negs	r4, r4
100044f4:	439c      	bics	r4, r3
100044f6:	2208      	movs	r2, #8
100044f8:	466b      	mov	r3, sp
100044fa:	3405      	adds	r4, #5
100044fc:	00a4      	lsls	r4, r4, #2
100044fe:	189b      	adds	r3, r3, r2
10004500:	5918      	ldr	r0, [r3, r4]
10004502:	b008      	add	sp, #32
10004504:	bd10      	pop	{r4, pc}
10004506:	46c0      	nop			@ (mov r8, r8)
10004508:	0ffff800 	.word	0x0ffff800
1000450c:	40000001 	.word	0x40000001

10004510 <write_reg_u32_swap>:
10004510:	b5f0      	push	{r4, r5, r6, r7, lr}
10004512:	ba5b      	rev16	r3, r3
10004514:	46de      	mov	lr, fp
10004516:	4657      	mov	r7, sl
10004518:	464e      	mov	r6, r9
1000451a:	4645      	mov	r5, r8
1000451c:	b5e0      	push	{r5, r6, r7, lr}
1000451e:	4c73      	ldr	r4, [pc, #460]	@ (100046ec <write_reg_u32_swap+0x1dc>)
10004520:	02d2      	lsls	r2, r2, #11
10004522:	4022      	ands	r2, r4
10004524:	0709      	lsls	r1, r1, #28
10004526:	4311      	orrs	r1, r2
10004528:	4a71      	ldr	r2, [pc, #452]	@ (100046f0 <write_reg_u32_swap+0x1e0>)
1000452a:	b085      	sub	sp, #20
1000452c:	430a      	orrs	r2, r1
1000452e:	9303      	str	r3, [sp, #12]
10004530:	4b70      	ldr	r3, [pc, #448]	@ (100046f4 <write_reg_u32_swap+0x1e4>)
10004532:	a902      	add	r1, sp, #8
10004534:	58c4      	ldr	r4, [r0, r3]
10004536:	4b70      	ldr	r3, [pc, #448]	@ (100046f8 <write_reg_u32_swap+0x1e8>)
10004538:	468a      	mov	sl, r1
1000453a:	ba52      	rev16	r2, r2
1000453c:	469c      	mov	ip, r3
1000453e:	6821      	ldr	r1, [r4, #0]
10004540:	2018      	movs	r0, #24
10004542:	4461      	add	r1, ip
10004544:	0d09      	lsrs	r1, r1, #20
10004546:	3106      	adds	r1, #6
10004548:	b2c9      	uxtb	r1, r1
1000454a:	9202      	str	r2, [sp, #8]
1000454c:	f7fb febe 	bl	100002cc <gpio_set_function>
10004550:	4b69      	ldr	r3, [pc, #420]	@ (100046f8 <write_reg_u32_swap+0x1e8>)
10004552:	6821      	ldr	r1, [r4, #0]
10004554:	469c      	mov	ip, r3
10004556:	4461      	add	r1, ip
10004558:	0d09      	lsrs	r1, r1, #20
1000455a:	3106      	adds	r1, #6
1000455c:	201d      	movs	r0, #29
1000455e:	b2c9      	uxtb	r1, r1
10004560:	f7fb feb4 	bl	100002cc <gpio_set_function>
10004564:	2201      	movs	r2, #1
10004566:	2100      	movs	r1, #0
10004568:	201d      	movs	r0, #29
1000456a:	f7fb fec9 	bl	10000300 <gpio_set_pulls>
1000456e:	23d0      	movs	r3, #208	@ 0xd0
10004570:	2280      	movs	r2, #128	@ 0x80
10004572:	2701      	movs	r7, #1
10004574:	061b      	lsls	r3, r3, #24
10004576:	0492      	lsls	r2, r2, #18
10004578:	619a      	str	r2, [r3, #24]
1000457a:	003a      	movs	r2, r7
1000457c:	68a1      	ldr	r1, [r4, #8]
1000457e:	6820      	ldr	r0, [r4, #0]
10004580:	408a      	lsls	r2, r1
10004582:	6803      	ldr	r3, [r0, #0]
10004584:	6865      	ldr	r5, [r4, #4]
10004586:	4393      	bics	r3, r2
10004588:	6003      	str	r3, [r0, #0]
1000458a:	004b      	lsls	r3, r1, #1
1000458c:	185b      	adds	r3, r3, r1
1000458e:	00db      	lsls	r3, r3, #3
10004590:	18c6      	adds	r6, r0, r3
10004592:	36cc      	adds	r6, #204	@ 0xcc
10004594:	6832      	ldr	r2, [r6, #0]
10004596:	469c      	mov	ip, r3
10004598:	4690      	mov	r8, r2
1000459a:	1c6a      	adds	r2, r5, #1
1000459c:	0313      	lsls	r3, r2, #12
1000459e:	4a57      	ldr	r2, [pc, #348]	@ (100046fc <write_reg_u32_swap+0x1ec>)
100045a0:	469b      	mov	fp, r3
100045a2:	4691      	mov	r9, r2
100045a4:	4642      	mov	r2, r8
100045a6:	464b      	mov	r3, r9
100045a8:	401a      	ands	r2, r3
100045aa:	0013      	movs	r3, r2
100045ac:	465a      	mov	r2, fp
100045ae:	01ed      	lsls	r5, r5, #7
100045b0:	431a      	orrs	r2, r3
100045b2:	432a      	orrs	r2, r5
100045b4:	6032      	str	r2, [r6, #0]
100045b6:	4a52      	ldr	r2, [pc, #328]	@ (10004700 <write_reg_u32_swap+0x1f0>)
100045b8:	4663      	mov	r3, ip
100045ba:	4694      	mov	ip, r2
100045bc:	2280      	movs	r2, #128	@ 0x80
100045be:	18c3      	adds	r3, r0, r3
100045c0:	4463      	add	r3, ip
100045c2:	0612      	lsls	r2, r2, #24
100045c4:	601a      	str	r2, [r3, #0]
100045c6:	601a      	str	r2, [r3, #0]
100045c8:	2280      	movs	r2, #128	@ 0x80
100045ca:	2300      	movs	r3, #0
100045cc:	0452      	lsls	r2, r2, #17
100045ce:	9200      	str	r2, [sp, #0]
100045d0:	9301      	str	r3, [sp, #4]
100045d2:	f002 fbe3 	bl	10006d9c <pio_sm_set_pindirs_with_mask64>
100045d6:	003a      	movs	r2, r7
100045d8:	68a0      	ldr	r0, [r4, #8]
100045da:	6821      	ldr	r1, [r4, #0]
100045dc:	1d03      	adds	r3, r0, #4
100045de:	409a      	lsls	r2, r3
100045e0:	4699      	mov	r9, r3
100045e2:	2380      	movs	r3, #128	@ 0x80
100045e4:	019b      	lsls	r3, r3, #6
100045e6:	18cb      	adds	r3, r1, r3
100045e8:	601a      	str	r2, [r3, #0]
100045ea:	0002      	movs	r2, r0
100045ec:	003d      	movs	r5, r7
100045ee:	3208      	adds	r2, #8
100045f0:	4095      	lsls	r5, r2
100045f2:	601d      	str	r5, [r3, #0]
100045f4:	233f      	movs	r3, #63	@ 0x3f
100045f6:	0082      	lsls	r2, r0, #2
100045f8:	188a      	adds	r2, r1, r2
100045fa:	6113      	str	r3, [r2, #16]
100045fc:	0043      	lsls	r3, r0, #1
100045fe:	181b      	adds	r3, r3, r0
10004600:	00db      	lsls	r3, r3, #3
10004602:	4d40      	ldr	r5, [pc, #256]	@ (10004704 <write_reg_u32_swap+0x1f4>)
10004604:	18cb      	adds	r3, r1, r3
10004606:	33d8      	adds	r3, #216	@ 0xd8
10004608:	601d      	str	r5, [r3, #0]
1000460a:	2500      	movs	r5, #0
1000460c:	6115      	str	r5, [r2, #16]
1000460e:	4a3e      	ldr	r2, [pc, #248]	@ (10004708 <write_reg_u32_swap+0x1f8>)
10004610:	351f      	adds	r5, #31
10004612:	601a      	str	r2, [r3, #0]
10004614:	6862      	ldr	r2, [r4, #4]
10004616:	2680      	movs	r6, #128	@ 0x80
10004618:	402a      	ands	r2, r5
1000461a:	601a      	str	r2, [r3, #0]
1000461c:	230c      	movs	r3, #12
1000461e:	56e3      	ldrsb	r3, [r4, r3]
10004620:	22a0      	movs	r2, #160	@ 0xa0
10004622:	409f      	lsls	r7, r3
10004624:	469c      	mov	ip, r3
10004626:	4b39      	ldr	r3, [pc, #228]	@ (1000470c <write_reg_u32_swap+0x1fc>)
10004628:	05d2      	lsls	r2, r2, #23
1000462a:	50d7      	str	r7, [r2, r3]
1000462c:	4663      	mov	r3, ip
1000462e:	019a      	lsls	r2, r3, #6
10004630:	23a0      	movs	r3, #160	@ 0xa0
10004632:	05db      	lsls	r3, r3, #23
10004634:	18d7      	adds	r7, r2, r3
10004636:	4b36      	ldr	r3, [pc, #216]	@ (10004710 <write_reg_u32_swap+0x200>)
10004638:	0476      	lsls	r6, r6, #17
1000463a:	18d5      	adds	r5, r2, r3
1000463c:	682b      	ldr	r3, [r5, #0]
1000463e:	4233      	tst	r3, r6
10004640:	d1fc      	bne.n	1000463c <write_reg_u32_swap+0x12c>
10004642:	4665      	mov	r5, ip
10004644:	02ed      	lsls	r5, r5, #11
10004646:	46ac      	mov	ip, r5
10004648:	4d32      	ldr	r5, [pc, #200]	@ (10004714 <write_reg_u32_swap+0x204>)
1000464a:	4b2b      	ldr	r3, [pc, #172]	@ (100046f8 <write_reg_u32_swap+0x1e8>)
1000464c:	46a8      	mov	r8, r5
1000464e:	4665      	mov	r5, ip
10004650:	4646      	mov	r6, r8
10004652:	18cb      	adds	r3, r1, r3
10004654:	0d1b      	lsrs	r3, r3, #20
10004656:	00db      	lsls	r3, r3, #3
10004658:	181b      	adds	r3, r3, r0
1000465a:	4035      	ands	r5, r6
1000465c:	03db      	lsls	r3, r3, #15
1000465e:	432b      	orrs	r3, r5
10004660:	4d2d      	ldr	r5, [pc, #180]	@ (10004718 <write_reg_u32_swap+0x208>)
10004662:	432b      	orrs	r3, r5
10004664:	4655      	mov	r5, sl
10004666:	603d      	str	r5, [r7, #0]
10004668:	464d      	mov	r5, r9
1000466a:	00ae      	lsls	r6, r5, #2
1000466c:	2502      	movs	r5, #2
1000466e:	198e      	adds	r6, r1, r6
10004670:	607e      	str	r6, [r7, #4]
10004672:	60bd      	str	r5, [r7, #8]
10004674:	60fb      	str	r3, [r7, #12]
10004676:	2301      	movs	r3, #1
10004678:	4083      	lsls	r3, r0
1000467a:	680d      	ldr	r5, [r1, #0]
1000467c:	432b      	orrs	r3, r5
1000467e:	600b      	str	r3, [r1, #0]
10004680:	4b26      	ldr	r3, [pc, #152]	@ (1000471c <write_reg_u32_swap+0x20c>)
10004682:	2180      	movs	r1, #128	@ 0x80
10004684:	469c      	mov	ip, r3
10004686:	0449      	lsls	r1, r1, #17
10004688:	4462      	add	r2, ip
1000468a:	6813      	ldr	r3, [r2, #0]
1000468c:	420b      	tst	r3, r1
1000468e:	d1fc      	bne.n	1000468a <write_reg_u32_swap+0x17a>
10004690:	2201      	movs	r2, #1
10004692:	68a3      	ldr	r3, [r4, #8]
10004694:	6821      	ldr	r1, [r4, #0]
10004696:	3318      	adds	r3, #24
10004698:	409a      	lsls	r2, r3
1000469a:	608a      	str	r2, [r1, #8]
1000469c:	688b      	ldr	r3, [r1, #8]
1000469e:	4213      	tst	r3, r2
100046a0:	d0fc      	beq.n	1000469c <write_reg_u32_swap+0x18c>
100046a2:	2201      	movs	r2, #1
100046a4:	68a1      	ldr	r1, [r4, #8]
100046a6:	6820      	ldr	r0, [r4, #0]
100046a8:	408a      	lsls	r2, r1
100046aa:	6803      	ldr	r3, [r0, #0]
100046ac:	4393      	bics	r3, r2
100046ae:	6003      	str	r3, [r0, #0]
100046b0:	2300      	movs	r3, #0
100046b2:	2218      	movs	r2, #24
100046b4:	9300      	str	r3, [sp, #0]
100046b6:	3301      	adds	r3, #1
100046b8:	f002 fbd2 	bl	10006e60 <pio_sm_set_consecutive_pindirs>
100046bc:	68a1      	ldr	r1, [r4, #8]
100046be:	6823      	ldr	r3, [r4, #0]
100046c0:	004a      	lsls	r2, r1, #1
100046c2:	1852      	adds	r2, r2, r1
100046c4:	00d2      	lsls	r2, r2, #3
100046c6:	189b      	adds	r3, r3, r2
100046c8:	4a15      	ldr	r2, [pc, #84]	@ (10004720 <write_reg_u32_swap+0x210>)
100046ca:	33d8      	adds	r3, #216	@ 0xd8
100046cc:	601a      	str	r2, [r3, #0]
100046ce:	23d0      	movs	r3, #208	@ 0xd0
100046d0:	2280      	movs	r2, #128	@ 0x80
100046d2:	061b      	lsls	r3, r3, #24
100046d4:	0492      	lsls	r2, r2, #18
100046d6:	615a      	str	r2, [r3, #20]
100046d8:	f7ff fb62 	bl	10003da0 <ns_delay.constprop.0>
100046dc:	2000      	movs	r0, #0
100046de:	b005      	add	sp, #20
100046e0:	bcf0      	pop	{r4, r5, r6, r7}
100046e2:	46bb      	mov	fp, r7
100046e4:	46b2      	mov	sl, r6
100046e6:	46a9      	mov	r9, r5
100046e8:	46a0      	mov	r8, r4
100046ea:	bdf0      	pop	{r4, r5, r6, r7, pc}
100046ec:	0ffff800 	.word	0x0ffff800
100046f0:	c0000004 	.word	0xc0000004
100046f4:	0000084c 	.word	0x0000084c
100046f8:	afe00000 	.word	0xafe00000
100046fc:	fffe007f 	.word	0xfffe007f
10004700:	000010d0 	.word	0x000010d0
10004704:	00006020 	.word	0x00006020
10004708:	00006040 	.word	0x00006040
1000470c:	00000444 	.word	0x00000444
10004710:	5000000c 	.word	0x5000000c
10004714:	ff007ffd 	.word	0xff007ffd
10004718:	00400019 	.word	0x00400019
1000471c:	50000010 	.word	0x50000010
10004720:	0000a003 	.word	0x0000a003

10004724 <cyw43_write_reg_u32>:
10004724:	b5f0      	push	{r4, r5, r6, r7, lr}
10004726:	46de      	mov	lr, fp
10004728:	4657      	mov	r7, sl
1000472a:	464e      	mov	r6, r9
1000472c:	4645      	mov	r5, r8
1000472e:	b5e0      	push	{r5, r6, r7, lr}
10004730:	b085      	sub	sp, #20
10004732:	ac02      	add	r4, sp, #8
10004734:	46a2      	mov	sl, r4
10004736:	4c72      	ldr	r4, [pc, #456]	@ (10004900 <cyw43_write_reg_u32+0x1dc>)
10004738:	02d2      	lsls	r2, r2, #11
1000473a:	4022      	ands	r2, r4
1000473c:	0709      	lsls	r1, r1, #28
1000473e:	430a      	orrs	r2, r1
10004740:	4970      	ldr	r1, [pc, #448]	@ (10004904 <cyw43_write_reg_u32+0x1e0>)
10004742:	2701      	movs	r7, #1
10004744:	430a      	orrs	r2, r1
10004746:	9202      	str	r2, [sp, #8]
10004748:	4652      	mov	r2, sl
1000474a:	6053      	str	r3, [r2, #4]
1000474c:	4b6e      	ldr	r3, [pc, #440]	@ (10004908 <cyw43_write_reg_u32+0x1e4>)
1000474e:	58c4      	ldr	r4, [r0, r3]
10004750:	4b6e      	ldr	r3, [pc, #440]	@ (1000490c <cyw43_write_reg_u32+0x1e8>)
10004752:	6821      	ldr	r1, [r4, #0]
10004754:	469c      	mov	ip, r3
10004756:	4461      	add	r1, ip
10004758:	0d09      	lsrs	r1, r1, #20
1000475a:	3106      	adds	r1, #6
1000475c:	2018      	movs	r0, #24
1000475e:	b2c9      	uxtb	r1, r1
10004760:	f7fb fdb4 	bl	100002cc <gpio_set_function>
10004764:	4b69      	ldr	r3, [pc, #420]	@ (1000490c <cyw43_write_reg_u32+0x1e8>)
10004766:	6821      	ldr	r1, [r4, #0]
10004768:	469c      	mov	ip, r3
1000476a:	4461      	add	r1, ip
1000476c:	0d09      	lsrs	r1, r1, #20
1000476e:	3106      	adds	r1, #6
10004770:	201d      	movs	r0, #29
10004772:	b2c9      	uxtb	r1, r1
10004774:	f7fb fdaa 	bl	100002cc <gpio_set_function>
10004778:	2201      	movs	r2, #1
1000477a:	2100      	movs	r1, #0
1000477c:	201d      	movs	r0, #29
1000477e:	f7fb fdbf 	bl	10000300 <gpio_set_pulls>
10004782:	23d0      	movs	r3, #208	@ 0xd0
10004784:	2280      	movs	r2, #128	@ 0x80
10004786:	061b      	lsls	r3, r3, #24
10004788:	0492      	lsls	r2, r2, #18
1000478a:	619a      	str	r2, [r3, #24]
1000478c:	003a      	movs	r2, r7
1000478e:	68a1      	ldr	r1, [r4, #8]
10004790:	6820      	ldr	r0, [r4, #0]
10004792:	408a      	lsls	r2, r1
10004794:	6803      	ldr	r3, [r0, #0]
10004796:	6865      	ldr	r5, [r4, #4]
10004798:	4393      	bics	r3, r2
1000479a:	6003      	str	r3, [r0, #0]
1000479c:	004b      	lsls	r3, r1, #1
1000479e:	185b      	adds	r3, r3, r1
100047a0:	00db      	lsls	r3, r3, #3
100047a2:	18c6      	adds	r6, r0, r3
100047a4:	36cc      	adds	r6, #204	@ 0xcc
100047a6:	6832      	ldr	r2, [r6, #0]
100047a8:	469c      	mov	ip, r3
100047aa:	4690      	mov	r8, r2
100047ac:	1c6a      	adds	r2, r5, #1
100047ae:	0313      	lsls	r3, r2, #12
100047b0:	4a57      	ldr	r2, [pc, #348]	@ (10004910 <cyw43_write_reg_u32+0x1ec>)
100047b2:	469b      	mov	fp, r3
100047b4:	4691      	mov	r9, r2
100047b6:	4642      	mov	r2, r8
100047b8:	464b      	mov	r3, r9
100047ba:	401a      	ands	r2, r3
100047bc:	0013      	movs	r3, r2
100047be:	465a      	mov	r2, fp
100047c0:	01ed      	lsls	r5, r5, #7
100047c2:	431a      	orrs	r2, r3
100047c4:	432a      	orrs	r2, r5
100047c6:	6032      	str	r2, [r6, #0]
100047c8:	4a52      	ldr	r2, [pc, #328]	@ (10004914 <cyw43_write_reg_u32+0x1f0>)
100047ca:	4663      	mov	r3, ip
100047cc:	4694      	mov	ip, r2
100047ce:	2280      	movs	r2, #128	@ 0x80
100047d0:	18c3      	adds	r3, r0, r3
100047d2:	4463      	add	r3, ip
100047d4:	0612      	lsls	r2, r2, #24
100047d6:	601a      	str	r2, [r3, #0]
100047d8:	601a      	str	r2, [r3, #0]
100047da:	2280      	movs	r2, #128	@ 0x80
100047dc:	2300      	movs	r3, #0
100047de:	0452      	lsls	r2, r2, #17
100047e0:	9200      	str	r2, [sp, #0]
100047e2:	9301      	str	r3, [sp, #4]
100047e4:	f002 fada 	bl	10006d9c <pio_sm_set_pindirs_with_mask64>
100047e8:	003a      	movs	r2, r7
100047ea:	68a0      	ldr	r0, [r4, #8]
100047ec:	6821      	ldr	r1, [r4, #0]
100047ee:	1d03      	adds	r3, r0, #4
100047f0:	409a      	lsls	r2, r3
100047f2:	4699      	mov	r9, r3
100047f4:	2380      	movs	r3, #128	@ 0x80
100047f6:	019b      	lsls	r3, r3, #6
100047f8:	18cb      	adds	r3, r1, r3
100047fa:	601a      	str	r2, [r3, #0]
100047fc:	0002      	movs	r2, r0
100047fe:	003d      	movs	r5, r7
10004800:	3208      	adds	r2, #8
10004802:	4095      	lsls	r5, r2
10004804:	601d      	str	r5, [r3, #0]
10004806:	233f      	movs	r3, #63	@ 0x3f
10004808:	0082      	lsls	r2, r0, #2
1000480a:	188a      	adds	r2, r1, r2
1000480c:	6113      	str	r3, [r2, #16]
1000480e:	0043      	lsls	r3, r0, #1
10004810:	181b      	adds	r3, r3, r0
10004812:	00db      	lsls	r3, r3, #3
10004814:	4d40      	ldr	r5, [pc, #256]	@ (10004918 <cyw43_write_reg_u32+0x1f4>)
10004816:	18cb      	adds	r3, r1, r3
10004818:	33d8      	adds	r3, #216	@ 0xd8
1000481a:	601d      	str	r5, [r3, #0]
1000481c:	2500      	movs	r5, #0
1000481e:	6115      	str	r5, [r2, #16]
10004820:	4a3e      	ldr	r2, [pc, #248]	@ (1000491c <cyw43_write_reg_u32+0x1f8>)
10004822:	351f      	adds	r5, #31
10004824:	601a      	str	r2, [r3, #0]
10004826:	6862      	ldr	r2, [r4, #4]
10004828:	2680      	movs	r6, #128	@ 0x80
1000482a:	402a      	ands	r2, r5
1000482c:	601a      	str	r2, [r3, #0]
1000482e:	230c      	movs	r3, #12
10004830:	56e3      	ldrsb	r3, [r4, r3]
10004832:	22a0      	movs	r2, #160	@ 0xa0
10004834:	409f      	lsls	r7, r3
10004836:	469c      	mov	ip, r3
10004838:	4b39      	ldr	r3, [pc, #228]	@ (10004920 <cyw43_write_reg_u32+0x1fc>)
1000483a:	05d2      	lsls	r2, r2, #23
1000483c:	50d7      	str	r7, [r2, r3]
1000483e:	4663      	mov	r3, ip
10004840:	019a      	lsls	r2, r3, #6
10004842:	23a0      	movs	r3, #160	@ 0xa0
10004844:	05db      	lsls	r3, r3, #23
10004846:	18d7      	adds	r7, r2, r3
10004848:	4b36      	ldr	r3, [pc, #216]	@ (10004924 <cyw43_write_reg_u32+0x200>)
1000484a:	0476      	lsls	r6, r6, #17
1000484c:	18d5      	adds	r5, r2, r3
1000484e:	682b      	ldr	r3, [r5, #0]
10004850:	4233      	tst	r3, r6
10004852:	d1fc      	bne.n	1000484e <cyw43_write_reg_u32+0x12a>
10004854:	4665      	mov	r5, ip
10004856:	02ed      	lsls	r5, r5, #11
10004858:	46ac      	mov	ip, r5
1000485a:	4d33      	ldr	r5, [pc, #204]	@ (10004928 <cyw43_write_reg_u32+0x204>)
1000485c:	4b2b      	ldr	r3, [pc, #172]	@ (1000490c <cyw43_write_reg_u32+0x1e8>)
1000485e:	46a8      	mov	r8, r5
10004860:	4665      	mov	r5, ip
10004862:	4646      	mov	r6, r8
10004864:	18cb      	adds	r3, r1, r3
10004866:	0d1b      	lsrs	r3, r3, #20
10004868:	00db      	lsls	r3, r3, #3
1000486a:	181b      	adds	r3, r3, r0
1000486c:	4035      	ands	r5, r6
1000486e:	03db      	lsls	r3, r3, #15
10004870:	432b      	orrs	r3, r5
10004872:	4d2e      	ldr	r5, [pc, #184]	@ (1000492c <cyw43_write_reg_u32+0x208>)
10004874:	432b      	orrs	r3, r5
10004876:	4655      	mov	r5, sl
10004878:	603d      	str	r5, [r7, #0]
1000487a:	464d      	mov	r5, r9
1000487c:	00ae      	lsls	r6, r5, #2
1000487e:	2502      	movs	r5, #2
10004880:	198e      	adds	r6, r1, r6
10004882:	607e      	str	r6, [r7, #4]
10004884:	60bd      	str	r5, [r7, #8]
10004886:	60fb      	str	r3, [r7, #12]
10004888:	2301      	movs	r3, #1
1000488a:	4083      	lsls	r3, r0
1000488c:	680d      	ldr	r5, [r1, #0]
1000488e:	432b      	orrs	r3, r5
10004890:	600b      	str	r3, [r1, #0]
10004892:	4b27      	ldr	r3, [pc, #156]	@ (10004930 <cyw43_write_reg_u32+0x20c>)
10004894:	2180      	movs	r1, #128	@ 0x80
10004896:	469c      	mov	ip, r3
10004898:	0449      	lsls	r1, r1, #17
1000489a:	4462      	add	r2, ip
1000489c:	6813      	ldr	r3, [r2, #0]
1000489e:	420b      	tst	r3, r1
100048a0:	d1fc      	bne.n	1000489c <cyw43_write_reg_u32+0x178>
100048a2:	2201      	movs	r2, #1
100048a4:	68a3      	ldr	r3, [r4, #8]
100048a6:	6821      	ldr	r1, [r4, #0]
100048a8:	3318      	adds	r3, #24
100048aa:	409a      	lsls	r2, r3
100048ac:	608a      	str	r2, [r1, #8]
100048ae:	688b      	ldr	r3, [r1, #8]
100048b0:	4213      	tst	r3, r2
100048b2:	d0fc      	beq.n	100048ae <cyw43_write_reg_u32+0x18a>
100048b4:	2201      	movs	r2, #1
100048b6:	68a1      	ldr	r1, [r4, #8]
100048b8:	6820      	ldr	r0, [r4, #0]
100048ba:	408a      	lsls	r2, r1
100048bc:	6803      	ldr	r3, [r0, #0]
100048be:	4393      	bics	r3, r2
100048c0:	6003      	str	r3, [r0, #0]
100048c2:	2300      	movs	r3, #0
100048c4:	2218      	movs	r2, #24
100048c6:	9300      	str	r3, [sp, #0]
100048c8:	3301      	adds	r3, #1
100048ca:	f002 fac9 	bl	10006e60 <pio_sm_set_consecutive_pindirs>
100048ce:	68a1      	ldr	r1, [r4, #8]
100048d0:	6823      	ldr	r3, [r4, #0]
100048d2:	004a      	lsls	r2, r1, #1
100048d4:	1852      	adds	r2, r2, r1
100048d6:	00d2      	lsls	r2, r2, #3
100048d8:	189b      	adds	r3, r3, r2
100048da:	4a16      	ldr	r2, [pc, #88]	@ (10004934 <cyw43_write_reg_u32+0x210>)
100048dc:	33d8      	adds	r3, #216	@ 0xd8
100048de:	601a      	str	r2, [r3, #0]
100048e0:	23d0      	movs	r3, #208	@ 0xd0
100048e2:	2280      	movs	r2, #128	@ 0x80
100048e4:	061b      	lsls	r3, r3, #24
100048e6:	0492      	lsls	r2, r2, #18
100048e8:	615a      	str	r2, [r3, #20]
100048ea:	f7ff fa59 	bl	10003da0 <ns_delay.constprop.0>
100048ee:	2000      	movs	r0, #0
100048f0:	b005      	add	sp, #20
100048f2:	bcf0      	pop	{r4, r5, r6, r7}
100048f4:	46bb      	mov	fp, r7
100048f6:	46b2      	mov	sl, r6
100048f8:	46a9      	mov	r9, r5
100048fa:	46a0      	mov	r8, r4
100048fc:	bdf0      	pop	{r4, r5, r6, r7, pc}
100048fe:	46c0      	nop			@ (mov r8, r8)
10004900:	0ffff800 	.word	0x0ffff800
10004904:	c0000004 	.word	0xc0000004
10004908:	0000084c 	.word	0x0000084c
1000490c:	afe00000 	.word	0xafe00000
10004910:	fffe007f 	.word	0xfffe007f
10004914:	000010d0 	.word	0x000010d0
10004918:	00006020 	.word	0x00006020
1000491c:	00006040 	.word	0x00006040
10004920:	00000444 	.word	0x00000444
10004924:	5000000c 	.word	0x5000000c
10004928:	ff007ffd 	.word	0xff007ffd
1000492c:	00400019 	.word	0x00400019
10004930:	50000010 	.word	0x50000010
10004934:	0000a003 	.word	0x0000a003

10004938 <cyw43_write_reg_u16>:
10004938:	b5f0      	push	{r4, r5, r6, r7, lr}
1000493a:	46de      	mov	lr, fp
1000493c:	4657      	mov	r7, sl
1000493e:	464e      	mov	r6, r9
10004940:	4645      	mov	r5, r8
10004942:	b5e0      	push	{r5, r6, r7, lr}
10004944:	b085      	sub	sp, #20
10004946:	ac02      	add	r4, sp, #8
10004948:	46a2      	mov	sl, r4
1000494a:	4c72      	ldr	r4, [pc, #456]	@ (10004b14 <cyw43_write_reg_u16+0x1dc>)
1000494c:	02d2      	lsls	r2, r2, #11
1000494e:	4022      	ands	r2, r4
10004950:	0709      	lsls	r1, r1, #28
10004952:	430a      	orrs	r2, r1
10004954:	4970      	ldr	r1, [pc, #448]	@ (10004b18 <cyw43_write_reg_u16+0x1e0>)
10004956:	2701      	movs	r7, #1
10004958:	430a      	orrs	r2, r1
1000495a:	9202      	str	r2, [sp, #8]
1000495c:	4652      	mov	r2, sl
1000495e:	6053      	str	r3, [r2, #4]
10004960:	4b6e      	ldr	r3, [pc, #440]	@ (10004b1c <cyw43_write_reg_u16+0x1e4>)
10004962:	58c4      	ldr	r4, [r0, r3]
10004964:	4b6e      	ldr	r3, [pc, #440]	@ (10004b20 <cyw43_write_reg_u16+0x1e8>)
10004966:	6821      	ldr	r1, [r4, #0]
10004968:	469c      	mov	ip, r3
1000496a:	4461      	add	r1, ip
1000496c:	0d09      	lsrs	r1, r1, #20
1000496e:	3106      	adds	r1, #6
10004970:	2018      	movs	r0, #24
10004972:	b2c9      	uxtb	r1, r1
10004974:	f7fb fcaa 	bl	100002cc <gpio_set_function>
10004978:	4b69      	ldr	r3, [pc, #420]	@ (10004b20 <cyw43_write_reg_u16+0x1e8>)
1000497a:	6821      	ldr	r1, [r4, #0]
1000497c:	469c      	mov	ip, r3
1000497e:	4461      	add	r1, ip
10004980:	0d09      	lsrs	r1, r1, #20
10004982:	3106      	adds	r1, #6
10004984:	201d      	movs	r0, #29
10004986:	b2c9      	uxtb	r1, r1
10004988:	f7fb fca0 	bl	100002cc <gpio_set_function>
1000498c:	2201      	movs	r2, #1
1000498e:	2100      	movs	r1, #0
10004990:	201d      	movs	r0, #29
10004992:	f7fb fcb5 	bl	10000300 <gpio_set_pulls>
10004996:	23d0      	movs	r3, #208	@ 0xd0
10004998:	2280      	movs	r2, #128	@ 0x80
1000499a:	061b      	lsls	r3, r3, #24
1000499c:	0492      	lsls	r2, r2, #18
1000499e:	619a      	str	r2, [r3, #24]
100049a0:	003a      	movs	r2, r7
100049a2:	68a1      	ldr	r1, [r4, #8]
100049a4:	6820      	ldr	r0, [r4, #0]
100049a6:	408a      	lsls	r2, r1
100049a8:	6803      	ldr	r3, [r0, #0]
100049aa:	6865      	ldr	r5, [r4, #4]
100049ac:	4393      	bics	r3, r2
100049ae:	6003      	str	r3, [r0, #0]
100049b0:	004b      	lsls	r3, r1, #1
100049b2:	185b      	adds	r3, r3, r1
100049b4:	00db      	lsls	r3, r3, #3
100049b6:	18c6      	adds	r6, r0, r3
100049b8:	36cc      	adds	r6, #204	@ 0xcc
100049ba:	6832      	ldr	r2, [r6, #0]
100049bc:	469c      	mov	ip, r3
100049be:	4690      	mov	r8, r2
100049c0:	1c6a      	adds	r2, r5, #1
100049c2:	0313      	lsls	r3, r2, #12
100049c4:	4a57      	ldr	r2, [pc, #348]	@ (10004b24 <cyw43_write_reg_u16+0x1ec>)
100049c6:	469b      	mov	fp, r3
100049c8:	4691      	mov	r9, r2
100049ca:	4642      	mov	r2, r8
100049cc:	464b      	mov	r3, r9
100049ce:	401a      	ands	r2, r3
100049d0:	0013      	movs	r3, r2
100049d2:	465a      	mov	r2, fp
100049d4:	01ed      	lsls	r5, r5, #7
100049d6:	431a      	orrs	r2, r3
100049d8:	432a      	orrs	r2, r5
100049da:	6032      	str	r2, [r6, #0]
100049dc:	4a52      	ldr	r2, [pc, #328]	@ (10004b28 <cyw43_write_reg_u16+0x1f0>)
100049de:	4663      	mov	r3, ip
100049e0:	4694      	mov	ip, r2
100049e2:	2280      	movs	r2, #128	@ 0x80
100049e4:	18c3      	adds	r3, r0, r3
100049e6:	4463      	add	r3, ip
100049e8:	0612      	lsls	r2, r2, #24
100049ea:	601a      	str	r2, [r3, #0]
100049ec:	601a      	str	r2, [r3, #0]
100049ee:	2280      	movs	r2, #128	@ 0x80
100049f0:	2300      	movs	r3, #0
100049f2:	0452      	lsls	r2, r2, #17
100049f4:	9200      	str	r2, [sp, #0]
100049f6:	9301      	str	r3, [sp, #4]
100049f8:	f002 f9d0 	bl	10006d9c <pio_sm_set_pindirs_with_mask64>
100049fc:	003a      	movs	r2, r7
100049fe:	68a0      	ldr	r0, [r4, #8]
10004a00:	6821      	ldr	r1, [r4, #0]
10004a02:	1d03      	adds	r3, r0, #4
10004a04:	409a      	lsls	r2, r3
10004a06:	4699      	mov	r9, r3
10004a08:	2380      	movs	r3, #128	@ 0x80
10004a0a:	019b      	lsls	r3, r3, #6
10004a0c:	18cb      	adds	r3, r1, r3
10004a0e:	601a      	str	r2, [r3, #0]
10004a10:	0002      	movs	r2, r0
10004a12:	003d      	movs	r5, r7
10004a14:	3208      	adds	r2, #8
10004a16:	4095      	lsls	r5, r2
10004a18:	601d      	str	r5, [r3, #0]
10004a1a:	233f      	movs	r3, #63	@ 0x3f
10004a1c:	0082      	lsls	r2, r0, #2
10004a1e:	188a      	adds	r2, r1, r2
10004a20:	6113      	str	r3, [r2, #16]
10004a22:	0043      	lsls	r3, r0, #1
10004a24:	181b      	adds	r3, r3, r0
10004a26:	00db      	lsls	r3, r3, #3
10004a28:	4d40      	ldr	r5, [pc, #256]	@ (10004b2c <cyw43_write_reg_u16+0x1f4>)
10004a2a:	18cb      	adds	r3, r1, r3
10004a2c:	33d8      	adds	r3, #216	@ 0xd8
10004a2e:	601d      	str	r5, [r3, #0]
10004a30:	2500      	movs	r5, #0
10004a32:	6115      	str	r5, [r2, #16]
10004a34:	4a3e      	ldr	r2, [pc, #248]	@ (10004b30 <cyw43_write_reg_u16+0x1f8>)
10004a36:	351f      	adds	r5, #31
10004a38:	601a      	str	r2, [r3, #0]
10004a3a:	6862      	ldr	r2, [r4, #4]
10004a3c:	2680      	movs	r6, #128	@ 0x80
10004a3e:	402a      	ands	r2, r5
10004a40:	601a      	str	r2, [r3, #0]
10004a42:	230c      	movs	r3, #12
10004a44:	56e3      	ldrsb	r3, [r4, r3]
10004a46:	22a0      	movs	r2, #160	@ 0xa0
10004a48:	409f      	lsls	r7, r3
10004a4a:	469c      	mov	ip, r3
10004a4c:	4b39      	ldr	r3, [pc, #228]	@ (10004b34 <cyw43_write_reg_u16+0x1fc>)
10004a4e:	05d2      	lsls	r2, r2, #23
10004a50:	50d7      	str	r7, [r2, r3]
10004a52:	4663      	mov	r3, ip
10004a54:	019a      	lsls	r2, r3, #6
10004a56:	23a0      	movs	r3, #160	@ 0xa0
10004a58:	05db      	lsls	r3, r3, #23
10004a5a:	18d7      	adds	r7, r2, r3
10004a5c:	4b36      	ldr	r3, [pc, #216]	@ (10004b38 <cyw43_write_reg_u16+0x200>)
10004a5e:	0476      	lsls	r6, r6, #17
10004a60:	18d5      	adds	r5, r2, r3
10004a62:	682b      	ldr	r3, [r5, #0]
10004a64:	4233      	tst	r3, r6
10004a66:	d1fc      	bne.n	10004a62 <cyw43_write_reg_u16+0x12a>
10004a68:	4665      	mov	r5, ip
10004a6a:	02ed      	lsls	r5, r5, #11
10004a6c:	46ac      	mov	ip, r5
10004a6e:	4d33      	ldr	r5, [pc, #204]	@ (10004b3c <cyw43_write_reg_u16+0x204>)
10004a70:	4b2b      	ldr	r3, [pc, #172]	@ (10004b20 <cyw43_write_reg_u16+0x1e8>)
10004a72:	46a8      	mov	r8, r5
10004a74:	4665      	mov	r5, ip
10004a76:	4646      	mov	r6, r8
10004a78:	18cb      	adds	r3, r1, r3
10004a7a:	0d1b      	lsrs	r3, r3, #20
10004a7c:	00db      	lsls	r3, r3, #3
10004a7e:	181b      	adds	r3, r3, r0
10004a80:	4035      	ands	r5, r6
10004a82:	03db      	lsls	r3, r3, #15
10004a84:	432b      	orrs	r3, r5
10004a86:	4d2e      	ldr	r5, [pc, #184]	@ (10004b40 <cyw43_write_reg_u16+0x208>)
10004a88:	432b      	orrs	r3, r5
10004a8a:	4655      	mov	r5, sl
10004a8c:	603d      	str	r5, [r7, #0]
10004a8e:	464d      	mov	r5, r9
10004a90:	00ae      	lsls	r6, r5, #2
10004a92:	2502      	movs	r5, #2
10004a94:	198e      	adds	r6, r1, r6
10004a96:	607e      	str	r6, [r7, #4]
10004a98:	60bd      	str	r5, [r7, #8]
10004a9a:	60fb      	str	r3, [r7, #12]
10004a9c:	2301      	movs	r3, #1
10004a9e:	4083      	lsls	r3, r0
10004aa0:	680d      	ldr	r5, [r1, #0]
10004aa2:	432b      	orrs	r3, r5
10004aa4:	600b      	str	r3, [r1, #0]
10004aa6:	4b27      	ldr	r3, [pc, #156]	@ (10004b44 <cyw43_write_reg_u16+0x20c>)
10004aa8:	2180      	movs	r1, #128	@ 0x80
10004aaa:	469c      	mov	ip, r3
10004aac:	0449      	lsls	r1, r1, #17
10004aae:	4462      	add	r2, ip
10004ab0:	6813      	ldr	r3, [r2, #0]
10004ab2:	420b      	tst	r3, r1
10004ab4:	d1fc      	bne.n	10004ab0 <cyw43_write_reg_u16+0x178>
10004ab6:	2201      	movs	r2, #1
10004ab8:	68a3      	ldr	r3, [r4, #8]
10004aba:	6821      	ldr	r1, [r4, #0]
10004abc:	3318      	adds	r3, #24
10004abe:	409a      	lsls	r2, r3
10004ac0:	608a      	str	r2, [r1, #8]
10004ac2:	688b      	ldr	r3, [r1, #8]
10004ac4:	4213      	tst	r3, r2
10004ac6:	d0fc      	beq.n	10004ac2 <cyw43_write_reg_u16+0x18a>
10004ac8:	2201      	movs	r2, #1
10004aca:	68a1      	ldr	r1, [r4, #8]
10004acc:	6820      	ldr	r0, [r4, #0]
10004ace:	408a      	lsls	r2, r1
10004ad0:	6803      	ldr	r3, [r0, #0]
10004ad2:	4393      	bics	r3, r2
10004ad4:	6003      	str	r3, [r0, #0]
10004ad6:	2300      	movs	r3, #0
10004ad8:	2218      	movs	r2, #24
10004ada:	9300      	str	r3, [sp, #0]
10004adc:	3301      	adds	r3, #1
10004ade:	f002 f9bf 	bl	10006e60 <pio_sm_set_consecutive_pindirs>
10004ae2:	68a1      	ldr	r1, [r4, #8]
10004ae4:	6823      	ldr	r3, [r4, #0]
10004ae6:	004a      	lsls	r2, r1, #1
10004ae8:	1852      	adds	r2, r2, r1
10004aea:	00d2      	lsls	r2, r2, #3
10004aec:	189b      	adds	r3, r3, r2
10004aee:	4a16      	ldr	r2, [pc, #88]	@ (10004b48 <cyw43_write_reg_u16+0x210>)
10004af0:	33d8      	adds	r3, #216	@ 0xd8
10004af2:	601a      	str	r2, [r3, #0]
10004af4:	23d0      	movs	r3, #208	@ 0xd0
10004af6:	2280      	movs	r2, #128	@ 0x80
10004af8:	061b      	lsls	r3, r3, #24
10004afa:	0492      	lsls	r2, r2, #18
10004afc:	615a      	str	r2, [r3, #20]
10004afe:	f7ff f94f 	bl	10003da0 <ns_delay.constprop.0>
10004b02:	2000      	movs	r0, #0
10004b04:	b005      	add	sp, #20
10004b06:	bcf0      	pop	{r4, r5, r6, r7}
10004b08:	46bb      	mov	fp, r7
10004b0a:	46b2      	mov	sl, r6
10004b0c:	46a9      	mov	r9, r5
10004b0e:	46a0      	mov	r8, r4
10004b10:	bdf0      	pop	{r4, r5, r6, r7, pc}
10004b12:	46c0      	nop			@ (mov r8, r8)
10004b14:	0ffff800 	.word	0x0ffff800
10004b18:	c0000002 	.word	0xc0000002
10004b1c:	0000084c 	.word	0x0000084c
10004b20:	afe00000 	.word	0xafe00000
10004b24:	fffe007f 	.word	0xfffe007f
10004b28:	000010d0 	.word	0x000010d0
10004b2c:	00006020 	.word	0x00006020
10004b30:	00006040 	.word	0x00006040
10004b34:	00000444 	.word	0x00000444
10004b38:	5000000c 	.word	0x5000000c
10004b3c:	ff007ffd 	.word	0xff007ffd
10004b40:	00400019 	.word	0x00400019
10004b44:	50000010 	.word	0x50000010
10004b48:	0000a003 	.word	0x0000a003

10004b4c <cyw43_write_reg_u8>:
10004b4c:	b5f0      	push	{r4, r5, r6, r7, lr}
10004b4e:	46de      	mov	lr, fp
10004b50:	4657      	mov	r7, sl
10004b52:	464e      	mov	r6, r9
10004b54:	4645      	mov	r5, r8
10004b56:	b5e0      	push	{r5, r6, r7, lr}
10004b58:	b085      	sub	sp, #20
10004b5a:	ac02      	add	r4, sp, #8
10004b5c:	46a2      	mov	sl, r4
10004b5e:	4c72      	ldr	r4, [pc, #456]	@ (10004d28 <cyw43_write_reg_u8+0x1dc>)
10004b60:	02d2      	lsls	r2, r2, #11
10004b62:	4022      	ands	r2, r4
10004b64:	0709      	lsls	r1, r1, #28
10004b66:	430a      	orrs	r2, r1
10004b68:	4970      	ldr	r1, [pc, #448]	@ (10004d2c <cyw43_write_reg_u8+0x1e0>)
10004b6a:	2701      	movs	r7, #1
10004b6c:	430a      	orrs	r2, r1
10004b6e:	9202      	str	r2, [sp, #8]
10004b70:	4652      	mov	r2, sl
10004b72:	6053      	str	r3, [r2, #4]
10004b74:	4b6e      	ldr	r3, [pc, #440]	@ (10004d30 <cyw43_write_reg_u8+0x1e4>)
10004b76:	58c4      	ldr	r4, [r0, r3]
10004b78:	4b6e      	ldr	r3, [pc, #440]	@ (10004d34 <cyw43_write_reg_u8+0x1e8>)
10004b7a:	6821      	ldr	r1, [r4, #0]
10004b7c:	469c      	mov	ip, r3
10004b7e:	4461      	add	r1, ip
10004b80:	0d09      	lsrs	r1, r1, #20
10004b82:	3106      	adds	r1, #6
10004b84:	2018      	movs	r0, #24
10004b86:	b2c9      	uxtb	r1, r1
10004b88:	f7fb fba0 	bl	100002cc <gpio_set_function>
10004b8c:	4b69      	ldr	r3, [pc, #420]	@ (10004d34 <cyw43_write_reg_u8+0x1e8>)
10004b8e:	6821      	ldr	r1, [r4, #0]
10004b90:	469c      	mov	ip, r3
10004b92:	4461      	add	r1, ip
10004b94:	0d09      	lsrs	r1, r1, #20
10004b96:	3106      	adds	r1, #6
10004b98:	201d      	movs	r0, #29
10004b9a:	b2c9      	uxtb	r1, r1
10004b9c:	f7fb fb96 	bl	100002cc <gpio_set_function>
10004ba0:	2201      	movs	r2, #1
10004ba2:	2100      	movs	r1, #0
10004ba4:	201d      	movs	r0, #29
10004ba6:	f7fb fbab 	bl	10000300 <gpio_set_pulls>
10004baa:	23d0      	movs	r3, #208	@ 0xd0
10004bac:	2280      	movs	r2, #128	@ 0x80
10004bae:	061b      	lsls	r3, r3, #24
10004bb0:	0492      	lsls	r2, r2, #18
10004bb2:	619a      	str	r2, [r3, #24]
10004bb4:	003a      	movs	r2, r7
10004bb6:	68a1      	ldr	r1, [r4, #8]
10004bb8:	6820      	ldr	r0, [r4, #0]
10004bba:	408a      	lsls	r2, r1
10004bbc:	6803      	ldr	r3, [r0, #0]
10004bbe:	6865      	ldr	r5, [r4, #4]
10004bc0:	4393      	bics	r3, r2
10004bc2:	6003      	str	r3, [r0, #0]
10004bc4:	004b      	lsls	r3, r1, #1
10004bc6:	185b      	adds	r3, r3, r1
10004bc8:	00db      	lsls	r3, r3, #3
10004bca:	18c6      	adds	r6, r0, r3
10004bcc:	36cc      	adds	r6, #204	@ 0xcc
10004bce:	6832      	ldr	r2, [r6, #0]
10004bd0:	469c      	mov	ip, r3
10004bd2:	4690      	mov	r8, r2
10004bd4:	1c6a      	adds	r2, r5, #1
10004bd6:	0313      	lsls	r3, r2, #12
10004bd8:	4a57      	ldr	r2, [pc, #348]	@ (10004d38 <cyw43_write_reg_u8+0x1ec>)
10004bda:	469b      	mov	fp, r3
10004bdc:	4691      	mov	r9, r2
10004bde:	4642      	mov	r2, r8
10004be0:	464b      	mov	r3, r9
10004be2:	401a      	ands	r2, r3
10004be4:	0013      	movs	r3, r2
10004be6:	465a      	mov	r2, fp
10004be8:	01ed      	lsls	r5, r5, #7
10004bea:	431a      	orrs	r2, r3
10004bec:	432a      	orrs	r2, r5
10004bee:	6032      	str	r2, [r6, #0]
10004bf0:	4a52      	ldr	r2, [pc, #328]	@ (10004d3c <cyw43_write_reg_u8+0x1f0>)
10004bf2:	4663      	mov	r3, ip
10004bf4:	4694      	mov	ip, r2
10004bf6:	2280      	movs	r2, #128	@ 0x80
10004bf8:	18c3      	adds	r3, r0, r3
10004bfa:	4463      	add	r3, ip
10004bfc:	0612      	lsls	r2, r2, #24
10004bfe:	601a      	str	r2, [r3, #0]
10004c00:	601a      	str	r2, [r3, #0]
10004c02:	2280      	movs	r2, #128	@ 0x80
10004c04:	2300      	movs	r3, #0
10004c06:	0452      	lsls	r2, r2, #17
10004c08:	9200      	str	r2, [sp, #0]
10004c0a:	9301      	str	r3, [sp, #4]
10004c0c:	f002 f8c6 	bl	10006d9c <pio_sm_set_pindirs_with_mask64>
10004c10:	003a      	movs	r2, r7
10004c12:	68a0      	ldr	r0, [r4, #8]
10004c14:	6821      	ldr	r1, [r4, #0]
10004c16:	1d03      	adds	r3, r0, #4
10004c18:	409a      	lsls	r2, r3
10004c1a:	4699      	mov	r9, r3
10004c1c:	2380      	movs	r3, #128	@ 0x80
10004c1e:	019b      	lsls	r3, r3, #6
10004c20:	18cb      	adds	r3, r1, r3
10004c22:	601a      	str	r2, [r3, #0]
10004c24:	0002      	movs	r2, r0
10004c26:	003d      	movs	r5, r7
10004c28:	3208      	adds	r2, #8
10004c2a:	4095      	lsls	r5, r2
10004c2c:	601d      	str	r5, [r3, #0]
10004c2e:	233f      	movs	r3, #63	@ 0x3f
10004c30:	0082      	lsls	r2, r0, #2
10004c32:	188a      	adds	r2, r1, r2
10004c34:	6113      	str	r3, [r2, #16]
10004c36:	0043      	lsls	r3, r0, #1
10004c38:	181b      	adds	r3, r3, r0
10004c3a:	00db      	lsls	r3, r3, #3
10004c3c:	4d40      	ldr	r5, [pc, #256]	@ (10004d40 <cyw43_write_reg_u8+0x1f4>)
10004c3e:	18cb      	adds	r3, r1, r3
10004c40:	33d8      	adds	r3, #216	@ 0xd8
10004c42:	601d      	str	r5, [r3, #0]
10004c44:	2500      	movs	r5, #0
10004c46:	6115      	str	r5, [r2, #16]
10004c48:	4a3e      	ldr	r2, [pc, #248]	@ (10004d44 <cyw43_write_reg_u8+0x1f8>)
10004c4a:	351f      	adds	r5, #31
10004c4c:	601a      	str	r2, [r3, #0]
10004c4e:	6862      	ldr	r2, [r4, #4]
10004c50:	2680      	movs	r6, #128	@ 0x80
10004c52:	402a      	ands	r2, r5
10004c54:	601a      	str	r2, [r3, #0]
10004c56:	230c      	movs	r3, #12
10004c58:	56e3      	ldrsb	r3, [r4, r3]
10004c5a:	22a0      	movs	r2, #160	@ 0xa0
10004c5c:	409f      	lsls	r7, r3
10004c5e:	469c      	mov	ip, r3
10004c60:	4b39      	ldr	r3, [pc, #228]	@ (10004d48 <cyw43_write_reg_u8+0x1fc>)
10004c62:	05d2      	lsls	r2, r2, #23
10004c64:	50d7      	str	r7, [r2, r3]
10004c66:	4663      	mov	r3, ip
10004c68:	019a      	lsls	r2, r3, #6
10004c6a:	23a0      	movs	r3, #160	@ 0xa0
10004c6c:	05db      	lsls	r3, r3, #23
10004c6e:	18d7      	adds	r7, r2, r3
10004c70:	4b36      	ldr	r3, [pc, #216]	@ (10004d4c <cyw43_write_reg_u8+0x200>)
10004c72:	0476      	lsls	r6, r6, #17
10004c74:	18d5      	adds	r5, r2, r3
10004c76:	682b      	ldr	r3, [r5, #0]
10004c78:	4233      	tst	r3, r6
10004c7a:	d1fc      	bne.n	10004c76 <cyw43_write_reg_u8+0x12a>
10004c7c:	4665      	mov	r5, ip
10004c7e:	02ed      	lsls	r5, r5, #11
10004c80:	46ac      	mov	ip, r5
10004c82:	4d33      	ldr	r5, [pc, #204]	@ (10004d50 <cyw43_write_reg_u8+0x204>)
10004c84:	4b2b      	ldr	r3, [pc, #172]	@ (10004d34 <cyw43_write_reg_u8+0x1e8>)
10004c86:	46a8      	mov	r8, r5
10004c88:	4665      	mov	r5, ip
10004c8a:	4646      	mov	r6, r8
10004c8c:	18cb      	adds	r3, r1, r3
10004c8e:	0d1b      	lsrs	r3, r3, #20
10004c90:	00db      	lsls	r3, r3, #3
10004c92:	181b      	adds	r3, r3, r0
10004c94:	4035      	ands	r5, r6
10004c96:	03db      	lsls	r3, r3, #15
10004c98:	432b      	orrs	r3, r5
10004c9a:	4d2e      	ldr	r5, [pc, #184]	@ (10004d54 <cyw43_write_reg_u8+0x208>)
10004c9c:	432b      	orrs	r3, r5
10004c9e:	4655      	mov	r5, sl
10004ca0:	603d      	str	r5, [r7, #0]
10004ca2:	464d      	mov	r5, r9
10004ca4:	00ae      	lsls	r6, r5, #2
10004ca6:	2502      	movs	r5, #2
10004ca8:	198e      	adds	r6, r1, r6
10004caa:	607e      	str	r6, [r7, #4]
10004cac:	60bd      	str	r5, [r7, #8]
10004cae:	60fb      	str	r3, [r7, #12]
10004cb0:	2301      	movs	r3, #1
10004cb2:	4083      	lsls	r3, r0
10004cb4:	680d      	ldr	r5, [r1, #0]
10004cb6:	432b      	orrs	r3, r5
10004cb8:	600b      	str	r3, [r1, #0]
10004cba:	4b27      	ldr	r3, [pc, #156]	@ (10004d58 <cyw43_write_reg_u8+0x20c>)
10004cbc:	2180      	movs	r1, #128	@ 0x80
10004cbe:	469c      	mov	ip, r3
10004cc0:	0449      	lsls	r1, r1, #17
10004cc2:	4462      	add	r2, ip
10004cc4:	6813      	ldr	r3, [r2, #0]
10004cc6:	420b      	tst	r3, r1
10004cc8:	d1fc      	bne.n	10004cc4 <cyw43_write_reg_u8+0x178>
10004cca:	2201      	movs	r2, #1
10004ccc:	68a3      	ldr	r3, [r4, #8]
10004cce:	6821      	ldr	r1, [r4, #0]
10004cd0:	3318      	adds	r3, #24
10004cd2:	409a      	lsls	r2, r3
10004cd4:	608a      	str	r2, [r1, #8]
10004cd6:	688b      	ldr	r3, [r1, #8]
10004cd8:	4213      	tst	r3, r2
10004cda:	d0fc      	beq.n	10004cd6 <cyw43_write_reg_u8+0x18a>
10004cdc:	2201      	movs	r2, #1
10004cde:	68a1      	ldr	r1, [r4, #8]
10004ce0:	6820      	ldr	r0, [r4, #0]
10004ce2:	408a      	lsls	r2, r1
10004ce4:	6803      	ldr	r3, [r0, #0]
10004ce6:	4393      	bics	r3, r2
10004ce8:	6003      	str	r3, [r0, #0]
10004cea:	2300      	movs	r3, #0
10004cec:	2218      	movs	r2, #24
10004cee:	9300      	str	r3, [sp, #0]
10004cf0:	3301      	adds	r3, #1
10004cf2:	f002 f8b5 	bl	10006e60 <pio_sm_set_consecutive_pindirs>
10004cf6:	68a1      	ldr	r1, [r4, #8]
10004cf8:	6823      	ldr	r3, [r4, #0]
10004cfa:	004a      	lsls	r2, r1, #1
10004cfc:	1852      	adds	r2, r2, r1
10004cfe:	00d2      	lsls	r2, r2, #3
10004d00:	189b      	adds	r3, r3, r2
10004d02:	4a16      	ldr	r2, [pc, #88]	@ (10004d5c <cyw43_write_reg_u8+0x210>)
10004d04:	33d8      	adds	r3, #216	@ 0xd8
10004d06:	601a      	str	r2, [r3, #0]
10004d08:	23d0      	movs	r3, #208	@ 0xd0
10004d0a:	2280      	movs	r2, #128	@ 0x80
10004d0c:	061b      	lsls	r3, r3, #24
10004d0e:	0492      	lsls	r2, r2, #18
10004d10:	615a      	str	r2, [r3, #20]
10004d12:	f7ff f845 	bl	10003da0 <ns_delay.constprop.0>
10004d16:	2000      	movs	r0, #0
10004d18:	b005      	add	sp, #20
10004d1a:	bcf0      	pop	{r4, r5, r6, r7}
10004d1c:	46bb      	mov	fp, r7
10004d1e:	46b2      	mov	sl, r6
10004d20:	46a9      	mov	r9, r5
10004d22:	46a0      	mov	r8, r4
10004d24:	bdf0      	pop	{r4, r5, r6, r7, pc}
10004d26:	46c0      	nop			@ (mov r8, r8)
10004d28:	0ffff800 	.word	0x0ffff800
10004d2c:	c0000001 	.word	0xc0000001
10004d30:	0000084c 	.word	0x0000084c
10004d34:	afe00000 	.word	0xafe00000
10004d38:	fffe007f 	.word	0xfffe007f
10004d3c:	000010d0 	.word	0x000010d0
10004d40:	00006020 	.word	0x00006020
10004d44:	00006040 	.word	0x00006040
10004d48:	00000444 	.word	0x00000444
10004d4c:	5000000c 	.word	0x5000000c
10004d50:	ff007ffd 	.word	0xff007ffd
10004d54:	00400019 	.word	0x00400019
10004d58:	50000010 	.word	0x50000010
10004d5c:	0000a003 	.word	0x0000a003

10004d60 <cyw43_read_bytes>:
10004d60:	b5f0      	push	{r4, r5, r6, r7, lr}
10004d62:	1cde      	adds	r6, r3, #3
10004d64:	001d      	movs	r5, r3
10004d66:	2303      	movs	r3, #3
10004d68:	0004      	movs	r4, r0
10004d6a:	b083      	sub	sp, #12
10004d6c:	439e      	bics	r6, r3
10004d6e:	2901      	cmp	r1, #1
10004d70:	d024      	beq.n	10004dbc <cyw43_read_bytes+0x5c>
10004d72:	2004      	movs	r0, #4
10004d74:	3321      	adds	r3, #33	@ 0x21
10004d76:	4f16      	ldr	r7, [pc, #88]	@ (10004dd0 <cyw43_read_bytes+0x70>)
10004d78:	02d2      	lsls	r2, r2, #11
10004d7a:	403a      	ands	r2, r7
10004d7c:	0709      	lsls	r1, r1, #28
10004d7e:	432a      	orrs	r2, r5
10004d80:	430a      	orrs	r2, r1
10004d82:	2180      	movs	r1, #128	@ 0x80
10004d84:	3004      	adds	r0, #4
10004d86:	05c9      	lsls	r1, r1, #23
10004d88:	0080      	lsls	r0, r0, #2
10004d8a:	430a      	orrs	r2, r1
10004d8c:	1820      	adds	r0, r4, r0
10004d8e:	3604      	adds	r6, #4
10004d90:	6042      	str	r2, [r0, #4]
10004d92:	2100      	movs	r1, #0
10004d94:	9600      	str	r6, [sp, #0]
10004d96:	2204      	movs	r2, #4
10004d98:	0020      	movs	r0, r4
10004d9a:	18e3      	adds	r3, r4, r3
10004d9c:	f7ff f8da 	bl	10003f54 <cyw43_spi_transfer>
10004da0:	1e06      	subs	r6, r0, #0
10004da2:	d10f      	bne.n	10004dc4 <cyw43_read_bytes+0x64>
10004da4:	0021      	movs	r1, r4
10004da6:	9b08      	ldr	r3, [sp, #32]
10004da8:	3128      	adds	r1, #40	@ 0x28
10004daa:	4299      	cmp	r1, r3
10004dac:	d003      	beq.n	10004db6 <cyw43_read_bytes+0x56>
10004dae:	002a      	movs	r2, r5
10004db0:	0018      	movs	r0, r3
10004db2:	f7fd fa4b 	bl	1000224c <__wrap___aeabi_memcpy>
10004db6:	0030      	movs	r0, r6
10004db8:	b003      	add	sp, #12
10004dba:	bdf0      	pop	{r4, r5, r6, r7, pc}
10004dbc:	2000      	movs	r0, #0
10004dbe:	3610      	adds	r6, #16
10004dc0:	3311      	adds	r3, #17
10004dc2:	e7d8      	b.n	10004d76 <cyw43_read_bytes+0x16>
10004dc4:	0031      	movs	r1, r6
10004dc6:	4803      	ldr	r0, [pc, #12]	@ (10004dd4 <cyw43_read_bytes+0x74>)
10004dc8:	f7fe ff64 	bl	10003c94 <__wrap_printf>
10004dcc:	e7f3      	b.n	10004db6 <cyw43_read_bytes+0x56>
10004dce:	46c0      	nop			@ (mov r8, r8)
10004dd0:	0ffff800 	.word	0x0ffff800
10004dd4:	10007ee4 	.word	0x10007ee4

10004dd8 <cyw43_write_bytes>:
10004dd8:	b5f0      	push	{r4, r5, r6, r7, lr}
10004dda:	4657      	mov	r7, sl
10004ddc:	4645      	mov	r5, r8
10004dde:	46de      	mov	lr, fp
10004de0:	464e      	mov	r6, r9
10004de2:	4692      	mov	sl, r2
10004de4:	001a      	movs	r2, r3
10004de6:	3303      	adds	r3, #3
10004de8:	b5e0      	push	{r5, r6, r7, lr}
10004dea:	0005      	movs	r5, r0
10004dec:	0018      	movs	r0, r3
10004dee:	2303      	movs	r3, #3
10004df0:	b08b      	sub	sp, #44	@ 0x2c
10004df2:	4398      	bics	r0, r3
10004df4:	4680      	mov	r8, r0
10004df6:	af02      	add	r7, sp, #8
10004df8:	2902      	cmp	r1, #2
10004dfa:	d023      	beq.n	10004e44 <cyw43_write_bytes+0x6c>
10004dfc:	0028      	movs	r0, r5
10004dfe:	6cbb      	ldr	r3, [r7, #72]	@ 0x48
10004e00:	3028      	adds	r0, #40	@ 0x28
10004e02:	4298      	cmp	r0, r3
10004e04:	d044      	beq.n	10004e90 <cyw43_write_bytes+0xb8>
10004e06:	4653      	mov	r3, sl
10004e08:	4c27      	ldr	r4, [pc, #156]	@ (10004ea8 <cyw43_write_bytes+0xd0>)
10004e0a:	02db      	lsls	r3, r3, #11
10004e0c:	0709      	lsls	r1, r1, #28
10004e0e:	4023      	ands	r3, r4
10004e10:	4311      	orrs	r1, r2
10004e12:	4319      	orrs	r1, r3
10004e14:	23c0      	movs	r3, #192	@ 0xc0
10004e16:	061b      	lsls	r3, r3, #24
10004e18:	430b      	orrs	r3, r1
10004e1a:	626b      	str	r3, [r5, #36]	@ 0x24
10004e1c:	6cb9      	ldr	r1, [r7, #72]	@ 0x48
10004e1e:	f7fd fa15 	bl	1000224c <__wrap___aeabi_memcpy>
10004e22:	4642      	mov	r2, r8
10004e24:	0029      	movs	r1, r5
10004e26:	2300      	movs	r3, #0
10004e28:	0028      	movs	r0, r5
10004e2a:	3204      	adds	r2, #4
10004e2c:	3124      	adds	r1, #36	@ 0x24
10004e2e:	9300      	str	r3, [sp, #0]
10004e30:	f7ff f890 	bl	10003f54 <cyw43_spi_transfer>
10004e34:	46bd      	mov	sp, r7
10004e36:	b009      	add	sp, #36	@ 0x24
10004e38:	bcf0      	pop	{r4, r5, r6, r7}
10004e3a:	46bb      	mov	fp, r7
10004e3c:	46b2      	mov	sl, r6
10004e3e:	46a9      	mov	r9, r5
10004e40:	46a0      	mov	r8, r4
10004e42:	bdf0      	pop	{r4, r5, r6, r7, pc}
10004e44:	4b19      	ldr	r3, [pc, #100]	@ (10004eac <cyw43_write_bytes+0xd4>)
10004e46:	24fa      	movs	r4, #250	@ 0xfa
10004e48:	4699      	mov	r9, r3
10004e4a:	4688      	mov	r8, r1
10004e4c:	4693      	mov	fp, r2
10004e4e:	00a4      	lsls	r4, r4, #2
10004e50:	6078      	str	r0, [r7, #4]
10004e52:	3c01      	subs	r4, #1
10004e54:	d316      	bcc.n	10004e84 <cyw43_write_bytes+0xac>
10004e56:	464b      	mov	r3, r9
10004e58:	60bb      	str	r3, [r7, #8]
10004e5a:	2308      	movs	r3, #8
10004e5c:	2204      	movs	r2, #4
10004e5e:	9300      	str	r3, [sp, #0]
10004e60:	2100      	movs	r1, #0
10004e62:	0028      	movs	r0, r5
10004e64:	18fb      	adds	r3, r7, r3
10004e66:	466e      	mov	r6, sp
10004e68:	f7ff f874 	bl	10003f54 <cyw43_spi_transfer>
10004e6c:	2800      	cmp	r0, #0
10004e6e:	d100      	bne.n	10004e72 <cyw43_write_bytes+0x9a>
10004e70:	68f8      	ldr	r0, [r7, #12]
10004e72:	46b5      	mov	sp, r6
10004e74:	0680      	lsls	r0, r0, #26
10004e76:	d5ec      	bpl.n	10004e52 <cyw43_write_bytes+0x7a>
10004e78:	687b      	ldr	r3, [r7, #4]
10004e7a:	4641      	mov	r1, r8
10004e7c:	465a      	mov	r2, fp
10004e7e:	4698      	mov	r8, r3
10004e80:	2c00      	cmp	r4, #0
10004e82:	d1bb      	bne.n	10004dfc <cyw43_write_bytes+0x24>
10004e84:	480a      	ldr	r0, [pc, #40]	@ (10004eb0 <cyw43_write_bytes+0xd8>)
10004e86:	f7fe fe7d 	bl	10003b84 <__wrap_puts>
10004e8a:	2006      	movs	r0, #6
10004e8c:	4240      	negs	r0, r0
10004e8e:	e7d1      	b.n	10004e34 <cyw43_write_bytes+0x5c>
10004e90:	4653      	mov	r3, sl
10004e92:	0709      	lsls	r1, r1, #28
10004e94:	4311      	orrs	r1, r2
10004e96:	22c0      	movs	r2, #192	@ 0xc0
10004e98:	4803      	ldr	r0, [pc, #12]	@ (10004ea8 <cyw43_write_bytes+0xd0>)
10004e9a:	02db      	lsls	r3, r3, #11
10004e9c:	4003      	ands	r3, r0
10004e9e:	430b      	orrs	r3, r1
10004ea0:	0612      	lsls	r2, r2, #24
10004ea2:	4313      	orrs	r3, r2
10004ea4:	626b      	str	r3, [r5, #36]	@ 0x24
10004ea6:	e7bc      	b.n	10004e22 <cyw43_write_bytes+0x4a>
10004ea8:	0ffff800 	.word	0x0ffff800
10004eac:	40004004 	.word	0x40004004
10004eb0:	1000812c 	.word	0x1000812c

10004eb4 <cyw43_set_backplane_window>:
10004eb4:	6883      	ldr	r3, [r0, #8]
10004eb6:	b570      	push	{r4, r5, r6, lr}
10004eb8:	0bcc      	lsrs	r4, r1, #15
10004eba:	0005      	movs	r5, r0
10004ebc:	03e4      	lsls	r4, r4, #15
10004ebe:	42a3      	cmp	r3, r4
10004ec0:	d00d      	beq.n	10004ede <cyw43_set_backplane_window+0x2a>
10004ec2:	2280      	movs	r2, #128	@ 0x80
10004ec4:	4063      	eors	r3, r4
10004ec6:	0452      	lsls	r2, r2, #17
10004ec8:	4293      	cmp	r3, r2
10004eca:	d219      	bcs.n	10004f00 <cyw43_set_backplane_window+0x4c>
10004ecc:	22ff      	movs	r2, #255	@ 0xff
10004ece:	0412      	lsls	r2, r2, #16
10004ed0:	4213      	tst	r3, r2
10004ed2:	d10c      	bne.n	10004eee <cyw43_set_backplane_window+0x3a>
10004ed4:	22ff      	movs	r2, #255	@ 0xff
10004ed6:	0212      	lsls	r2, r2, #8
10004ed8:	4213      	tst	r3, r2
10004eda:	d101      	bne.n	10004ee0 <cyw43_set_backplane_window+0x2c>
10004edc:	60ac      	str	r4, [r5, #8]
10004ede:	bd70      	pop	{r4, r5, r6, pc}
10004ee0:	2101      	movs	r1, #1
10004ee2:	0028      	movs	r0, r5
10004ee4:	4a0a      	ldr	r2, [pc, #40]	@ (10004f10 <cyw43_set_backplane_window+0x5c>)
10004ee6:	0a23      	lsrs	r3, r4, #8
10004ee8:	f7ff fe30 	bl	10004b4c <cyw43_write_reg_u8>
10004eec:	e7f6      	b.n	10004edc <cyw43_set_backplane_window+0x28>
10004eee:	0c23      	lsrs	r3, r4, #16
10004ef0:	2101      	movs	r1, #1
10004ef2:	0028      	movs	r0, r5
10004ef4:	4a07      	ldr	r2, [pc, #28]	@ (10004f14 <cyw43_set_backplane_window+0x60>)
10004ef6:	f7ff fe29 	bl	10004b4c <cyw43_write_reg_u8>
10004efa:	68ab      	ldr	r3, [r5, #8]
10004efc:	4063      	eors	r3, r4
10004efe:	e7e9      	b.n	10004ed4 <cyw43_set_backplane_window+0x20>
10004f00:	0e23      	lsrs	r3, r4, #24
10004f02:	2101      	movs	r1, #1
10004f04:	4a04      	ldr	r2, [pc, #16]	@ (10004f18 <cyw43_set_backplane_window+0x64>)
10004f06:	f7ff fe21 	bl	10004b4c <cyw43_write_reg_u8>
10004f0a:	68ab      	ldr	r3, [r5, #8]
10004f0c:	4063      	eors	r3, r4
10004f0e:	e7dd      	b.n	10004ecc <cyw43_set_backplane_window+0x18>
10004f10:	0001000a 	.word	0x0001000a
10004f14:	0001000b 	.word	0x0001000b
10004f18:	0001000c 	.word	0x0001000c

10004f1c <cyw43_ll_parse_async_event>:
10004f1c:	b5f0      	push	{r4, r5, r6, r7, lr}
10004f1e:	46c6      	mov	lr, r8
10004f20:	3003      	adds	r0, #3
10004f22:	b500      	push	{lr}
10004f24:	1e8e      	subs	r6, r1, #2
10004f26:	0884      	lsrs	r4, r0, #2
10004f28:	d010      	beq.n	10004f4c <cyw43_ll_parse_async_event+0x30>
10004f2a:	1e63      	subs	r3, r4, #1
10004f2c:	2b07      	cmp	r3, #7
10004f2e:	d903      	bls.n	10004f38 <cyw43_ll_parse_async_event+0x1c>
10004f30:	000b      	movs	r3, r1
10004f32:	4333      	orrs	r3, r6
10004f34:	075b      	lsls	r3, r3, #29
10004f36:	d021      	beq.n	10004f7c <cyw43_ll_parse_async_event+0x60>
10004f38:	0032      	movs	r2, r6
10004f3a:	00a4      	lsls	r4, r4, #2
10004f3c:	1934      	adds	r4, r6, r4
10004f3e:	8893      	ldrh	r3, [r2, #4]
10004f40:	8855      	ldrh	r5, [r2, #2]
10004f42:	041b      	lsls	r3, r3, #16
10004f44:	432b      	orrs	r3, r5
10004f46:	c208      	stmia	r2!, {r3}
10004f48:	42a2      	cmp	r2, r4
10004f4a:	d1f8      	bne.n	10004f3e <cyw43_ll_parse_async_event+0x22>
10004f4c:	880b      	ldrh	r3, [r1, #0]
10004f4e:	ba5b      	rev16	r3, r3
10004f50:	8073      	strh	r3, [r6, #2]
10004f52:	1c8b      	adds	r3, r1, #2
10004f54:	681a      	ldr	r2, [r3, #0]
10004f56:	ba13      	rev	r3, r2
10004f58:	6073      	str	r3, [r6, #4]
10004f5a:	1d8b      	adds	r3, r1, #6
10004f5c:	6818      	ldr	r0, [r3, #0]
10004f5e:	ba03      	rev	r3, r0
10004f60:	60b3      	str	r3, [r6, #8]
10004f62:	000b      	movs	r3, r1
10004f64:	330a      	adds	r3, #10
10004f66:	681b      	ldr	r3, [r3, #0]
10004f68:	ba1b      	rev	r3, r3
10004f6a:	60f3      	str	r3, [r6, #12]
10004f6c:	238a      	movs	r3, #138	@ 0x8a
10004f6e:	05db      	lsls	r3, r3, #23
10004f70:	429a      	cmp	r2, r3
10004f72:	d01b      	beq.n	10004fac <cyw43_ll_parse_async_event+0x90>
10004f74:	0030      	movs	r0, r6
10004f76:	bc80      	pop	{r7}
10004f78:	46b8      	mov	r8, r7
10004f7a:	bdf0      	pop	{r4, r5, r6, r7, pc}
10004f7c:	08c3      	lsrs	r3, r0, #3
10004f7e:	469c      	mov	ip, r3
10004f80:	00db      	lsls	r3, r3, #3
10004f82:	0030      	movs	r0, r6
10004f84:	000d      	movs	r5, r1
10004f86:	4698      	mov	r8, r3
10004f88:	18cf      	adds	r7, r1, r3
10004f8a:	cd0c      	ldmia	r5!, {r2, r3}
10004f8c:	c00c      	stmia	r0!, {r2, r3}
10004f8e:	42bd      	cmp	r5, r7
10004f90:	d1fb      	bne.n	10004f8a <cyw43_ll_parse_async_event+0x6e>
10004f92:	4663      	mov	r3, ip
10004f94:	005f      	lsls	r7, r3, #1
10004f96:	4643      	mov	r3, r8
10004f98:	18f5      	adds	r5, r6, r3
10004f9a:	18c8      	adds	r0, r1, r3
10004f9c:	42bc      	cmp	r4, r7
10004f9e:	d0d5      	beq.n	10004f4c <cyw43_ll_parse_async_event+0x30>
10004fa0:	8843      	ldrh	r3, [r0, #2]
10004fa2:	8802      	ldrh	r2, [r0, #0]
10004fa4:	041b      	lsls	r3, r3, #16
10004fa6:	4313      	orrs	r3, r2
10004fa8:	602b      	str	r3, [r5, #0]
10004faa:	e7cf      	b.n	10004f4c <cyw43_ll_parse_async_event+0x30>
10004fac:	2380      	movs	r3, #128	@ 0x80
10004fae:	051b      	lsls	r3, r3, #20
10004fb0:	4298      	cmp	r0, r3
10004fb2:	d1df      	bne.n	10004f74 <cyw43_ll_parse_async_event+0x58>
10004fb4:	000b      	movs	r3, r1
10004fb6:	000a      	movs	r2, r1
10004fb8:	000d      	movs	r5, r1
10004fba:	32b2      	adds	r2, #178	@ 0xb2
10004fbc:	33ae      	adds	r3, #174	@ 0xae
10004fbe:	6810      	ldr	r0, [r2, #0]
10004fc0:	881b      	ldrh	r3, [r3, #0]
10004fc2:	352e      	adds	r5, #46	@ 0x2e
10004fc4:	692a      	ldr	r2, [r5, #16]
10004fc6:	181c      	adds	r4, r3, r0
10004fc8:	4294      	cmp	r4, r2
10004fca:	d816      	bhi.n	10004ffa <cyw43_ll_parse_async_event+0xde>
10004fcc:	313a      	adds	r1, #58	@ 0x3a
10004fce:	18c9      	adds	r1, r1, r3
10004fd0:	1808      	adds	r0, r1, r0
10004fd2:	4281      	cmp	r1, r0
10004fd4:	d23a      	bcs.n	1000504c <cyw43_ll_parse_async_event+0x130>
10004fd6:	2700      	movs	r7, #0
10004fd8:	2400      	movs	r4, #0
10004fda:	e004      	b.n	10004fe6 <cyw43_ll_parse_async_event+0xca>
10004fdc:	2add      	cmp	r2, #221	@ 0xdd
10004fde:	d010      	beq.n	10005002 <cyw43_ll_parse_async_event+0xe6>
10004fe0:	18c9      	adds	r1, r1, r3
10004fe2:	4288      	cmp	r0, r1
10004fe4:	d920      	bls.n	10005028 <cyw43_ll_parse_async_event+0x10c>
10004fe6:	784b      	ldrb	r3, [r1, #1]
10004fe8:	3302      	adds	r3, #2
10004fea:	18ca      	adds	r2, r1, r3
10004fec:	4290      	cmp	r0, r2
10004fee:	d3f7      	bcc.n	10004fe0 <cyw43_ll_parse_async_event+0xc4>
10004ff0:	780a      	ldrb	r2, [r1, #0]
10004ff2:	2a30      	cmp	r2, #48	@ 0x30
10004ff4:	d1f2      	bne.n	10004fdc <cyw43_ll_parse_async_event+0xc0>
10004ff6:	000c      	movs	r4, r1
10004ff8:	e7f2      	b.n	10004fe0 <cyw43_ll_parse_async_event+0xc4>
10004ffa:	2301      	movs	r3, #1
10004ffc:	425b      	negs	r3, r3
10004ffe:	60b3      	str	r3, [r6, #8]
10005000:	e7b8      	b.n	10004f74 <cyw43_ll_parse_async_event+0x58>
10005002:	1c8a      	adds	r2, r1, #2
10005004:	4690      	mov	r8, r2
10005006:	788a      	ldrb	r2, [r1, #2]
10005008:	2a00      	cmp	r2, #0
1000500a:	d1e9      	bne.n	10004fe0 <cyw43_ll_parse_async_event+0xc4>
1000500c:	4642      	mov	r2, r8
1000500e:	7852      	ldrb	r2, [r2, #1]
10005010:	2a50      	cmp	r2, #80	@ 0x50
10005012:	d1e5      	bne.n	10004fe0 <cyw43_ll_parse_async_event+0xc4>
10005014:	4642      	mov	r2, r8
10005016:	7892      	ldrb	r2, [r2, #2]
10005018:	2af2      	cmp	r2, #242	@ 0xf2
1000501a:	d1e1      	bne.n	10004fe0 <cyw43_ll_parse_async_event+0xc4>
1000501c:	4642      	mov	r2, r8
1000501e:	78d2      	ldrb	r2, [r2, #3]
10005020:	2a01      	cmp	r2, #1
10005022:	d1dd      	bne.n	10004fe0 <cyw43_ll_parse_async_event+0xc4>
10005024:	000f      	movs	r7, r1
10005026:	e7db      	b.n	10004fe0 <cyw43_ll_parse_async_event+0xc4>
10005028:	1e63      	subs	r3, r4, #1
1000502a:	419c      	sbcs	r4, r3
1000502c:	00a4      	lsls	r4, r4, #2
1000502e:	2f00      	cmp	r7, #0
10005030:	d001      	beq.n	10005036 <cyw43_ll_parse_async_event+0x11a>
10005032:	2202      	movs	r2, #2
10005034:	4314      	orrs	r4, r2
10005036:	8baa      	ldrh	r2, [r5, #28]
10005038:	06d2      	lsls	r2, r2, #27
1000503a:	d501      	bpl.n	10005040 <cyw43_ll_parse_async_event+0x124>
1000503c:	2201      	movs	r2, #1
1000503e:	4314      	orrs	r4, r2
10005040:	2284      	movs	r2, #132	@ 0x84
10005042:	5cb1      	ldrb	r1, [r6, r2]
10005044:	52b1      	strh	r1, [r6, r2]
10005046:	3204      	adds	r2, #4
10005048:	54b4      	strb	r4, [r6, r2]
1000504a:	e793      	b.n	10004f74 <cyw43_ll_parse_async_event+0x58>
1000504c:	2400      	movs	r4, #0
1000504e:	e7f2      	b.n	10005036 <cyw43_ll_parse_async_event+0x11a>

10005050 <cyw43_kso_set>:
10005050:	b5f0      	push	{r4, r5, r6, r7, lr}
10005052:	46c6      	mov	lr, r8
10005054:	000e      	movs	r6, r1
10005056:	0005      	movs	r5, r0
10005058:	000b      	movs	r3, r1
1000505a:	b500      	push	{lr}
1000505c:	2101      	movs	r1, #1
1000505e:	4a1a      	ldr	r2, [pc, #104]	@ (100050c8 <cyw43_kso_set+0x78>)
10005060:	f7ff fd74 	bl	10004b4c <cyw43_write_reg_u8>
10005064:	0033      	movs	r3, r6
10005066:	2101      	movs	r1, #1
10005068:	0028      	movs	r0, r5
1000506a:	4a17      	ldr	r2, [pc, #92]	@ (100050c8 <cyw43_kso_set+0x78>)
1000506c:	f7ff fd6e 	bl	10004b4c <cyw43_write_reg_u8>
10005070:	2e00      	cmp	r6, #0
10005072:	d125      	bne.n	100050c0 <cyw43_kso_set+0x70>
10005074:	2301      	movs	r3, #1
10005076:	2700      	movs	r7, #0
10005078:	4698      	mov	r8, r3
1000507a:	2440      	movs	r4, #64	@ 0x40
1000507c:	e00b      	b.n	10005096 <cyw43_kso_set+0x46>
1000507e:	2001      	movs	r0, #1
10005080:	f002 f9a0 	bl	100073c4 <cyw43_delay_ms>
10005084:	3c01      	subs	r4, #1
10005086:	0033      	movs	r3, r6
10005088:	2101      	movs	r1, #1
1000508a:	0028      	movs	r0, r5
1000508c:	4a0e      	ldr	r2, [pc, #56]	@ (100050c8 <cyw43_kso_set+0x78>)
1000508e:	f7ff fd5d 	bl	10004b4c <cyw43_write_reg_u8>
10005092:	2c00      	cmp	r4, #0
10005094:	d00f      	beq.n	100050b6 <cyw43_kso_set+0x66>
10005096:	2101      	movs	r1, #1
10005098:	0028      	movs	r0, r5
1000509a:	4a0b      	ldr	r2, [pc, #44]	@ (100050c8 <cyw43_kso_set+0x78>)
1000509c:	f7ff fa0e 	bl	100044bc <cyw43_read_reg_u8>
100050a0:	2800      	cmp	r0, #0
100050a2:	dbec      	blt.n	1000507e <cyw43_kso_set+0x2e>
100050a4:	4642      	mov	r2, r8
100050a6:	4002      	ands	r2, r0
100050a8:	42ba      	cmp	r2, r7
100050aa:	d1e8      	bne.n	1000507e <cyw43_kso_set+0x2e>
100050ac:	28ff      	cmp	r0, #255	@ 0xff
100050ae:	d0e6      	beq.n	1000507e <cyw43_kso_set+0x2e>
100050b0:	bc80      	pop	{r7}
100050b2:	46b8      	mov	r8, r7
100050b4:	bdf0      	pop	{r4, r5, r6, r7, pc}
100050b6:	0031      	movs	r1, r6
100050b8:	4804      	ldr	r0, [pc, #16]	@ (100050cc <cyw43_kso_set+0x7c>)
100050ba:	f7fe fdeb 	bl	10003c94 <__wrap_printf>
100050be:	e7f7      	b.n	100050b0 <cyw43_kso_set+0x60>
100050c0:	2303      	movs	r3, #3
100050c2:	2703      	movs	r7, #3
100050c4:	4698      	mov	r8, r3
100050c6:	e7d8      	b.n	1000507a <cyw43_kso_set+0x2a>
100050c8:	0001001f 	.word	0x0001001f
100050cc:	10007f14 	.word	0x10007f14

100050d0 <cyw43_ll_sdpcm_poll_device>:
100050d0:	b5f0      	push	{r4, r5, r6, r7, lr}
100050d2:	46d6      	mov	lr, sl
100050d4:	464f      	mov	r7, r9
100050d6:	4646      	mov	r6, r8
100050d8:	b5c0      	push	{r6, r7, lr}
100050da:	7cc3      	ldrb	r3, [r0, #19]
100050dc:	0005      	movs	r5, r0
100050de:	468a      	mov	sl, r1
100050e0:	0017      	movs	r7, r2
100050e2:	b082      	sub	sp, #8
100050e4:	2b00      	cmp	r3, #0
100050e6:	d105      	bne.n	100050f4 <cyw43_ll_sdpcm_poll_device+0x24>
100050e8:	6800      	ldr	r0, [r0, #0]
100050ea:	f001 fced 	bl	10006ac8 <cyw43_cb_read_host_interrupt_pin>
100050ee:	2801      	cmp	r0, #1
100050f0:	d000      	beq.n	100050f4 <cyw43_ll_sdpcm_poll_device+0x24>
100050f2:	e079      	b.n	100051e8 <cyw43_ll_sdpcm_poll_device+0x118>
100050f4:	0028      	movs	r0, r5
100050f6:	f001 fced 	bl	10006ad4 <cyw43_cb_ensure_awake>
100050fa:	7cab      	ldrb	r3, [r5, #18]
100050fc:	2b00      	cmp	r3, #0
100050fe:	d105      	bne.n	1000510c <cyw43_ll_sdpcm_poll_device+0x3c>
10005100:	2101      	movs	r1, #1
10005102:	0028      	movs	r0, r5
10005104:	f7ff ffa4 	bl	10005050 <cyw43_kso_set>
10005108:	2301      	movs	r3, #1
1000510a:	74ab      	strb	r3, [r5, #18]
1000510c:	7ceb      	ldrb	r3, [r5, #19]
1000510e:	2b00      	cmp	r3, #0
10005110:	d100      	bne.n	10005114 <cyw43_ll_sdpcm_poll_device+0x44>
10005112:	e073      	b.n	100051fc <cyw43_ll_sdpcm_poll_device+0x12c>
10005114:	24fa      	movs	r4, #250	@ 0xfa
10005116:	00a4      	lsls	r4, r4, #2
10005118:	e002      	b.n	10005120 <cyw43_ll_sdpcm_poll_device+0x50>
1000511a:	3c01      	subs	r4, #1
1000511c:	2c00      	cmp	r4, #0
1000511e:	d063      	beq.n	100051e8 <cyw43_ll_sdpcm_poll_device+0x118>
10005120:	2208      	movs	r2, #8
10005122:	2100      	movs	r1, #0
10005124:	0028      	movs	r0, r5
10005126:	f7ff f975 	bl	10004414 <cyw43_read_reg_u32>
1000512a:	1c43      	adds	r3, r0, #1
1000512c:	d0f5      	beq.n	1000511a <cyw43_ll_sdpcm_poll_device+0x4a>
1000512e:	05c3      	lsls	r3, r0, #23
10005130:	d558      	bpl.n	100051e4 <cyw43_ll_sdpcm_poll_device+0x114>
10005132:	22c0      	movs	r2, #192	@ 0xc0
10005134:	0303      	lsls	r3, r0, #12
10005136:	0d5b      	lsrs	r3, r3, #21
10005138:	1e59      	subs	r1, r3, #1
1000513a:	00d2      	lsls	r2, r2, #3
1000513c:	4291      	cmp	r1, r2
1000513e:	d300      	bcc.n	10005142 <cyw43_ll_sdpcm_poll_device+0x72>
10005140:	e0b3      	b.n	100052aa <cyw43_ll_sdpcm_poll_device+0x1da>
10005142:	0780      	lsls	r0, r0, #30
10005144:	d500      	bpl.n	10005148 <cyw43_ll_sdpcm_poll_device+0x78>
10005146:	e0b0      	b.n	100052aa <cyw43_ll_sdpcm_poll_device+0x1da>
10005148:	002c      	movs	r4, r5
1000514a:	3428      	adds	r4, #40	@ 0x28
1000514c:	2200      	movs	r2, #0
1000514e:	2102      	movs	r1, #2
10005150:	0028      	movs	r0, r5
10005152:	9400      	str	r4, [sp, #0]
10005154:	f7ff fe04 	bl	10004d60 <cyw43_read_bytes>
10005158:	2800      	cmp	r0, #0
1000515a:	d13b      	bne.n	100051d4 <cyw43_ll_sdpcm_poll_device+0x104>
1000515c:	8d29      	ldrh	r1, [r5, #40]	@ 0x28
1000515e:	8d6a      	ldrh	r2, [r5, #42]	@ 0x2a
10005160:	2900      	cmp	r1, #0
10005162:	d03d      	beq.n	100051e0 <cyw43_ll_sdpcm_poll_device+0x110>
10005164:	2301      	movs	r3, #1
10005166:	74eb      	strb	r3, [r5, #19]
10005168:	4b61      	ldr	r3, [pc, #388]	@ (100052f0 <cyw43_ll_sdpcm_poll_device+0x220>)
1000516a:	469c      	mov	ip, r3
1000516c:	000b      	movs	r3, r1
1000516e:	4053      	eors	r3, r2
10005170:	4563      	cmp	r3, ip
10005172:	d000      	beq.n	10005176 <cyw43_ll_sdpcm_poll_device+0xa6>
10005174:	e0a3      	b.n	100052be <cyw43_ll_sdpcm_poll_device+0x1ee>
10005176:	43d2      	mvns	r2, r2
10005178:	b292      	uxth	r2, r2
1000517a:	4291      	cmp	r1, r2
1000517c:	d000      	beq.n	10005180 <cyw43_ll_sdpcm_poll_device+0xb0>
1000517e:	e09b      	b.n	100052b8 <cyw43_ll_sdpcm_poll_device+0x1e8>
10005180:	290b      	cmp	r1, #11
10005182:	d800      	bhi.n	10005186 <cyw43_ll_sdpcm_poll_device+0xb6>
10005184:	e0a2      	b.n	100052cc <cyw43_ll_sdpcm_poll_device+0x1fc>
10005186:	7a23      	ldrb	r3, [r4, #8]
10005188:	73ab      	strb	r3, [r5, #14]
1000518a:	230f      	movs	r3, #15
1000518c:	7962      	ldrb	r2, [r4, #5]
1000518e:	4013      	ands	r3, r2
10005190:	2b02      	cmp	r3, #2
10005192:	d82c      	bhi.n	100051ee <cyw43_ll_sdpcm_poll_device+0x11e>
10005194:	7a62      	ldrb	r2, [r4, #9]
10005196:	4694      	mov	ip, r2
10005198:	4666      	mov	r6, ip
1000519a:	7b6a      	ldrb	r2, [r5, #13]
1000519c:	1ab2      	subs	r2, r6, r2
1000519e:	b2d2      	uxtb	r2, r2
100051a0:	2a14      	cmp	r2, #20
100051a2:	d945      	bls.n	10005230 <cyw43_ll_sdpcm_poll_device+0x160>
100051a4:	290c      	cmp	r1, #12
100051a6:	d026      	beq.n	100051f6 <cyw43_ll_sdpcm_poll_device+0x126>
100051a8:	2b01      	cmp	r3, #1
100051aa:	d052      	beq.n	10005252 <cyw43_ll_sdpcm_poll_device+0x182>
100051ac:	2b02      	cmp	r3, #2
100051ae:	d141      	bne.n	10005234 <cyw43_ll_sdpcm_poll_device+0x164>
100051b0:	2910      	cmp	r1, #16
100051b2:	d800      	bhi.n	100051b6 <cyw43_ll_sdpcm_poll_device+0xe6>
100051b4:	e090      	b.n	100052d8 <cyw43_ll_sdpcm_poll_device+0x208>
100051b6:	79e2      	ldrb	r2, [r4, #7]
100051b8:	2002      	movs	r0, #2
100051ba:	18a2      	adds	r2, r4, r2
100051bc:	78d3      	ldrb	r3, [r2, #3]
100051be:	009b      	lsls	r3, r3, #2
100051c0:	3304      	adds	r3, #4
100051c2:	18d3      	adds	r3, r2, r3
100051c4:	7892      	ldrb	r2, [r2, #2]
100051c6:	1b1c      	subs	r4, r3, r4
100051c8:	07d2      	lsls	r2, r2, #31
100051ca:	1b0c      	subs	r4, r1, r4
100051cc:	4314      	orrs	r4, r2
100051ce:	4652      	mov	r2, sl
100051d0:	6014      	str	r4, [r2, #0]
100051d2:	603b      	str	r3, [r7, #0]
100051d4:	b002      	add	sp, #8
100051d6:	bce0      	pop	{r5, r6, r7}
100051d8:	46ba      	mov	sl, r7
100051da:	46b1      	mov	r9, r6
100051dc:	46a8      	mov	r8, r5
100051de:	bdf0      	pop	{r4, r5, r6, r7, pc}
100051e0:	2a00      	cmp	r2, #0
100051e2:	d1bf      	bne.n	10005164 <cyw43_ll_sdpcm_poll_device+0x94>
100051e4:	2300      	movs	r3, #0
100051e6:	74eb      	strb	r3, [r5, #19]
100051e8:	2001      	movs	r0, #1
100051ea:	4240      	negs	r0, r0
100051ec:	e7f2      	b.n	100051d4 <cyw43_ll_sdpcm_poll_device+0x104>
100051ee:	200b      	movs	r0, #11
100051f0:	4240      	negs	r0, r0
100051f2:	290c      	cmp	r1, #12
100051f4:	d1ee      	bne.n	100051d4 <cyw43_ll_sdpcm_poll_device+0x104>
100051f6:	2004      	movs	r0, #4
100051f8:	4240      	negs	r0, r0
100051fa:	e7eb      	b.n	100051d4 <cyw43_ll_sdpcm_poll_device+0x104>
100051fc:	2204      	movs	r2, #4
100051fe:	2100      	movs	r1, #0
10005200:	0028      	movs	r0, r5
10005202:	f7ff f931 	bl	10004468 <cyw43_read_reg_u16>
10005206:	b283      	uxth	r3, r0
10005208:	4698      	mov	r8, r3
1000520a:	4b3a      	ldr	r3, [pc, #232]	@ (100052f4 <cyw43_ll_sdpcm_poll_device+0x224>)
1000520c:	0004      	movs	r4, r0
1000520e:	4699      	mov	r9, r3
10005210:	881b      	ldrh	r3, [r3, #0]
10005212:	4543      	cmp	r3, r8
10005214:	d002      	beq.n	1000521c <cyw43_ll_sdpcm_poll_device+0x14c>
10005216:	2386      	movs	r3, #134	@ 0x86
10005218:	4203      	tst	r3, r0
1000521a:	d13a      	bne.n	10005292 <cyw43_ll_sdpcm_poll_device+0x1c2>
1000521c:	4643      	mov	r3, r8
1000521e:	2b00      	cmp	r3, #0
10005220:	d13d      	bne.n	1000529e <cyw43_ll_sdpcm_poll_device+0x1ce>
10005222:	464b      	mov	r3, r9
10005224:	4642      	mov	r2, r8
10005226:	801a      	strh	r2, [r3, #0]
10005228:	06a4      	lsls	r4, r4, #26
1000522a:	d500      	bpl.n	1000522e <cyw43_ll_sdpcm_poll_device+0x15e>
1000522c:	e772      	b.n	10005114 <cyw43_ll_sdpcm_poll_device+0x44>
1000522e:	e7db      	b.n	100051e8 <cyw43_ll_sdpcm_poll_device+0x118>
10005230:	736e      	strb	r6, [r5, #13]
10005232:	e7b7      	b.n	100051a4 <cyw43_ll_sdpcm_poll_device+0xd4>
10005234:	291b      	cmp	r1, #27
10005236:	d955      	bls.n	100052e4 <cyw43_ll_sdpcm_poll_device+0x214>
10005238:	79e3      	ldrb	r3, [r4, #7]
1000523a:	8a2d      	ldrh	r5, [r5, #16]
1000523c:	18e3      	adds	r3, r4, r3
1000523e:	895a      	ldrh	r2, [r3, #10]
10005240:	4295      	cmp	r5, r2
10005242:	d14c      	bne.n	100052de <cyw43_ll_sdpcm_poll_device+0x20e>
10005244:	4652      	mov	r2, sl
10005246:	3310      	adds	r3, #16
10005248:	1b1c      	subs	r4, r3, r4
1000524a:	1b0c      	subs	r4, r1, r4
1000524c:	6014      	str	r4, [r2, #0]
1000524e:	603b      	str	r3, [r7, #0]
10005250:	e7c0      	b.n	100051d4 <cyw43_ll_sdpcm_poll_device+0x104>
10005252:	2910      	cmp	r1, #16
10005254:	d949      	bls.n	100052ea <cyw43_ll_sdpcm_poll_device+0x21a>
10005256:	79e3      	ldrb	r3, [r4, #7]
10005258:	18e3      	adds	r3, r4, r3
1000525a:	78da      	ldrb	r2, [r3, #3]
1000525c:	0092      	lsls	r2, r2, #2
1000525e:	3204      	adds	r2, #4
10005260:	189b      	adds	r3, r3, r2
10005262:	7b1a      	ldrb	r2, [r3, #12]
10005264:	1b1c      	subs	r4, r3, r4
10005266:	1b09      	subs	r1, r1, r4
10005268:	2a88      	cmp	r2, #136	@ 0x88
1000526a:	d132      	bne.n	100052d2 <cyw43_ll_sdpcm_poll_device+0x202>
1000526c:	7b5a      	ldrb	r2, [r3, #13]
1000526e:	2a6c      	cmp	r2, #108	@ 0x6c
10005270:	d12f      	bne.n	100052d2 <cyw43_ll_sdpcm_poll_device+0x202>
10005272:	7cda      	ldrb	r2, [r3, #19]
10005274:	2a00      	cmp	r2, #0
10005276:	d126      	bne.n	100052c6 <cyw43_ll_sdpcm_poll_device+0x1f6>
10005278:	7d1a      	ldrb	r2, [r3, #20]
1000527a:	2a10      	cmp	r2, #16
1000527c:	d123      	bne.n	100052c6 <cyw43_ll_sdpcm_poll_device+0x1f6>
1000527e:	7d5a      	ldrb	r2, [r3, #21]
10005280:	2a18      	cmp	r2, #24
10005282:	d120      	bne.n	100052c6 <cyw43_ll_sdpcm_poll_device+0x1f6>
10005284:	4652      	mov	r2, sl
10005286:	3918      	subs	r1, #24
10005288:	3318      	adds	r3, #24
1000528a:	6011      	str	r1, [r2, #0]
1000528c:	2001      	movs	r0, #1
1000528e:	603b      	str	r3, [r7, #0]
10005290:	e7a0      	b.n	100051d4 <cyw43_ll_sdpcm_poll_device+0x104>
10005292:	0401      	lsls	r1, r0, #16
10005294:	0c09      	lsrs	r1, r1, #16
10005296:	4818      	ldr	r0, [pc, #96]	@ (100052f8 <cyw43_ll_sdpcm_poll_device+0x228>)
10005298:	f7fe fcfc 	bl	10003c94 <__wrap_printf>
1000529c:	e7be      	b.n	1000521c <cyw43_ll_sdpcm_poll_device+0x14c>
1000529e:	2204      	movs	r2, #4
100052a0:	2100      	movs	r1, #0
100052a2:	0028      	movs	r0, r5
100052a4:	f7ff fb48 	bl	10004938 <cyw43_write_reg_u16>
100052a8:	e7bb      	b.n	10005222 <cyw43_ll_sdpcm_poll_device+0x152>
100052aa:	2301      	movs	r3, #1
100052ac:	2101      	movs	r1, #1
100052ae:	0028      	movs	r0, r5
100052b0:	4a12      	ldr	r2, [pc, #72]	@ (100052fc <cyw43_ll_sdpcm_poll_device+0x22c>)
100052b2:	f7ff fc4b 	bl	10004b4c <cyw43_write_reg_u8>
100052b6:	e795      	b.n	100051e4 <cyw43_ll_sdpcm_poll_device+0x114>
100052b8:	2002      	movs	r0, #2
100052ba:	4240      	negs	r0, r0
100052bc:	e78a      	b.n	100051d4 <cyw43_ll_sdpcm_poll_device+0x104>
100052be:	4810      	ldr	r0, [pc, #64]	@ (10005300 <cyw43_ll_sdpcm_poll_device+0x230>)
100052c0:	f7fe fce8 	bl	10003c94 <__wrap_printf>
100052c4:	e790      	b.n	100051e8 <cyw43_ll_sdpcm_poll_device+0x118>
100052c6:	200a      	movs	r0, #10
100052c8:	4240      	negs	r0, r0
100052ca:	e783      	b.n	100051d4 <cyw43_ll_sdpcm_poll_device+0x104>
100052cc:	2003      	movs	r0, #3
100052ce:	4240      	negs	r0, r0
100052d0:	e780      	b.n	100051d4 <cyw43_ll_sdpcm_poll_device+0x104>
100052d2:	2009      	movs	r0, #9
100052d4:	4240      	negs	r0, r0
100052d6:	e77d      	b.n	100051d4 <cyw43_ll_sdpcm_poll_device+0x104>
100052d8:	2007      	movs	r0, #7
100052da:	4240      	negs	r0, r0
100052dc:	e77a      	b.n	100051d4 <cyw43_ll_sdpcm_poll_device+0x104>
100052de:	2006      	movs	r0, #6
100052e0:	4240      	negs	r0, r0
100052e2:	e777      	b.n	100051d4 <cyw43_ll_sdpcm_poll_device+0x104>
100052e4:	2005      	movs	r0, #5
100052e6:	4240      	negs	r0, r0
100052e8:	e774      	b.n	100051d4 <cyw43_ll_sdpcm_poll_device+0x104>
100052ea:	2008      	movs	r0, #8
100052ec:	4240      	negs	r0, r0
100052ee:	e771      	b.n	100051d4 <cyw43_ll_sdpcm_poll_device+0x104>
100052f0:	0000ffff 	.word	0x0000ffff
100052f4:	200013b6 	.word	0x200013b6
100052f8:	10007f38 	.word	0x10007f38
100052fc:	0001000d 	.word	0x0001000d
10005300:	10007f64 	.word	0x10007f64

10005304 <cyw43_sdpcm_send_common>:
10005304:	b5f0      	push	{r4, r5, r6, r7, lr}
10005306:	46de      	mov	lr, fp
10005308:	4657      	mov	r7, sl
1000530a:	4645      	mov	r5, r8
1000530c:	464e      	mov	r6, r9
1000530e:	0004      	movs	r4, r0
10005310:	b5e0      	push	{r5, r6, r7, lr}
10005312:	b085      	sub	sp, #20
10005314:	469a      	mov	sl, r3
10005316:	4688      	mov	r8, r1
10005318:	4693      	mov	fp, r2
1000531a:	f001 fbdb 	bl	10006ad4 <cyw43_cb_ensure_awake>
1000531e:	7ca3      	ldrb	r3, [r4, #18]
10005320:	2b00      	cmp	r3, #0
10005322:	d105      	bne.n	10005330 <cyw43_sdpcm_send_common+0x2c>
10005324:	2101      	movs	r1, #1
10005326:	0020      	movs	r0, r4
10005328:	f7ff fe92 	bl	10005050 <cyw43_kso_set>
1000532c:	2301      	movs	r3, #1
1000532e:	74a3      	strb	r3, [r4, #18]
10005330:	7ba3      	ldrb	r3, [r4, #14]
10005332:	2b00      	cmp	r3, #0
10005334:	d024      	beq.n	10005380 <cyw43_sdpcm_send_common+0x7c>
10005336:	4f2f      	ldr	r7, [pc, #188]	@ (100053f4 <cyw43_sdpcm_send_common+0xf0>)
10005338:	4e2f      	ldr	r6, [pc, #188]	@ (100053f8 <cyw43_sdpcm_send_common+0xf4>)
1000533a:	6abb      	ldr	r3, [r7, #40]	@ 0x28
1000533c:	4699      	mov	r9, r3
1000533e:	e00e      	b.n	1000535e <cyw43_sdpcm_send_common+0x5a>
10005340:	7ba1      	ldrb	r1, [r4, #14]
10005342:	2900      	cmp	r1, #0
10005344:	d103      	bne.n	1000534e <cyw43_sdpcm_send_common+0x4a>
10005346:	7b23      	ldrb	r3, [r4, #12]
10005348:	7b62      	ldrb	r2, [r4, #13]
1000534a:	429a      	cmp	r2, r3
1000534c:	d11c      	bne.n	10005388 <cyw43_sdpcm_send_common+0x84>
1000534e:	464b      	mov	r3, r9
10005350:	1aed      	subs	r5, r5, r3
10005352:	42b5      	cmp	r5, r6
10005354:	d845      	bhi.n	100053e2 <cyw43_sdpcm_send_common+0xde>
10005356:	20fa      	movs	r0, #250	@ 0xfa
10005358:	0080      	lsls	r0, r0, #2
1000535a:	f001 ffff 	bl	1000735c <cyw43_await_background_or_timeout_us>
1000535e:	0020      	movs	r0, r4
10005360:	aa03      	add	r2, sp, #12
10005362:	a902      	add	r1, sp, #8
10005364:	6abd      	ldr	r5, [r7, #40]	@ 0x28
10005366:	f7ff feb3 	bl	100050d0 <cyw43_ll_sdpcm_poll_device>
1000536a:	2801      	cmp	r0, #1
1000536c:	d1e8      	bne.n	10005340 <cyw43_sdpcm_send_common+0x3c>
1000536e:	9903      	ldr	r1, [sp, #12]
10005370:	9802      	ldr	r0, [sp, #8]
10005372:	f7ff fdd3 	bl	10004f1c <cyw43_ll_parse_async_event>
10005376:	0001      	movs	r1, r0
10005378:	0020      	movs	r0, r4
1000537a:	f001 fbb1 	bl	10006ae0 <cyw43_cb_process_async_event>
1000537e:	e7df      	b.n	10005340 <cyw43_sdpcm_send_common+0x3c>
10005380:	7b23      	ldrb	r3, [r4, #12]
10005382:	7b62      	ldrb	r2, [r4, #13]
10005384:	429a      	cmp	r2, r3
10005386:	d0d6      	beq.n	10005336 <cyw43_sdpcm_send_common+0x32>
10005388:	465a      	mov	r2, fp
1000538a:	4651      	mov	r1, sl
1000538c:	320c      	adds	r2, #12
1000538e:	b292      	uxth	r2, r2
10005390:	800a      	strh	r2, [r1, #0]
10005392:	43d2      	mvns	r2, r2
10005394:	710b      	strb	r3, [r1, #4]
10005396:	804a      	strh	r2, [r1, #2]
10005398:	4652      	mov	r2, sl
1000539a:	4641      	mov	r1, r8
1000539c:	7151      	strb	r1, [r2, #5]
1000539e:	2200      	movs	r2, #0
100053a0:	4651      	mov	r1, sl
100053a2:	718a      	strb	r2, [r1, #6]
100053a4:	4641      	mov	r1, r8
100053a6:	1e8e      	subs	r6, r1, #2
100053a8:	1e71      	subs	r1, r6, #1
100053aa:	418e      	sbcs	r6, r1
100053ac:	2101      	movs	r1, #1
100053ae:	4276      	negs	r6, r6
100053b0:	438e      	bics	r6, r1
100053b2:	4651      	mov	r1, sl
100053b4:	3301      	adds	r3, #1
100053b6:	360e      	adds	r6, #14
100053b8:	810a      	strh	r2, [r1, #8]
100053ba:	814a      	strh	r2, [r1, #10]
100053bc:	71ce      	strb	r6, [r1, #7]
100053be:	7323      	strb	r3, [r4, #12]
100053c0:	465b      	mov	r3, fp
100053c2:	3203      	adds	r2, #3
100053c4:	330f      	adds	r3, #15
100053c6:	4393      	bics	r3, r2
100053c8:	9100      	str	r1, [sp, #0]
100053ca:	2200      	movs	r2, #0
100053cc:	2102      	movs	r1, #2
100053ce:	0020      	movs	r0, r4
100053d0:	f7ff fd02 	bl	10004dd8 <cyw43_write_bytes>
100053d4:	b005      	add	sp, #20
100053d6:	bcf0      	pop	{r4, r5, r6, r7}
100053d8:	46bb      	mov	fp, r7
100053da:	46b2      	mov	sl, r6
100053dc:	46a9      	mov	r9, r5
100053de:	46a0      	mov	r8, r4
100053e0:	bdf0      	pop	{r4, r5, r6, r7, pc}
100053e2:	7b63      	ldrb	r3, [r4, #13]
100053e4:	7b22      	ldrb	r2, [r4, #12]
100053e6:	4805      	ldr	r0, [pc, #20]	@ (100053fc <cyw43_sdpcm_send_common+0xf8>)
100053e8:	f7fe fc54 	bl	10003c94 <__wrap_printf>
100053ec:	2002      	movs	r0, #2
100053ee:	4240      	negs	r0, r0
100053f0:	e7f0      	b.n	100053d4 <cyw43_sdpcm_send_common+0xd0>
100053f2:	46c0      	nop			@ (mov r8, r8)
100053f4:	40054000 	.word	0x40054000
100053f8:	000f4240 	.word	0x000f4240
100053fc:	10007f90 	.word	0x10007f90

10005400 <cyw43_do_ioctl.part.0>:
10005400:	b5f0      	push	{r4, r5, r6, r7, lr}
10005402:	4657      	mov	r7, sl
10005404:	464e      	mov	r6, r9
10005406:	4645      	mov	r5, r8
10005408:	46de      	mov	lr, fp
1000540a:	b5e0      	push	{r5, r6, r7, lr}
1000540c:	4e29      	ldr	r6, [pc, #164]	@ (100054b4 <cyw43_do_ioctl.part.0+0xb4>)
1000540e:	4692      	mov	sl, r2
10005410:	6ab7      	ldr	r7, [r6, #40]	@ 0x28
10005412:	4698      	mov	r8, r3
10005414:	4a28      	ldr	r2, [pc, #160]	@ (100054b8 <cyw43_do_ioctl.part.0+0xb8>)
10005416:	6ab3      	ldr	r3, [r6, #40]	@ 0x28
10005418:	0005      	movs	r5, r0
1000541a:	4689      	mov	r9, r1
1000541c:	b083      	sub	sp, #12
1000541e:	1bdb      	subs	r3, r3, r7
10005420:	4293      	cmp	r3, r2
10005422:	d82e      	bhi.n	10005482 <cyw43_do_ioctl.part.0+0x82>
10005424:	4b25      	ldr	r3, [pc, #148]	@ (100054bc <cyw43_do_ioctl.part.0+0xbc>)
10005426:	469b      	mov	fp, r3
10005428:	e010      	b.n	1000544c <cyw43_do_ioctl.part.0+0x4c>
1000542a:	2802      	cmp	r0, #2
1000542c:	d020      	beq.n	10005470 <cyw43_do_ioctl.part.0+0x70>
1000542e:	2800      	cmp	r0, #0
10005430:	db03      	blt.n	1000543a <cyw43_do_ioctl.part.0+0x3a>
10005432:	0001      	movs	r1, r0
10005434:	4658      	mov	r0, fp
10005436:	f7fe fc2d 	bl	10003c94 <__wrap_printf>
1000543a:	20fa      	movs	r0, #250	@ 0xfa
1000543c:	0080      	lsls	r0, r0, #2
1000543e:	f001 ff8d 	bl	1000735c <cyw43_await_background_or_timeout_us>
10005442:	6ab3      	ldr	r3, [r6, #40]	@ 0x28
10005444:	4a1c      	ldr	r2, [pc, #112]	@ (100054b8 <cyw43_do_ioctl.part.0+0xb8>)
10005446:	1bdb      	subs	r3, r3, r7
10005448:	4293      	cmp	r3, r2
1000544a:	d81a      	bhi.n	10005482 <cyw43_do_ioctl.part.0+0x82>
1000544c:	4669      	mov	r1, sp
1000544e:	0028      	movs	r0, r5
10005450:	aa01      	add	r2, sp, #4
10005452:	f7ff fe3d 	bl	100050d0 <cyw43_ll_sdpcm_poll_device>
10005456:	1e04      	subs	r4, r0, #0
10005458:	d023      	beq.n	100054a2 <cyw43_do_ioctl.part.0+0xa2>
1000545a:	2801      	cmp	r0, #1
1000545c:	d1e5      	bne.n	1000542a <cyw43_do_ioctl.part.0+0x2a>
1000545e:	9901      	ldr	r1, [sp, #4]
10005460:	9800      	ldr	r0, [sp, #0]
10005462:	f7ff fd5b 	bl	10004f1c <cyw43_ll_parse_async_event>
10005466:	0001      	movs	r1, r0
10005468:	0028      	movs	r0, r5
1000546a:	f001 fb39 	bl	10006ae0 <cyw43_cb_process_async_event>
1000546e:	e7e4      	b.n	1000543a <cyw43_do_ioctl.part.0+0x3a>
10005470:	9900      	ldr	r1, [sp, #0]
10005472:	9b01      	ldr	r3, [sp, #4]
10005474:	004a      	lsls	r2, r1, #1
10005476:	6828      	ldr	r0, [r5, #0]
10005478:	0852      	lsrs	r2, r2, #1
1000547a:	0fc9      	lsrs	r1, r1, #31
1000547c:	f001 ffd4 	bl	10007428 <cyw43_cb_process_ethernet>
10005480:	e7db      	b.n	1000543a <cyw43_do_ioctl.part.0+0x3a>
10005482:	4643      	mov	r3, r8
10005484:	4652      	mov	r2, sl
10005486:	4649      	mov	r1, r9
10005488:	2402      	movs	r4, #2
1000548a:	480d      	ldr	r0, [pc, #52]	@ (100054c0 <cyw43_do_ioctl.part.0+0xc0>)
1000548c:	f7fe fc02 	bl	10003c94 <__wrap_printf>
10005490:	4264      	negs	r4, r4
10005492:	0020      	movs	r0, r4
10005494:	b003      	add	sp, #12
10005496:	bcf0      	pop	{r4, r5, r6, r7}
10005498:	46bb      	mov	fp, r7
1000549a:	46b2      	mov	sl, r6
1000549c:	46a9      	mov	r9, r5
1000549e:	46a0      	mov	r8, r4
100054a0:	bdf0      	pop	{r4, r5, r6, r7, pc}
100054a2:	9a00      	ldr	r2, [sp, #0]
100054a4:	4542      	cmp	r2, r8
100054a6:	d900      	bls.n	100054aa <cyw43_do_ioctl.part.0+0xaa>
100054a8:	4642      	mov	r2, r8
100054aa:	9901      	ldr	r1, [sp, #4]
100054ac:	980c      	ldr	r0, [sp, #48]	@ 0x30
100054ae:	f002 fa61 	bl	10007974 <memmove>
100054b2:	e7ee      	b.n	10005492 <cyw43_do_ioctl.part.0+0x92>
100054b4:	40054000 	.word	0x40054000
100054b8:	000f423f 	.word	0x000f423f
100054bc:	10007fb4 	.word	0x10007fb4
100054c0:	10007fe0 	.word	0x10007fe0

100054c4 <cyw43_download_resource>:
100054c4:	b5f0      	push	{r4, r5, r6, r7, lr}
100054c6:	4645      	mov	r5, r8
100054c8:	4690      	mov	r8, r2
100054ca:	2240      	movs	r2, #64	@ 0x40
100054cc:	4657      	mov	r7, sl
100054ce:	46de      	mov	lr, fp
100054d0:	464e      	mov	r6, r9
100054d2:	4252      	negs	r2, r2
100054d4:	4693      	mov	fp, r2
100054d6:	4692      	mov	sl, r2
100054d8:	b5e0      	push	{r5, r6, r7, lr}
100054da:	2400      	movs	r4, #0
100054dc:	0007      	movs	r7, r0
100054de:	b083      	sub	sp, #12
100054e0:	448b      	add	fp, r1
100054e2:	449a      	add	sl, r3
100054e4:	2240      	movs	r2, #64	@ 0x40
100054e6:	0023      	movs	r3, r4
100054e8:	3440      	adds	r4, #64	@ 0x40
100054ea:	4691      	mov	r9, r2
100054ec:	4544      	cmp	r4, r8
100054ee:	d902      	bls.n	100054f6 <cyw43_download_resource+0x32>
100054f0:	4642      	mov	r2, r8
100054f2:	1ad3      	subs	r3, r2, r3
100054f4:	4699      	mov	r9, r3
100054f6:	465b      	mov	r3, fp
100054f8:	191d      	adds	r5, r3, r4
100054fa:	68bb      	ldr	r3, [r7, #8]
100054fc:	0bee      	lsrs	r6, r5, #15
100054fe:	03f6      	lsls	r6, r6, #15
10005500:	429e      	cmp	r6, r3
10005502:	d00d      	beq.n	10005520 <cyw43_download_resource+0x5c>
10005504:	2280      	movs	r2, #128	@ 0x80
10005506:	4073      	eors	r3, r6
10005508:	0452      	lsls	r2, r2, #17
1000550a:	4293      	cmp	r3, r2
1000550c:	d227      	bcs.n	1000555e <cyw43_download_resource+0x9a>
1000550e:	22ff      	movs	r2, #255	@ 0xff
10005510:	0412      	lsls	r2, r2, #16
10005512:	4213      	tst	r3, r2
10005514:	d12f      	bne.n	10005576 <cyw43_download_resource+0xb2>
10005516:	22ff      	movs	r2, #255	@ 0xff
10005518:	0212      	lsls	r2, r2, #8
1000551a:	4213      	tst	r3, r2
1000551c:	d118      	bne.n	10005550 <cyw43_download_resource+0x8c>
1000551e:	60be      	str	r6, [r7, #8]
10005520:	2280      	movs	r2, #128	@ 0x80
10005522:	4653      	mov	r3, sl
10005524:	046d      	lsls	r5, r5, #17
10005526:	191b      	adds	r3, r3, r4
10005528:	0c6d      	lsrs	r5, r5, #17
1000552a:	0212      	lsls	r2, r2, #8
1000552c:	9300      	str	r3, [sp, #0]
1000552e:	2101      	movs	r1, #1
10005530:	464b      	mov	r3, r9
10005532:	0038      	movs	r0, r7
10005534:	432a      	orrs	r2, r5
10005536:	f7ff fc4f 	bl	10004dd8 <cyw43_write_bytes>
1000553a:	2800      	cmp	r0, #0
1000553c:	d101      	bne.n	10005542 <cyw43_download_resource+0x7e>
1000553e:	4544      	cmp	r4, r8
10005540:	d3d0      	bcc.n	100054e4 <cyw43_download_resource+0x20>
10005542:	b003      	add	sp, #12
10005544:	bcf0      	pop	{r4, r5, r6, r7}
10005546:	46bb      	mov	fp, r7
10005548:	46b2      	mov	sl, r6
1000554a:	46a9      	mov	r9, r5
1000554c:	46a0      	mov	r8, r4
1000554e:	bdf0      	pop	{r4, r5, r6, r7, pc}
10005550:	2101      	movs	r1, #1
10005552:	0038      	movs	r0, r7
10005554:	4a0c      	ldr	r2, [pc, #48]	@ (10005588 <cyw43_download_resource+0xc4>)
10005556:	0a33      	lsrs	r3, r6, #8
10005558:	f7ff faf8 	bl	10004b4c <cyw43_write_reg_u8>
1000555c:	e7df      	b.n	1000551e <cyw43_download_resource+0x5a>
1000555e:	2300      	movs	r3, #0
10005560:	4a0a      	ldr	r2, [pc, #40]	@ (1000558c <cyw43_download_resource+0xc8>)
10005562:	2101      	movs	r1, #1
10005564:	0038      	movs	r0, r7
10005566:	f7ff faf1 	bl	10004b4c <cyw43_write_reg_u8>
1000556a:	22ff      	movs	r2, #255	@ 0xff
1000556c:	68bb      	ldr	r3, [r7, #8]
1000556e:	0412      	lsls	r2, r2, #16
10005570:	4073      	eors	r3, r6
10005572:	4213      	tst	r3, r2
10005574:	d0cf      	beq.n	10005516 <cyw43_download_resource+0x52>
10005576:	0c33      	lsrs	r3, r6, #16
10005578:	2101      	movs	r1, #1
1000557a:	0038      	movs	r0, r7
1000557c:	4a04      	ldr	r2, [pc, #16]	@ (10005590 <cyw43_download_resource+0xcc>)
1000557e:	f7ff fae5 	bl	10004b4c <cyw43_write_reg_u8>
10005582:	68bb      	ldr	r3, [r7, #8]
10005584:	4073      	eors	r3, r6
10005586:	e7c6      	b.n	10005516 <cyw43_download_resource+0x52>
10005588:	0001000a 	.word	0x0001000a
1000558c:	0001000c 	.word	0x0001000c
10005590:	0001000b 	.word	0x0001000b

10005594 <cyw43_write_iovar_u32.constprop.0>:
10005594:	b5f0      	push	{r4, r5, r6, r7, lr}
10005596:	46ce      	mov	lr, r9
10005598:	4647      	mov	r7, r8
1000559a:	b580      	push	{r7, lr}
1000559c:	0006      	movs	r6, r0
1000559e:	b083      	sub	sp, #12
100055a0:	0004      	movs	r4, r0
100055a2:	0008      	movs	r0, r1
100055a4:	0017      	movs	r7, r2
100055a6:	4689      	mov	r9, r1
100055a8:	f002 fa3c 	bl	10007a24 <strlen>
100055ac:	1c43      	adds	r3, r0, #1
100055ae:	4698      	mov	r8, r3
100055b0:	3644      	adds	r6, #68	@ 0x44
100055b2:	0005      	movs	r5, r0
100055b4:	001a      	movs	r2, r3
100055b6:	4649      	mov	r1, r9
100055b8:	0030      	movs	r0, r6
100055ba:	f7fc fe47 	bl	1000224c <__wrap___aeabi_memcpy>
100055be:	4643      	mov	r3, r8
100055c0:	18f2      	adds	r2, r6, r3
100055c2:	0a3b      	lsrs	r3, r7, #8
100055c4:	7017      	strb	r7, [r2, #0]
100055c6:	7053      	strb	r3, [r2, #1]
100055c8:	0c3b      	lsrs	r3, r7, #16
100055ca:	0e3f      	lsrs	r7, r7, #24
100055cc:	7093      	strb	r3, [r2, #2]
100055ce:	70d7      	strb	r7, [r2, #3]
100055d0:	002a      	movs	r2, r5
100055d2:	2380      	movs	r3, #128	@ 0x80
100055d4:	3221      	adds	r2, #33	@ 0x21
100055d6:	1d6f      	adds	r7, r5, #5
100055d8:	011b      	lsls	r3, r3, #4
100055da:	429a      	cmp	r2, r3
100055dc:	d825      	bhi.n	1000562a <cyw43_write_iovar_u32.constprop.0+0x96>
100055de:	2208      	movs	r2, #8
100055e0:	8a23      	ldrh	r3, [r4, #16]
100055e2:	32ff      	adds	r2, #255	@ 0xff
100055e4:	3301      	adds	r3, #1
100055e6:	b29b      	uxth	r3, r3
100055e8:	6362      	str	r2, [r4, #52]	@ 0x34
100055ea:	4690      	mov	r8, r2
100055ec:	3a06      	subs	r2, #6
100055ee:	8223      	strh	r3, [r4, #16]
100055f0:	3aff      	subs	r2, #255	@ 0xff
100055f2:	041b      	lsls	r3, r3, #16
100055f4:	4313      	orrs	r3, r2
100055f6:	63e3      	str	r3, [r4, #60]	@ 0x3c
100055f8:	2300      	movs	r3, #0
100055fa:	003a      	movs	r2, r7
100055fc:	0031      	movs	r1, r6
100055fe:	6423      	str	r3, [r4, #64]	@ 0x40
10005600:	0030      	movs	r0, r6
10005602:	63a7      	str	r7, [r4, #56]	@ 0x38
10005604:	f002 f9b6 	bl	10007974 <memmove>
10005608:	002a      	movs	r2, r5
1000560a:	0023      	movs	r3, r4
1000560c:	2100      	movs	r1, #0
1000560e:	0020      	movs	r0, r4
10005610:	3215      	adds	r2, #21
10005612:	3328      	adds	r3, #40	@ 0x28
10005614:	f7ff fe76 	bl	10005304 <cyw43_sdpcm_send_common>
10005618:	2800      	cmp	r0, #0
1000561a:	d106      	bne.n	1000562a <cyw43_write_iovar_u32.constprop.0+0x96>
1000561c:	003b      	movs	r3, r7
1000561e:	4642      	mov	r2, r8
10005620:	2102      	movs	r1, #2
10005622:	0020      	movs	r0, r4
10005624:	9600      	str	r6, [sp, #0]
10005626:	f7ff feeb 	bl	10005400 <cyw43_do_ioctl.part.0>
1000562a:	b003      	add	sp, #12
1000562c:	bcc0      	pop	{r6, r7}
1000562e:	46b9      	mov	r9, r7
10005630:	46b0      	mov	r8, r6
10005632:	bdf0      	pop	{r4, r5, r6, r7, pc}

10005634 <cyw43_write_iovar_n>:
10005634:	b5f0      	push	{r4, r5, r6, r7, lr}
10005636:	46ce      	mov	lr, r9
10005638:	4647      	mov	r7, r8
1000563a:	b580      	push	{r7, lr}
1000563c:	0006      	movs	r6, r0
1000563e:	b083      	sub	sp, #12
10005640:	0004      	movs	r4, r0
10005642:	0008      	movs	r0, r1
10005644:	4699      	mov	r9, r3
10005646:	4688      	mov	r8, r1
10005648:	0017      	movs	r7, r2
1000564a:	f002 f9eb 	bl	10007a24 <strlen>
1000564e:	3644      	adds	r6, #68	@ 0x44
10005650:	1c45      	adds	r5, r0, #1
10005652:	003a      	movs	r2, r7
10005654:	4649      	mov	r1, r9
10005656:	1970      	adds	r0, r6, r5
10005658:	f002 f98c 	bl	10007974 <memmove>
1000565c:	002a      	movs	r2, r5
1000565e:	4641      	mov	r1, r8
10005660:	0030      	movs	r0, r6
10005662:	19ed      	adds	r5, r5, r7
10005664:	f7fc fdf2 	bl	1000224c <__wrap___aeabi_memcpy>
10005668:	002a      	movs	r2, r5
1000566a:	2380      	movs	r3, #128	@ 0x80
1000566c:	321c      	adds	r2, #28
1000566e:	011b      	lsls	r3, r3, #4
10005670:	429a      	cmp	r2, r3
10005672:	d826      	bhi.n	100056c2 <cyw43_write_iovar_n+0x8e>
10005674:	8a21      	ldrh	r1, [r4, #16]
10005676:	9b0a      	ldr	r3, [sp, #40]	@ 0x28
10005678:	3101      	adds	r1, #1
1000567a:	b289      	uxth	r1, r1
1000567c:	8221      	strh	r1, [r4, #16]
1000567e:	031b      	lsls	r3, r3, #12
10005680:	0409      	lsls	r1, r1, #16
10005682:	4319      	orrs	r1, r3
10005684:	2302      	movs	r3, #2
10005686:	2708      	movs	r7, #8
10005688:	4319      	orrs	r1, r3
1000568a:	2300      	movs	r3, #0
1000568c:	37ff      	adds	r7, #255	@ 0xff
1000568e:	002a      	movs	r2, r5
10005690:	63e1      	str	r1, [r4, #60]	@ 0x3c
10005692:	6423      	str	r3, [r4, #64]	@ 0x40
10005694:	0031      	movs	r1, r6
10005696:	0030      	movs	r0, r6
10005698:	6367      	str	r7, [r4, #52]	@ 0x34
1000569a:	63a5      	str	r5, [r4, #56]	@ 0x38
1000569c:	f002 f96a 	bl	10007974 <memmove>
100056a0:	0023      	movs	r3, r4
100056a2:	002a      	movs	r2, r5
100056a4:	2100      	movs	r1, #0
100056a6:	0020      	movs	r0, r4
100056a8:	3328      	adds	r3, #40	@ 0x28
100056aa:	3210      	adds	r2, #16
100056ac:	f7ff fe2a 	bl	10005304 <cyw43_sdpcm_send_common>
100056b0:	2800      	cmp	r0, #0
100056b2:	d106      	bne.n	100056c2 <cyw43_write_iovar_n+0x8e>
100056b4:	002b      	movs	r3, r5
100056b6:	003a      	movs	r2, r7
100056b8:	2102      	movs	r1, #2
100056ba:	0020      	movs	r0, r4
100056bc:	9600      	str	r6, [sp, #0]
100056be:	f7ff fe9f 	bl	10005400 <cyw43_do_ioctl.part.0>
100056c2:	b003      	add	sp, #12
100056c4:	bcc0      	pop	{r6, r7}
100056c6:	46b9      	mov	r9, r7
100056c8:	46b0      	mov	r8, r6
100056ca:	bdf0      	pop	{r4, r5, r6, r7, pc}

100056cc <cyw43_read_backplane.constprop.0>:
100056cc:	6883      	ldr	r3, [r0, #8]
100056ce:	b570      	push	{r4, r5, r6, lr}
100056d0:	0bce      	lsrs	r6, r1, #15
100056d2:	0004      	movs	r4, r0
100056d4:	000d      	movs	r5, r1
100056d6:	03f6      	lsls	r6, r6, #15
100056d8:	429e      	cmp	r6, r3
100056da:	d00d      	beq.n	100056f8 <cyw43_read_backplane.constprop.0+0x2c>
100056dc:	2280      	movs	r2, #128	@ 0x80
100056de:	4073      	eors	r3, r6
100056e0:	0452      	lsls	r2, r2, #17
100056e2:	4293      	cmp	r3, r2
100056e4:	d239      	bcs.n	1000575a <cyw43_read_backplane.constprop.0+0x8e>
100056e6:	22ff      	movs	r2, #255	@ 0xff
100056e8:	0412      	lsls	r2, r2, #16
100056ea:	4213      	tst	r3, r2
100056ec:	d12c      	bne.n	10005748 <cyw43_read_backplane.constprop.0+0x7c>
100056ee:	22ff      	movs	r2, #255	@ 0xff
100056f0:	0212      	lsls	r2, r2, #8
100056f2:	4213      	tst	r3, r2
100056f4:	d121      	bne.n	1000573a <cyw43_read_backplane.constprop.0+0x6e>
100056f6:	60a6      	str	r6, [r4, #8]
100056f8:	2280      	movs	r2, #128	@ 0x80
100056fa:	046d      	lsls	r5, r5, #17
100056fc:	0c6d      	lsrs	r5, r5, #17
100056fe:	0212      	lsls	r2, r2, #8
10005700:	432a      	orrs	r2, r5
10005702:	2101      	movs	r1, #1
10005704:	0020      	movs	r0, r4
10005706:	f7fe fed9 	bl	100044bc <cyw43_read_reg_u8>
1000570a:	25c0      	movs	r5, #192	@ 0xc0
1000570c:	68a3      	ldr	r3, [r4, #8]
1000570e:	0006      	movs	r6, r0
10005710:	056d      	lsls	r5, r5, #21
10005712:	42ab      	cmp	r3, r5
10005714:	d00f      	beq.n	10005736 <cyw43_read_backplane.constprop.0+0x6a>
10005716:	2280      	movs	r2, #128	@ 0x80
10005718:	406b      	eors	r3, r5
1000571a:	0452      	lsls	r2, r2, #17
1000571c:	4293      	cmp	r3, r2
1000571e:	d238      	bcs.n	10005792 <cyw43_read_backplane.constprop.0+0xc6>
10005720:	22ff      	movs	r2, #255	@ 0xff
10005722:	0412      	lsls	r2, r2, #16
10005724:	4213      	tst	r3, r2
10005726:	d128      	bne.n	1000577a <cyw43_read_backplane.constprop.0+0xae>
10005728:	22ff      	movs	r2, #255	@ 0xff
1000572a:	0212      	lsls	r2, r2, #8
1000572c:	4213      	tst	r3, r2
1000572e:	d11c      	bne.n	1000576a <cyw43_read_backplane.constprop.0+0x9e>
10005730:	23c0      	movs	r3, #192	@ 0xc0
10005732:	055b      	lsls	r3, r3, #21
10005734:	60a3      	str	r3, [r4, #8]
10005736:	0030      	movs	r0, r6
10005738:	bd70      	pop	{r4, r5, r6, pc}
1000573a:	2101      	movs	r1, #1
1000573c:	0020      	movs	r0, r4
1000573e:	4a19      	ldr	r2, [pc, #100]	@ (100057a4 <cyw43_read_backplane.constprop.0+0xd8>)
10005740:	0a33      	lsrs	r3, r6, #8
10005742:	f7ff fa03 	bl	10004b4c <cyw43_write_reg_u8>
10005746:	e7d6      	b.n	100056f6 <cyw43_read_backplane.constprop.0+0x2a>
10005748:	0c33      	lsrs	r3, r6, #16
1000574a:	2101      	movs	r1, #1
1000574c:	0020      	movs	r0, r4
1000574e:	4a16      	ldr	r2, [pc, #88]	@ (100057a8 <cyw43_read_backplane.constprop.0+0xdc>)
10005750:	f7ff f9fc 	bl	10004b4c <cyw43_write_reg_u8>
10005754:	68a3      	ldr	r3, [r4, #8]
10005756:	4073      	eors	r3, r6
10005758:	e7c9      	b.n	100056ee <cyw43_read_backplane.constprop.0+0x22>
1000575a:	0e33      	lsrs	r3, r6, #24
1000575c:	2101      	movs	r1, #1
1000575e:	4a13      	ldr	r2, [pc, #76]	@ (100057ac <cyw43_read_backplane.constprop.0+0xe0>)
10005760:	f7ff f9f4 	bl	10004b4c <cyw43_write_reg_u8>
10005764:	68a3      	ldr	r3, [r4, #8]
10005766:	4073      	eors	r3, r6
10005768:	e7bd      	b.n	100056e6 <cyw43_read_backplane.constprop.0+0x1a>
1000576a:	23c0      	movs	r3, #192	@ 0xc0
1000576c:	2101      	movs	r1, #1
1000576e:	0020      	movs	r0, r4
10005770:	4a0c      	ldr	r2, [pc, #48]	@ (100057a4 <cyw43_read_backplane.constprop.0+0xd8>)
10005772:	035b      	lsls	r3, r3, #13
10005774:	f7ff f9ea 	bl	10004b4c <cyw43_write_reg_u8>
10005778:	e7da      	b.n	10005730 <cyw43_read_backplane.constprop.0+0x64>
1000577a:	23c0      	movs	r3, #192	@ 0xc0
1000577c:	4a0a      	ldr	r2, [pc, #40]	@ (100057a8 <cyw43_read_backplane.constprop.0+0xdc>)
1000577e:	015b      	lsls	r3, r3, #5
10005780:	2101      	movs	r1, #1
10005782:	0020      	movs	r0, r4
10005784:	f7ff f9e2 	bl	10004b4c <cyw43_write_reg_u8>
10005788:	23c0      	movs	r3, #192	@ 0xc0
1000578a:	68a2      	ldr	r2, [r4, #8]
1000578c:	055b      	lsls	r3, r3, #21
1000578e:	4053      	eors	r3, r2
10005790:	e7ca      	b.n	10005728 <cyw43_read_backplane.constprop.0+0x5c>
10005792:	2318      	movs	r3, #24
10005794:	2101      	movs	r1, #1
10005796:	0020      	movs	r0, r4
10005798:	4a04      	ldr	r2, [pc, #16]	@ (100057ac <cyw43_read_backplane.constprop.0+0xe0>)
1000579a:	f7ff f9d7 	bl	10004b4c <cyw43_write_reg_u8>
1000579e:	68a3      	ldr	r3, [r4, #8]
100057a0:	406b      	eors	r3, r5
100057a2:	e7bd      	b.n	10005720 <cyw43_read_backplane.constprop.0+0x54>
100057a4:	0001000a 	.word	0x0001000a
100057a8:	0001000b 	.word	0x0001000b
100057ac:	0001000c 	.word	0x0001000c

100057b0 <cyw43_write_backplane>:
100057b0:	b5f0      	push	{r4, r5, r6, r7, lr}
100057b2:	46c6      	mov	lr, r8
100057b4:	0bce      	lsrs	r6, r1, #15
100057b6:	000d      	movs	r5, r1
100057b8:	6881      	ldr	r1, [r0, #8]
100057ba:	0004      	movs	r4, r0
100057bc:	4690      	mov	r8, r2
100057be:	001f      	movs	r7, r3
100057c0:	b500      	push	{lr}
100057c2:	03f6      	lsls	r6, r6, #15
100057c4:	428e      	cmp	r6, r1
100057c6:	d00d      	beq.n	100057e4 <cyw43_write_backplane+0x34>
100057c8:	2380      	movs	r3, #128	@ 0x80
100057ca:	4071      	eors	r1, r6
100057cc:	045b      	lsls	r3, r3, #17
100057ce:	4299      	cmp	r1, r3
100057d0:	d266      	bcs.n	100058a0 <cyw43_write_backplane+0xf0>
100057d2:	23ff      	movs	r3, #255	@ 0xff
100057d4:	041b      	lsls	r3, r3, #16
100057d6:	4219      	tst	r1, r3
100057d8:	d159      	bne.n	1000588e <cyw43_write_backplane+0xde>
100057da:	23ff      	movs	r3, #255	@ 0xff
100057dc:	021b      	lsls	r3, r3, #8
100057de:	4219      	tst	r1, r3
100057e0:	d125      	bne.n	1000582e <cyw43_write_backplane+0x7e>
100057e2:	60a6      	str	r6, [r4, #8]
100057e4:	2280      	movs	r2, #128	@ 0x80
100057e6:	4643      	mov	r3, r8
100057e8:	046d      	lsls	r5, r5, #17
100057ea:	0c6d      	lsrs	r5, r5, #17
100057ec:	0212      	lsls	r2, r2, #8
100057ee:	432a      	orrs	r2, r5
100057f0:	2b01      	cmp	r3, #1
100057f2:	d023      	beq.n	1000583c <cyw43_write_backplane+0x8c>
100057f4:	003b      	movs	r3, r7
100057f6:	2101      	movs	r1, #1
100057f8:	0020      	movs	r0, r4
100057fa:	f7fe ff93 	bl	10004724 <cyw43_write_reg_u32>
100057fe:	25c0      	movs	r5, #192	@ 0xc0
10005800:	68a3      	ldr	r3, [r4, #8]
10005802:	056d      	lsls	r5, r5, #21
10005804:	42ab      	cmp	r3, r5
10005806:	d00f      	beq.n	10005828 <cyw43_write_backplane+0x78>
10005808:	2280      	movs	r2, #128	@ 0x80
1000580a:	406b      	eors	r3, r5
1000580c:	0452      	lsls	r2, r2, #17
1000580e:	4293      	cmp	r3, r2
10005810:	d21a      	bcs.n	10005848 <cyw43_write_backplane+0x98>
10005812:	22ff      	movs	r2, #255	@ 0xff
10005814:	0412      	lsls	r2, r2, #16
10005816:	4213      	tst	r3, r2
10005818:	d122      	bne.n	10005860 <cyw43_write_backplane+0xb0>
1000581a:	22ff      	movs	r2, #255	@ 0xff
1000581c:	0212      	lsls	r2, r2, #8
1000581e:	4213      	tst	r3, r2
10005820:	d12d      	bne.n	1000587e <cyw43_write_backplane+0xce>
10005822:	23c0      	movs	r3, #192	@ 0xc0
10005824:	055b      	lsls	r3, r3, #21
10005826:	60a3      	str	r3, [r4, #8]
10005828:	bc80      	pop	{r7}
1000582a:	46b8      	mov	r8, r7
1000582c:	bdf0      	pop	{r4, r5, r6, r7, pc}
1000582e:	2101      	movs	r1, #1
10005830:	0020      	movs	r0, r4
10005832:	4a1f      	ldr	r2, [pc, #124]	@ (100058b0 <cyw43_write_backplane+0x100>)
10005834:	0a33      	lsrs	r3, r6, #8
10005836:	f7ff f989 	bl	10004b4c <cyw43_write_reg_u8>
1000583a:	e7d2      	b.n	100057e2 <cyw43_write_backplane+0x32>
1000583c:	003b      	movs	r3, r7
1000583e:	2101      	movs	r1, #1
10005840:	0020      	movs	r0, r4
10005842:	f7ff f983 	bl	10004b4c <cyw43_write_reg_u8>
10005846:	e7da      	b.n	100057fe <cyw43_write_backplane+0x4e>
10005848:	2318      	movs	r3, #24
1000584a:	4a1a      	ldr	r2, [pc, #104]	@ (100058b4 <cyw43_write_backplane+0x104>)
1000584c:	2101      	movs	r1, #1
1000584e:	0020      	movs	r0, r4
10005850:	f7ff f97c 	bl	10004b4c <cyw43_write_reg_u8>
10005854:	22ff      	movs	r2, #255	@ 0xff
10005856:	68a3      	ldr	r3, [r4, #8]
10005858:	0412      	lsls	r2, r2, #16
1000585a:	406b      	eors	r3, r5
1000585c:	4213      	tst	r3, r2
1000585e:	d0dc      	beq.n	1000581a <cyw43_write_backplane+0x6a>
10005860:	23c0      	movs	r3, #192	@ 0xc0
10005862:	4a15      	ldr	r2, [pc, #84]	@ (100058b8 <cyw43_write_backplane+0x108>)
10005864:	015b      	lsls	r3, r3, #5
10005866:	2101      	movs	r1, #1
10005868:	0020      	movs	r0, r4
1000586a:	f7ff f96f 	bl	10004b4c <cyw43_write_reg_u8>
1000586e:	23c0      	movs	r3, #192	@ 0xc0
10005870:	68a2      	ldr	r2, [r4, #8]
10005872:	055b      	lsls	r3, r3, #21
10005874:	4053      	eors	r3, r2
10005876:	22ff      	movs	r2, #255	@ 0xff
10005878:	0212      	lsls	r2, r2, #8
1000587a:	4213      	tst	r3, r2
1000587c:	d0d1      	beq.n	10005822 <cyw43_write_backplane+0x72>
1000587e:	23c0      	movs	r3, #192	@ 0xc0
10005880:	2101      	movs	r1, #1
10005882:	0020      	movs	r0, r4
10005884:	4a0a      	ldr	r2, [pc, #40]	@ (100058b0 <cyw43_write_backplane+0x100>)
10005886:	035b      	lsls	r3, r3, #13
10005888:	f7ff f960 	bl	10004b4c <cyw43_write_reg_u8>
1000588c:	e7c9      	b.n	10005822 <cyw43_write_backplane+0x72>
1000588e:	2101      	movs	r1, #1
10005890:	0020      	movs	r0, r4
10005892:	4a09      	ldr	r2, [pc, #36]	@ (100058b8 <cyw43_write_backplane+0x108>)
10005894:	0c33      	lsrs	r3, r6, #16
10005896:	f7ff f959 	bl	10004b4c <cyw43_write_reg_u8>
1000589a:	68a1      	ldr	r1, [r4, #8]
1000589c:	4071      	eors	r1, r6
1000589e:	e79c      	b.n	100057da <cyw43_write_backplane+0x2a>
100058a0:	2101      	movs	r1, #1
100058a2:	4a04      	ldr	r2, [pc, #16]	@ (100058b4 <cyw43_write_backplane+0x104>)
100058a4:	0e33      	lsrs	r3, r6, #24
100058a6:	f7ff f951 	bl	10004b4c <cyw43_write_reg_u8>
100058aa:	68a1      	ldr	r1, [r4, #8]
100058ac:	4071      	eors	r1, r6
100058ae:	e790      	b.n	100057d2 <cyw43_write_backplane+0x22>
100058b0:	0001000a 	.word	0x0001000a
100058b4:	0001000c 	.word	0x0001000c
100058b8:	0001000b 	.word	0x0001000b

100058bc <reset_device_core.constprop.0>:
100058bc:	b5f8      	push	{r3, r4, r5, r6, r7, lr}
100058be:	46ce      	mov	lr, r9
100058c0:	4647      	mov	r7, r8
100058c2:	0004      	movs	r4, r0
100058c4:	000d      	movs	r5, r1
100058c6:	b580      	push	{r7, lr}
100058c8:	2901      	cmp	r1, #1
100058ca:	d100      	bne.n	100058ce <reset_device_core.constprop.0+0x12>
100058cc:	e1e4      	b.n	10005c98 <reset_device_core.constprop.0+0x3dc>
100058ce:	4bd7      	ldr	r3, [pc, #860]	@ (10005c2c <reset_device_core.constprop.0+0x370>)
100058d0:	27c8      	movs	r7, #200	@ 0xc8
100058d2:	4698      	mov	r8, r3
100058d4:	023f      	lsls	r7, r7, #8
100058d6:	26c0      	movs	r6, #192	@ 0xc0
100058d8:	4641      	mov	r1, r8
100058da:	0020      	movs	r0, r4
100058dc:	f7ff faea 	bl	10004eb4 <cyw43_set_backplane_window>
100058e0:	003a      	movs	r2, r7
100058e2:	2101      	movs	r1, #1
100058e4:	0020      	movs	r0, r4
100058e6:	f7fe fde9 	bl	100044bc <cyw43_read_reg_u8>
100058ea:	68a3      	ldr	r3, [r4, #8]
100058ec:	0576      	lsls	r6, r6, #21
100058ee:	42b3      	cmp	r3, r6
100058f0:	d012      	beq.n	10005918 <reset_device_core.constprop.0+0x5c>
100058f2:	2280      	movs	r2, #128	@ 0x80
100058f4:	4073      	eors	r3, r6
100058f6:	0452      	lsls	r2, r2, #17
100058f8:	4293      	cmp	r3, r2
100058fa:	d300      	bcc.n	100058fe <reset_device_core.constprop.0+0x42>
100058fc:	e0e7      	b.n	10005ace <reset_device_core.constprop.0+0x212>
100058fe:	22ff      	movs	r2, #255	@ 0xff
10005900:	0412      	lsls	r2, r2, #16
10005902:	4213      	tst	r3, r2
10005904:	d000      	beq.n	10005908 <reset_device_core.constprop.0+0x4c>
10005906:	e0ef      	b.n	10005ae8 <reset_device_core.constprop.0+0x22c>
10005908:	22ff      	movs	r2, #255	@ 0xff
1000590a:	0212      	lsls	r2, r2, #8
1000590c:	4213      	tst	r3, r2
1000590e:	d000      	beq.n	10005912 <reset_device_core.constprop.0+0x56>
10005910:	e0fa      	b.n	10005b08 <reset_device_core.constprop.0+0x24c>
10005912:	23c0      	movs	r3, #192	@ 0xc0
10005914:	055b      	lsls	r3, r3, #21
10005916:	60a3      	str	r3, [r4, #8]
10005918:	4641      	mov	r1, r8
1000591a:	0020      	movs	r0, r4
1000591c:	f7ff faca 	bl	10004eb4 <cyw43_set_backplane_window>
10005920:	003a      	movs	r2, r7
10005922:	2101      	movs	r1, #1
10005924:	0020      	movs	r0, r4
10005926:	f7fe fdc9 	bl	100044bc <cyw43_read_reg_u8>
1000592a:	22c0      	movs	r2, #192	@ 0xc0
1000592c:	68a3      	ldr	r3, [r4, #8]
1000592e:	0552      	lsls	r2, r2, #21
10005930:	0006      	movs	r6, r0
10005932:	4691      	mov	r9, r2
10005934:	4293      	cmp	r3, r2
10005936:	d012      	beq.n	1000595e <reset_device_core.constprop.0+0xa2>
10005938:	4053      	eors	r3, r2
1000593a:	2280      	movs	r2, #128	@ 0x80
1000593c:	0452      	lsls	r2, r2, #17
1000593e:	4293      	cmp	r3, r2
10005940:	d300      	bcc.n	10005944 <reset_device_core.constprop.0+0x88>
10005942:	e19e      	b.n	10005c82 <reset_device_core.constprop.0+0x3c6>
10005944:	22ff      	movs	r2, #255	@ 0xff
10005946:	0412      	lsls	r2, r2, #16
10005948:	4213      	tst	r3, r2
1000594a:	d000      	beq.n	1000594e <reset_device_core.constprop.0+0x92>
1000594c:	e18d      	b.n	10005c6a <reset_device_core.constprop.0+0x3ae>
1000594e:	22ff      	movs	r2, #255	@ 0xff
10005950:	0212      	lsls	r2, r2, #8
10005952:	4213      	tst	r3, r2
10005954:	d000      	beq.n	10005958 <reset_device_core.constprop.0+0x9c>
10005956:	e180      	b.n	10005c5a <reset_device_core.constprop.0+0x39e>
10005958:	23c0      	movs	r3, #192	@ 0xc0
1000595a:	055b      	lsls	r3, r3, #21
1000595c:	60a3      	str	r3, [r4, #8]
1000595e:	07f6      	lsls	r6, r6, #31
10005960:	d400      	bmi.n	10005964 <reset_device_core.constprop.0+0xa8>
10005962:	e1a1      	b.n	10005ca8 <reset_device_core.constprop.0+0x3ec>
10005964:	2d01      	cmp	r5, #1
10005966:	d100      	bne.n	1000596a <reset_device_core.constprop.0+0xae>
10005968:	e19b      	b.n	10005ca2 <reset_device_core.constprop.0+0x3e6>
1000596a:	4db1      	ldr	r5, [pc, #708]	@ (10005c30 <reset_device_core.constprop.0+0x374>)
1000596c:	4eb1      	ldr	r6, [pc, #708]	@ (10005c34 <reset_device_core.constprop.0+0x378>)
1000596e:	0031      	movs	r1, r6
10005970:	0020      	movs	r0, r4
10005972:	f7ff fa9f 	bl	10004eb4 <cyw43_set_backplane_window>
10005976:	2303      	movs	r3, #3
10005978:	002a      	movs	r2, r5
1000597a:	2101      	movs	r1, #1
1000597c:	0020      	movs	r0, r4
1000597e:	f7ff f8e5 	bl	10004b4c <cyw43_write_reg_u8>
10005982:	22c0      	movs	r2, #192	@ 0xc0
10005984:	68a3      	ldr	r3, [r4, #8]
10005986:	0552      	lsls	r2, r2, #21
10005988:	4691      	mov	r9, r2
1000598a:	4293      	cmp	r3, r2
1000598c:	d012      	beq.n	100059b4 <reset_device_core.constprop.0+0xf8>
1000598e:	4053      	eors	r3, r2
10005990:	2280      	movs	r2, #128	@ 0x80
10005992:	0452      	lsls	r2, r2, #17
10005994:	4293      	cmp	r3, r2
10005996:	d300      	bcc.n	1000599a <reset_device_core.constprop.0+0xde>
10005998:	e154      	b.n	10005c44 <reset_device_core.constprop.0+0x388>
1000599a:	22ff      	movs	r2, #255	@ 0xff
1000599c:	0412      	lsls	r2, r2, #16
1000599e:	4213      	tst	r3, r2
100059a0:	d000      	beq.n	100059a4 <reset_device_core.constprop.0+0xe8>
100059a2:	e137      	b.n	10005c14 <reset_device_core.constprop.0+0x358>
100059a4:	22ff      	movs	r2, #255	@ 0xff
100059a6:	0212      	lsls	r2, r2, #8
100059a8:	4213      	tst	r3, r2
100059aa:	d000      	beq.n	100059ae <reset_device_core.constprop.0+0xf2>
100059ac:	e12a      	b.n	10005c04 <reset_device_core.constprop.0+0x348>
100059ae:	23c0      	movs	r3, #192	@ 0xc0
100059b0:	055b      	lsls	r3, r3, #21
100059b2:	60a3      	str	r3, [r4, #8]
100059b4:	0031      	movs	r1, r6
100059b6:	0020      	movs	r0, r4
100059b8:	f7ff fa7c 	bl	10004eb4 <cyw43_set_backplane_window>
100059bc:	002a      	movs	r2, r5
100059be:	2101      	movs	r1, #1
100059c0:	0020      	movs	r0, r4
100059c2:	f7fe fd7b 	bl	100044bc <cyw43_read_reg_u8>
100059c6:	22c0      	movs	r2, #192	@ 0xc0
100059c8:	68a3      	ldr	r3, [r4, #8]
100059ca:	0552      	lsls	r2, r2, #21
100059cc:	4691      	mov	r9, r2
100059ce:	4293      	cmp	r3, r2
100059d0:	d012      	beq.n	100059f8 <reset_device_core.constprop.0+0x13c>
100059d2:	4053      	eors	r3, r2
100059d4:	2280      	movs	r2, #128	@ 0x80
100059d6:	0452      	lsls	r2, r2, #17
100059d8:	4293      	cmp	r3, r2
100059da:	d300      	bcc.n	100059de <reset_device_core.constprop.0+0x122>
100059dc:	e107      	b.n	10005bee <reset_device_core.constprop.0+0x332>
100059de:	22ff      	movs	r2, #255	@ 0xff
100059e0:	0412      	lsls	r2, r2, #16
100059e2:	4213      	tst	r3, r2
100059e4:	d000      	beq.n	100059e8 <reset_device_core.constprop.0+0x12c>
100059e6:	e0f6      	b.n	10005bd6 <reset_device_core.constprop.0+0x31a>
100059e8:	22ff      	movs	r2, #255	@ 0xff
100059ea:	0212      	lsls	r2, r2, #8
100059ec:	4213      	tst	r3, r2
100059ee:	d000      	beq.n	100059f2 <reset_device_core.constprop.0+0x136>
100059f0:	e0e9      	b.n	10005bc6 <reset_device_core.constprop.0+0x30a>
100059f2:	23c0      	movs	r3, #192	@ 0xc0
100059f4:	055b      	lsls	r3, r3, #21
100059f6:	60a3      	str	r3, [r4, #8]
100059f8:	4641      	mov	r1, r8
100059fa:	0020      	movs	r0, r4
100059fc:	f7ff fa5a 	bl	10004eb4 <cyw43_set_backplane_window>
10005a00:	003a      	movs	r2, r7
10005a02:	27c0      	movs	r7, #192	@ 0xc0
10005a04:	2300      	movs	r3, #0
10005a06:	2101      	movs	r1, #1
10005a08:	0020      	movs	r0, r4
10005a0a:	f7ff f89f 	bl	10004b4c <cyw43_write_reg_u8>
10005a0e:	68a3      	ldr	r3, [r4, #8]
10005a10:	057f      	lsls	r7, r7, #21
10005a12:	42bb      	cmp	r3, r7
10005a14:	d012      	beq.n	10005a3c <reset_device_core.constprop.0+0x180>
10005a16:	2280      	movs	r2, #128	@ 0x80
10005a18:	407b      	eors	r3, r7
10005a1a:	0452      	lsls	r2, r2, #17
10005a1c:	4293      	cmp	r3, r2
10005a1e:	d300      	bcc.n	10005a22 <reset_device_core.constprop.0+0x166>
10005a20:	e0c8      	b.n	10005bb4 <reset_device_core.constprop.0+0x2f8>
10005a22:	22ff      	movs	r2, #255	@ 0xff
10005a24:	0412      	lsls	r2, r2, #16
10005a26:	4213      	tst	r3, r2
10005a28:	d000      	beq.n	10005a2c <reset_device_core.constprop.0+0x170>
10005a2a:	e0b7      	b.n	10005b9c <reset_device_core.constprop.0+0x2e0>
10005a2c:	22ff      	movs	r2, #255	@ 0xff
10005a2e:	0212      	lsls	r2, r2, #8
10005a30:	4213      	tst	r3, r2
10005a32:	d000      	beq.n	10005a36 <reset_device_core.constprop.0+0x17a>
10005a34:	e0aa      	b.n	10005b8c <reset_device_core.constprop.0+0x2d0>
10005a36:	23c0      	movs	r3, #192	@ 0xc0
10005a38:	055b      	lsls	r3, r3, #21
10005a3a:	60a3      	str	r3, [r4, #8]
10005a3c:	27c0      	movs	r7, #192	@ 0xc0
10005a3e:	2001      	movs	r0, #1
10005a40:	f001 fcc0 	bl	100073c4 <cyw43_delay_ms>
10005a44:	0031      	movs	r1, r6
10005a46:	0020      	movs	r0, r4
10005a48:	f7ff fa34 	bl	10004eb4 <cyw43_set_backplane_window>
10005a4c:	2301      	movs	r3, #1
10005a4e:	002a      	movs	r2, r5
10005a50:	2101      	movs	r1, #1
10005a52:	0020      	movs	r0, r4
10005a54:	f7ff f87a 	bl	10004b4c <cyw43_write_reg_u8>
10005a58:	68a3      	ldr	r3, [r4, #8]
10005a5a:	057f      	lsls	r7, r7, #21
10005a5c:	42bb      	cmp	r3, r7
10005a5e:	d011      	beq.n	10005a84 <reset_device_core.constprop.0+0x1c8>
10005a60:	2280      	movs	r2, #128	@ 0x80
10005a62:	407b      	eors	r3, r7
10005a64:	0452      	lsls	r2, r2, #17
10005a66:	4293      	cmp	r3, r2
10005a68:	d300      	bcc.n	10005a6c <reset_device_core.constprop.0+0x1b0>
10005a6a:	e086      	b.n	10005b7a <reset_device_core.constprop.0+0x2be>
10005a6c:	22ff      	movs	r2, #255	@ 0xff
10005a6e:	0412      	lsls	r2, r2, #16
10005a70:	4213      	tst	r3, r2
10005a72:	d000      	beq.n	10005a76 <reset_device_core.constprop.0+0x1ba>
10005a74:	e075      	b.n	10005b62 <reset_device_core.constprop.0+0x2a6>
10005a76:	22ff      	movs	r2, #255	@ 0xff
10005a78:	0212      	lsls	r2, r2, #8
10005a7a:	4213      	tst	r3, r2
10005a7c:	d169      	bne.n	10005b52 <reset_device_core.constprop.0+0x296>
10005a7e:	23c0      	movs	r3, #192	@ 0xc0
10005a80:	055b      	lsls	r3, r3, #21
10005a82:	60a3      	str	r3, [r4, #8]
10005a84:	0031      	movs	r1, r6
10005a86:	0020      	movs	r0, r4
10005a88:	f7ff fa14 	bl	10004eb4 <cyw43_set_backplane_window>
10005a8c:	002a      	movs	r2, r5
10005a8e:	25c0      	movs	r5, #192	@ 0xc0
10005a90:	2101      	movs	r1, #1
10005a92:	0020      	movs	r0, r4
10005a94:	f7fe fd12 	bl	100044bc <cyw43_read_reg_u8>
10005a98:	68a3      	ldr	r3, [r4, #8]
10005a9a:	056d      	lsls	r5, r5, #21
10005a9c:	42ab      	cmp	r3, r5
10005a9e:	d00f      	beq.n	10005ac0 <reset_device_core.constprop.0+0x204>
10005aa0:	2280      	movs	r2, #128	@ 0x80
10005aa2:	406b      	eors	r3, r5
10005aa4:	0452      	lsls	r2, r2, #17
10005aa6:	4293      	cmp	r3, r2
10005aa8:	d24a      	bcs.n	10005b40 <reset_device_core.constprop.0+0x284>
10005aaa:	22ff      	movs	r2, #255	@ 0xff
10005aac:	0412      	lsls	r2, r2, #16
10005aae:	4213      	tst	r3, r2
10005ab0:	d13a      	bne.n	10005b28 <reset_device_core.constprop.0+0x26c>
10005ab2:	22ff      	movs	r2, #255	@ 0xff
10005ab4:	0212      	lsls	r2, r2, #8
10005ab6:	4213      	tst	r3, r2
10005ab8:	d12e      	bne.n	10005b18 <reset_device_core.constprop.0+0x25c>
10005aba:	23c0      	movs	r3, #192	@ 0xc0
10005abc:	055b      	lsls	r3, r3, #21
10005abe:	60a3      	str	r3, [r4, #8]
10005ac0:	2001      	movs	r0, #1
10005ac2:	f001 fc7f 	bl	100073c4 <cyw43_delay_ms>
10005ac6:	bcc0      	pop	{r6, r7}
10005ac8:	46b9      	mov	r9, r7
10005aca:	46b0      	mov	r8, r6
10005acc:	bdf8      	pop	{r3, r4, r5, r6, r7, pc}
10005ace:	2318      	movs	r3, #24
10005ad0:	4a59      	ldr	r2, [pc, #356]	@ (10005c38 <reset_device_core.constprop.0+0x37c>)
10005ad2:	2101      	movs	r1, #1
10005ad4:	0020      	movs	r0, r4
10005ad6:	f7ff f839 	bl	10004b4c <cyw43_write_reg_u8>
10005ada:	22ff      	movs	r2, #255	@ 0xff
10005adc:	68a3      	ldr	r3, [r4, #8]
10005ade:	0412      	lsls	r2, r2, #16
10005ae0:	4073      	eors	r3, r6
10005ae2:	4213      	tst	r3, r2
10005ae4:	d100      	bne.n	10005ae8 <reset_device_core.constprop.0+0x22c>
10005ae6:	e70f      	b.n	10005908 <reset_device_core.constprop.0+0x4c>
10005ae8:	23c0      	movs	r3, #192	@ 0xc0
10005aea:	4a54      	ldr	r2, [pc, #336]	@ (10005c3c <reset_device_core.constprop.0+0x380>)
10005aec:	015b      	lsls	r3, r3, #5
10005aee:	2101      	movs	r1, #1
10005af0:	0020      	movs	r0, r4
10005af2:	f7ff f82b 	bl	10004b4c <cyw43_write_reg_u8>
10005af6:	23c0      	movs	r3, #192	@ 0xc0
10005af8:	68a2      	ldr	r2, [r4, #8]
10005afa:	055b      	lsls	r3, r3, #21
10005afc:	4053      	eors	r3, r2
10005afe:	22ff      	movs	r2, #255	@ 0xff
10005b00:	0212      	lsls	r2, r2, #8
10005b02:	4213      	tst	r3, r2
10005b04:	d100      	bne.n	10005b08 <reset_device_core.constprop.0+0x24c>
10005b06:	e704      	b.n	10005912 <reset_device_core.constprop.0+0x56>
10005b08:	23c0      	movs	r3, #192	@ 0xc0
10005b0a:	2101      	movs	r1, #1
10005b0c:	0020      	movs	r0, r4
10005b0e:	4a4c      	ldr	r2, [pc, #304]	@ (10005c40 <reset_device_core.constprop.0+0x384>)
10005b10:	035b      	lsls	r3, r3, #13
10005b12:	f7ff f81b 	bl	10004b4c <cyw43_write_reg_u8>
10005b16:	e6fc      	b.n	10005912 <reset_device_core.constprop.0+0x56>
10005b18:	23c0      	movs	r3, #192	@ 0xc0
10005b1a:	2101      	movs	r1, #1
10005b1c:	0020      	movs	r0, r4
10005b1e:	4a48      	ldr	r2, [pc, #288]	@ (10005c40 <reset_device_core.constprop.0+0x384>)
10005b20:	035b      	lsls	r3, r3, #13
10005b22:	f7ff f813 	bl	10004b4c <cyw43_write_reg_u8>
10005b26:	e7c8      	b.n	10005aba <reset_device_core.constprop.0+0x1fe>
10005b28:	23c0      	movs	r3, #192	@ 0xc0
10005b2a:	4a44      	ldr	r2, [pc, #272]	@ (10005c3c <reset_device_core.constprop.0+0x380>)
10005b2c:	015b      	lsls	r3, r3, #5
10005b2e:	2101      	movs	r1, #1
10005b30:	0020      	movs	r0, r4
10005b32:	f7ff f80b 	bl	10004b4c <cyw43_write_reg_u8>
10005b36:	23c0      	movs	r3, #192	@ 0xc0
10005b38:	68a2      	ldr	r2, [r4, #8]
10005b3a:	055b      	lsls	r3, r3, #21
10005b3c:	4053      	eors	r3, r2
10005b3e:	e7b8      	b.n	10005ab2 <reset_device_core.constprop.0+0x1f6>
10005b40:	2318      	movs	r3, #24
10005b42:	2101      	movs	r1, #1
10005b44:	0020      	movs	r0, r4
10005b46:	4a3c      	ldr	r2, [pc, #240]	@ (10005c38 <reset_device_core.constprop.0+0x37c>)
10005b48:	f7ff f800 	bl	10004b4c <cyw43_write_reg_u8>
10005b4c:	68a3      	ldr	r3, [r4, #8]
10005b4e:	406b      	eors	r3, r5
10005b50:	e7ab      	b.n	10005aaa <reset_device_core.constprop.0+0x1ee>
10005b52:	23c0      	movs	r3, #192	@ 0xc0
10005b54:	2101      	movs	r1, #1
10005b56:	0020      	movs	r0, r4
10005b58:	4a39      	ldr	r2, [pc, #228]	@ (10005c40 <reset_device_core.constprop.0+0x384>)
10005b5a:	035b      	lsls	r3, r3, #13
10005b5c:	f7fe fff6 	bl	10004b4c <cyw43_write_reg_u8>
10005b60:	e78d      	b.n	10005a7e <reset_device_core.constprop.0+0x1c2>
10005b62:	23c0      	movs	r3, #192	@ 0xc0
10005b64:	4a35      	ldr	r2, [pc, #212]	@ (10005c3c <reset_device_core.constprop.0+0x380>)
10005b66:	015b      	lsls	r3, r3, #5
10005b68:	2101      	movs	r1, #1
10005b6a:	0020      	movs	r0, r4
10005b6c:	f7fe ffee 	bl	10004b4c <cyw43_write_reg_u8>
10005b70:	23c0      	movs	r3, #192	@ 0xc0
10005b72:	68a2      	ldr	r2, [r4, #8]
10005b74:	055b      	lsls	r3, r3, #21
10005b76:	4053      	eors	r3, r2
10005b78:	e77d      	b.n	10005a76 <reset_device_core.constprop.0+0x1ba>
10005b7a:	2318      	movs	r3, #24
10005b7c:	2101      	movs	r1, #1
10005b7e:	0020      	movs	r0, r4
10005b80:	4a2d      	ldr	r2, [pc, #180]	@ (10005c38 <reset_device_core.constprop.0+0x37c>)
10005b82:	f7fe ffe3 	bl	10004b4c <cyw43_write_reg_u8>
10005b86:	68a3      	ldr	r3, [r4, #8]
10005b88:	407b      	eors	r3, r7
10005b8a:	e76f      	b.n	10005a6c <reset_device_core.constprop.0+0x1b0>
10005b8c:	23c0      	movs	r3, #192	@ 0xc0
10005b8e:	2101      	movs	r1, #1
10005b90:	0020      	movs	r0, r4
10005b92:	4a2b      	ldr	r2, [pc, #172]	@ (10005c40 <reset_device_core.constprop.0+0x384>)
10005b94:	035b      	lsls	r3, r3, #13
10005b96:	f7fe ffd9 	bl	10004b4c <cyw43_write_reg_u8>
10005b9a:	e74c      	b.n	10005a36 <reset_device_core.constprop.0+0x17a>
10005b9c:	23c0      	movs	r3, #192	@ 0xc0
10005b9e:	4a27      	ldr	r2, [pc, #156]	@ (10005c3c <reset_device_core.constprop.0+0x380>)
10005ba0:	015b      	lsls	r3, r3, #5
10005ba2:	2101      	movs	r1, #1
10005ba4:	0020      	movs	r0, r4
10005ba6:	f7fe ffd1 	bl	10004b4c <cyw43_write_reg_u8>
10005baa:	23c0      	movs	r3, #192	@ 0xc0
10005bac:	68a2      	ldr	r2, [r4, #8]
10005bae:	055b      	lsls	r3, r3, #21
10005bb0:	4053      	eors	r3, r2
10005bb2:	e73b      	b.n	10005a2c <reset_device_core.constprop.0+0x170>
10005bb4:	2318      	movs	r3, #24
10005bb6:	2101      	movs	r1, #1
10005bb8:	0020      	movs	r0, r4
10005bba:	4a1f      	ldr	r2, [pc, #124]	@ (10005c38 <reset_device_core.constprop.0+0x37c>)
10005bbc:	f7fe ffc6 	bl	10004b4c <cyw43_write_reg_u8>
10005bc0:	68a3      	ldr	r3, [r4, #8]
10005bc2:	407b      	eors	r3, r7
10005bc4:	e72d      	b.n	10005a22 <reset_device_core.constprop.0+0x166>
10005bc6:	23c0      	movs	r3, #192	@ 0xc0
10005bc8:	2101      	movs	r1, #1
10005bca:	0020      	movs	r0, r4
10005bcc:	4a1c      	ldr	r2, [pc, #112]	@ (10005c40 <reset_device_core.constprop.0+0x384>)
10005bce:	035b      	lsls	r3, r3, #13
10005bd0:	f7fe ffbc 	bl	10004b4c <cyw43_write_reg_u8>
10005bd4:	e70d      	b.n	100059f2 <reset_device_core.constprop.0+0x136>
10005bd6:	23c0      	movs	r3, #192	@ 0xc0
10005bd8:	4a18      	ldr	r2, [pc, #96]	@ (10005c3c <reset_device_core.constprop.0+0x380>)
10005bda:	015b      	lsls	r3, r3, #5
10005bdc:	2101      	movs	r1, #1
10005bde:	0020      	movs	r0, r4
10005be0:	f7fe ffb4 	bl	10004b4c <cyw43_write_reg_u8>
10005be4:	23c0      	movs	r3, #192	@ 0xc0
10005be6:	68a2      	ldr	r2, [r4, #8]
10005be8:	055b      	lsls	r3, r3, #21
10005bea:	4053      	eors	r3, r2
10005bec:	e6fc      	b.n	100059e8 <reset_device_core.constprop.0+0x12c>
10005bee:	2318      	movs	r3, #24
10005bf0:	4a11      	ldr	r2, [pc, #68]	@ (10005c38 <reset_device_core.constprop.0+0x37c>)
10005bf2:	2101      	movs	r1, #1
10005bf4:	0020      	movs	r0, r4
10005bf6:	f7fe ffa9 	bl	10004b4c <cyw43_write_reg_u8>
10005bfa:	464a      	mov	r2, r9
10005bfc:	68a3      	ldr	r3, [r4, #8]
10005bfe:	405a      	eors	r2, r3
10005c00:	0013      	movs	r3, r2
10005c02:	e6ec      	b.n	100059de <reset_device_core.constprop.0+0x122>
10005c04:	23c0      	movs	r3, #192	@ 0xc0
10005c06:	2101      	movs	r1, #1
10005c08:	0020      	movs	r0, r4
10005c0a:	4a0d      	ldr	r2, [pc, #52]	@ (10005c40 <reset_device_core.constprop.0+0x384>)
10005c0c:	035b      	lsls	r3, r3, #13
10005c0e:	f7fe ff9d 	bl	10004b4c <cyw43_write_reg_u8>
10005c12:	e6cc      	b.n	100059ae <reset_device_core.constprop.0+0xf2>
10005c14:	23c0      	movs	r3, #192	@ 0xc0
10005c16:	4a09      	ldr	r2, [pc, #36]	@ (10005c3c <reset_device_core.constprop.0+0x380>)
10005c18:	015b      	lsls	r3, r3, #5
10005c1a:	2101      	movs	r1, #1
10005c1c:	0020      	movs	r0, r4
10005c1e:	f7fe ff95 	bl	10004b4c <cyw43_write_reg_u8>
10005c22:	23c0      	movs	r3, #192	@ 0xc0
10005c24:	68a2      	ldr	r2, [r4, #8]
10005c26:	055b      	lsls	r3, r3, #21
10005c28:	4053      	eors	r3, r2
10005c2a:	e6bb      	b.n	100059a4 <reset_device_core.constprop.0+0xe8>
10005c2c:	18104800 	.word	0x18104800
10005c30:	0000c408 	.word	0x0000c408
10005c34:	18104408 	.word	0x18104408
10005c38:	0001000c 	.word	0x0001000c
10005c3c:	0001000b 	.word	0x0001000b
10005c40:	0001000a 	.word	0x0001000a
10005c44:	2318      	movs	r3, #24
10005c46:	4a1a      	ldr	r2, [pc, #104]	@ (10005cb0 <reset_device_core.constprop.0+0x3f4>)
10005c48:	2101      	movs	r1, #1
10005c4a:	0020      	movs	r0, r4
10005c4c:	f7fe ff7e 	bl	10004b4c <cyw43_write_reg_u8>
10005c50:	464a      	mov	r2, r9
10005c52:	68a3      	ldr	r3, [r4, #8]
10005c54:	405a      	eors	r2, r3
10005c56:	0013      	movs	r3, r2
10005c58:	e69f      	b.n	1000599a <reset_device_core.constprop.0+0xde>
10005c5a:	23c0      	movs	r3, #192	@ 0xc0
10005c5c:	2101      	movs	r1, #1
10005c5e:	0020      	movs	r0, r4
10005c60:	4a14      	ldr	r2, [pc, #80]	@ (10005cb4 <reset_device_core.constprop.0+0x3f8>)
10005c62:	035b      	lsls	r3, r3, #13
10005c64:	f7fe ff72 	bl	10004b4c <cyw43_write_reg_u8>
10005c68:	e676      	b.n	10005958 <reset_device_core.constprop.0+0x9c>
10005c6a:	23c0      	movs	r3, #192	@ 0xc0
10005c6c:	4a12      	ldr	r2, [pc, #72]	@ (10005cb8 <reset_device_core.constprop.0+0x3fc>)
10005c6e:	015b      	lsls	r3, r3, #5
10005c70:	2101      	movs	r1, #1
10005c72:	0020      	movs	r0, r4
10005c74:	f7fe ff6a 	bl	10004b4c <cyw43_write_reg_u8>
10005c78:	23c0      	movs	r3, #192	@ 0xc0
10005c7a:	68a2      	ldr	r2, [r4, #8]
10005c7c:	055b      	lsls	r3, r3, #21
10005c7e:	4053      	eors	r3, r2
10005c80:	e665      	b.n	1000594e <reset_device_core.constprop.0+0x92>
10005c82:	2318      	movs	r3, #24
10005c84:	4a0a      	ldr	r2, [pc, #40]	@ (10005cb0 <reset_device_core.constprop.0+0x3f4>)
10005c86:	2101      	movs	r1, #1
10005c88:	0020      	movs	r0, r4
10005c8a:	f7fe ff5f 	bl	10004b4c <cyw43_write_reg_u8>
10005c8e:	464a      	mov	r2, r9
10005c90:	68a3      	ldr	r3, [r4, #8]
10005c92:	405a      	eors	r2, r3
10005c94:	0013      	movs	r3, r2
10005c96:	e655      	b.n	10005944 <reset_device_core.constprop.0+0x88>
10005c98:	27b8      	movs	r7, #184	@ 0xb8
10005c9a:	4b08      	ldr	r3, [pc, #32]	@ (10005cbc <reset_device_core.constprop.0+0x400>)
10005c9c:	023f      	lsls	r7, r7, #8
10005c9e:	4698      	mov	r8, r3
10005ca0:	e619      	b.n	100058d6 <reset_device_core.constprop.0+0x1a>
10005ca2:	4d07      	ldr	r5, [pc, #28]	@ (10005cc0 <reset_device_core.constprop.0+0x404>)
10005ca4:	4e07      	ldr	r6, [pc, #28]	@ (10005cc4 <reset_device_core.constprop.0+0x408>)
10005ca6:	e662      	b.n	1000596e <reset_device_core.constprop.0+0xb2>
10005ca8:	4807      	ldr	r0, [pc, #28]	@ (10005cc8 <reset_device_core.constprop.0+0x40c>)
10005caa:	f7fd ff6b 	bl	10003b84 <__wrap_puts>
10005cae:	e659      	b.n	10005964 <reset_device_core.constprop.0+0xa8>
10005cb0:	0001000c 	.word	0x0001000c
10005cb4:	0001000a 	.word	0x0001000a
10005cb8:	0001000b 	.word	0x0001000b
10005cbc:	18103800 	.word	0x18103800
10005cc0:	0000b408 	.word	0x0000b408
10005cc4:	18103408 	.word	0x18103408
10005cc8:	10008008 	.word	0x10008008

10005ccc <cyw43_ll_init>:
10005ccc:	2280      	movs	r2, #128	@ 0x80
10005cce:	2300      	movs	r3, #0
10005cd0:	0052      	lsls	r2, r2, #1
10005cd2:	8182      	strh	r2, [r0, #12]
10005cd4:	4a03      	ldr	r2, [pc, #12]	@ (10005ce4 <cyw43_ll_init+0x18>)
10005cd6:	6001      	str	r1, [r0, #0]
10005cd8:	6083      	str	r3, [r0, #8]
10005cda:	7383      	strb	r3, [r0, #14]
10005cdc:	6103      	str	r3, [r0, #16]
10005cde:	5083      	str	r3, [r0, r2]
10005ce0:	4770      	bx	lr
10005ce2:	46c0      	nop			@ (mov r8, r8)
10005ce4:	0000084c 	.word	0x0000084c

10005ce8 <cyw43_ll_deinit>:
10005ce8:	b510      	push	{r4, lr}
10005cea:	f7fe f869 	bl	10003dc0 <cyw43_spi_deinit>
10005cee:	bd10      	pop	{r4, pc}

10005cf0 <cyw43_ll_process_packets>:
10005cf0:	b510      	push	{r4, lr}
10005cf2:	0004      	movs	r4, r0
10005cf4:	b082      	sub	sp, #8
10005cf6:	4669      	mov	r1, sp
10005cf8:	0020      	movs	r0, r4
10005cfa:	aa01      	add	r2, sp, #4
10005cfc:	f7ff f9e8 	bl	100050d0 <cyw43_ll_sdpcm_poll_device>
10005d00:	1c43      	adds	r3, r0, #1
10005d02:	d014      	beq.n	10005d2e <cyw43_ll_process_packets+0x3e>
10005d04:	1d03      	adds	r3, r0, #4
10005d06:	d0f6      	beq.n	10005cf6 <cyw43_ll_process_packets+0x6>
10005d08:	2801      	cmp	r0, #1
10005d0a:	d012      	beq.n	10005d32 <cyw43_ll_process_packets+0x42>
10005d0c:	2802      	cmp	r0, #2
10005d0e:	d1f2      	bne.n	10005cf6 <cyw43_ll_process_packets+0x6>
10005d10:	9900      	ldr	r1, [sp, #0]
10005d12:	9b01      	ldr	r3, [sp, #4]
10005d14:	004a      	lsls	r2, r1, #1
10005d16:	6820      	ldr	r0, [r4, #0]
10005d18:	0852      	lsrs	r2, r2, #1
10005d1a:	0fc9      	lsrs	r1, r1, #31
10005d1c:	f001 fb84 	bl	10007428 <cyw43_cb_process_ethernet>
10005d20:	4669      	mov	r1, sp
10005d22:	0020      	movs	r0, r4
10005d24:	aa01      	add	r2, sp, #4
10005d26:	f7ff f9d3 	bl	100050d0 <cyw43_ll_sdpcm_poll_device>
10005d2a:	1c43      	adds	r3, r0, #1
10005d2c:	d1ea      	bne.n	10005d04 <cyw43_ll_process_packets+0x14>
10005d2e:	b002      	add	sp, #8
10005d30:	bd10      	pop	{r4, pc}
10005d32:	9901      	ldr	r1, [sp, #4]
10005d34:	9800      	ldr	r0, [sp, #0]
10005d36:	f7ff f8f1 	bl	10004f1c <cyw43_ll_parse_async_event>
10005d3a:	0001      	movs	r1, r0
10005d3c:	0020      	movs	r0, r4
10005d3e:	f000 fecf 	bl	10006ae0 <cyw43_cb_process_async_event>
10005d42:	e7d8      	b.n	10005cf6 <cyw43_ll_process_packets+0x6>

10005d44 <cyw43_ll_ioctl>:
10005d44:	b5f0      	push	{r4, r5, r6, r7, lr}
10005d46:	2702      	movs	r7, #2
10005d48:	46c6      	mov	lr, r8
10005d4a:	4698      	mov	r8, r3
10005d4c:	004b      	lsls	r3, r1, #1
10005d4e:	401f      	ands	r7, r3
10005d50:	2380      	movs	r3, #128	@ 0x80
10005d52:	b500      	push	{lr}
10005d54:	0016      	movs	r6, r2
10005d56:	321c      	adds	r2, #28
10005d58:	0004      	movs	r4, r0
10005d5a:	b082      	sub	sp, #8
10005d5c:	084d      	lsrs	r5, r1, #1
10005d5e:	011b      	lsls	r3, r3, #4
10005d60:	429a      	cmp	r2, r3
10005d62:	d82b      	bhi.n	10005dbc <cyw43_ll_ioctl+0x78>
10005d64:	0433      	lsls	r3, r6, #16
10005d66:	8a00      	ldrh	r0, [r0, #16]
10005d68:	0c1b      	lsrs	r3, r3, #16
10005d6a:	63a3      	str	r3, [r4, #56]	@ 0x38
10005d6c:	9b08      	ldr	r3, [sp, #32]
10005d6e:	3001      	adds	r0, #1
10005d70:	b280      	uxth	r0, r0
10005d72:	031b      	lsls	r3, r3, #12
10005d74:	8220      	strh	r0, [r4, #16]
10005d76:	433b      	orrs	r3, r7
10005d78:	0400      	lsls	r0, r0, #16
10005d7a:	4303      	orrs	r3, r0
10005d7c:	63e3      	str	r3, [r4, #60]	@ 0x3c
10005d7e:	0020      	movs	r0, r4
10005d80:	2300      	movs	r3, #0
10005d82:	0032      	movs	r2, r6
10005d84:	4641      	mov	r1, r8
10005d86:	6423      	str	r3, [r4, #64]	@ 0x40
10005d88:	6365      	str	r5, [r4, #52]	@ 0x34
10005d8a:	3044      	adds	r0, #68	@ 0x44
10005d8c:	f001 fdf2 	bl	10007974 <memmove>
10005d90:	0023      	movs	r3, r4
10005d92:	0032      	movs	r2, r6
10005d94:	2100      	movs	r1, #0
10005d96:	0020      	movs	r0, r4
10005d98:	3328      	adds	r3, #40	@ 0x28
10005d9a:	3210      	adds	r2, #16
10005d9c:	f7ff fab2 	bl	10005304 <cyw43_sdpcm_send_common>
10005da0:	2800      	cmp	r0, #0
10005da2:	d107      	bne.n	10005db4 <cyw43_ll_ioctl+0x70>
10005da4:	4643      	mov	r3, r8
10005da6:	002a      	movs	r2, r5
10005da8:	9300      	str	r3, [sp, #0]
10005daa:	0039      	movs	r1, r7
10005dac:	0033      	movs	r3, r6
10005dae:	0020      	movs	r0, r4
10005db0:	f7ff fb26 	bl	10005400 <cyw43_do_ioctl.part.0>
10005db4:	b002      	add	sp, #8
10005db6:	bc80      	pop	{r7}
10005db8:	46b8      	mov	r8, r7
10005dba:	bdf0      	pop	{r4, r5, r6, r7, pc}
10005dbc:	2005      	movs	r0, #5
10005dbe:	4240      	negs	r0, r0
10005dc0:	e7f8      	b.n	10005db4 <cyw43_ll_ioctl+0x70>
10005dc2:	46c0      	nop			@ (mov r8, r8)

10005dc4 <cyw43_ll_bus_sleep>:
10005dc4:	b510      	push	{r4, lr}
10005dc6:	0004      	movs	r4, r0
10005dc8:	2900      	cmp	r1, #0
10005dca:	d009      	beq.n	10005de0 <cyw43_ll_bus_sleep+0x1c>
10005dcc:	7c83      	ldrb	r3, [r0, #18]
10005dce:	2b00      	cmp	r3, #0
10005dd0:	d100      	bne.n	10005dd4 <cyw43_ll_bus_sleep+0x10>
10005dd2:	bd10      	pop	{r4, pc}
10005dd4:	2300      	movs	r3, #0
10005dd6:	2100      	movs	r1, #0
10005dd8:	7483      	strb	r3, [r0, #18]
10005dda:	f7ff f939 	bl	10005050 <cyw43_kso_set>
10005dde:	e7f8      	b.n	10005dd2 <cyw43_ll_bus_sleep+0xe>
10005de0:	f000 fe78 	bl	10006ad4 <cyw43_cb_ensure_awake>
10005de4:	7ca3      	ldrb	r3, [r4, #18]
10005de6:	2b00      	cmp	r3, #0
10005de8:	d1f3      	bne.n	10005dd2 <cyw43_ll_bus_sleep+0xe>
10005dea:	2101      	movs	r1, #1
10005dec:	0020      	movs	r0, r4
10005dee:	f7ff f92f 	bl	10005050 <cyw43_kso_set>
10005df2:	2301      	movs	r3, #1
10005df4:	74a3      	strb	r3, [r4, #18]
10005df6:	e7ec      	b.n	10005dd2 <cyw43_ll_bus_sleep+0xe>

10005df8 <cyw43_ll_wifi_get_mac>:
10005df8:	b5f0      	push	{r4, r5, r6, r7, lr}
10005dfa:	46c6      	mov	lr, r8
10005dfc:	0006      	movs	r6, r0
10005dfe:	0004      	movs	r4, r0
10005e00:	b500      	push	{lr}
10005e02:	3644      	adds	r6, #68	@ 0x44
10005e04:	b082      	sub	sp, #8
10005e06:	2214      	movs	r2, #20
10005e08:	000f      	movs	r7, r1
10005e0a:	0030      	movs	r0, r6
10005e0c:	4918      	ldr	r1, [pc, #96]	@ (10005e70 <cyw43_ll_wifi_get_mac+0x78>)
10005e0e:	f7fc fa1d 	bl	1000224c <__wrap___aeabi_memcpy>
10005e12:	8a23      	ldrh	r3, [r4, #16]
10005e14:	2283      	movs	r2, #131	@ 0x83
10005e16:	3301      	adds	r3, #1
10005e18:	b29b      	uxth	r3, r3
10005e1a:	8223      	strh	r3, [r4, #16]
10005e1c:	041b      	lsls	r3, r3, #16
10005e1e:	63e3      	str	r3, [r4, #60]	@ 0x3c
10005e20:	2300      	movs	r3, #0
10005e22:	0052      	lsls	r2, r2, #1
10005e24:	6362      	str	r2, [r4, #52]	@ 0x34
10005e26:	4690      	mov	r8, r2
10005e28:	3af2      	subs	r2, #242	@ 0xf2
10005e2a:	0031      	movs	r1, r6
10005e2c:	63a2      	str	r2, [r4, #56]	@ 0x38
10005e2e:	6423      	str	r3, [r4, #64]	@ 0x40
10005e30:	0030      	movs	r0, r6
10005e32:	f001 fd9f 	bl	10007974 <memmove>
10005e36:	0023      	movs	r3, r4
10005e38:	2224      	movs	r2, #36	@ 0x24
10005e3a:	2100      	movs	r1, #0
10005e3c:	0020      	movs	r0, r4
10005e3e:	3328      	adds	r3, #40	@ 0x28
10005e40:	f7ff fa60 	bl	10005304 <cyw43_sdpcm_send_common>
10005e44:	1e05      	subs	r5, r0, #0
10005e46:	d10d      	bne.n	10005e64 <cyw43_ll_wifi_get_mac+0x6c>
10005e48:	2314      	movs	r3, #20
10005e4a:	4642      	mov	r2, r8
10005e4c:	2100      	movs	r1, #0
10005e4e:	0020      	movs	r0, r4
10005e50:	9600      	str	r6, [sp, #0]
10005e52:	f7ff fad5 	bl	10005400 <cyw43_do_ioctl.part.0>
10005e56:	1e05      	subs	r5, r0, #0
10005e58:	d104      	bne.n	10005e64 <cyw43_ll_wifi_get_mac+0x6c>
10005e5a:	2206      	movs	r2, #6
10005e5c:	0031      	movs	r1, r6
10005e5e:	0038      	movs	r0, r7
10005e60:	f7fc f9f4 	bl	1000224c <__wrap___aeabi_memcpy>
10005e64:	0028      	movs	r0, r5
10005e66:	b002      	add	sp, #8
10005e68:	bc80      	pop	{r7}
10005e6a:	46b8      	mov	r8, r7
10005e6c:	bdf0      	pop	{r4, r5, r6, r7, pc}
10005e6e:	46c0      	nop			@ (mov r8, r8)
10005e70:	1003f440 	.word	0x1003f440

10005e74 <cyw43_ll_bus_init>:
10005e74:	b5f0      	push	{r4, r5, r6, r7, lr}
10005e76:	4657      	mov	r7, sl
10005e78:	46de      	mov	lr, fp
10005e7a:	464e      	mov	r6, r9
10005e7c:	4645      	mov	r5, r8
10005e7e:	b5e0      	push	{r5, r6, r7, lr}
10005e80:	4bb7      	ldr	r3, [pc, #732]	@ (10006160 <cyw43_ll_bus_init+0x2ec>)
10005e82:	b087      	sub	sp, #28
10005e84:	6a9b      	ldr	r3, [r3, #40]	@ 0x28
10005e86:	0004      	movs	r4, r0
10005e88:	6043      	str	r3, [r0, #4]
10005e8a:	000f      	movs	r7, r1
10005e8c:	f7fd ffce 	bl	10003e2c <cyw43_spi_init>
10005e90:	2800      	cmp	r0, #0
10005e92:	d112      	bne.n	10005eba <cyw43_ll_bus_init+0x46>
10005e94:	f7fe fa6e 	bl	10004374 <cyw43_spi_gpio_setup>
10005e98:	250a      	movs	r5, #10
10005e9a:	f7fe fa89 	bl	100043b0 <cyw43_spi_reset>
10005e9e:	4eb1      	ldr	r6, [pc, #708]	@ (10006164 <cyw43_ll_bus_init+0x2f0>)
10005ea0:	2214      	movs	r2, #20
10005ea2:	2100      	movs	r1, #0
10005ea4:	0020      	movs	r0, r4
10005ea6:	f7fe fa97 	bl	100043d8 <read_reg_u32_swap>
10005eaa:	42b0      	cmp	r0, r6
10005eac:	d012      	beq.n	10005ed4 <cyw43_ll_bus_init+0x60>
10005eae:	2001      	movs	r0, #1
10005eb0:	3d01      	subs	r5, #1
10005eb2:	f001 fa87 	bl	100073c4 <cyw43_delay_ms>
10005eb6:	2d00      	cmp	r5, #0
10005eb8:	d1f2      	bne.n	10005ea0 <cyw43_ll_bus_init+0x2c>
10005eba:	48ab      	ldr	r0, [pc, #684]	@ (10006168 <cyw43_ll_bus_init+0x2f4>)
10005ebc:	f7fd fe62 	bl	10003b84 <__wrap_puts>
10005ec0:	2506      	movs	r5, #6
10005ec2:	426d      	negs	r5, r5
10005ec4:	0028      	movs	r0, r5
10005ec6:	b007      	add	sp, #28
10005ec8:	bcf0      	pop	{r4, r5, r6, r7}
10005eca:	46bb      	mov	fp, r7
10005ecc:	46b2      	mov	sl, r6
10005ece:	46a9      	mov	r9, r5
10005ed0:	46a0      	mov	r8, r4
10005ed2:	bdf0      	pop	{r4, r5, r6, r7, pc}
10005ed4:	2200      	movs	r2, #0
10005ed6:	2100      	movs	r1, #0
10005ed8:	0020      	movs	r0, r4
10005eda:	4ba4      	ldr	r3, [pc, #656]	@ (1000616c <cyw43_ll_bus_init+0x2f8>)
10005edc:	f7fe fb18 	bl	10004510 <write_reg_u32_swap>
10005ee0:	2800      	cmp	r0, #0
10005ee2:	d1ea      	bne.n	10005eba <cyw43_ll_bus_init+0x46>
10005ee4:	2200      	movs	r2, #0
10005ee6:	2100      	movs	r1, #0
10005ee8:	0020      	movs	r0, r4
10005eea:	f7fe fa93 	bl	10004414 <cyw43_read_reg_u32>
10005eee:	2310      	movs	r3, #16
10005ef0:	221d      	movs	r2, #29
10005ef2:	2100      	movs	r1, #0
10005ef4:	0020      	movs	r0, r4
10005ef6:	f7fe fe29 	bl	10004b4c <cyw43_write_reg_u8>
10005efa:	2800      	cmp	r0, #0
10005efc:	d1dd      	bne.n	10005eba <cyw43_ll_bus_init+0x46>
10005efe:	2399      	movs	r3, #153	@ 0x99
10005f00:	2204      	movs	r2, #4
10005f02:	2100      	movs	r1, #0
10005f04:	0020      	movs	r0, r4
10005f06:	f7fe fe21 	bl	10004b4c <cyw43_write_reg_u8>
10005f0a:	2800      	cmp	r0, #0
10005f0c:	d1d5      	bne.n	10005eba <cyw43_ll_bus_init+0x46>
10005f0e:	23be      	movs	r3, #190	@ 0xbe
10005f10:	2206      	movs	r2, #6
10005f12:	2100      	movs	r1, #0
10005f14:	0020      	movs	r0, r4
10005f16:	f7fe fd0f 	bl	10004938 <cyw43_write_reg_u16>
10005f1a:	2800      	cmp	r0, #0
10005f1c:	d1cd      	bne.n	10005eba <cyw43_ll_bus_init+0x46>
10005f1e:	2308      	movs	r3, #8
10005f20:	2101      	movs	r1, #1
10005f22:	0020      	movs	r0, r4
10005f24:	4a92      	ldr	r2, [pc, #584]	@ (10006170 <cyw43_ll_bus_init+0x2fc>)
10005f26:	f7fe fe11 	bl	10004b4c <cyw43_write_reg_u8>
10005f2a:	250a      	movs	r5, #10
10005f2c:	2640      	movs	r6, #64	@ 0x40
10005f2e:	2101      	movs	r1, #1
10005f30:	0020      	movs	r0, r4
10005f32:	4a8f      	ldr	r2, [pc, #572]	@ (10006170 <cyw43_ll_bus_init+0x2fc>)
10005f34:	f7fe fac2 	bl	100044bc <cyw43_read_reg_u8>
10005f38:	4206      	tst	r6, r0
10005f3a:	d109      	bne.n	10005f50 <cyw43_ll_bus_init+0xdc>
10005f3c:	2001      	movs	r0, #1
10005f3e:	3d01      	subs	r5, #1
10005f40:	f001 fa40 	bl	100073c4 <cyw43_delay_ms>
10005f44:	2d00      	cmp	r5, #0
10005f46:	d1f2      	bne.n	10005f2e <cyw43_ll_bus_init+0xba>
10005f48:	488a      	ldr	r0, [pc, #552]	@ (10006174 <cyw43_ll_bus_init+0x300>)
10005f4a:	f7fd fe1b 	bl	10003b84 <__wrap_puts>
10005f4e:	e7b7      	b.n	10005ec0 <cyw43_ll_bus_init+0x4c>
10005f50:	2300      	movs	r3, #0
10005f52:	4a87      	ldr	r2, [pc, #540]	@ (10006170 <cyw43_ll_bus_init+0x2fc>)
10005f54:	2101      	movs	r1, #1
10005f56:	0020      	movs	r0, r4
10005f58:	f7fe fdf8 	bl	10004b4c <cyw43_write_reg_u8>
10005f5c:	0020      	movs	r0, r4
10005f5e:	4986      	ldr	r1, [pc, #536]	@ (10006178 <cyw43_ll_bus_init+0x304>)
10005f60:	f7fe ffa8 	bl	10004eb4 <cyw43_set_backplane_window>
10005f64:	22b8      	movs	r2, #184	@ 0xb8
10005f66:	25c0      	movs	r5, #192	@ 0xc0
10005f68:	2101      	movs	r1, #1
10005f6a:	0020      	movs	r0, r4
10005f6c:	0212      	lsls	r2, r2, #8
10005f6e:	f7fe faa5 	bl	100044bc <cyw43_read_reg_u8>
10005f72:	68a3      	ldr	r3, [r4, #8]
10005f74:	056d      	lsls	r5, r5, #21
10005f76:	42ab      	cmp	r3, r5
10005f78:	d012      	beq.n	10005fa0 <cyw43_ll_bus_init+0x12c>
10005f7a:	2280      	movs	r2, #128	@ 0x80
10005f7c:	406b      	eors	r3, r5
10005f7e:	0452      	lsls	r2, r2, #17
10005f80:	4293      	cmp	r3, r2
10005f82:	d300      	bcc.n	10005f86 <cyw43_ll_bus_init+0x112>
10005f84:	e33d      	b.n	10006602 <cyw43_ll_bus_init+0x78e>
10005f86:	22ff      	movs	r2, #255	@ 0xff
10005f88:	0412      	lsls	r2, r2, #16
10005f8a:	4213      	tst	r3, r2
10005f8c:	d000      	beq.n	10005f90 <cyw43_ll_bus_init+0x11c>
10005f8e:	e32c      	b.n	100065ea <cyw43_ll_bus_init+0x776>
10005f90:	22ff      	movs	r2, #255	@ 0xff
10005f92:	0212      	lsls	r2, r2, #8
10005f94:	4213      	tst	r3, r2
10005f96:	d000      	beq.n	10005f9a <cyw43_ll_bus_init+0x126>
10005f98:	e31f      	b.n	100065da <cyw43_ll_bus_init+0x766>
10005f9a:	23c0      	movs	r3, #192	@ 0xc0
10005f9c:	055b      	lsls	r3, r3, #21
10005f9e:	60a3      	str	r3, [r4, #8]
10005fa0:	0020      	movs	r0, r4
10005fa2:	4975      	ldr	r1, [pc, #468]	@ (10006178 <cyw43_ll_bus_init+0x304>)
10005fa4:	f7fe ff86 	bl	10004eb4 <cyw43_set_backplane_window>
10005fa8:	22b8      	movs	r2, #184	@ 0xb8
10005faa:	2101      	movs	r1, #1
10005fac:	0020      	movs	r0, r4
10005fae:	0212      	lsls	r2, r2, #8
10005fb0:	f7fe fa84 	bl	100044bc <cyw43_read_reg_u8>
10005fb4:	26c0      	movs	r6, #192	@ 0xc0
10005fb6:	68a3      	ldr	r3, [r4, #8]
10005fb8:	0005      	movs	r5, r0
10005fba:	0576      	lsls	r6, r6, #21
10005fbc:	42b3      	cmp	r3, r6
10005fbe:	d012      	beq.n	10005fe6 <cyw43_ll_bus_init+0x172>
10005fc0:	2280      	movs	r2, #128	@ 0x80
10005fc2:	4073      	eors	r3, r6
10005fc4:	0452      	lsls	r2, r2, #17
10005fc6:	4293      	cmp	r3, r2
10005fc8:	d300      	bcc.n	10005fcc <cyw43_ll_bus_init+0x158>
10005fca:	e2fd      	b.n	100065c8 <cyw43_ll_bus_init+0x754>
10005fcc:	22ff      	movs	r2, #255	@ 0xff
10005fce:	0412      	lsls	r2, r2, #16
10005fd0:	4213      	tst	r3, r2
10005fd2:	d000      	beq.n	10005fd6 <cyw43_ll_bus_init+0x162>
10005fd4:	e2ec      	b.n	100065b0 <cyw43_ll_bus_init+0x73c>
10005fd6:	22ff      	movs	r2, #255	@ 0xff
10005fd8:	0212      	lsls	r2, r2, #8
10005fda:	4213      	tst	r3, r2
10005fdc:	d000      	beq.n	10005fe0 <cyw43_ll_bus_init+0x16c>
10005fde:	e2ae      	b.n	1000653e <cyw43_ll_bus_init+0x6ca>
10005fe0:	23c0      	movs	r3, #192	@ 0xc0
10005fe2:	055b      	lsls	r3, r3, #21
10005fe4:	60a3      	str	r3, [r4, #8]
10005fe6:	07ed      	lsls	r5, r5, #31
10005fe8:	d400      	bmi.n	10005fec <cyw43_ll_bus_init+0x178>
10005fea:	e3c0      	b.n	1000676e <cyw43_ll_bus_init+0x8fa>
10005fec:	0020      	movs	r0, r4
10005fee:	4963      	ldr	r1, [pc, #396]	@ (1000617c <cyw43_ll_bus_init+0x308>)
10005ff0:	f7fe ff60 	bl	10004eb4 <cyw43_set_backplane_window>
10005ff4:	22c8      	movs	r2, #200	@ 0xc8
10005ff6:	25c0      	movs	r5, #192	@ 0xc0
10005ff8:	2101      	movs	r1, #1
10005ffa:	0020      	movs	r0, r4
10005ffc:	0212      	lsls	r2, r2, #8
10005ffe:	f7fe fa5d 	bl	100044bc <cyw43_read_reg_u8>
10006002:	68a3      	ldr	r3, [r4, #8]
10006004:	056d      	lsls	r5, r5, #21
10006006:	42ab      	cmp	r3, r5
10006008:	d012      	beq.n	10006030 <cyw43_ll_bus_init+0x1bc>
1000600a:	2280      	movs	r2, #128	@ 0x80
1000600c:	406b      	eors	r3, r5
1000600e:	0452      	lsls	r2, r2, #17
10006010:	4293      	cmp	r3, r2
10006012:	d300      	bcc.n	10006016 <cyw43_ll_bus_init+0x1a2>
10006014:	e28a      	b.n	1000652c <cyw43_ll_bus_init+0x6b8>
10006016:	22ff      	movs	r2, #255	@ 0xff
10006018:	0412      	lsls	r2, r2, #16
1000601a:	4213      	tst	r3, r2
1000601c:	d000      	beq.n	10006020 <cyw43_ll_bus_init+0x1ac>
1000601e:	e316      	b.n	1000664e <cyw43_ll_bus_init+0x7da>
10006020:	22ff      	movs	r2, #255	@ 0xff
10006022:	0212      	lsls	r2, r2, #8
10006024:	4213      	tst	r3, r2
10006026:	d000      	beq.n	1000602a <cyw43_ll_bus_init+0x1b6>
10006028:	e309      	b.n	1000663e <cyw43_ll_bus_init+0x7ca>
1000602a:	23c0      	movs	r3, #192	@ 0xc0
1000602c:	055b      	lsls	r3, r3, #21
1000602e:	60a3      	str	r3, [r4, #8]
10006030:	0020      	movs	r0, r4
10006032:	4952      	ldr	r1, [pc, #328]	@ (1000617c <cyw43_ll_bus_init+0x308>)
10006034:	f7fe ff3e 	bl	10004eb4 <cyw43_set_backplane_window>
10006038:	22c8      	movs	r2, #200	@ 0xc8
1000603a:	2101      	movs	r1, #1
1000603c:	0020      	movs	r0, r4
1000603e:	0212      	lsls	r2, r2, #8
10006040:	f7fe fa3c 	bl	100044bc <cyw43_read_reg_u8>
10006044:	26c0      	movs	r6, #192	@ 0xc0
10006046:	68a3      	ldr	r3, [r4, #8]
10006048:	0005      	movs	r5, r0
1000604a:	0576      	lsls	r6, r6, #21
1000604c:	42b3      	cmp	r3, r6
1000604e:	d012      	beq.n	10006076 <cyw43_ll_bus_init+0x202>
10006050:	2280      	movs	r2, #128	@ 0x80
10006052:	4073      	eors	r3, r6
10006054:	0452      	lsls	r2, r2, #17
10006056:	4293      	cmp	r3, r2
10006058:	d300      	bcc.n	1000605c <cyw43_ll_bus_init+0x1e8>
1000605a:	e2e7      	b.n	1000662c <cyw43_ll_bus_init+0x7b8>
1000605c:	22ff      	movs	r2, #255	@ 0xff
1000605e:	0412      	lsls	r2, r2, #16
10006060:	4213      	tst	r3, r2
10006062:	d000      	beq.n	10006066 <cyw43_ll_bus_init+0x1f2>
10006064:	e2d6      	b.n	10006614 <cyw43_ll_bus_init+0x7a0>
10006066:	22ff      	movs	r2, #255	@ 0xff
10006068:	0212      	lsls	r2, r2, #8
1000606a:	4213      	tst	r3, r2
1000606c:	d000      	beq.n	10006070 <cyw43_ll_bus_init+0x1fc>
1000606e:	e2fa      	b.n	10006666 <cyw43_ll_bus_init+0x7f2>
10006070:	23c0      	movs	r3, #192	@ 0xc0
10006072:	055b      	lsls	r3, r3, #21
10006074:	60a3      	str	r3, [r4, #8]
10006076:	07ed      	lsls	r5, r5, #31
10006078:	d400      	bmi.n	1000607c <cyw43_ll_bus_init+0x208>
1000607a:	e37c      	b.n	10006776 <cyw43_ll_bus_init+0x902>
1000607c:	25c0      	movs	r5, #192	@ 0xc0
1000607e:	2102      	movs	r1, #2
10006080:	0020      	movs	r0, r4
10006082:	f7ff fc1b 	bl	100058bc <reset_device_core.constprop.0>
10006086:	68a3      	ldr	r3, [r4, #8]
10006088:	056d      	lsls	r5, r5, #21
1000608a:	42ab      	cmp	r3, r5
1000608c:	d012      	beq.n	100060b4 <cyw43_ll_bus_init+0x240>
1000608e:	2280      	movs	r2, #128	@ 0x80
10006090:	406b      	eors	r3, r5
10006092:	0452      	lsls	r2, r2, #17
10006094:	4293      	cmp	r3, r2
10006096:	d300      	bcc.n	1000609a <cyw43_ll_bus_init+0x226>
10006098:	e1fd      	b.n	10006496 <cyw43_ll_bus_init+0x622>
1000609a:	22ff      	movs	r2, #255	@ 0xff
1000609c:	0412      	lsls	r2, r2, #16
1000609e:	4213      	tst	r3, r2
100060a0:	d000      	beq.n	100060a4 <cyw43_ll_bus_init+0x230>
100060a2:	e1ec      	b.n	1000647e <cyw43_ll_bus_init+0x60a>
100060a4:	22ff      	movs	r2, #255	@ 0xff
100060a6:	0212      	lsls	r2, r2, #8
100060a8:	4213      	tst	r3, r2
100060aa:	d000      	beq.n	100060ae <cyw43_ll_bus_init+0x23a>
100060ac:	e219      	b.n	100064e2 <cyw43_ll_bus_init+0x66e>
100060ae:	23c0      	movs	r3, #192	@ 0xc0
100060b0:	055b      	lsls	r3, r3, #21
100060b2:	60a3      	str	r3, [r4, #8]
100060b4:	25c0      	movs	r5, #192	@ 0xc0
100060b6:	2303      	movs	r3, #3
100060b8:	2101      	movs	r1, #1
100060ba:	0020      	movs	r0, r4
100060bc:	4a30      	ldr	r2, [pc, #192]	@ (10006180 <cyw43_ll_bus_init+0x30c>)
100060be:	f7fe fb31 	bl	10004724 <cyw43_write_reg_u32>
100060c2:	68a3      	ldr	r3, [r4, #8]
100060c4:	056d      	lsls	r5, r5, #21
100060c6:	42ab      	cmp	r3, r5
100060c8:	d012      	beq.n	100060f0 <cyw43_ll_bus_init+0x27c>
100060ca:	2280      	movs	r2, #128	@ 0x80
100060cc:	406b      	eors	r3, r5
100060ce:	0452      	lsls	r2, r2, #17
100060d0:	4293      	cmp	r3, r2
100060d2:	d300      	bcc.n	100060d6 <cyw43_ll_bus_init+0x262>
100060d4:	e1fc      	b.n	100064d0 <cyw43_ll_bus_init+0x65c>
100060d6:	22ff      	movs	r2, #255	@ 0xff
100060d8:	0412      	lsls	r2, r2, #16
100060da:	4213      	tst	r3, r2
100060dc:	d000      	beq.n	100060e0 <cyw43_ll_bus_init+0x26c>
100060de:	e1eb      	b.n	100064b8 <cyw43_ll_bus_init+0x644>
100060e0:	22ff      	movs	r2, #255	@ 0xff
100060e2:	0212      	lsls	r2, r2, #8
100060e4:	4213      	tst	r3, r2
100060e6:	d000      	beq.n	100060ea <cyw43_ll_bus_init+0x276>
100060e8:	e1de      	b.n	100064a8 <cyw43_ll_bus_init+0x634>
100060ea:	23c0      	movs	r3, #192	@ 0xc0
100060ec:	055b      	lsls	r3, r3, #21
100060ee:	60a3      	str	r3, [r4, #8]
100060f0:	25c0      	movs	r5, #192	@ 0xc0
100060f2:	2300      	movs	r3, #0
100060f4:	2101      	movs	r1, #1
100060f6:	0020      	movs	r0, r4
100060f8:	4a22      	ldr	r2, [pc, #136]	@ (10006184 <cyw43_ll_bus_init+0x310>)
100060fa:	f7fe fb13 	bl	10004724 <cyw43_write_reg_u32>
100060fe:	68a3      	ldr	r3, [r4, #8]
10006100:	056d      	lsls	r5, r5, #21
10006102:	42ab      	cmp	r3, r5
10006104:	d012      	beq.n	1000612c <cyw43_ll_bus_init+0x2b8>
10006106:	2280      	movs	r2, #128	@ 0x80
10006108:	406b      	eors	r3, r5
1000610a:	0452      	lsls	r2, r2, #17
1000610c:	4293      	cmp	r3, r2
1000610e:	d300      	bcc.n	10006112 <cyw43_ll_bus_init+0x29e>
10006110:	e1fb      	b.n	1000650a <cyw43_ll_bus_init+0x696>
10006112:	22ff      	movs	r2, #255	@ 0xff
10006114:	0412      	lsls	r2, r2, #16
10006116:	4213      	tst	r3, r2
10006118:	d000      	beq.n	1000611c <cyw43_ll_bus_init+0x2a8>
1000611a:	e1ea      	b.n	100064f2 <cyw43_ll_bus_init+0x67e>
1000611c:	22ff      	movs	r2, #255	@ 0xff
1000611e:	0212      	lsls	r2, r2, #8
10006120:	4213      	tst	r3, r2
10006122:	d000      	beq.n	10006126 <cyw43_ll_bus_init+0x2b2>
10006124:	e1fa      	b.n	1000651c <cyw43_ll_bus_init+0x6a8>
10006126:	23c0      	movs	r3, #192	@ 0xc0
10006128:	055b      	lsls	r3, r3, #21
1000612a:	60a3      	str	r3, [r4, #8]
1000612c:	4b16      	ldr	r3, [pc, #88]	@ (10006188 <cyw43_ll_bus_init+0x314>)
1000612e:	4a17      	ldr	r2, [pc, #92]	@ (1000618c <cyw43_ll_bus_init+0x318>)
10006130:	469a      	mov	sl, r3
10006132:	4b17      	ldr	r3, [pc, #92]	@ (10006190 <cyw43_ll_bus_init+0x31c>)
10006134:	4453      	add	r3, sl
10006136:	5a9e      	ldrh	r6, [r3, r2]
10006138:	3a1b      	subs	r2, #27
1000613a:	3aff      	subs	r2, #255	@ 0xff
1000613c:	4296      	cmp	r6, r2
1000613e:	db00      	blt.n	10006142 <cyw43_ll_bus_init+0x2ce>
10006140:	e199      	b.n	10006476 <cyw43_ll_bus_init+0x602>
10006142:	4a14      	ldr	r2, [pc, #80]	@ (10006194 <cyw43_ll_bus_init+0x320>)
10006144:	5c9b      	ldrb	r3, [r3, r2]
10006146:	2b00      	cmp	r3, #0
10006148:	d000      	beq.n	1000614c <cyw43_ll_bus_init+0x2d8>
1000614a:	e194      	b.n	10006476 <cyw43_ll_bus_init+0x602>
1000614c:	2e50      	cmp	r6, #80	@ 0x50
1000614e:	dc00      	bgt.n	10006152 <cyw43_ll_bus_init+0x2de>
10006150:	e191      	b.n	10006476 <cyw43_ll_bus_init+0x602>
10006152:	4b11      	ldr	r3, [pc, #68]	@ (10006198 <cyw43_ll_bus_init+0x324>)
10006154:	2550      	movs	r5, #80	@ 0x50
10006156:	4699      	mov	r9, r3
10006158:	4b10      	ldr	r3, [pc, #64]	@ (1000619c <cyw43_ll_bus_init+0x328>)
1000615a:	4453      	add	r3, sl
1000615c:	4698      	mov	r8, r3
1000615e:	e023      	b.n	100061a8 <cyw43_ll_bus_init+0x334>
10006160:	40054000 	.word	0x40054000
10006164:	feedbead 	.word	0xfeedbead
10006168:	10008078 	.word	0x10008078
1000616c:	000204b3 	.word	0x000204b3
10006170:	0001000e 	.word	0x0001000e
10006174:	100080cc 	.word	0x100080cc
10006178:	18103800 	.word	0x18103800
1000617c:	18104800 	.word	0x18104800
10006180:	0000c010 	.word	0x0000c010
10006184:	0000c044 	.word	0x0000c044
10006188:	1000816c 	.word	0x1000816c
1000618c:	0000030e 	.word	0x0000030e
10006190:	0003689e 	.word	0x0003689e
10006194:	0000030d 	.word	0x0000030d
10006198:	10008098 	.word	0x10008098
1000619c:	00036bab 	.word	0x00036bab
100061a0:	3501      	adds	r5, #1
100061a2:	42ae      	cmp	r6, r5
100061a4:	dc00      	bgt.n	100061a8 <cyw43_ll_bus_init+0x334>
100061a6:	e166      	b.n	10006476 <cyw43_ll_bus_init+0x602>
100061a8:	4643      	mov	r3, r8
100061aa:	2209      	movs	r2, #9
100061ac:	4649      	mov	r1, r9
100061ae:	1b58      	subs	r0, r3, r5
100061b0:	f001 fc66 	bl	10007a80 <strncmp>
100061b4:	2800      	cmp	r0, #0
100061b6:	d1f3      	bne.n	100061a0 <cyw43_ll_bus_init+0x32c>
100061b8:	4653      	mov	r3, sl
100061ba:	2100      	movs	r1, #0
100061bc:	0020      	movs	r0, r4
100061be:	4ae4      	ldr	r2, [pc, #912]	@ (10006550 <cyw43_ll_bus_init+0x6dc>)
100061c0:	f7ff f980 	bl	100054c4 <cyw43_download_resource>
100061c4:	1e05      	subs	r5, r0, #0
100061c6:	d000      	beq.n	100061ca <cyw43_ll_bus_init+0x356>
100061c8:	e67c      	b.n	10005ec4 <cyw43_ll_bus_init+0x50>
100061ca:	22ba      	movs	r2, #186	@ 0xba
100061cc:	4be1      	ldr	r3, [pc, #900]	@ (10006554 <cyw43_ll_bus_init+0x6e0>)
100061ce:	49e2      	ldr	r1, [pc, #904]	@ (10006558 <cyw43_ll_bus_init+0x6e4>)
100061d0:	0092      	lsls	r2, r2, #2
100061d2:	0020      	movs	r0, r4
100061d4:	f7ff f976 	bl	100054c4 <cyw43_download_resource>
100061d8:	4be0      	ldr	r3, [pc, #896]	@ (1000655c <cyw43_ll_bus_init+0x6e8>)
100061da:	2204      	movs	r2, #4
100061dc:	0020      	movs	r0, r4
100061de:	49e0      	ldr	r1, [pc, #896]	@ (10006560 <cyw43_ll_bus_init+0x6ec>)
100061e0:	f7ff fae6 	bl	100057b0 <cyw43_write_backplane>
100061e4:	2101      	movs	r1, #1
100061e6:	0020      	movs	r0, r4
100061e8:	f7ff fb68 	bl	100058bc <reset_device_core.constprop.0>
100061ec:	0020      	movs	r0, r4
100061ee:	49dd      	ldr	r1, [pc, #884]	@ (10006564 <cyw43_ll_bus_init+0x6f0>)
100061f0:	f7ff fa6c 	bl	100056cc <cyw43_read_backplane.constprop.0>
100061f4:	2303      	movs	r3, #3
100061f6:	4003      	ands	r3, r0
100061f8:	2b01      	cmp	r3, #1
100061fa:	d002      	beq.n	10006202 <cyw43_ll_bus_init+0x38e>
100061fc:	48da      	ldr	r0, [pc, #872]	@ (10006568 <cyw43_ll_bus_init+0x6f4>)
100061fe:	f7fd fcc1 	bl	10003b84 <__wrap_puts>
10006202:	0020      	movs	r0, r4
10006204:	49d9      	ldr	r1, [pc, #868]	@ (1000656c <cyw43_ll_bus_init+0x6f8>)
10006206:	f7ff fa61 	bl	100056cc <cyw43_read_backplane.constprop.0>
1000620a:	07c0      	lsls	r0, r0, #31
1000620c:	d500      	bpl.n	10006210 <cyw43_ll_bus_init+0x39c>
1000620e:	e232      	b.n	10006676 <cyw43_ll_bus_init+0x802>
10006210:	26fa      	movs	r6, #250	@ 0xfa
10006212:	2380      	movs	r3, #128	@ 0x80
10006214:	00b6      	lsls	r6, r6, #2
10006216:	4698      	mov	r8, r3
10006218:	e006      	b.n	10006228 <cyw43_ll_bus_init+0x3b4>
1000621a:	2001      	movs	r0, #1
1000621c:	3e01      	subs	r6, #1
1000621e:	f001 f8d1 	bl	100073c4 <cyw43_delay_ms>
10006222:	2e00      	cmp	r6, #0
10006224:	d100      	bne.n	10006228 <cyw43_ll_bus_init+0x3b4>
10006226:	e298      	b.n	1000675a <cyw43_ll_bus_init+0x8e6>
10006228:	2101      	movs	r1, #1
1000622a:	0020      	movs	r0, r4
1000622c:	4ad0      	ldr	r2, [pc, #832]	@ (10006570 <cyw43_ll_bus_init+0x6fc>)
1000622e:	f7fe f945 	bl	100044bc <cyw43_read_reg_u8>
10006232:	4643      	mov	r3, r8
10006234:	4203      	tst	r3, r0
10006236:	d0f0      	beq.n	1000621a <cyw43_ll_bus_init+0x3a6>
10006238:	23f0      	movs	r3, #240	@ 0xf0
1000623a:	2204      	movs	r2, #4
1000623c:	0020      	movs	r0, r4
1000623e:	49cd      	ldr	r1, [pc, #820]	@ (10006574 <cyw43_ll_bus_init+0x700>)
10006240:	f7ff fab6 	bl	100057b0 <cyw43_write_backplane>
10006244:	2320      	movs	r3, #32
10006246:	2101      	movs	r1, #1
10006248:	0020      	movs	r0, r4
1000624a:	4acb      	ldr	r2, [pc, #812]	@ (10006578 <cyw43_ll_bus_init+0x704>)
1000624c:	f7fe fc7e 	bl	10004b4c <cyw43_write_reg_u8>
10006250:	26fa      	movs	r6, #250	@ 0xfa
10006252:	2320      	movs	r3, #32
10006254:	00b6      	lsls	r6, r6, #2
10006256:	4698      	mov	r8, r3
10006258:	e006      	b.n	10006268 <cyw43_ll_bus_init+0x3f4>
1000625a:	2001      	movs	r0, #1
1000625c:	3e01      	subs	r6, #1
1000625e:	f001 f8b1 	bl	100073c4 <cyw43_delay_ms>
10006262:	2e00      	cmp	r6, #0
10006264:	d100      	bne.n	10006268 <cyw43_ll_bus_init+0x3f4>
10006266:	e27d      	b.n	10006764 <cyw43_ll_bus_init+0x8f0>
10006268:	2208      	movs	r2, #8
1000626a:	2100      	movs	r1, #0
1000626c:	0020      	movs	r0, r4
1000626e:	f7fe f8d1 	bl	10004414 <cyw43_read_reg_u32>
10006272:	4643      	mov	r3, r8
10006274:	4203      	tst	r3, r0
10006276:	d0f0      	beq.n	1000625a <cyw43_ll_bus_init+0x3e6>
10006278:	2101      	movs	r1, #1
1000627a:	4ac0      	ldr	r2, [pc, #768]	@ (1000657c <cyw43_ll_bus_init+0x708>)
1000627c:	0020      	movs	r0, r4
1000627e:	f7fe f91d 	bl	100044bc <cyw43_read_reg_u8>
10006282:	2202      	movs	r2, #2
10006284:	b2c3      	uxtb	r3, r0
10006286:	4313      	orrs	r3, r2
10006288:	2101      	movs	r1, #1
1000628a:	4abc      	ldr	r2, [pc, #752]	@ (1000657c <cyw43_ll_bus_init+0x708>)
1000628c:	0020      	movs	r0, r4
1000628e:	f7fe fc5d 	bl	10004b4c <cyw43_write_reg_u8>
10006292:	2308      	movs	r3, #8
10006294:	22f0      	movs	r2, #240	@ 0xf0
10006296:	2100      	movs	r1, #0
10006298:	0020      	movs	r0, r4
1000629a:	f7fe fc57 	bl	10004b4c <cyw43_write_reg_u8>
1000629e:	2302      	movs	r3, #2
100062a0:	2101      	movs	r1, #1
100062a2:	4ab3      	ldr	r2, [pc, #716]	@ (10006570 <cyw43_ll_bus_init+0x6fc>)
100062a4:	0020      	movs	r0, r4
100062a6:	f7fe fc51 	bl	10004b4c <cyw43_write_reg_u8>
100062aa:	2101      	movs	r1, #1
100062ac:	0020      	movs	r0, r4
100062ae:	4ab4      	ldr	r2, [pc, #720]	@ (10006580 <cyw43_ll_bus_init+0x70c>)
100062b0:	f7fe f904 	bl	100044bc <cyw43_read_reg_u8>
100062b4:	07c3      	lsls	r3, r0, #31
100062b6:	d400      	bmi.n	100062ba <cyw43_ll_bus_init+0x446>
100062b8:	e1e5      	b.n	10006686 <cyw43_ll_bus_init+0x812>
100062ba:	230f      	movs	r3, #15
100062bc:	2101      	movs	r1, #1
100062be:	4ab1      	ldr	r2, [pc, #708]	@ (10006584 <cyw43_ll_bus_init+0x710>)
100062c0:	0020      	movs	r0, r4
100062c2:	f7fe fc43 	bl	10004b4c <cyw43_write_reg_u8>
100062c6:	2300      	movs	r3, #0
100062c8:	2101      	movs	r1, #1
100062ca:	4aae      	ldr	r2, [pc, #696]	@ (10006584 <cyw43_ll_bus_init+0x710>)
100062cc:	0020      	movs	r0, r4
100062ce:	f7fe fc3d 	bl	10004b4c <cyw43_write_reg_u8>
100062d2:	2101      	movs	r1, #1
100062d4:	4aab      	ldr	r2, [pc, #684]	@ (10006584 <cyw43_ll_bus_init+0x710>)
100062d6:	0020      	movs	r0, r4
100062d8:	f7fe f8f0 	bl	100044bc <cyw43_read_reg_u8>
100062dc:	2204      	movs	r2, #4
100062de:	2100      	movs	r1, #0
100062e0:	0020      	movs	r0, r4
100062e2:	f7fe f8c1 	bl	10004468 <cyw43_read_reg_u16>
100062e6:	07c3      	lsls	r3, r0, #31
100062e8:	d500      	bpl.n	100062ec <cyw43_ll_bus_init+0x478>
100062ea:	e1d5      	b.n	10006698 <cyw43_ll_bus_init+0x824>
100062ec:	26c0      	movs	r6, #192	@ 0xc0
100062ee:	68a3      	ldr	r3, [r4, #8]
100062f0:	0576      	lsls	r6, r6, #21
100062f2:	42b3      	cmp	r3, r6
100062f4:	d012      	beq.n	1000631c <cyw43_ll_bus_init+0x4a8>
100062f6:	2280      	movs	r2, #128	@ 0x80
100062f8:	4073      	eors	r3, r6
100062fa:	0452      	lsls	r2, r2, #17
100062fc:	4293      	cmp	r3, r2
100062fe:	d300      	bcc.n	10006302 <cyw43_ll_bus_init+0x48e>
10006300:	e222      	b.n	10006748 <cyw43_ll_bus_init+0x8d4>
10006302:	22ff      	movs	r2, #255	@ 0xff
10006304:	0412      	lsls	r2, r2, #16
10006306:	4213      	tst	r3, r2
10006308:	d000      	beq.n	1000630c <cyw43_ll_bus_init+0x498>
1000630a:	e211      	b.n	10006730 <cyw43_ll_bus_init+0x8bc>
1000630c:	22ff      	movs	r2, #255	@ 0xff
1000630e:	0212      	lsls	r2, r2, #8
10006310:	4213      	tst	r3, r2
10006312:	d000      	beq.n	10006316 <cyw43_ll_bus_init+0x4a2>
10006314:	e204      	b.n	10006720 <cyw43_ll_bus_init+0x8ac>
10006316:	23c0      	movs	r3, #192	@ 0xc0
10006318:	055b      	lsls	r3, r3, #21
1000631a:	60a3      	str	r3, [r4, #8]
1000631c:	26c0      	movs	r6, #192	@ 0xc0
1000631e:	2101      	movs	r1, #1
10006320:	0020      	movs	r0, r4
10006322:	4a99      	ldr	r2, [pc, #612]	@ (10006588 <cyw43_ll_bus_init+0x714>)
10006324:	f7fe f876 	bl	10004414 <cyw43_read_reg_u32>
10006328:	68a3      	ldr	r3, [r4, #8]
1000632a:	0576      	lsls	r6, r6, #21
1000632c:	42b3      	cmp	r3, r6
1000632e:	d012      	beq.n	10006356 <cyw43_ll_bus_init+0x4e2>
10006330:	2280      	movs	r2, #128	@ 0x80
10006332:	4073      	eors	r3, r6
10006334:	0452      	lsls	r2, r2, #17
10006336:	4293      	cmp	r3, r2
10006338:	d300      	bcc.n	1000633c <cyw43_ll_bus_init+0x4c8>
1000633a:	e1e0      	b.n	100066fe <cyw43_ll_bus_init+0x88a>
1000633c:	22ff      	movs	r2, #255	@ 0xff
1000633e:	0412      	lsls	r2, r2, #16
10006340:	4213      	tst	r3, r2
10006342:	d000      	beq.n	10006346 <cyw43_ll_bus_init+0x4d2>
10006344:	e1cf      	b.n	100066e6 <cyw43_ll_bus_init+0x872>
10006346:	22ff      	movs	r2, #255	@ 0xff
10006348:	0212      	lsls	r2, r2, #8
1000634a:	4213      	tst	r3, r2
1000634c:	d000      	beq.n	10006350 <cyw43_ll_bus_init+0x4dc>
1000634e:	e1df      	b.n	10006710 <cyw43_ll_bus_init+0x89c>
10006350:	23c0      	movs	r3, #192	@ 0xc0
10006352:	055b      	lsls	r3, r3, #21
10006354:	60a3      	str	r3, [r4, #8]
10006356:	0020      	movs	r0, r4
10006358:	f000 fbbc 	bl	10006ad4 <cyw43_cb_ensure_awake>
1000635c:	7ca3      	ldrb	r3, [r4, #18]
1000635e:	2b00      	cmp	r3, #0
10006360:	d105      	bne.n	1000636e <cyw43_ll_bus_init+0x4fa>
10006362:	2101      	movs	r1, #1
10006364:	0020      	movs	r0, r4
10006366:	f7fe fe73 	bl	10005050 <cyw43_kso_set>
1000636a:	2301      	movs	r3, #1
1000636c:	74a3      	strb	r3, [r4, #18]
1000636e:	4b87      	ldr	r3, [pc, #540]	@ (1000658c <cyw43_ll_bus_init+0x718>)
10006370:	0026      	movs	r6, r4
10006372:	0019      	movs	r1, r3
10006374:	3644      	adds	r6, #68	@ 0x44
10006376:	2208      	movs	r2, #8
10006378:	312c      	adds	r1, #44	@ 0x2c
1000637a:	0030      	movs	r0, r6
1000637c:	4698      	mov	r8, r3
1000637e:	f7fb ff65 	bl	1000224c <__wrap___aeabi_memcpy>
10006382:	4b83      	ldr	r3, [pc, #524]	@ (10006590 <cyw43_ll_bus_init+0x71c>)
10006384:	22f6      	movs	r2, #246	@ 0xf6
10006386:	21db      	movs	r1, #219	@ 0xdb
10006388:	64e3      	str	r3, [r4, #76]	@ 0x4c
1000638a:	0020      	movs	r0, r4
1000638c:	2300      	movs	r3, #0
1000638e:	0092      	lsls	r2, r2, #2
10006390:	0289      	lsls	r1, r1, #10
10006392:	4451      	add	r1, sl
10006394:	6522      	str	r2, [r4, #80]	@ 0x50
10006396:	6563      	str	r3, [r4, #84]	@ 0x54
10006398:	3058      	adds	r0, #88	@ 0x58
1000639a:	4699      	mov	r9, r3
1000639c:	f7fb ff56 	bl	1000224c <__wrap___aeabi_memcpy>
100063a0:	2208      	movs	r2, #8
100063a2:	32ff      	adds	r2, #255	@ 0xff
100063a4:	6362      	str	r2, [r4, #52]	@ 0x34
100063a6:	4693      	mov	fp, r2
100063a8:	22fc      	movs	r2, #252	@ 0xfc
100063aa:	0092      	lsls	r2, r2, #2
100063ac:	4692      	mov	sl, r2
100063ae:	63a2      	str	r2, [r4, #56]	@ 0x38
100063b0:	2202      	movs	r2, #2
100063b2:	8a23      	ldrh	r3, [r4, #16]
100063b4:	0031      	movs	r1, r6
100063b6:	3301      	adds	r3, #1
100063b8:	b29b      	uxth	r3, r3
100063ba:	8223      	strh	r3, [r4, #16]
100063bc:	041b      	lsls	r3, r3, #16
100063be:	4313      	orrs	r3, r2
100063c0:	63e3      	str	r3, [r4, #60]	@ 0x3c
100063c2:	464b      	mov	r3, r9
100063c4:	4652      	mov	r2, sl
100063c6:	6423      	str	r3, [r4, #64]	@ 0x40
100063c8:	0030      	movs	r0, r6
100063ca:	f001 fad3 	bl	10007974 <memmove>
100063ce:	2328      	movs	r3, #40	@ 0x28
100063d0:	4699      	mov	r9, r3
100063d2:	2280      	movs	r2, #128	@ 0x80
100063d4:	44a1      	add	r9, r4
100063d6:	464b      	mov	r3, r9
100063d8:	2100      	movs	r1, #0
100063da:	0020      	movs	r0, r4
100063dc:	00d2      	lsls	r2, r2, #3
100063de:	f7fe ff91 	bl	10005304 <cyw43_sdpcm_send_common>
100063e2:	2800      	cmp	r0, #0
100063e4:	d106      	bne.n	100063f4 <cyw43_ll_bus_init+0x580>
100063e6:	4653      	mov	r3, sl
100063e8:	465a      	mov	r2, fp
100063ea:	2102      	movs	r1, #2
100063ec:	0020      	movs	r0, r4
100063ee:	9600      	str	r6, [sp, #0]
100063f0:	f7ff f806 	bl	10005400 <cyw43_do_ioctl.part.0>
100063f4:	4641      	mov	r1, r8
100063f6:	2213      	movs	r2, #19
100063f8:	3138      	adds	r1, #56	@ 0x38
100063fa:	0030      	movs	r0, r6
100063fc:	f7fb ff26 	bl	1000224c <__wrap___aeabi_memcpy>
10006400:	8a23      	ldrh	r3, [r4, #16]
10006402:	2283      	movs	r2, #131	@ 0x83
10006404:	3301      	adds	r3, #1
10006406:	b29b      	uxth	r3, r3
10006408:	8223      	strh	r3, [r4, #16]
1000640a:	041b      	lsls	r3, r3, #16
1000640c:	63e3      	str	r3, [r4, #60]	@ 0x3c
1000640e:	2300      	movs	r3, #0
10006410:	0052      	lsls	r2, r2, #1
10006412:	6362      	str	r2, [r4, #52]	@ 0x34
10006414:	4692      	mov	sl, r2
10006416:	3af3      	subs	r2, #243	@ 0xf3
10006418:	0031      	movs	r1, r6
1000641a:	63a2      	str	r2, [r4, #56]	@ 0x38
1000641c:	6423      	str	r3, [r4, #64]	@ 0x40
1000641e:	0030      	movs	r0, r6
10006420:	f001 faa8 	bl	10007974 <memmove>
10006424:	464b      	mov	r3, r9
10006426:	2223      	movs	r2, #35	@ 0x23
10006428:	2100      	movs	r1, #0
1000642a:	0020      	movs	r0, r4
1000642c:	f7fe ff6a 	bl	10005304 <cyw43_sdpcm_send_common>
10006430:	2800      	cmp	r0, #0
10006432:	d106      	bne.n	10006442 <cyw43_ll_bus_init+0x5ce>
10006434:	2313      	movs	r3, #19
10006436:	4652      	mov	r2, sl
10006438:	2100      	movs	r1, #0
1000643a:	0020      	movs	r0, r4
1000643c:	9600      	str	r6, [sp, #0]
1000643e:	f7fe ffdf 	bl	10005400 <cyw43_do_ioctl.part.0>
10006442:	6c63      	ldr	r3, [r4, #68]	@ 0x44
10006444:	2b00      	cmp	r3, #0
10006446:	d000      	beq.n	1000644a <cyw43_ll_bus_init+0x5d6>
10006448:	e119      	b.n	1000667e <cyw43_ll_bus_init+0x80a>
1000644a:	2200      	movs	r2, #0
1000644c:	0020      	movs	r0, r4
1000644e:	4951      	ldr	r1, [pc, #324]	@ (10006594 <cyw43_ll_bus_init+0x720>)
10006450:	f7ff f8a0 	bl	10005594 <cyw43_write_iovar_u32.constprop.0>
10006454:	2201      	movs	r2, #1
10006456:	0020      	movs	r0, r4
10006458:	494f      	ldr	r1, [pc, #316]	@ (10006598 <cyw43_ll_bus_init+0x724>)
1000645a:	f7ff f89b 	bl	10005594 <cyw43_write_iovar_u32.constprop.0>
1000645e:	2f00      	cmp	r7, #0
10006460:	d100      	bne.n	10006464 <cyw43_ll_bus_init+0x5f0>
10006462:	e120      	b.n	100066a6 <cyw43_ll_bus_init+0x832>
10006464:	2300      	movs	r3, #0
10006466:	2206      	movs	r2, #6
10006468:	9300      	str	r3, [sp, #0]
1000646a:	0020      	movs	r0, r4
1000646c:	003b      	movs	r3, r7
1000646e:	494b      	ldr	r1, [pc, #300]	@ (1000659c <cyw43_ll_bus_init+0x728>)
10006470:	f7ff f8e0 	bl	10005634 <cyw43_write_iovar_n>
10006474:	e526      	b.n	10005ec4 <cyw43_ll_bus_init+0x50>
10006476:	484a      	ldr	r0, [pc, #296]	@ (100065a0 <cyw43_ll_bus_init+0x72c>)
10006478:	f7fd fb84 	bl	10003b84 <__wrap_puts>
1000647c:	e520      	b.n	10005ec0 <cyw43_ll_bus_init+0x4c>
1000647e:	23c0      	movs	r3, #192	@ 0xc0
10006480:	4a48      	ldr	r2, [pc, #288]	@ (100065a4 <cyw43_ll_bus_init+0x730>)
10006482:	015b      	lsls	r3, r3, #5
10006484:	2101      	movs	r1, #1
10006486:	0020      	movs	r0, r4
10006488:	f7fe fb60 	bl	10004b4c <cyw43_write_reg_u8>
1000648c:	23c0      	movs	r3, #192	@ 0xc0
1000648e:	68a2      	ldr	r2, [r4, #8]
10006490:	055b      	lsls	r3, r3, #21
10006492:	4053      	eors	r3, r2
10006494:	e606      	b.n	100060a4 <cyw43_ll_bus_init+0x230>
10006496:	2318      	movs	r3, #24
10006498:	2101      	movs	r1, #1
1000649a:	0020      	movs	r0, r4
1000649c:	4a42      	ldr	r2, [pc, #264]	@ (100065a8 <cyw43_ll_bus_init+0x734>)
1000649e:	f7fe fb55 	bl	10004b4c <cyw43_write_reg_u8>
100064a2:	68a3      	ldr	r3, [r4, #8]
100064a4:	406b      	eors	r3, r5
100064a6:	e5f8      	b.n	1000609a <cyw43_ll_bus_init+0x226>
100064a8:	23c0      	movs	r3, #192	@ 0xc0
100064aa:	2101      	movs	r1, #1
100064ac:	0020      	movs	r0, r4
100064ae:	4a3f      	ldr	r2, [pc, #252]	@ (100065ac <cyw43_ll_bus_init+0x738>)
100064b0:	035b      	lsls	r3, r3, #13
100064b2:	f7fe fb4b 	bl	10004b4c <cyw43_write_reg_u8>
100064b6:	e618      	b.n	100060ea <cyw43_ll_bus_init+0x276>
100064b8:	23c0      	movs	r3, #192	@ 0xc0
100064ba:	4a3a      	ldr	r2, [pc, #232]	@ (100065a4 <cyw43_ll_bus_init+0x730>)
100064bc:	015b      	lsls	r3, r3, #5
100064be:	2101      	movs	r1, #1
100064c0:	0020      	movs	r0, r4
100064c2:	f7fe fb43 	bl	10004b4c <cyw43_write_reg_u8>
100064c6:	23c0      	movs	r3, #192	@ 0xc0
100064c8:	68a2      	ldr	r2, [r4, #8]
100064ca:	055b      	lsls	r3, r3, #21
100064cc:	4053      	eors	r3, r2
100064ce:	e607      	b.n	100060e0 <cyw43_ll_bus_init+0x26c>
100064d0:	2318      	movs	r3, #24
100064d2:	2101      	movs	r1, #1
100064d4:	0020      	movs	r0, r4
100064d6:	4a34      	ldr	r2, [pc, #208]	@ (100065a8 <cyw43_ll_bus_init+0x734>)
100064d8:	f7fe fb38 	bl	10004b4c <cyw43_write_reg_u8>
100064dc:	68a3      	ldr	r3, [r4, #8]
100064de:	406b      	eors	r3, r5
100064e0:	e5f9      	b.n	100060d6 <cyw43_ll_bus_init+0x262>
100064e2:	23c0      	movs	r3, #192	@ 0xc0
100064e4:	2101      	movs	r1, #1
100064e6:	0020      	movs	r0, r4
100064e8:	4a30      	ldr	r2, [pc, #192]	@ (100065ac <cyw43_ll_bus_init+0x738>)
100064ea:	035b      	lsls	r3, r3, #13
100064ec:	f7fe fb2e 	bl	10004b4c <cyw43_write_reg_u8>
100064f0:	e5dd      	b.n	100060ae <cyw43_ll_bus_init+0x23a>
100064f2:	23c0      	movs	r3, #192	@ 0xc0
100064f4:	4a2b      	ldr	r2, [pc, #172]	@ (100065a4 <cyw43_ll_bus_init+0x730>)
100064f6:	015b      	lsls	r3, r3, #5
100064f8:	2101      	movs	r1, #1
100064fa:	0020      	movs	r0, r4
100064fc:	f7fe fb26 	bl	10004b4c <cyw43_write_reg_u8>
10006500:	23c0      	movs	r3, #192	@ 0xc0
10006502:	68a2      	ldr	r2, [r4, #8]
10006504:	055b      	lsls	r3, r3, #21
10006506:	4053      	eors	r3, r2
10006508:	e608      	b.n	1000611c <cyw43_ll_bus_init+0x2a8>
1000650a:	2318      	movs	r3, #24
1000650c:	2101      	movs	r1, #1
1000650e:	0020      	movs	r0, r4
10006510:	4a25      	ldr	r2, [pc, #148]	@ (100065a8 <cyw43_ll_bus_init+0x734>)
10006512:	f7fe fb1b 	bl	10004b4c <cyw43_write_reg_u8>
10006516:	68a3      	ldr	r3, [r4, #8]
10006518:	406b      	eors	r3, r5
1000651a:	e5fa      	b.n	10006112 <cyw43_ll_bus_init+0x29e>
1000651c:	23c0      	movs	r3, #192	@ 0xc0
1000651e:	2101      	movs	r1, #1
10006520:	0020      	movs	r0, r4
10006522:	4a22      	ldr	r2, [pc, #136]	@ (100065ac <cyw43_ll_bus_init+0x738>)
10006524:	035b      	lsls	r3, r3, #13
10006526:	f7fe fb11 	bl	10004b4c <cyw43_write_reg_u8>
1000652a:	e5fc      	b.n	10006126 <cyw43_ll_bus_init+0x2b2>
1000652c:	2318      	movs	r3, #24
1000652e:	2101      	movs	r1, #1
10006530:	0020      	movs	r0, r4
10006532:	4a1d      	ldr	r2, [pc, #116]	@ (100065a8 <cyw43_ll_bus_init+0x734>)
10006534:	f7fe fb0a 	bl	10004b4c <cyw43_write_reg_u8>
10006538:	68a3      	ldr	r3, [r4, #8]
1000653a:	406b      	eors	r3, r5
1000653c:	e56b      	b.n	10006016 <cyw43_ll_bus_init+0x1a2>
1000653e:	23c0      	movs	r3, #192	@ 0xc0
10006540:	2101      	movs	r1, #1
10006542:	0020      	movs	r0, r4
10006544:	4a19      	ldr	r2, [pc, #100]	@ (100065ac <cyw43_ll_bus_init+0x738>)
10006546:	035b      	lsls	r3, r3, #13
10006548:	f7fe fb00 	bl	10004b4c <cyw43_write_reg_u8>
1000654c:	e548      	b.n	10005fe0 <cyw43_ll_bus_init+0x16c>
1000654e:	46c0      	nop			@ (mov r8, r8)
10006550:	00036bc0 	.word	0x00036bc0
10006554:	1003f144 	.word	0x1003f144
10006558:	0007fd14 	.word	0x0007fd14
1000655c:	ff4500ba 	.word	0xff4500ba
10006560:	0007fffc 	.word	0x0007fffc
10006564:	18103408 	.word	0x18103408
10006568:	100080f8 	.word	0x100080f8
1000656c:	18103800 	.word	0x18103800
10006570:	0001000e 	.word	0x0001000e
10006574:	18002024 	.word	0x18002024
10006578:	00010008 	.word	0x00010008
1000657c:	0001001e 	.word	0x0001001e
10006580:	0001001f 	.word	0x0001001f
10006584:	0001000f 	.word	0x0001000f
10006588:	00008508 	.word	0x00008508
1000658c:	1003f42c 	.word	0x1003f42c
10006590:	00021006 	.word	0x00021006
10006594:	10008024 	.word	0x10008024
10006598:	10008030 	.word	0x10008030
1000659c:	10008154 	.word	0x10008154
100065a0:	100080a4 	.word	0x100080a4
100065a4:	0001000b 	.word	0x0001000b
100065a8:	0001000c 	.word	0x0001000c
100065ac:	0001000a 	.word	0x0001000a
100065b0:	23c0      	movs	r3, #192	@ 0xc0
100065b2:	4a73      	ldr	r2, [pc, #460]	@ (10006780 <cyw43_ll_bus_init+0x90c>)
100065b4:	015b      	lsls	r3, r3, #5
100065b6:	2101      	movs	r1, #1
100065b8:	0020      	movs	r0, r4
100065ba:	f7fe fac7 	bl	10004b4c <cyw43_write_reg_u8>
100065be:	23c0      	movs	r3, #192	@ 0xc0
100065c0:	68a2      	ldr	r2, [r4, #8]
100065c2:	055b      	lsls	r3, r3, #21
100065c4:	4053      	eors	r3, r2
100065c6:	e506      	b.n	10005fd6 <cyw43_ll_bus_init+0x162>
100065c8:	2318      	movs	r3, #24
100065ca:	2101      	movs	r1, #1
100065cc:	0020      	movs	r0, r4
100065ce:	4a6d      	ldr	r2, [pc, #436]	@ (10006784 <cyw43_ll_bus_init+0x910>)
100065d0:	f7fe fabc 	bl	10004b4c <cyw43_write_reg_u8>
100065d4:	68a3      	ldr	r3, [r4, #8]
100065d6:	4073      	eors	r3, r6
100065d8:	e4f8      	b.n	10005fcc <cyw43_ll_bus_init+0x158>
100065da:	23c0      	movs	r3, #192	@ 0xc0
100065dc:	2101      	movs	r1, #1
100065de:	0020      	movs	r0, r4
100065e0:	4a69      	ldr	r2, [pc, #420]	@ (10006788 <cyw43_ll_bus_init+0x914>)
100065e2:	035b      	lsls	r3, r3, #13
100065e4:	f7fe fab2 	bl	10004b4c <cyw43_write_reg_u8>
100065e8:	e4d7      	b.n	10005f9a <cyw43_ll_bus_init+0x126>
100065ea:	23c0      	movs	r3, #192	@ 0xc0
100065ec:	4a64      	ldr	r2, [pc, #400]	@ (10006780 <cyw43_ll_bus_init+0x90c>)
100065ee:	015b      	lsls	r3, r3, #5
100065f0:	2101      	movs	r1, #1
100065f2:	0020      	movs	r0, r4
100065f4:	f7fe faaa 	bl	10004b4c <cyw43_write_reg_u8>
100065f8:	23c0      	movs	r3, #192	@ 0xc0
100065fa:	68a2      	ldr	r2, [r4, #8]
100065fc:	055b      	lsls	r3, r3, #21
100065fe:	4053      	eors	r3, r2
10006600:	e4c6      	b.n	10005f90 <cyw43_ll_bus_init+0x11c>
10006602:	2318      	movs	r3, #24
10006604:	2101      	movs	r1, #1
10006606:	0020      	movs	r0, r4
10006608:	4a5e      	ldr	r2, [pc, #376]	@ (10006784 <cyw43_ll_bus_init+0x910>)
1000660a:	f7fe fa9f 	bl	10004b4c <cyw43_write_reg_u8>
1000660e:	68a3      	ldr	r3, [r4, #8]
10006610:	406b      	eors	r3, r5
10006612:	e4b8      	b.n	10005f86 <cyw43_ll_bus_init+0x112>
10006614:	23c0      	movs	r3, #192	@ 0xc0
10006616:	4a5a      	ldr	r2, [pc, #360]	@ (10006780 <cyw43_ll_bus_init+0x90c>)
10006618:	015b      	lsls	r3, r3, #5
1000661a:	2101      	movs	r1, #1
1000661c:	0020      	movs	r0, r4
1000661e:	f7fe fa95 	bl	10004b4c <cyw43_write_reg_u8>
10006622:	23c0      	movs	r3, #192	@ 0xc0
10006624:	68a2      	ldr	r2, [r4, #8]
10006626:	055b      	lsls	r3, r3, #21
10006628:	4053      	eors	r3, r2
1000662a:	e51c      	b.n	10006066 <cyw43_ll_bus_init+0x1f2>
1000662c:	2318      	movs	r3, #24
1000662e:	2101      	movs	r1, #1
10006630:	0020      	movs	r0, r4
10006632:	4a54      	ldr	r2, [pc, #336]	@ (10006784 <cyw43_ll_bus_init+0x910>)
10006634:	f7fe fa8a 	bl	10004b4c <cyw43_write_reg_u8>
10006638:	68a3      	ldr	r3, [r4, #8]
1000663a:	4073      	eors	r3, r6
1000663c:	e50e      	b.n	1000605c <cyw43_ll_bus_init+0x1e8>
1000663e:	23c0      	movs	r3, #192	@ 0xc0
10006640:	2101      	movs	r1, #1
10006642:	0020      	movs	r0, r4
10006644:	4a50      	ldr	r2, [pc, #320]	@ (10006788 <cyw43_ll_bus_init+0x914>)
10006646:	035b      	lsls	r3, r3, #13
10006648:	f7fe fa80 	bl	10004b4c <cyw43_write_reg_u8>
1000664c:	e4ed      	b.n	1000602a <cyw43_ll_bus_init+0x1b6>
1000664e:	23c0      	movs	r3, #192	@ 0xc0
10006650:	4a4b      	ldr	r2, [pc, #300]	@ (10006780 <cyw43_ll_bus_init+0x90c>)
10006652:	015b      	lsls	r3, r3, #5
10006654:	2101      	movs	r1, #1
10006656:	0020      	movs	r0, r4
10006658:	f7fe fa78 	bl	10004b4c <cyw43_write_reg_u8>
1000665c:	23c0      	movs	r3, #192	@ 0xc0
1000665e:	68a2      	ldr	r2, [r4, #8]
10006660:	055b      	lsls	r3, r3, #21
10006662:	4053      	eors	r3, r2
10006664:	e4dc      	b.n	10006020 <cyw43_ll_bus_init+0x1ac>
10006666:	23c0      	movs	r3, #192	@ 0xc0
10006668:	2101      	movs	r1, #1
1000666a:	0020      	movs	r0, r4
1000666c:	4a46      	ldr	r2, [pc, #280]	@ (10006788 <cyw43_ll_bus_init+0x914>)
1000666e:	035b      	lsls	r3, r3, #13
10006670:	f7fe fa6c 	bl	10004b4c <cyw43_write_reg_u8>
10006674:	e4fc      	b.n	10006070 <cyw43_ll_bus_init+0x1fc>
10006676:	4845      	ldr	r0, [pc, #276]	@ (1000678c <cyw43_ll_bus_init+0x918>)
10006678:	f7fd fa84 	bl	10003b84 <__wrap_puts>
1000667c:	e5c8      	b.n	10006210 <cyw43_ll_bus_init+0x39c>
1000667e:	4844      	ldr	r0, [pc, #272]	@ (10006790 <cyw43_ll_bus_init+0x91c>)
10006680:	f7fd fa80 	bl	10003b84 <__wrap_puts>
10006684:	e6e1      	b.n	1000644a <cyw43_ll_bus_init+0x5d6>
10006686:	2301      	movs	r3, #1
10006688:	b2c0      	uxtb	r0, r0
1000668a:	4303      	orrs	r3, r0
1000668c:	2101      	movs	r1, #1
1000668e:	0020      	movs	r0, r4
10006690:	4a40      	ldr	r2, [pc, #256]	@ (10006794 <cyw43_ll_bus_init+0x920>)
10006692:	f7fe fa5b 	bl	10004b4c <cyw43_write_reg_u8>
10006696:	e610      	b.n	100062ba <cyw43_ll_bus_init+0x446>
10006698:	b283      	uxth	r3, r0
1000669a:	2204      	movs	r2, #4
1000669c:	2100      	movs	r1, #0
1000669e:	0020      	movs	r0, r4
100066a0:	f7fe f94a 	bl	10004938 <cyw43_write_reg_u16>
100066a4:	e622      	b.n	100062ec <cyw43_ll_bus_init+0x478>
100066a6:	4642      	mov	r2, r8
100066a8:	4643      	mov	r3, r8
100066aa:	6cd2      	ldr	r2, [r2, #76]	@ 0x4c
100066ac:	334c      	adds	r3, #76	@ 0x4c
100066ae:	9204      	str	r2, [sp, #16]
100066b0:	889b      	ldrh	r3, [r3, #4]
100066b2:	ae04      	add	r6, sp, #16
100066b4:	af02      	add	r7, sp, #8
100066b6:	0039      	movs	r1, r7
100066b8:	0020      	movs	r0, r4
100066ba:	80b3      	strh	r3, [r6, #4]
100066bc:	f7ff fb9c 	bl	10005df8 <cyw43_ll_wifi_get_mac>
100066c0:	2800      	cmp	r0, #0
100066c2:	d10b      	bne.n	100066dc <cyw43_ll_bus_init+0x868>
100066c4:	9a02      	ldr	r2, [sp, #8]
100066c6:	9b04      	ldr	r3, [sp, #16]
100066c8:	429a      	cmp	r2, r3
100066ca:	d001      	beq.n	100066d0 <cyw43_ll_bus_init+0x85c>
100066cc:	f7ff fbfa 	bl	10005ec4 <cyw43_ll_bus_init+0x50>
100066d0:	88ba      	ldrh	r2, [r7, #4]
100066d2:	88b3      	ldrh	r3, [r6, #4]
100066d4:	429a      	cmp	r2, r3
100066d6:	d001      	beq.n	100066dc <cyw43_ll_bus_init+0x868>
100066d8:	f7ff fbf4 	bl	10005ec4 <cyw43_ll_bus_init+0x50>
100066dc:	0039      	movs	r1, r7
100066de:	2000      	movs	r0, #0
100066e0:	f000 fe14 	bl	1000730c <cyw43_hal_generate_laa_mac>
100066e4:	e6be      	b.n	10006464 <cyw43_ll_bus_init+0x5f0>
100066e6:	23c0      	movs	r3, #192	@ 0xc0
100066e8:	4a25      	ldr	r2, [pc, #148]	@ (10006780 <cyw43_ll_bus_init+0x90c>)
100066ea:	015b      	lsls	r3, r3, #5
100066ec:	2101      	movs	r1, #1
100066ee:	0020      	movs	r0, r4
100066f0:	f7fe fa2c 	bl	10004b4c <cyw43_write_reg_u8>
100066f4:	23c0      	movs	r3, #192	@ 0xc0
100066f6:	68a2      	ldr	r2, [r4, #8]
100066f8:	055b      	lsls	r3, r3, #21
100066fa:	4053      	eors	r3, r2
100066fc:	e623      	b.n	10006346 <cyw43_ll_bus_init+0x4d2>
100066fe:	2318      	movs	r3, #24
10006700:	2101      	movs	r1, #1
10006702:	0020      	movs	r0, r4
10006704:	4a1f      	ldr	r2, [pc, #124]	@ (10006784 <cyw43_ll_bus_init+0x910>)
10006706:	f7fe fa21 	bl	10004b4c <cyw43_write_reg_u8>
1000670a:	68a3      	ldr	r3, [r4, #8]
1000670c:	4073      	eors	r3, r6
1000670e:	e615      	b.n	1000633c <cyw43_ll_bus_init+0x4c8>
10006710:	23c0      	movs	r3, #192	@ 0xc0
10006712:	2101      	movs	r1, #1
10006714:	0020      	movs	r0, r4
10006716:	4a1c      	ldr	r2, [pc, #112]	@ (10006788 <cyw43_ll_bus_init+0x914>)
10006718:	035b      	lsls	r3, r3, #13
1000671a:	f7fe fa17 	bl	10004b4c <cyw43_write_reg_u8>
1000671e:	e617      	b.n	10006350 <cyw43_ll_bus_init+0x4dc>
10006720:	23c0      	movs	r3, #192	@ 0xc0
10006722:	2101      	movs	r1, #1
10006724:	0020      	movs	r0, r4
10006726:	4a18      	ldr	r2, [pc, #96]	@ (10006788 <cyw43_ll_bus_init+0x914>)
10006728:	035b      	lsls	r3, r3, #13
1000672a:	f7fe fa0f 	bl	10004b4c <cyw43_write_reg_u8>
1000672e:	e5f2      	b.n	10006316 <cyw43_ll_bus_init+0x4a2>
10006730:	23c0      	movs	r3, #192	@ 0xc0
10006732:	4a13      	ldr	r2, [pc, #76]	@ (10006780 <cyw43_ll_bus_init+0x90c>)
10006734:	015b      	lsls	r3, r3, #5
10006736:	2101      	movs	r1, #1
10006738:	0020      	movs	r0, r4
1000673a:	f7fe fa07 	bl	10004b4c <cyw43_write_reg_u8>
1000673e:	23c0      	movs	r3, #192	@ 0xc0
10006740:	68a2      	ldr	r2, [r4, #8]
10006742:	055b      	lsls	r3, r3, #21
10006744:	4053      	eors	r3, r2
10006746:	e5e1      	b.n	1000630c <cyw43_ll_bus_init+0x498>
10006748:	2318      	movs	r3, #24
1000674a:	2101      	movs	r1, #1
1000674c:	0020      	movs	r0, r4
1000674e:	4a0d      	ldr	r2, [pc, #52]	@ (10006784 <cyw43_ll_bus_init+0x910>)
10006750:	f7fe f9fc 	bl	10004b4c <cyw43_write_reg_u8>
10006754:	68a3      	ldr	r3, [r4, #8]
10006756:	4073      	eors	r3, r6
10006758:	e5d3      	b.n	10006302 <cyw43_ll_bus_init+0x48e>
1000675a:	480f      	ldr	r0, [pc, #60]	@ (10006798 <cyw43_ll_bus_init+0x924>)
1000675c:	f7fd fa12 	bl	10003b84 <__wrap_puts>
10006760:	f7ff fbae 	bl	10005ec0 <cyw43_ll_bus_init+0x4c>
10006764:	480d      	ldr	r0, [pc, #52]	@ (1000679c <cyw43_ll_bus_init+0x928>)
10006766:	f7fd fa0d 	bl	10003b84 <__wrap_puts>
1000676a:	f7ff fba9 	bl	10005ec0 <cyw43_ll_bus_init+0x4c>
1000676e:	480c      	ldr	r0, [pc, #48]	@ (100067a0 <cyw43_ll_bus_init+0x92c>)
10006770:	f7fd fa08 	bl	10003b84 <__wrap_puts>
10006774:	e43a      	b.n	10005fec <cyw43_ll_bus_init+0x178>
10006776:	480a      	ldr	r0, [pc, #40]	@ (100067a0 <cyw43_ll_bus_init+0x92c>)
10006778:	f7fd fa04 	bl	10003b84 <__wrap_puts>
1000677c:	e47e      	b.n	1000607c <cyw43_ll_bus_init+0x208>
1000677e:	46c0      	nop			@ (mov r8, r8)
10006780:	0001000b 	.word	0x0001000b
10006784:	0001000c 	.word	0x0001000c
10006788:	0001000a 	.word	0x0001000a
1000678c:	100080f8 	.word	0x100080f8
10006790:	1000813c 	.word	0x1000813c
10006794:	0001001f 	.word	0x0001001f
10006798:	1000810c 	.word	0x1000810c
1000679c:	10008124 	.word	0x10008124
100067a0:	10008008 	.word	0x10008008

100067a4 <cyw43_ll_wifi_set_wpa_auth>:
100067a4:	2204      	movs	r2, #4
100067a6:	b530      	push	{r4, r5, lr}
100067a8:	8a03      	ldrh	r3, [r0, #16]
100067aa:	6442      	str	r2, [r0, #68]	@ 0x44
100067ac:	3301      	adds	r3, #1
100067ae:	b29b      	uxth	r3, r3
100067b0:	8203      	strh	r3, [r0, #16]
100067b2:	6382      	str	r2, [r0, #56]	@ 0x38
100067b4:	041b      	lsls	r3, r3, #16
100067b6:	3a02      	subs	r2, #2
100067b8:	4313      	orrs	r3, r2
100067ba:	0005      	movs	r5, r0
100067bc:	63c3      	str	r3, [r0, #60]	@ 0x3c
100067be:	21a5      	movs	r1, #165	@ 0xa5
100067c0:	2300      	movs	r3, #0
100067c2:	0004      	movs	r4, r0
100067c4:	3544      	adds	r5, #68	@ 0x44
100067c6:	6341      	str	r1, [r0, #52]	@ 0x34
100067c8:	6403      	str	r3, [r0, #64]	@ 0x40
100067ca:	0029      	movs	r1, r5
100067cc:	b083      	sub	sp, #12
100067ce:	3202      	adds	r2, #2
100067d0:	0028      	movs	r0, r5
100067d2:	f001 f8cf 	bl	10007974 <memmove>
100067d6:	0023      	movs	r3, r4
100067d8:	2214      	movs	r2, #20
100067da:	2100      	movs	r1, #0
100067dc:	0020      	movs	r0, r4
100067de:	3328      	adds	r3, #40	@ 0x28
100067e0:	f7fe fd90 	bl	10005304 <cyw43_sdpcm_send_common>
100067e4:	2800      	cmp	r0, #0
100067e6:	d106      	bne.n	100067f6 <cyw43_ll_wifi_set_wpa_auth+0x52>
100067e8:	2304      	movs	r3, #4
100067ea:	22a5      	movs	r2, #165	@ 0xa5
100067ec:	2102      	movs	r1, #2
100067ee:	0020      	movs	r0, r4
100067f0:	9500      	str	r5, [sp, #0]
100067f2:	f7fe fe05 	bl	10005400 <cyw43_do_ioctl.part.0>
100067f6:	b003      	add	sp, #12
100067f8:	bd30      	pop	{r4, r5, pc}
100067fa:	46c0      	nop			@ (mov r8, r8)

100067fc <cyw43_ll_wifi_rejoin>:
100067fc:	221a      	movs	r2, #26
100067fe:	b530      	push	{r4, r5, lr}
10006800:	4b13      	ldr	r3, [pc, #76]	@ (10006850 <cyw43_ll_wifi_rejoin+0x54>)
10006802:	6342      	str	r2, [r0, #52]	@ 0x34
10006804:	18c5      	adds	r5, r0, r3
10006806:	8a03      	ldrh	r3, [r0, #16]
10006808:	320a      	adds	r2, #10
1000680a:	3301      	adds	r3, #1
1000680c:	b29b      	uxth	r3, r3
1000680e:	8203      	strh	r3, [r0, #16]
10006810:	6382      	str	r2, [r0, #56]	@ 0x38
10006812:	041b      	lsls	r3, r3, #16
10006814:	3a22      	subs	r2, #34	@ 0x22
10006816:	4313      	orrs	r3, r2
10006818:	63c3      	str	r3, [r0, #60]	@ 0x3c
1000681a:	2300      	movs	r3, #0
1000681c:	0004      	movs	r4, r0
1000681e:	6403      	str	r3, [r0, #64]	@ 0x40
10006820:	0029      	movs	r1, r5
10006822:	b083      	sub	sp, #12
10006824:	3222      	adds	r2, #34	@ 0x22
10006826:	3044      	adds	r0, #68	@ 0x44
10006828:	f7fb fd10 	bl	1000224c <__wrap___aeabi_memcpy>
1000682c:	0023      	movs	r3, r4
1000682e:	2234      	movs	r2, #52	@ 0x34
10006830:	2100      	movs	r1, #0
10006832:	0020      	movs	r0, r4
10006834:	3328      	adds	r3, #40	@ 0x28
10006836:	f7fe fd65 	bl	10005304 <cyw43_sdpcm_send_common>
1000683a:	2800      	cmp	r0, #0
1000683c:	d106      	bne.n	1000684c <cyw43_ll_wifi_rejoin+0x50>
1000683e:	2324      	movs	r3, #36	@ 0x24
10006840:	221a      	movs	r2, #26
10006842:	2102      	movs	r1, #2
10006844:	0020      	movs	r0, r4
10006846:	9500      	str	r5, [sp, #0]
10006848:	f7fe fdda 	bl	10005400 <cyw43_do_ioctl.part.0>
1000684c:	b003      	add	sp, #12
1000684e:	bd30      	pop	{r4, r5, pc}
10006850:	00000828 	.word	0x00000828

10006854 <cyw43_ll_gpio_set>:
10006854:	b5f0      	push	{r4, r5, r6, r7, lr}
10006856:	0004      	movs	r4, r0
10006858:	b083      	sub	sp, #12
1000685a:	2902      	cmp	r1, #2
1000685c:	d846      	bhi.n	100068ec <cyw43_ll_gpio_set+0x98>
1000685e:	2301      	movs	r3, #1
10006860:	408b      	lsls	r3, r1
10006862:	2a00      	cmp	r2, #0
10006864:	d13f      	bne.n	100068e6 <cyw43_ll_gpio_set+0x92>
10006866:	2700      	movs	r7, #0
10006868:	b2de      	uxtb	r6, r3
1000686a:	0025      	movs	r5, r4
1000686c:	3544      	adds	r5, #68	@ 0x44
1000686e:	2208      	movs	r2, #8
10006870:	4920      	ldr	r1, [pc, #128]	@ (100068f4 <cyw43_ll_gpio_set+0xa0>)
10006872:	0028      	movs	r0, r5
10006874:	f7fb fcea 	bl	1000224c <__wrap___aeabi_memcpy>
10006878:	234c      	movs	r3, #76	@ 0x4c
1000687a:	2200      	movs	r2, #0
1000687c:	2110      	movs	r1, #16
1000687e:	54e6      	strb	r6, [r4, r3]
10006880:	2608      	movs	r6, #8
10006882:	3301      	adds	r3, #1
10006884:	54e2      	strb	r2, [r4, r3]
10006886:	3301      	adds	r3, #1
10006888:	54e2      	strb	r2, [r4, r3]
1000688a:	3301      	adds	r3, #1
1000688c:	54e2      	strb	r2, [r4, r3]
1000688e:	3301      	adds	r3, #1
10006890:	54e7      	strb	r7, [r4, r3]
10006892:	3301      	adds	r3, #1
10006894:	54e2      	strb	r2, [r4, r3]
10006896:	3301      	adds	r3, #1
10006898:	54e2      	strb	r2, [r4, r3]
1000689a:	3301      	adds	r3, #1
1000689c:	54e2      	strb	r2, [r4, r3]
1000689e:	8a23      	ldrh	r3, [r4, #16]
100068a0:	63a1      	str	r1, [r4, #56]	@ 0x38
100068a2:	3301      	adds	r3, #1
100068a4:	b29b      	uxth	r3, r3
100068a6:	8223      	strh	r3, [r4, #16]
100068a8:	390e      	subs	r1, #14
100068aa:	041b      	lsls	r3, r3, #16
100068ac:	430b      	orrs	r3, r1
100068ae:	36ff      	adds	r6, #255	@ 0xff
100068b0:	0029      	movs	r1, r5
100068b2:	63e3      	str	r3, [r4, #60]	@ 0x3c
100068b4:	6422      	str	r2, [r4, #64]	@ 0x40
100068b6:	0028      	movs	r0, r5
100068b8:	3210      	adds	r2, #16
100068ba:	6366      	str	r6, [r4, #52]	@ 0x34
100068bc:	f001 f85a 	bl	10007974 <memmove>
100068c0:	0023      	movs	r3, r4
100068c2:	2220      	movs	r2, #32
100068c4:	2100      	movs	r1, #0
100068c6:	0020      	movs	r0, r4
100068c8:	3328      	adds	r3, #40	@ 0x28
100068ca:	f7fe fd1b 	bl	10005304 <cyw43_sdpcm_send_common>
100068ce:	2800      	cmp	r0, #0
100068d0:	d106      	bne.n	100068e0 <cyw43_ll_gpio_set+0x8c>
100068d2:	2310      	movs	r3, #16
100068d4:	0032      	movs	r2, r6
100068d6:	2102      	movs	r1, #2
100068d8:	0020      	movs	r0, r4
100068da:	9500      	str	r5, [sp, #0]
100068dc:	f7fe fd90 	bl	10005400 <cyw43_do_ioctl.part.0>
100068e0:	2000      	movs	r0, #0
100068e2:	b003      	add	sp, #12
100068e4:	bdf0      	pop	{r4, r5, r6, r7, pc}
100068e6:	b2df      	uxtb	r7, r3
100068e8:	003e      	movs	r6, r7
100068ea:	e7be      	b.n	1000686a <cyw43_ll_gpio_set+0x16>
100068ec:	2001      	movs	r0, #1
100068ee:	4240      	negs	r0, r0
100068f0:	e7f7      	b.n	100068e2 <cyw43_ll_gpio_set+0x8e>
100068f2:	46c0      	nop			@ (mov r8, r8)
100068f4:	10008164 	.word	0x10008164

100068f8 <cyw43_ll_has_work>:
100068f8:	b510      	push	{r4, lr}
100068fa:	6800      	ldr	r0, [r0, #0]
100068fc:	f000 f8e4 	bl	10006ac8 <cyw43_cb_read_host_interrupt_pin>
10006900:	3801      	subs	r0, #1
10006902:	4243      	negs	r3, r0
10006904:	4158      	adcs	r0, r3
10006906:	b2c0      	uxtb	r0, r0
10006908:	bd10      	pop	{r4, pc}
1000690a:	46c0      	nop			@ (mov r8, r8)

1000690c <cyw43_poll_func>:
1000690c:	b510      	push	{r4, lr}
1000690e:	4b28      	ldr	r3, [pc, #160]	@ (100069b0 <cyw43_poll_func+0xa4>)
10006910:	b082      	sub	sp, #8
10006912:	681b      	ldr	r3, [r3, #0]
10006914:	2b00      	cmp	r3, #0
10006916:	d017      	beq.n	10006948 <cyw43_poll_func+0x3c>
10006918:	4c26      	ldr	r4, [pc, #152]	@ (100069b4 <cyw43_poll_func+0xa8>)
1000691a:	0020      	movs	r0, r4
1000691c:	f7ff ffec 	bl	100068f8 <cyw43_ll_has_work>
10006920:	2800      	cmp	r0, #0
10006922:	d13c      	bne.n	1000699e <cyw43_poll_func+0x92>
10006924:	4b24      	ldr	r3, [pc, #144]	@ (100069b8 <cyw43_poll_func+0xac>)
10006926:	5ce2      	ldrb	r2, [r4, r3]
10006928:	2a00      	cmp	r2, #0
1000692a:	d12b      	bne.n	10006984 <cyw43_poll_func+0x78>
1000692c:	4b23      	ldr	r3, [pc, #140]	@ (100069bc <cyw43_poll_func+0xb0>)
1000692e:	5ce2      	ldrb	r2, [r4, r3]
10006930:	2a00      	cmp	r2, #0
10006932:	d11d      	bne.n	10006970 <cyw43_poll_func+0x64>
10006934:	4b22      	ldr	r3, [pc, #136]	@ (100069c0 <cyw43_poll_func+0xb4>)
10006936:	5ce2      	ldrb	r2, [r4, r3]
10006938:	2a00      	cmp	r2, #0
1000693a:	d10c      	bne.n	10006956 <cyw43_poll_func+0x4a>
1000693c:	4b21      	ldr	r3, [pc, #132]	@ (100069c4 <cyw43_poll_func+0xb8>)
1000693e:	681b      	ldr	r3, [r3, #0]
10006940:	2b00      	cmp	r3, #0
10006942:	d003      	beq.n	1000694c <cyw43_poll_func+0x40>
10006944:	f000 fc8c 	bl	10007260 <cyw43_post_poll_hook>
10006948:	b002      	add	sp, #8
1000694a:	bd10      	pop	{r4, pc}
1000694c:	2101      	movs	r1, #1
1000694e:	0020      	movs	r0, r4
10006950:	f7ff fa38 	bl	10005dc4 <cyw43_ll_bus_sleep>
10006954:	e7f6      	b.n	10006944 <cyw43_poll_func+0x38>
10006956:	2200      	movs	r2, #0
10006958:	0020      	movs	r0, r4
1000695a:	54e2      	strb	r2, [r4, r3]
1000695c:	f7ff ff4e 	bl	100067fc <cyw43_ll_wifi_rejoin>
10006960:	2201      	movs	r2, #1
10006962:	4b19      	ldr	r3, [pc, #100]	@ (100069c8 <cyw43_poll_func+0xbc>)
10006964:	50e2      	str	r2, [r4, r3]
10006966:	4b17      	ldr	r3, [pc, #92]	@ (100069c4 <cyw43_poll_func+0xb8>)
10006968:	681b      	ldr	r3, [r3, #0]
1000696a:	2b00      	cmp	r3, #0
1000696c:	d1ea      	bne.n	10006944 <cyw43_poll_func+0x38>
1000696e:	e7ed      	b.n	1000694c <cyw43_poll_func+0x40>
10006970:	2200      	movs	r2, #0
10006972:	0020      	movs	r0, r4
10006974:	54e2      	strb	r2, [r4, r3]
10006976:	f7ff ff15 	bl	100067a4 <cyw43_ll_wifi_set_wpa_auth>
1000697a:	4b11      	ldr	r3, [pc, #68]	@ (100069c0 <cyw43_poll_func+0xb4>)
1000697c:	5ce2      	ldrb	r2, [r4, r3]
1000697e:	2a00      	cmp	r2, #0
10006980:	d0dc      	beq.n	1000693c <cyw43_poll_func+0x30>
10006982:	e7e8      	b.n	10006956 <cyw43_poll_func+0x4a>
10006984:	2200      	movs	r2, #0
10006986:	2169      	movs	r1, #105	@ 0x69
10006988:	54e2      	strb	r2, [r4, r3]
1000698a:	0020      	movs	r0, r4
1000698c:	2300      	movs	r3, #0
1000698e:	9200      	str	r2, [sp, #0]
10006990:	f7ff f9d8 	bl	10005d44 <cyw43_ll_ioctl>
10006994:	4b09      	ldr	r3, [pc, #36]	@ (100069bc <cyw43_poll_func+0xb0>)
10006996:	5ce2      	ldrb	r2, [r4, r3]
10006998:	2a00      	cmp	r2, #0
1000699a:	d0cb      	beq.n	10006934 <cyw43_poll_func+0x28>
1000699c:	e7e8      	b.n	10006970 <cyw43_poll_func+0x64>
1000699e:	0020      	movs	r0, r4
100069a0:	f7ff f9a6 	bl	10005cf0 <cyw43_ll_process_packets>
100069a4:	4b04      	ldr	r3, [pc, #16]	@ (100069b8 <cyw43_poll_func+0xac>)
100069a6:	5ce2      	ldrb	r2, [r4, r3]
100069a8:	2a00      	cmp	r2, #0
100069aa:	d0bf      	beq.n	1000692c <cyw43_poll_func+0x20>
100069ac:	e7ea      	b.n	10006984 <cyw43_poll_func+0x78>
100069ae:	46c0      	nop			@ (mov r8, r8)
100069b0:	200009a0 	.word	0x200009a0
100069b4:	200009a8 	.word	0x200009a8
100069b8:	00000869 	.word	0x00000869
100069bc:	0000086b 	.word	0x0000086b
100069c0:	0000086a 	.word	0x0000086a
100069c4:	200009a4 	.word	0x200009a4
100069c8:	0000085c 	.word	0x0000085c

100069cc <cyw43_init>:
100069cc:	b570      	push	{r4, r5, r6, lr}
100069ce:	2380      	movs	r3, #128	@ 0x80
100069d0:	25d0      	movs	r5, #208	@ 0xd0
100069d2:	2680      	movs	r6, #128	@ 0x80
100069d4:	0004      	movs	r4, r0
100069d6:	062d      	lsls	r5, r5, #24
100069d8:	045b      	lsls	r3, r3, #17
100069da:	62ab      	str	r3, [r5, #40]	@ 0x28
100069dc:	0436      	lsls	r6, r6, #16
100069de:	2200      	movs	r2, #0
100069e0:	2100      	movs	r1, #0
100069e2:	2018      	movs	r0, #24
100069e4:	f7f9 fc8c 	bl	10000300 <gpio_set_pulls>
100069e8:	626e      	str	r6, [r5, #36]	@ 0x24
100069ea:	2200      	movs	r2, #0
100069ec:	2100      	movs	r1, #0
100069ee:	2017      	movs	r0, #23
100069f0:	f7f9 fc86 	bl	10000300 <gpio_set_pulls>
100069f4:	61ae      	str	r6, [r5, #24]
100069f6:	0021      	movs	r1, r4
100069f8:	0020      	movs	r0, r4
100069fa:	f7ff f967 	bl	10005ccc <cyw43_ll_init>
100069fe:	2285      	movs	r2, #133	@ 0x85
10006a00:	2300      	movs	r3, #0
10006a02:	2103      	movs	r1, #3
10006a04:	0112      	lsls	r2, r2, #4
10006a06:	54a3      	strb	r3, [r4, r2]
10006a08:	4a06      	ldr	r2, [pc, #24]	@ (10006a24 <cyw43_init+0x58>)
10006a0a:	50a3      	str	r3, [r4, r2]
10006a0c:	4a06      	ldr	r2, [pc, #24]	@ (10006a28 <cyw43_init+0x5c>)
10006a0e:	50a3      	str	r3, [r4, r2]
10006a10:	3214      	adds	r2, #20
10006a12:	52a1      	strh	r1, [r4, r2]
10006a14:	4a05      	ldr	r2, [pc, #20]	@ (10006a2c <cyw43_init+0x60>)
10006a16:	54a3      	strb	r3, [r4, r2]
10006a18:	4a05      	ldr	r2, [pc, #20]	@ (10006a30 <cyw43_init+0x64>)
10006a1a:	6013      	str	r3, [r2, #0]
10006a1c:	2201      	movs	r2, #1
10006a1e:	4b05      	ldr	r3, [pc, #20]	@ (10006a34 <cyw43_init+0x68>)
10006a20:	50e2      	str	r2, [r4, r3]
10006a22:	bd70      	pop	{r4, r5, r6, pc}
10006a24:	00000858 	.word	0x00000858
10006a28:	0000085c 	.word	0x0000085c
10006a2c:	00000872 	.word	0x00000872
10006a30:	200009a0 	.word	0x200009a0
10006a34:	00000868 	.word	0x00000868

10006a38 <cyw43_deinit>:
10006a38:	b5f8      	push	{r3, r4, r5, r6, r7, lr}
10006a3a:	0004      	movs	r4, r0
10006a3c:	f000 fc7a 	bl	10007334 <cyw43_thread_enter>
10006a40:	4e1c      	ldr	r6, [pc, #112]	@ (10006ab4 <cyw43_deinit+0x7c>)
10006a42:	6833      	ldr	r3, [r6, #0]
10006a44:	2b00      	cmp	r3, #0
10006a46:	d032      	beq.n	10006aae <cyw43_deinit+0x76>
10006a48:	2100      	movs	r1, #0
10006a4a:	0020      	movs	r0, r4
10006a4c:	f000 fcde 	bl	1000740c <cyw43_cb_tcpip_deinit>
10006a50:	2101      	movs	r1, #1
10006a52:	0020      	movs	r0, r4
10006a54:	f000 fcda 	bl	1000740c <cyw43_cb_tcpip_deinit>
10006a58:	0020      	movs	r0, r4
10006a5a:	f7ff f945 	bl	10005ce8 <cyw43_ll_deinit>
10006a5e:	25d0      	movs	r5, #208	@ 0xd0
10006a60:	2380      	movs	r3, #128	@ 0x80
10006a62:	2780      	movs	r7, #128	@ 0x80
10006a64:	045b      	lsls	r3, r3, #17
10006a66:	062d      	lsls	r5, r5, #24
10006a68:	62ab      	str	r3, [r5, #40]	@ 0x28
10006a6a:	2200      	movs	r2, #0
10006a6c:	2100      	movs	r1, #0
10006a6e:	2018      	movs	r0, #24
10006a70:	043f      	lsls	r7, r7, #16
10006a72:	f7f9 fc45 	bl	10000300 <gpio_set_pulls>
10006a76:	2200      	movs	r2, #0
10006a78:	2100      	movs	r1, #0
10006a7a:	2017      	movs	r0, #23
10006a7c:	626f      	str	r7, [r5, #36]	@ 0x24
10006a7e:	f7f9 fc3f 	bl	10000300 <gpio_set_pulls>
10006a82:	0021      	movs	r1, r4
10006a84:	0020      	movs	r0, r4
10006a86:	61af      	str	r7, [r5, #24]
10006a88:	f7ff f920 	bl	10005ccc <cyw43_ll_init>
10006a8c:	2285      	movs	r2, #133	@ 0x85
10006a8e:	2300      	movs	r3, #0
10006a90:	2103      	movs	r1, #3
10006a92:	0112      	lsls	r2, r2, #4
10006a94:	54a3      	strb	r3, [r4, r2]
10006a96:	4a08      	ldr	r2, [pc, #32]	@ (10006ab8 <cyw43_deinit+0x80>)
10006a98:	6033      	str	r3, [r6, #0]
10006a9a:	50a3      	str	r3, [r4, r2]
10006a9c:	4a07      	ldr	r2, [pc, #28]	@ (10006abc <cyw43_deinit+0x84>)
10006a9e:	50a3      	str	r3, [r4, r2]
10006aa0:	3214      	adds	r2, #20
10006aa2:	52a1      	strh	r1, [r4, r2]
10006aa4:	4a06      	ldr	r2, [pc, #24]	@ (10006ac0 <cyw43_deinit+0x88>)
10006aa6:	54a3      	strb	r3, [r4, r2]
10006aa8:	2201      	movs	r2, #1
10006aaa:	4b06      	ldr	r3, [pc, #24]	@ (10006ac4 <cyw43_deinit+0x8c>)
10006aac:	50e2      	str	r2, [r4, r3]
10006aae:	f000 fc4b 	bl	10007348 <cyw43_thread_exit>
10006ab2:	bdf8      	pop	{r3, r4, r5, r6, r7, pc}
10006ab4:	200009a0 	.word	0x200009a0
10006ab8:	00000858 	.word	0x00000858
10006abc:	0000085c 	.word	0x0000085c
10006ac0:	00000872 	.word	0x00000872
10006ac4:	00000868 	.word	0x00000868

10006ac8 <cyw43_cb_read_host_interrupt_pin>:
10006ac8:	23d0      	movs	r3, #208	@ 0xd0
10006aca:	061b      	lsls	r3, r3, #24
10006acc:	6858      	ldr	r0, [r3, #4]
10006ace:	01c0      	lsls	r0, r0, #7
10006ad0:	0fc0      	lsrs	r0, r0, #31
10006ad2:	4770      	bx	lr

10006ad4 <cyw43_cb_ensure_awake>:
10006ad4:	2232      	movs	r2, #50	@ 0x32
10006ad6:	4b01      	ldr	r3, [pc, #4]	@ (10006adc <cyw43_cb_ensure_awake+0x8>)
10006ad8:	601a      	str	r2, [r3, #0]
10006ada:	4770      	bx	lr
10006adc:	200009a4 	.word	0x200009a4

10006ae0 <cyw43_cb_process_async_event>:
10006ae0:	4b78      	ldr	r3, [pc, #480]	@ (10006cc4 <cyw43_cb_process_async_event+0x1e4>)
10006ae2:	b570      	push	{r4, r5, r6, lr}
10006ae4:	58c3      	ldr	r3, [r0, r3]
10006ae6:	0005      	movs	r5, r0
10006ae8:	000c      	movs	r4, r1
10006aea:	07db      	lsls	r3, r3, #31
10006aec:	d412      	bmi.n	10006b14 <cyw43_cb_process_async_event+0x34>
10006aee:	6863      	ldr	r3, [r4, #4]
10006af0:	2b45      	cmp	r3, #69	@ 0x45
10006af2:	d005      	beq.n	10006b00 <cyw43_cb_process_async_event+0x20>
10006af4:	2b31      	cmp	r3, #49	@ 0x31
10006af6:	d807      	bhi.n	10006b08 <cyw43_cb_process_async_event+0x28>
10006af8:	4a73      	ldr	r2, [pc, #460]	@ (10006cc8 <cyw43_cb_process_async_event+0x1e8>)
10006afa:	009b      	lsls	r3, r3, #2
10006afc:	58d3      	ldr	r3, [r2, r3]
10006afe:	469f      	mov	pc, r3
10006b00:	4b72      	ldr	r3, [pc, #456]	@ (10006ccc <cyw43_cb_process_async_event+0x1ec>)
10006b02:	58ea      	ldr	r2, [r5, r3]
10006b04:	2a01      	cmp	r2, #1
10006b06:	d038      	beq.n	10006b7a <cyw43_cb_process_async_event+0x9a>
10006b08:	4b71      	ldr	r3, [pc, #452]	@ (10006cd0 <cyw43_cb_process_async_event+0x1f0>)
10006b0a:	58eb      	ldr	r3, [r5, r3]
10006b0c:	4a71      	ldr	r2, [pc, #452]	@ (10006cd4 <cyw43_cb_process_async_event+0x1f4>)
10006b0e:	4293      	cmp	r3, r2
10006b10:	d025      	beq.n	10006b5e <cyw43_cb_process_async_event+0x7e>
10006b12:	bd70      	pop	{r4, r5, r6, pc}
10006b14:	f7fa fcc6 	bl	100014a4 <time_us_64>
10006b18:	2900      	cmp	r1, #0
10006b1a:	d028      	beq.n	10006b6e <cyw43_cb_process_async_event+0x8e>
10006b1c:	22fa      	movs	r2, #250	@ 0xfa
10006b1e:	2300      	movs	r3, #0
10006b20:	0092      	lsls	r2, r2, #2
10006b22:	f7fb f803 	bl	10001b2c <__wrap___aeabi_uldivmod>
10006b26:	0001      	movs	r1, r0
10006b28:	4b6b      	ldr	r3, [pc, #428]	@ (10006cd8 <cyw43_cb_process_async_event+0x1f8>)
10006b2a:	8862      	ldrh	r2, [r4, #2]
10006b2c:	0018      	movs	r0, r3
10006b2e:	f7fd f8b1 	bl	10003c94 <__wrap_printf>
10006b32:	6861      	ldr	r1, [r4, #4]
10006b34:	2958      	cmp	r1, #88	@ 0x58
10006b36:	d900      	bls.n	10006b3a <cyw43_cb_process_async_event+0x5a>
10006b38:	e091      	b.n	10006c5e <cyw43_cb_process_async_event+0x17e>
10006b3a:	4b68      	ldr	r3, [pc, #416]	@ (10006cdc <cyw43_cb_process_async_event+0x1fc>)
10006b3c:	008a      	lsls	r2, r1, #2
10006b3e:	58d3      	ldr	r3, [r2, r3]
10006b40:	2b00      	cmp	r3, #0
10006b42:	d100      	bne.n	10006b46 <cyw43_cb_process_async_event+0x66>
10006b44:	e08b      	b.n	10006c5e <cyw43_cb_process_async_event+0x17e>
10006b46:	0019      	movs	r1, r3
10006b48:	4865      	ldr	r0, [pc, #404]	@ (10006ce0 <cyw43_cb_process_async_event+0x200>)
10006b4a:	f7fd f8a3 	bl	10003c94 <__wrap_printf>
10006b4e:	232e      	movs	r3, #46	@ 0x2e
10006b50:	68e2      	ldr	r2, [r4, #12]
10006b52:	5ce3      	ldrb	r3, [r4, r3]
10006b54:	68a1      	ldr	r1, [r4, #8]
10006b56:	4863      	ldr	r0, [pc, #396]	@ (10006ce4 <cyw43_cb_process_async_event+0x204>)
10006b58:	f7fd f89c 	bl	10003c94 <__wrap_printf>
10006b5c:	e7c7      	b.n	10006aee <cyw43_cb_process_async_event+0xe>
10006b5e:	2201      	movs	r2, #1
10006b60:	4b5b      	ldr	r3, [pc, #364]	@ (10006cd0 <cyw43_cb_process_async_event+0x1f0>)
10006b62:	2100      	movs	r1, #0
10006b64:	0028      	movs	r0, r5
10006b66:	50ea      	str	r2, [r5, r3]
10006b68:	f000 fc52 	bl	10007410 <cyw43_cb_tcpip_set_link_up>
10006b6c:	e7d1      	b.n	10006b12 <cyw43_cb_process_async_event+0x32>
10006b6e:	21fa      	movs	r1, #250	@ 0xfa
10006b70:	0089      	lsls	r1, r1, #2
10006b72:	f7fa ff9d 	bl	10001ab0 <__wrap___aeabi_uidiv>
10006b76:	0001      	movs	r1, r0
10006b78:	e7d6      	b.n	10006b28 <cyw43_cb_process_async_event+0x48>
10006b7a:	68a2      	ldr	r2, [r4, #8]
10006b7c:	2a08      	cmp	r2, #8
10006b7e:	d07a      	beq.n	10006c76 <cyw43_cb_process_async_event+0x196>
10006b80:	2a00      	cmp	r2, #0
10006b82:	d1c1      	bne.n	10006b08 <cyw43_cb_process_async_event+0x28>
10006b84:	3202      	adds	r2, #2
10006b86:	50ea      	str	r2, [r5, r3]
10006b88:	4b51      	ldr	r3, [pc, #324]	@ (10006cd0 <cyw43_cb_process_async_event+0x1f0>)
10006b8a:	58eb      	ldr	r3, [r5, r3]
10006b8c:	e7be      	b.n	10006b0c <cyw43_cb_process_async_event+0x2c>
10006b8e:	2201      	movs	r2, #1
10006b90:	4b55      	ldr	r3, [pc, #340]	@ (10006ce8 <cyw43_cb_process_async_event+0x208>)
10006b92:	4856      	ldr	r0, [pc, #344]	@ (10006cec <cyw43_cb_process_async_event+0x20c>)
10006b94:	52ea      	strh	r2, [r5, r3]
10006b96:	f000 fb6b 	bl	10007270 <cyw43_schedule_internal_poll_dispatch>
10006b9a:	e7b5      	b.n	10006b08 <cyw43_cb_process_async_event+0x28>
10006b9c:	68a3      	ldr	r3, [r4, #8]
10006b9e:	2b06      	cmp	r3, #6
10006ba0:	d074      	beq.n	10006c8c <cyw43_cb_process_async_event+0x1ac>
10006ba2:	2b0a      	cmp	r3, #10
10006ba4:	d806      	bhi.n	10006bb4 <cyw43_cb_process_async_event+0xd4>
10006ba6:	22a2      	movs	r2, #162	@ 0xa2
10006ba8:	00d2      	lsls	r2, r2, #3
10006baa:	40da      	lsrs	r2, r3
10006bac:	0013      	movs	r3, r2
10006bae:	2201      	movs	r2, #1
10006bb0:	421a      	tst	r2, r3
10006bb2:	d15b      	bne.n	10006c6c <cyw43_cb_process_async_event+0x18c>
10006bb4:	2204      	movs	r2, #4
10006bb6:	4b46      	ldr	r3, [pc, #280]	@ (10006cd0 <cyw43_cb_process_async_event+0x1f0>)
10006bb8:	50ea      	str	r2, [r5, r3]
10006bba:	e7aa      	b.n	10006b12 <cyw43_cb_process_async_event+0x32>
10006bbc:	68a3      	ldr	r3, [r4, #8]
10006bbe:	2b00      	cmp	r3, #0
10006bc0:	d1a2      	bne.n	10006b08 <cyw43_cb_process_async_event+0x28>
10006bc2:	68e3      	ldr	r3, [r4, #12]
10006bc4:	2b08      	cmp	r3, #8
10006bc6:	d19f      	bne.n	10006b08 <cyw43_cb_process_async_event+0x28>
10006bc8:	2202      	movs	r2, #2
10006bca:	4b47      	ldr	r3, [pc, #284]	@ (10006ce8 <cyw43_cb_process_async_event+0x208>)
10006bcc:	32ff      	adds	r2, #255	@ 0xff
10006bce:	e7e0      	b.n	10006b92 <cyw43_cb_process_async_event+0xb2>
10006bd0:	68a3      	ldr	r3, [r4, #8]
10006bd2:	2b00      	cmp	r3, #0
10006bd4:	d198      	bne.n	10006b08 <cyw43_cb_process_async_event+0x28>
10006bd6:	8863      	ldrh	r3, [r4, #2]
10006bd8:	07db      	lsls	r3, r3, #31
10006bda:	d564      	bpl.n	10006ca6 <cyw43_cb_process_async_event+0x1c6>
10006bdc:	232e      	movs	r3, #46	@ 0x2e
10006bde:	5ce1      	ldrb	r1, [r4, r3]
10006be0:	2900      	cmp	r1, #0
10006be2:	d168      	bne.n	10006cb6 <cyw43_cb_process_async_event+0x1d6>
10006be4:	2380      	movs	r3, #128	@ 0x80
10006be6:	4a3a      	ldr	r2, [pc, #232]	@ (10006cd0 <cyw43_cb_process_async_event+0x1f0>)
10006be8:	00db      	lsls	r3, r3, #3
10006bea:	58a9      	ldr	r1, [r5, r2]
10006bec:	430b      	orrs	r3, r1
10006bee:	50ab      	str	r3, [r5, r2]
10006bf0:	e78c      	b.n	10006b0c <cyw43_cb_process_async_event+0x2c>
10006bf2:	2100      	movs	r1, #0
10006bf4:	0028      	movs	r0, r5
10006bf6:	f000 fc11 	bl	1000741c <cyw43_cb_tcpip_set_link_down>
10006bfa:	2200      	movs	r2, #0
10006bfc:	4b34      	ldr	r3, [pc, #208]	@ (10006cd0 <cyw43_cb_process_async_event+0x1f0>)
10006bfe:	50ea      	str	r2, [r5, r3]
10006c00:	e787      	b.n	10006b12 <cyw43_cb_process_async_event+0x32>
10006c02:	68a3      	ldr	r3, [r4, #8]
10006c04:	2b00      	cmp	r3, #0
10006c06:	d000      	beq.n	10006c0a <cyw43_cb_process_async_event+0x12a>
10006c08:	e77e      	b.n	10006b08 <cyw43_cb_process_async_event+0x28>
10006c0a:	68e3      	ldr	r3, [r4, #12]
10006c0c:	2b02      	cmp	r3, #2
10006c0e:	d000      	beq.n	10006c12 <cyw43_cb_process_async_event+0x132>
10006c10:	e77a      	b.n	10006b08 <cyw43_cb_process_async_event+0x28>
10006c12:	2201      	movs	r2, #1
10006c14:	4b36      	ldr	r3, [pc, #216]	@ (10006cf0 <cyw43_cb_process_async_event+0x210>)
10006c16:	54ea      	strb	r2, [r5, r3]
10006c18:	4834      	ldr	r0, [pc, #208]	@ (10006cec <cyw43_cb_process_async_event+0x20c>)
10006c1a:	f000 fb29 	bl	10007270 <cyw43_schedule_internal_poll_dispatch>
10006c1e:	4b2c      	ldr	r3, [pc, #176]	@ (10006cd0 <cyw43_cb_process_async_event+0x1f0>)
10006c20:	58eb      	ldr	r3, [r5, r3]
10006c22:	e773      	b.n	10006b0c <cyw43_cb_process_async_event+0x2c>
10006c24:	68a3      	ldr	r3, [r4, #8]
10006c26:	2b00      	cmp	r3, #0
10006c28:	d11d      	bne.n	10006c66 <cyw43_cb_process_async_event+0x186>
10006c2a:	4b29      	ldr	r3, [pc, #164]	@ (10006cd0 <cyw43_cb_process_async_event+0x1f0>)
10006c2c:	58ea      	ldr	r2, [r5, r3]
10006c2e:	230f      	movs	r3, #15
10006c30:	0019      	movs	r1, r3
10006c32:	4011      	ands	r1, r2
10006c34:	2904      	cmp	r1, #4
10006c36:	d102      	bne.n	10006c3e <cyw43_cb_process_async_event+0x15e>
10006c38:	439a      	bics	r2, r3
10006c3a:	3b0e      	subs	r3, #14
10006c3c:	431a      	orrs	r2, r3
10006c3e:	2380      	movs	r3, #128	@ 0x80
10006c40:	009b      	lsls	r3, r3, #2
10006c42:	4313      	orrs	r3, r2
10006c44:	4a22      	ldr	r2, [pc, #136]	@ (10006cd0 <cyw43_cb_process_async_event+0x1f0>)
10006c46:	50ab      	str	r3, [r5, r2]
10006c48:	e760      	b.n	10006b0c <cyw43_cb_process_async_event+0x2c>
10006c4a:	68a3      	ldr	r3, [r4, #8]
10006c4c:	2b00      	cmp	r3, #0
10006c4e:	d100      	bne.n	10006c52 <cyw43_cb_process_async_event+0x172>
10006c50:	e75a      	b.n	10006b08 <cyw43_cb_process_async_event+0x28>
10006c52:	2b03      	cmp	r3, #3
10006c54:	d021      	beq.n	10006c9a <cyw43_cb_process_async_event+0x1ba>
10006c56:	2202      	movs	r2, #2
10006c58:	4b1d      	ldr	r3, [pc, #116]	@ (10006cd0 <cyw43_cb_process_async_event+0x1f0>)
10006c5a:	50ea      	str	r2, [r5, r3]
10006c5c:	e759      	b.n	10006b12 <cyw43_cb_process_async_event+0x32>
10006c5e:	4825      	ldr	r0, [pc, #148]	@ (10006cf4 <cyw43_cb_process_async_event+0x214>)
10006c60:	f7fd f818 	bl	10003c94 <__wrap_printf>
10006c64:	e773      	b.n	10006b4e <cyw43_cb_process_async_event+0x6e>
10006c66:	2b06      	cmp	r3, #6
10006c68:	d1a4      	bne.n	10006bb4 <cyw43_cb_process_async_event+0xd4>
10006c6a:	e74d      	b.n	10006b08 <cyw43_cb_process_async_event+0x28>
10006c6c:	68e3      	ldr	r3, [r4, #12]
10006c6e:	2b0f      	cmp	r3, #15
10006c70:	d1a0      	bne.n	10006bb4 <cyw43_cb_process_async_event+0xd4>
10006c72:	4b1d      	ldr	r3, [pc, #116]	@ (10006ce8 <cyw43_cb_process_async_event+0x208>)
10006c74:	e7cf      	b.n	10006c16 <cyw43_cb_process_async_event+0x136>
10006c76:	2386      	movs	r3, #134	@ 0x86
10006c78:	0021      	movs	r1, r4
10006c7a:	011b      	lsls	r3, r3, #4
10006c7c:	58e8      	ldr	r0, [r5, r3]
10006c7e:	4b1e      	ldr	r3, [pc, #120]	@ (10006cf8 <cyw43_cb_process_async_event+0x218>)
10006c80:	3130      	adds	r1, #48	@ 0x30
10006c82:	58eb      	ldr	r3, [r5, r3]
10006c84:	4798      	blx	r3
10006c86:	4b12      	ldr	r3, [pc, #72]	@ (10006cd0 <cyw43_cb_process_async_event+0x1f0>)
10006c88:	58eb      	ldr	r3, [r5, r3]
10006c8a:	e73f      	b.n	10006b0c <cyw43_cb_process_async_event+0x2c>
10006c8c:	2380      	movs	r3, #128	@ 0x80
10006c8e:	4a10      	ldr	r2, [pc, #64]	@ (10006cd0 <cyw43_cb_process_async_event+0x1f0>)
10006c90:	011b      	lsls	r3, r3, #4
10006c92:	58a9      	ldr	r1, [r5, r2]
10006c94:	430b      	orrs	r3, r1
10006c96:	50ab      	str	r3, [r5, r2]
10006c98:	e738      	b.n	10006b0c <cyw43_cb_process_async_event+0x2c>
10006c9a:	68e2      	ldr	r2, [r4, #12]
10006c9c:	2a00      	cmp	r2, #0
10006c9e:	d1da      	bne.n	10006c56 <cyw43_cb_process_async_event+0x176>
10006ca0:	4a0b      	ldr	r2, [pc, #44]	@ (10006cd0 <cyw43_cb_process_async_event+0x1f0>)
10006ca2:	50ab      	str	r3, [r5, r2]
10006ca4:	e735      	b.n	10006b12 <cyw43_cb_process_async_event+0x32>
10006ca6:	232e      	movs	r3, #46	@ 0x2e
10006ca8:	0028      	movs	r0, r5
10006caa:	5ce1      	ldrb	r1, [r4, r3]
10006cac:	f000 fbb6 	bl	1000741c <cyw43_cb_tcpip_set_link_down>
10006cb0:	4b07      	ldr	r3, [pc, #28]	@ (10006cd0 <cyw43_cb_process_async_event+0x1f0>)
10006cb2:	58eb      	ldr	r3, [r5, r3]
10006cb4:	e72a      	b.n	10006b0c <cyw43_cb_process_async_event+0x2c>
10006cb6:	0028      	movs	r0, r5
10006cb8:	f000 fbaa 	bl	10007410 <cyw43_cb_tcpip_set_link_up>
10006cbc:	4b04      	ldr	r3, [pc, #16]	@ (10006cd0 <cyw43_cb_process_async_event+0x1f0>)
10006cbe:	58eb      	ldr	r3, [r5, r3]
10006cc0:	e724      	b.n	10006b0c <cyw43_cb_process_async_event+0x2c>
10006cc2:	46c0      	nop			@ (mov r8, r8)
10006cc4:	00000854 	.word	0x00000854
10006cc8:	1003f4c8 	.word	0x1003f4c8
10006ccc:	00000858 	.word	0x00000858
10006cd0:	0000085c 	.word	0x0000085c
10006cd4:	00000e01 	.word	0x00000e01
10006cd8:	1003f4a0 	.word	0x1003f4a0
10006cdc:	1003f630 	.word	0x1003f630
10006ce0:	1003f4b4 	.word	0x1003f4b4
10006ce4:	1003f4bc 	.word	0x1003f4bc
10006ce8:	0000086a 	.word	0x0000086a
10006cec:	1000690d 	.word	0x1000690d
10006cf0:	00000869 	.word	0x00000869
10006cf4:	1003f4b8 	.word	0x1003f4b8
10006cf8:	00000864 	.word	0x00000864

10006cfc <cyw43_gpio_set>:
10006cfc:	b5f8      	push	{r3, r4, r5, r6, r7, lr}
10006cfe:	4647      	mov	r7, r8
10006d00:	46ce      	mov	lr, r9
10006d02:	0004      	movs	r4, r0
10006d04:	b580      	push	{r7, lr}
10006d06:	4688      	mov	r8, r1
10006d08:	0016      	movs	r6, r2
10006d0a:	f000 fb13 	bl	10007334 <cyw43_thread_enter>
10006d0e:	4f1f      	ldr	r7, [pc, #124]	@ (10006d8c <cyw43_gpio_set+0x90>)
10006d10:	2100      	movs	r1, #0
10006d12:	683d      	ldr	r5, [r7, #0]
10006d14:	0020      	movs	r0, r4
10006d16:	2d00      	cmp	r5, #0
10006d18:	d00e      	beq.n	10006d38 <cyw43_gpio_set+0x3c>
10006d1a:	f7ff f853 	bl	10005dc4 <cyw43_ll_bus_sleep>
10006d1e:	0032      	movs	r2, r6
10006d20:	4641      	mov	r1, r8
10006d22:	0020      	movs	r0, r4
10006d24:	f7ff fd96 	bl	10006854 <cyw43_ll_gpio_set>
10006d28:	0005      	movs	r5, r0
10006d2a:	f000 fb0d 	bl	10007348 <cyw43_thread_exit>
10006d2e:	0028      	movs	r0, r5
10006d30:	bcc0      	pop	{r6, r7}
10006d32:	46b9      	mov	r9, r7
10006d34:	46b0      	mov	r8, r6
10006d36:	bdf8      	pop	{r3, r4, r5, r6, r7, pc}
10006d38:	f000 fb68 	bl	1000740c <cyw43_cb_tcpip_deinit>
10006d3c:	2101      	movs	r1, #1
10006d3e:	0020      	movs	r0, r4
10006d40:	f000 fb64 	bl	1000740c <cyw43_cb_tcpip_deinit>
10006d44:	2385      	movs	r3, #133	@ 0x85
10006d46:	011b      	lsls	r3, r3, #4
10006d48:	54e5      	strb	r5, [r4, r3]
10006d4a:	2380      	movs	r3, #128	@ 0x80
10006d4c:	25d0      	movs	r5, #208	@ 0xd0
10006d4e:	041b      	lsls	r3, r3, #16
10006d50:	4699      	mov	r9, r3
10006d52:	062d      	lsls	r5, r5, #24
10006d54:	61ab      	str	r3, [r5, #24]
10006d56:	2014      	movs	r0, #20
10006d58:	f000 fb34 	bl	100073c4 <cyw43_delay_ms>
10006d5c:	464b      	mov	r3, r9
10006d5e:	2032      	movs	r0, #50	@ 0x32
10006d60:	616b      	str	r3, [r5, #20]
10006d62:	f000 fb2f 	bl	100073c4 <cyw43_delay_ms>
10006d66:	2100      	movs	r1, #0
10006d68:	0020      	movs	r0, r4
10006d6a:	f7ff f883 	bl	10005e74 <cyw43_ll_bus_init>
10006d6e:	1e05      	subs	r5, r0, #0
10006d70:	d1db      	bne.n	10006d2a <cyw43_gpio_set+0x2e>
10006d72:	4b07      	ldr	r3, [pc, #28]	@ (10006d90 <cyw43_gpio_set+0x94>)
10006d74:	0020      	movs	r0, r4
10006d76:	18e1      	adds	r1, r4, r3
10006d78:	f7ff f83e 	bl	10005df8 <cyw43_ll_wifi_get_mac>
10006d7c:	2232      	movs	r2, #50	@ 0x32
10006d7e:	4b05      	ldr	r3, [pc, #20]	@ (10006d94 <cyw43_gpio_set+0x98>)
10006d80:	4805      	ldr	r0, [pc, #20]	@ (10006d98 <cyw43_gpio_set+0x9c>)
10006d82:	601a      	str	r2, [r3, #0]
10006d84:	6038      	str	r0, [r7, #0]
10006d86:	f000 fa73 	bl	10007270 <cyw43_schedule_internal_poll_dispatch>
10006d8a:	e7c8      	b.n	10006d1e <cyw43_gpio_set+0x22>
10006d8c:	200009a0 	.word	0x200009a0
10006d90:	000008d3 	.word	0x000008d3
10006d94:	200009a4 	.word	0x200009a4
10006d98:	1000690d 	.word	0x1000690d

10006d9c <pio_sm_set_pindirs_with_mask64>:
10006d9c:	b5f0      	push	{r4, r5, r6, r7, lr}
10006d9e:	46de      	mov	lr, fp
10006da0:	4657      	mov	r7, sl
10006da2:	464e      	mov	r6, r9
10006da4:	4645      	mov	r5, r8
10006da6:	b5e0      	push	{r5, r6, r7, lr}
10006da8:	0016      	movs	r6, r2
10006daa:	22dc      	movs	r2, #220	@ 0xdc
10006dac:	4692      	mov	sl, r2
10006dae:	b085      	sub	sp, #20
10006db0:	004b      	lsls	r3, r1, #1
10006db2:	9302      	str	r3, [sp, #8]
10006db4:	185b      	adds	r3, r3, r1
10006db6:	00db      	lsls	r3, r3, #3
10006db8:	18c5      	adds	r5, r0, r3
10006dba:	44aa      	add	sl, r5
10006dbc:	4652      	mov	r2, sl
10006dbe:	4683      	mov	fp, r0
10006dc0:	0028      	movs	r0, r5
10006dc2:	6812      	ldr	r2, [r2, #0]
10006dc4:	30cc      	adds	r0, #204	@ 0xcc
10006dc6:	9200      	str	r2, [sp, #0]
10006dc8:	6802      	ldr	r2, [r0, #0]
10006dca:	002b      	movs	r3, r5
10006dcc:	9201      	str	r2, [sp, #4]
10006dce:	4a1c      	ldr	r2, [pc, #112]	@ (10006e40 <pio_sm_set_pindirs_with_mask64+0xa4>)
10006dd0:	2080      	movs	r0, #128	@ 0x80
10006dd2:	4694      	mov	ip, r2
10006dd4:	9c0e      	ldr	r4, [sp, #56]	@ 0x38
10006dd6:	4463      	add	r3, ip
10006dd8:	0280      	lsls	r0, r0, #10
10006dda:	6018      	str	r0, [r3, #0]
10006ddc:	2c00      	cmp	r4, #0
10006dde:	d01c      	beq.n	10006e1a <pio_sm_set_pindirs_with_mask64+0x7e>
10006de0:	2380      	movs	r3, #128	@ 0x80
10006de2:	04db      	lsls	r3, r3, #19
10006de4:	4699      	mov	r9, r3
10006de6:	2301      	movs	r3, #1
10006de8:	4698      	mov	r8, r3
10006dea:	0033      	movs	r3, r6
10006dec:	35d8      	adds	r5, #216	@ 0xd8
10006dee:	002e      	movs	r6, r5
10006df0:	4655      	mov	r5, sl
10006df2:	469a      	mov	sl, r3
10006df4:	4f13      	ldr	r7, [pc, #76]	@ (10006e44 <pio_sm_set_pindirs_with_mask64+0xa8>)
10006df6:	9103      	str	r1, [sp, #12]
10006df8:	0020      	movs	r0, r4
10006dfa:	f7fa fe2b 	bl	10001a54 <__wrap___ctzsi2>
10006dfe:	464a      	mov	r2, r9
10006e00:	0143      	lsls	r3, r0, #5
10006e02:	4313      	orrs	r3, r2
10006e04:	602b      	str	r3, [r5, #0]
10006e06:	4653      	mov	r3, sl
10006e08:	4642      	mov	r2, r8
10006e0a:	40c3      	lsrs	r3, r0
10006e0c:	4013      	ands	r3, r2
10006e0e:	433b      	orrs	r3, r7
10006e10:	6033      	str	r3, [r6, #0]
10006e12:	1e63      	subs	r3, r4, #1
10006e14:	401c      	ands	r4, r3
10006e16:	d1ef      	bne.n	10006df8 <pio_sm_set_pindirs_with_mask64+0x5c>
10006e18:	9903      	ldr	r1, [sp, #12]
10006e1a:	9b02      	ldr	r3, [sp, #8]
10006e1c:	185b      	adds	r3, r3, r1
10006e1e:	00db      	lsls	r3, r3, #3
10006e20:	445b      	add	r3, fp
10006e22:	001a      	movs	r2, r3
10006e24:	9900      	ldr	r1, [sp, #0]
10006e26:	32dc      	adds	r2, #220	@ 0xdc
10006e28:	6011      	str	r1, [r2, #0]
10006e2a:	9a01      	ldr	r2, [sp, #4]
10006e2c:	33cc      	adds	r3, #204	@ 0xcc
10006e2e:	601a      	str	r2, [r3, #0]
10006e30:	b005      	add	sp, #20
10006e32:	bcf0      	pop	{r4, r5, r6, r7}
10006e34:	46bb      	mov	fp, r7
10006e36:	46b2      	mov	sl, r6
10006e38:	46a9      	mov	r9, r5
10006e3a:	46a0      	mov	r8, r4
10006e3c:	bdf0      	pop	{r4, r5, r6, r7, pc}
10006e3e:	46c0      	nop			@ (mov r8, r8)
10006e40:	000030cc 	.word	0x000030cc
10006e44:	0000e080 	.word	0x0000e080

10006e48 <pio_set_input_sync_bypass_with_mask64>:
10006e48:	6b81      	ldr	r1, [r0, #56]	@ 0x38
10006e4a:	9b00      	ldr	r3, [sp, #0]
10006e4c:	4051      	eors	r1, r2
10006e4e:	4a03      	ldr	r2, [pc, #12]	@ (10006e5c <pio_set_input_sync_bypass_with_mask64+0x14>)
10006e50:	400b      	ands	r3, r1
10006e52:	4694      	mov	ip, r2
10006e54:	4460      	add	r0, ip
10006e56:	6003      	str	r3, [r0, #0]
10006e58:	4770      	bx	lr
10006e5a:	46c0      	nop			@ (mov r8, r8)
10006e5c:	00001038 	.word	0x00001038

10006e60 <pio_sm_set_consecutive_pindirs>:
10006e60:	b5f0      	push	{r4, r5, r6, r7, lr}
10006e62:	464e      	mov	r6, r9
10006e64:	4645      	mov	r5, r8
10006e66:	46de      	mov	lr, fp
10006e68:	4657      	mov	r7, sl
10006e6a:	b5e0      	push	{r5, r6, r7, lr}
10006e6c:	b083      	sub	sp, #12
10006e6e:	4689      	mov	r9, r1
10006e70:	a90c      	add	r1, sp, #48	@ 0x30
10006e72:	4684      	mov	ip, r0
10006e74:	780d      	ldrb	r5, [r1, #0]
10006e76:	2a1f      	cmp	r2, #31
10006e78:	d845      	bhi.n	10006f06 <pio_sm_set_consecutive_pindirs+0xa6>
10006e7a:	4649      	mov	r1, r9
10006e7c:	0049      	lsls	r1, r1, #1
10006e7e:	4688      	mov	r8, r1
10006e80:	4449      	add	r1, r9
10006e82:	00c9      	lsls	r1, r1, #3
10006e84:	1846      	adds	r6, r0, r1
10006e86:	0037      	movs	r7, r6
10006e88:	0034      	movs	r4, r6
10006e8a:	37dc      	adds	r7, #220	@ 0xdc
10006e8c:	6838      	ldr	r0, [r7, #0]
10006e8e:	34cc      	adds	r4, #204	@ 0xcc
10006e90:	4683      	mov	fp, r0
10006e92:	6820      	ldr	r0, [r4, #0]
10006e94:	0031      	movs	r1, r6
10006e96:	9001      	str	r0, [sp, #4]
10006e98:	481c      	ldr	r0, [pc, #112]	@ (10006f0c <pio_sm_set_consecutive_pindirs+0xac>)
10006e9a:	2480      	movs	r4, #128	@ 0x80
10006e9c:	4682      	mov	sl, r0
10006e9e:	02a4      	lsls	r4, r4, #10
10006ea0:	4451      	add	r1, sl
10006ea2:	600c      	str	r4, [r1, #0]
10006ea4:	4269      	negs	r1, r5
10006ea6:	414d      	adcs	r5, r1
10006ea8:	211e      	movs	r1, #30
10006eaa:	426d      	negs	r5, r5
10006eac:	438d      	bics	r5, r1
10006eae:	4918      	ldr	r1, [pc, #96]	@ (10006f10 <pio_sm_set_consecutive_pindirs+0xb0>)
10006eb0:	468a      	mov	sl, r1
10006eb2:	4455      	add	r5, sl
10006eb4:	2b05      	cmp	r3, #5
10006eb6:	d90c      	bls.n	10006ed2 <pio_sm_set_consecutive_pindirs+0x72>
10006eb8:	20a0      	movs	r0, #160	@ 0xa0
10006eba:	211f      	movs	r1, #31
10006ebc:	0540      	lsls	r0, r0, #21
10006ebe:	36d8      	adds	r6, #216	@ 0xd8
10006ec0:	0154      	lsls	r4, r2, #5
10006ec2:	4304      	orrs	r4, r0
10006ec4:	3205      	adds	r2, #5
10006ec6:	3b05      	subs	r3, #5
10006ec8:	603c      	str	r4, [r7, #0]
10006eca:	400a      	ands	r2, r1
10006ecc:	6035      	str	r5, [r6, #0]
10006ece:	2b05      	cmp	r3, #5
10006ed0:	d8f6      	bhi.n	10006ec0 <pio_sm_set_consecutive_pindirs+0x60>
10006ed2:	0152      	lsls	r2, r2, #5
10006ed4:	069b      	lsls	r3, r3, #26
10006ed6:	4313      	orrs	r3, r2
10006ed8:	4642      	mov	r2, r8
10006eda:	444a      	add	r2, r9
10006edc:	00d2      	lsls	r2, r2, #3
10006ede:	4462      	add	r2, ip
10006ee0:	0010      	movs	r0, r2
10006ee2:	32dc      	adds	r2, #220	@ 0xdc
10006ee4:	6013      	str	r3, [r2, #0]
10006ee6:	0003      	movs	r3, r0
10006ee8:	33d8      	adds	r3, #216	@ 0xd8
10006eea:	601d      	str	r5, [r3, #0]
10006eec:	465b      	mov	r3, fp
10006eee:	6013      	str	r3, [r2, #0]
10006ef0:	9b01      	ldr	r3, [sp, #4]
10006ef2:	30cc      	adds	r0, #204	@ 0xcc
10006ef4:	6003      	str	r3, [r0, #0]
10006ef6:	2000      	movs	r0, #0
10006ef8:	b003      	add	sp, #12
10006efa:	bcf0      	pop	{r4, r5, r6, r7}
10006efc:	46bb      	mov	fp, r7
10006efe:	46b2      	mov	sl, r6
10006f00:	46a9      	mov	r9, r5
10006f02:	46a0      	mov	r8, r4
10006f04:	bdf0      	pop	{r4, r5, r6, r7, pc}
10006f06:	2005      	movs	r0, #5
10006f08:	4240      	negs	r0, r0
10006f0a:	e7f5      	b.n	10006ef8 <pio_sm_set_consecutive_pindirs+0x98>
10006f0c:	000030cc 	.word	0x000030cc
10006f10:	0000e09f 	.word	0x0000e09f

10006f14 <pio_claim_free_sm_and_add_program>:
10006f14:	b5f0      	push	{r4, r5, r6, r7, lr}
10006f16:	464e      	mov	r6, r9
10006f18:	46de      	mov	lr, fp
10006f1a:	4657      	mov	r7, sl
10006f1c:	4645      	mov	r5, r8
10006f1e:	b5e0      	push	{r5, r6, r7, lr}
10006f20:	b089      	sub	sp, #36	@ 0x24
10006f22:	9305      	str	r3, [sp, #20]
10006f24:	4b4a      	ldr	r3, [pc, #296]	@ (10007050 <pio_claim_free_sm_and_add_program+0x13c>)
10006f26:	2680      	movs	r6, #128	@ 0x80
10006f28:	4699      	mov	r9, r3
10006f2a:	4b4a      	ldr	r3, [pc, #296]	@ (10007054 <pio_claim_free_sm_and_add_program+0x140>)
10006f2c:	4680      	mov	r8, r0
10006f2e:	469a      	mov	sl, r3
10006f30:	4b49      	ldr	r3, [pc, #292]	@ (10007058 <pio_claim_free_sm_and_add_program+0x144>)
10006f32:	9103      	str	r1, [sp, #12]
10006f34:	469b      	mov	fp, r3
10006f36:	9204      	str	r2, [sp, #16]
10006f38:	0376      	lsls	r6, r6, #13
10006f3a:	4652      	mov	r2, sl
10006f3c:	0cb5      	lsrs	r5, r6, #18
10006f3e:	9200      	str	r2, [sp, #0]
10006f40:	2100      	movs	r1, #0
10006f42:	002a      	movs	r2, r5
10006f44:	4648      	mov	r0, r9
10006f46:	1ceb      	adds	r3, r5, #3
10006f48:	f7f9 fabc 	bl	100004c4 <hw_claim_unused_from_range>
10006f4c:	0007      	movs	r7, r0
10006f4e:	42a8      	cmp	r0, r5
10006f50:	db66      	blt.n	10007020 <pio_claim_free_sm_and_add_program+0x10c>
10006f52:	f7f9 fa7f 	bl	10000454 <hw_claim_lock>
10006f56:	4643      	mov	r3, r8
10006f58:	2405      	movs	r4, #5
10006f5a:	2201      	movs	r2, #1
10006f5c:	7919      	ldrb	r1, [r3, #4]
10006f5e:	9002      	str	r0, [sp, #8]
10006f60:	408a      	lsls	r2, r1
10006f62:	571c      	ldrsb	r4, [r3, r4]
10006f64:	465b      	mov	r3, fp
10006f66:	3a01      	subs	r2, #1
10006f68:	5958      	ldr	r0, [r3, r5]
10006f6a:	2c00      	cmp	r4, #0
10006f6c:	db3d      	blt.n	10006fea <pio_claim_free_sm_and_add_program+0xd6>
10006f6e:	2320      	movs	r3, #32
10006f70:	1a5b      	subs	r3, r3, r1
10006f72:	429c      	cmp	r4, r3
10006f74:	d84d      	bhi.n	10007012 <pio_claim_free_sm_and_add_program+0xfe>
10006f76:	0013      	movs	r3, r2
10006f78:	40a3      	lsls	r3, r4
10006f7a:	4218      	tst	r0, r3
10006f7c:	d149      	bne.n	10007012 <pio_claim_free_sm_and_add_program+0xfe>
10006f7e:	4643      	mov	r3, r8
10006f80:	681b      	ldr	r3, [r3, #0]
10006f82:	469c      	mov	ip, r3
10006f84:	4643      	mov	r3, r8
10006f86:	799b      	ldrb	r3, [r3, #6]
10006f88:	2b00      	cmp	r3, #0
10006f8a:	d142      	bne.n	10007012 <pio_claim_free_sm_and_add_program+0xfe>
10006f8c:	40a2      	lsls	r2, r4
10006f8e:	9206      	str	r2, [sp, #24]
10006f90:	4202      	tst	r2, r0
10006f92:	d13e      	bne.n	10007012 <pio_claim_free_sm_and_add_program+0xfe>
10006f94:	4b31      	ldr	r3, [pc, #196]	@ (1000705c <pio_claim_free_sm_and_add_program+0x148>)
10006f96:	2280      	movs	r2, #128	@ 0x80
10006f98:	4698      	mov	r8, r3
10006f9a:	0192      	lsls	r2, r2, #6
10006f9c:	2300      	movs	r3, #0
10006f9e:	4691      	mov	r9, r2
10006fa0:	4446      	add	r6, r8
10006fa2:	2900      	cmp	r1, #0
10006fa4:	d011      	beq.n	10006fca <pio_claim_free_sm_and_add_program+0xb6>
10006fa6:	46a8      	mov	r8, r5
10006fa8:	4665      	mov	r5, ip
10006faa:	4684      	mov	ip, r0
10006fac:	0008      	movs	r0, r1
10006fae:	005a      	lsls	r2, r3, #1
10006fb0:	5aa9      	ldrh	r1, [r5, r2]
10006fb2:	4549      	cmp	r1, r9
10006fb4:	d200      	bcs.n	10006fb8 <pio_claim_free_sm_and_add_program+0xa4>
10006fb6:	1909      	adds	r1, r1, r4
10006fb8:	18e2      	adds	r2, r4, r3
10006fba:	3212      	adds	r2, #18
10006fbc:	0092      	lsls	r2, r2, #2
10006fbe:	3301      	adds	r3, #1
10006fc0:	5191      	str	r1, [r2, r6]
10006fc2:	4283      	cmp	r3, r0
10006fc4:	d3f3      	bcc.n	10006fae <pio_claim_free_sm_and_add_program+0x9a>
10006fc6:	4660      	mov	r0, ip
10006fc8:	4645      	mov	r5, r8
10006fca:	9b06      	ldr	r3, [sp, #24]
10006fcc:	1b7f      	subs	r7, r7, r5
10006fce:	4318      	orrs	r0, r3
10006fd0:	465b      	mov	r3, fp
10006fd2:	5158      	str	r0, [r3, r5]
10006fd4:	9802      	ldr	r0, [sp, #8]
10006fd6:	f7f9 fa49 	bl	1000046c <hw_claim_unlock>
10006fda:	9b03      	ldr	r3, [sp, #12]
10006fdc:	2001      	movs	r0, #1
10006fde:	601e      	str	r6, [r3, #0]
10006fe0:	9b04      	ldr	r3, [sp, #16]
10006fe2:	601f      	str	r7, [r3, #0]
10006fe4:	9b05      	ldr	r3, [sp, #20]
10006fe6:	601c      	str	r4, [r3, #0]
10006fe8:	e01f      	b.n	1000702a <pio_claim_free_sm_and_add_program+0x116>
10006fea:	2420      	movs	r4, #32
10006fec:	1a64      	subs	r4, r4, r1
10006fee:	9407      	str	r4, [sp, #28]
10006ff0:	d40f      	bmi.n	10007012 <pio_claim_free_sm_and_add_program+0xfe>
10006ff2:	0013      	movs	r3, r2
10006ff4:	40a3      	lsls	r3, r4
10006ff6:	9306      	str	r3, [sp, #24]
10006ff8:	4203      	tst	r3, r0
10006ffa:	d020      	beq.n	1000703e <pio_claim_free_sm_and_add_program+0x12a>
10006ffc:	468c      	mov	ip, r1
10006ffe:	0023      	movs	r3, r4
10007000:	0011      	movs	r1, r2
10007002:	e004      	b.n	1000700e <pio_claim_free_sm_and_add_program+0xfa>
10007004:	000a      	movs	r2, r1
10007006:	409a      	lsls	r2, r3
10007008:	001c      	movs	r4, r3
1000700a:	4210      	tst	r0, r2
1000700c:	d014      	beq.n	10007038 <pio_claim_free_sm_and_add_program+0x124>
1000700e:	3b01      	subs	r3, #1
10007010:	d2f8      	bcs.n	10007004 <pio_claim_free_sm_and_add_program+0xf0>
10007012:	9802      	ldr	r0, [sp, #8]
10007014:	f7f9 fa2a 	bl	1000046c <hw_claim_unlock>
10007018:	0039      	movs	r1, r7
1000701a:	4648      	mov	r0, r9
1000701c:	f7f9 faa0 	bl	10000560 <hw_claim_clear>
10007020:	2e00      	cmp	r6, #0
10007022:	d001      	beq.n	10007028 <pio_claim_free_sm_and_add_program+0x114>
10007024:	2600      	movs	r6, #0
10007026:	e788      	b.n	10006f3a <pio_claim_free_sm_and_add_program+0x26>
10007028:	2000      	movs	r0, #0
1000702a:	b009      	add	sp, #36	@ 0x24
1000702c:	bcf0      	pop	{r4, r5, r6, r7}
1000702e:	46bb      	mov	fp, r7
10007030:	46b2      	mov	sl, r6
10007032:	46a9      	mov	r9, r5
10007034:	46a0      	mov	r8, r4
10007036:	bdf0      	pop	{r4, r5, r6, r7, pc}
10007038:	000a      	movs	r2, r1
1000703a:	4661      	mov	r1, ip
1000703c:	e79f      	b.n	10006f7e <pio_claim_free_sm_and_add_program+0x6a>
1000703e:	4643      	mov	r3, r8
10007040:	799b      	ldrb	r3, [r3, #6]
10007042:	2b00      	cmp	r3, #0
10007044:	d1e5      	bne.n	10007012 <pio_claim_free_sm_and_add_program+0xfe>
10007046:	4643      	mov	r3, r8
10007048:	681b      	ldr	r3, [r3, #0]
1000704a:	469c      	mov	ip, r3
1000704c:	e7a2      	b.n	10006f94 <pio_claim_free_sm_and_add_program+0x80>
1000704e:	46c0      	nop			@ (mov r8, r8)
10007050:	20000970 	.word	0x20000970
10007054:	1003f794 	.word	0x1003f794
10007058:	20000838 	.word	0x20000838
1000705c:	50200000 	.word	0x50200000

10007060 <pio_claim_free_sm_and_add_program_for_gpio_range>:
10007060:	b570      	push	{r4, r5, r6, lr}
10007062:	9d05      	ldr	r5, [sp, #20]
10007064:	9c04      	ldr	r4, [sp, #16]
10007066:	46ac      	mov	ip, r5
10007068:	4464      	add	r4, ip
1000706a:	2500      	movs	r5, #0
1000706c:	2c20      	cmp	r4, #32
1000706e:	d802      	bhi.n	10007076 <pio_claim_free_sm_and_add_program_for_gpio_range+0x16>
10007070:	f7ff ff50 	bl	10006f14 <pio_claim_free_sm_and_add_program>
10007074:	0005      	movs	r5, r0
10007076:	0028      	movs	r0, r5
10007078:	bd70      	pop	{r4, r5, r6, pc}
1000707a:	46c0      	nop			@ (mov r8, r8)

1000707c <pio_remove_program_and_unclaim_sm>:
1000707c:	b570      	push	{r4, r5, r6, lr}
1000707e:	2501      	movs	r5, #1
10007080:	0016      	movs	r6, r2
10007082:	7902      	ldrb	r2, [r0, #4]
10007084:	000c      	movs	r4, r1
10007086:	4095      	lsls	r5, r2
10007088:	3d01      	subs	r5, #1
1000708a:	409d      	lsls	r5, r3
1000708c:	f7f9 f9e2 	bl	10000454 <hw_claim_lock>
10007090:	4b07      	ldr	r3, [pc, #28]	@ (100070b0 <pio_remove_program_and_unclaim_sm+0x34>)
10007092:	4a08      	ldr	r2, [pc, #32]	@ (100070b4 <pio_remove_program_and_unclaim_sm+0x38>)
10007094:	469c      	mov	ip, r3
10007096:	4464      	add	r4, ip
10007098:	0d24      	lsrs	r4, r4, #20
1000709a:	00a4      	lsls	r4, r4, #2
1000709c:	58a3      	ldr	r3, [r4, r2]
1000709e:	43ab      	bics	r3, r5
100070a0:	50a3      	str	r3, [r4, r2]
100070a2:	f7f9 f9e3 	bl	1000046c <hw_claim_unlock>
100070a6:	19a1      	adds	r1, r4, r6
100070a8:	4803      	ldr	r0, [pc, #12]	@ (100070b8 <pio_remove_program_and_unclaim_sm+0x3c>)
100070aa:	f7f9 fa59 	bl	10000560 <hw_claim_clear>
100070ae:	bd70      	pop	{r4, r5, r6, pc}
100070b0:	afe00000 	.word	0xafe00000
100070b4:	20000838 	.word	0x20000838
100070b8:	20000970 	.word	0x20000970

100070bc <dma_channel_unclaim>:
100070bc:	b510      	push	{r4, lr}
100070be:	4b03      	ldr	r3, [pc, #12]	@ (100070cc <dma_channel_unclaim+0x10>)
100070c0:	0001      	movs	r1, r0
100070c2:	0018      	movs	r0, r3
100070c4:	f7f9 fa4c 	bl	10000560 <hw_claim_clear>
100070c8:	bd10      	pop	{r4, pc}
100070ca:	46c0      	nop			@ (mov r8, r8)
100070cc:	200013b4 	.word	0x200013b4

100070d0 <dma_claim_unused_channel>:
100070d0:	b510      	push	{r4, lr}
100070d2:	4b06      	ldr	r3, [pc, #24]	@ (100070ec <dma_claim_unused_channel+0x1c>)
100070d4:	4c06      	ldr	r4, [pc, #24]	@ (100070f0 <dma_claim_unused_channel+0x20>)
100070d6:	b082      	sub	sp, #8
100070d8:	0001      	movs	r1, r0
100070da:	9300      	str	r3, [sp, #0]
100070dc:	2200      	movs	r2, #0
100070de:	230b      	movs	r3, #11
100070e0:	0020      	movs	r0, r4
100070e2:	f7f9 f9ef 	bl	100004c4 <hw_claim_unused_from_range>
100070e6:	b002      	add	sp, #8
100070e8:	bd10      	pop	{r4, pc}
100070ea:	46c0      	nop			@ (mov r8, r8)
100070ec:	1003f7b8 	.word	0x1003f7b8
100070f0:	200013b4 	.word	0x200013b4

100070f4 <dma_channel_cleanup>:
100070f4:	0003      	movs	r3, r0
100070f6:	4911      	ldr	r1, [pc, #68]	@ (1000713c <dma_channel_cleanup+0x48>)
100070f8:	0182      	lsls	r2, r0, #6
100070fa:	1851      	adds	r1, r2, r1
100070fc:	6808      	ldr	r0, [r1, #0]
100070fe:	02d9      	lsls	r1, r3, #11
10007100:	4041      	eors	r1, r0
10007102:	480f      	ldr	r0, [pc, #60]	@ (10007140 <dma_channel_cleanup+0x4c>)
10007104:	b510      	push	{r4, lr}
10007106:	4001      	ands	r1, r0
10007108:	480e      	ldr	r0, [pc, #56]	@ (10007144 <dma_channel_cleanup+0x50>)
1000710a:	24a0      	movs	r4, #160	@ 0xa0
1000710c:	1810      	adds	r0, r2, r0
1000710e:	6001      	str	r1, [r0, #0]
10007110:	2001      	movs	r0, #1
10007112:	4098      	lsls	r0, r3
10007114:	4b0c      	ldr	r3, [pc, #48]	@ (10007148 <dma_channel_cleanup+0x54>)
10007116:	05e4      	lsls	r4, r4, #23
10007118:	6018      	str	r0, [r3, #0]
1000711a:	4b0c      	ldr	r3, [pc, #48]	@ (1000714c <dma_channel_cleanup+0x58>)
1000711c:	2180      	movs	r1, #128	@ 0x80
1000711e:	6018      	str	r0, [r3, #0]
10007120:	4b0b      	ldr	r3, [pc, #44]	@ (10007150 <dma_channel_cleanup+0x5c>)
10007122:	0449      	lsls	r1, r1, #17
10007124:	50e0      	str	r0, [r4, r3]
10007126:	4b0b      	ldr	r3, [pc, #44]	@ (10007154 <dma_channel_cleanup+0x60>)
10007128:	469c      	mov	ip, r3
1000712a:	4462      	add	r2, ip
1000712c:	6813      	ldr	r3, [r2, #0]
1000712e:	420b      	tst	r3, r1
10007130:	d1fc      	bne.n	1000712c <dma_channel_cleanup+0x38>
10007132:	2380      	movs	r3, #128	@ 0x80
10007134:	00db      	lsls	r3, r3, #3
10007136:	50e0      	str	r0, [r4, r3]
10007138:	bd10      	pop	{r4, pc}
1000713a:	46c0      	nop			@ (mov r8, r8)
1000713c:	50000010 	.word	0x50000010
10007140:	00007801 	.word	0x00007801
10007144:	50001010 	.word	0x50001010
10007148:	50003404 	.word	0x50003404
1000714c:	50003414 	.word	0x50003414
10007150:	00000444 	.word	0x00000444
10007154:	5000000c 	.word	0x5000000c

10007158 <cyw43_sleep_timeout_reached>:
10007158:	b510      	push	{r4, lr}
1000715a:	6803      	ldr	r3, [r0, #0]
1000715c:	4901      	ldr	r1, [pc, #4]	@ (10007164 <cyw43_sleep_timeout_reached+0xc>)
1000715e:	6a5b      	ldr	r3, [r3, #36]	@ 0x24
10007160:	4798      	blx	r3
10007162:	bd10      	pop	{r4, pc}
10007164:	20000540 	.word	0x20000540

10007168 <cyw43_irq_init>:
10007168:	2080      	movs	r0, #128	@ 0x80
1000716a:	b510      	push	{r4, lr}
1000716c:	2240      	movs	r2, #64	@ 0x40
1000716e:	4907      	ldr	r1, [pc, #28]	@ (1000718c <cyw43_irq_init+0x24>)
10007170:	0440      	lsls	r0, r0, #17
10007172:	f7f9 f913 	bl	1000039c <gpio_add_raw_irq_handler_with_order_priority_masked>
10007176:	2201      	movs	r2, #1
10007178:	2102      	movs	r1, #2
1000717a:	2018      	movs	r0, #24
1000717c:	f7f9 f8e8 	bl	10000350 <gpio_set_irq_enabled>
10007180:	200d      	movs	r0, #13
10007182:	2101      	movs	r1, #1
10007184:	f7f9 fa34 	bl	100005f0 <irq_set_enabled>
10007188:	2000      	movs	r0, #0
1000718a:	bd10      	pop	{r4, pc}
1000718c:	100071b1 	.word	0x100071b1

10007190 <cyw43_irq_deinit>:
10007190:	b510      	push	{r4, lr}
10007192:	2200      	movs	r2, #0
10007194:	2102      	movs	r1, #2
10007196:	2018      	movs	r0, #24
10007198:	f7f9 f8da 	bl	10000350 <gpio_set_irq_enabled>
1000719c:	2080      	movs	r0, #128	@ 0x80
1000719e:	4903      	ldr	r1, [pc, #12]	@ (100071ac <cyw43_irq_deinit+0x1c>)
100071a0:	0440      	lsls	r0, r0, #17
100071a2:	f7f9 f90f 	bl	100003c4 <gpio_remove_raw_irq_handler_masked>
100071a6:	2000      	movs	r0, #0
100071a8:	bd10      	pop	{r4, pc}
100071aa:	46c0      	nop			@ (mov r8, r8)
100071ac:	100071b1 	.word	0x100071b1

100071b0 <cyw43_gpio_irq_handler>:
100071b0:	23d0      	movs	r3, #208	@ 0xd0
100071b2:	061b      	lsls	r3, r3, #24
100071b4:	681a      	ldr	r2, [r3, #0]
100071b6:	b510      	push	{r4, lr}
100071b8:	0053      	lsls	r3, r2, #1
100071ba:	189b      	adds	r3, r3, r2
100071bc:	4a09      	ldr	r2, [pc, #36]	@ (100071e4 <cyw43_gpio_irq_handler+0x34>)
100071be:	011b      	lsls	r3, r3, #4
100071c0:	4694      	mov	ip, r2
100071c2:	4463      	add	r3, ip
100071c4:	6adb      	ldr	r3, [r3, #44]	@ 0x2c
100071c6:	079b      	lsls	r3, r3, #30
100071c8:	d400      	bmi.n	100071cc <cyw43_gpio_irq_handler+0x1c>
100071ca:	bd10      	pop	{r4, pc}
100071cc:	2200      	movs	r2, #0
100071ce:	2102      	movs	r1, #2
100071d0:	2018      	movs	r0, #24
100071d2:	f7f9 f8bd 	bl	10000350 <gpio_set_irq_enabled>
100071d6:	4b04      	ldr	r3, [pc, #16]	@ (100071e8 <cyw43_gpio_irq_handler+0x38>)
100071d8:	4904      	ldr	r1, [pc, #16]	@ (100071ec <cyw43_gpio_irq_handler+0x3c>)
100071da:	6818      	ldr	r0, [r3, #0]
100071dc:	6803      	ldr	r3, [r0, #0]
100071de:	6a5b      	ldr	r3, [r3, #36]	@ 0x24
100071e0:	4798      	blx	r3
100071e2:	e7f2      	b.n	100071ca <cyw43_gpio_irq_handler+0x1a>
100071e4:	40014100 	.word	0x40014100
100071e8:	2000099c 	.word	0x2000099c
100071ec:	20000540 	.word	0x20000540

100071f0 <cyw43_do_poll>:
100071f0:	4b16      	ldr	r3, [pc, #88]	@ (1000724c <cyw43_do_poll+0x5c>)
100071f2:	b570      	push	{r4, r5, r6, lr}
100071f4:	681b      	ldr	r3, [r3, #0]
100071f6:	0004      	movs	r4, r0
100071f8:	2b00      	cmp	r3, #0
100071fa:	d00e      	beq.n	1000721a <cyw43_do_poll+0x2a>
100071fc:	4d14      	ldr	r5, [pc, #80]	@ (10007250 <cyw43_do_poll+0x60>)
100071fe:	682a      	ldr	r2, [r5, #0]
10007200:	2a00      	cmp	r2, #0
10007202:	d001      	beq.n	10007208 <cyw43_do_poll+0x18>
10007204:	3a01      	subs	r2, #1
10007206:	602a      	str	r2, [r5, #0]
10007208:	4798      	blx	r3
1000720a:	682b      	ldr	r3, [r5, #0]
1000720c:	2b00      	cmp	r3, #0
1000720e:	d105      	bne.n	1000721c <cyw43_do_poll+0x2c>
10007210:	6823      	ldr	r3, [r4, #0]
10007212:	0020      	movs	r0, r4
10007214:	490f      	ldr	r1, [pc, #60]	@ (10007254 <cyw43_do_poll+0x64>)
10007216:	699b      	ldr	r3, [r3, #24]
10007218:	4798      	blx	r3
1000721a:	bd70      	pop	{r4, r5, r6, pc}
1000721c:	f7fa f942 	bl	100014a4 <time_us_64>
10007220:	2300      	movs	r3, #0
10007222:	4a0d      	ldr	r2, [pc, #52]	@ (10007258 <cyw43_do_poll+0x68>)
10007224:	4d0b      	ldr	r5, [pc, #44]	@ (10007254 <cyw43_do_poll+0x64>)
10007226:	1880      	adds	r0, r0, r2
10007228:	4159      	adcs	r1, r3
1000722a:	000b      	movs	r3, r1
1000722c:	2180      	movs	r1, #128	@ 0x80
1000722e:	0002      	movs	r2, r0
10007230:	0609      	lsls	r1, r1, #24
10007232:	428b      	cmp	r3, r1
10007234:	d302      	bcc.n	1000723c <cyw43_do_poll+0x4c>
10007236:	2201      	movs	r2, #1
10007238:	4b08      	ldr	r3, [pc, #32]	@ (1000725c <cyw43_do_poll+0x6c>)
1000723a:	4252      	negs	r2, r2
1000723c:	60eb      	str	r3, [r5, #12]
1000723e:	6823      	ldr	r3, [r4, #0]
10007240:	0029      	movs	r1, r5
10007242:	0020      	movs	r0, r4
10007244:	695b      	ldr	r3, [r3, #20]
10007246:	60aa      	str	r2, [r5, #8]
10007248:	4798      	blx	r3
1000724a:	e7e6      	b.n	1000721a <cyw43_do_poll+0x2a>
1000724c:	200009a0 	.word	0x200009a0
10007250:	200009a4 	.word	0x200009a4
10007254:	20000550 	.word	0x20000550
10007258:	0000c350 	.word	0x0000c350
1000725c:	7fffffff 	.word	0x7fffffff

10007260 <cyw43_post_poll_hook>:
10007260:	b510      	push	{r4, lr}
10007262:	2201      	movs	r2, #1
10007264:	2102      	movs	r1, #2
10007266:	2018      	movs	r0, #24
10007268:	f7f9 f872 	bl	10000350 <gpio_set_irq_enabled>
1000726c:	bd10      	pop	{r4, pc}
1000726e:	46c0      	nop			@ (mov r8, r8)

10007270 <cyw43_schedule_internal_poll_dispatch>:
10007270:	4b03      	ldr	r3, [pc, #12]	@ (10007280 <cyw43_schedule_internal_poll_dispatch+0x10>)
10007272:	b510      	push	{r4, lr}
10007274:	6818      	ldr	r0, [r3, #0]
10007276:	4903      	ldr	r1, [pc, #12]	@ (10007284 <cyw43_schedule_internal_poll_dispatch+0x14>)
10007278:	6803      	ldr	r3, [r0, #0]
1000727a:	6a5b      	ldr	r3, [r3, #36]	@ 0x24
1000727c:	4798      	blx	r3
1000727e:	bd10      	pop	{r4, pc}
10007280:	2000099c 	.word	0x2000099c
10007284:	20000540 	.word	0x20000540

10007288 <cyw43_driver_init>:
10007288:	b510      	push	{r4, lr}
1000728a:	0004      	movs	r4, r0
1000728c:	4808      	ldr	r0, [pc, #32]	@ (100072b0 <cyw43_driver_init+0x28>)
1000728e:	f7ff fb9d 	bl	100069cc <cyw43_init>
10007292:	4b08      	ldr	r3, [pc, #32]	@ (100072b4 <cyw43_driver_init+0x2c>)
10007294:	2200      	movs	r2, #0
10007296:	601c      	str	r4, [r3, #0]
10007298:	6823      	ldr	r3, [r4, #0]
1000729a:	0020      	movs	r0, r4
1000729c:	4906      	ldr	r1, [pc, #24]	@ (100072b8 <cyw43_driver_init+0x30>)
1000729e:	691b      	ldr	r3, [r3, #16]
100072a0:	4798      	blx	r3
100072a2:	6823      	ldr	r3, [r4, #0]
100072a4:	0020      	movs	r0, r4
100072a6:	4905      	ldr	r1, [pc, #20]	@ (100072bc <cyw43_driver_init+0x34>)
100072a8:	69db      	ldr	r3, [r3, #28]
100072aa:	4798      	blx	r3
100072ac:	2001      	movs	r0, #1
100072ae:	bd10      	pop	{r4, pc}
100072b0:	200009a8 	.word	0x200009a8
100072b4:	2000099c 	.word	0x2000099c
100072b8:	10007169 	.word	0x10007169
100072bc:	20000540 	.word	0x20000540

100072c0 <cyw43_driver_deinit>:
100072c0:	b570      	push	{r4, r5, r6, lr}
100072c2:	4d0d      	ldr	r5, [pc, #52]	@ (100072f8 <cyw43_driver_deinit+0x38>)
100072c4:	0004      	movs	r4, r0
100072c6:	682b      	ldr	r3, [r5, #0]
100072c8:	2b00      	cmp	r3, #0
100072ca:	d013      	beq.n	100072f4 <cyw43_driver_deinit+0x34>
100072cc:	6803      	ldr	r3, [r0, #0]
100072ce:	490b      	ldr	r1, [pc, #44]	@ (100072fc <cyw43_driver_deinit+0x3c>)
100072d0:	699b      	ldr	r3, [r3, #24]
100072d2:	4798      	blx	r3
100072d4:	6823      	ldr	r3, [r4, #0]
100072d6:	490a      	ldr	r1, [pc, #40]	@ (10007300 <cyw43_driver_deinit+0x40>)
100072d8:	6a1b      	ldr	r3, [r3, #32]
100072da:	0020      	movs	r0, r4
100072dc:	4798      	blx	r3
100072de:	6823      	ldr	r3, [r4, #0]
100072e0:	2200      	movs	r2, #0
100072e2:	691b      	ldr	r3, [r3, #16]
100072e4:	4907      	ldr	r1, [pc, #28]	@ (10007304 <cyw43_driver_deinit+0x44>)
100072e6:	0020      	movs	r0, r4
100072e8:	4798      	blx	r3
100072ea:	4807      	ldr	r0, [pc, #28]	@ (10007308 <cyw43_driver_deinit+0x48>)
100072ec:	f7ff fba4 	bl	10006a38 <cyw43_deinit>
100072f0:	2300      	movs	r3, #0
100072f2:	602b      	str	r3, [r5, #0]
100072f4:	bd70      	pop	{r4, r5, r6, pc}
100072f6:	46c0      	nop			@ (mov r8, r8)
100072f8:	2000099c 	.word	0x2000099c
100072fc:	20000550 	.word	0x20000550
10007300:	20000540 	.word	0x20000540
10007304:	10007191 	.word	0x10007191
10007308:	200009a8 	.word	0x200009a8

1000730c <cyw43_hal_generate_laa_mac>:
1000730c:	b510      	push	{r4, lr}
1000730e:	b082      	sub	sp, #8
10007310:	4668      	mov	r0, sp
10007312:	000c      	movs	r4, r1
10007314:	f7fc fd1a 	bl	10003d4c <pico_get_unique_board_id>
10007318:	466b      	mov	r3, sp
1000731a:	2206      	movs	r2, #6
1000731c:	1c99      	adds	r1, r3, #2
1000731e:	0020      	movs	r0, r4
10007320:	f7fa ff94 	bl	1000224c <__wrap___aeabi_memcpy>
10007324:	2201      	movs	r2, #1
10007326:	7823      	ldrb	r3, [r4, #0]
10007328:	4393      	bics	r3, r2
1000732a:	2202      	movs	r2, #2
1000732c:	4313      	orrs	r3, r2
1000732e:	7023      	strb	r3, [r4, #0]
10007330:	b002      	add	sp, #8
10007332:	bd10      	pop	{r4, pc}

10007334 <cyw43_thread_enter>:
10007334:	4b03      	ldr	r3, [pc, #12]	@ (10007344 <cyw43_thread_enter+0x10>)
10007336:	b510      	push	{r4, lr}
10007338:	6818      	ldr	r0, [r3, #0]
1000733a:	6803      	ldr	r3, [r0, #0]
1000733c:	685b      	ldr	r3, [r3, #4]
1000733e:	4798      	blx	r3
10007340:	bd10      	pop	{r4, pc}
10007342:	46c0      	nop			@ (mov r8, r8)
10007344:	2000099c 	.word	0x2000099c

10007348 <cyw43_thread_exit>:
10007348:	4b03      	ldr	r3, [pc, #12]	@ (10007358 <cyw43_thread_exit+0x10>)
1000734a:	b510      	push	{r4, lr}
1000734c:	6818      	ldr	r0, [r3, #0]
1000734e:	6803      	ldr	r3, [r0, #0]
10007350:	689b      	ldr	r3, [r3, #8]
10007352:	4798      	blx	r3
10007354:	bd10      	pop	{r4, pc}
10007356:	46c0      	nop			@ (mov r8, r8)
10007358:	2000099c 	.word	0x2000099c

1000735c <cyw43_await_background_or_timeout_us>:
1000735c:	b570      	push	{r4, r5, r6, lr}
1000735e:	0004      	movs	r4, r0
10007360:	f3ef 8305 	mrs	r3, IPSR
10007364:	2b00      	cmp	r3, #0
10007366:	d114      	bne.n	10007392 <cyw43_await_background_or_timeout_us+0x36>
10007368:	4b14      	ldr	r3, [pc, #80]	@ (100073bc <cyw43_await_background_or_timeout_us+0x60>)
1000736a:	681d      	ldr	r5, [r3, #0]
1000736c:	f7fa f89a 	bl	100014a4 <time_us_64>
10007370:	0022      	movs	r2, r4
10007372:	2300      	movs	r3, #0
10007374:	1812      	adds	r2, r2, r0
10007376:	414b      	adcs	r3, r1
10007378:	2180      	movs	r1, #128	@ 0x80
1000737a:	0609      	lsls	r1, r1, #24
1000737c:	428b      	cmp	r3, r1
1000737e:	d204      	bcs.n	1000738a <cyw43_await_background_or_timeout_us+0x2e>
10007380:	6829      	ldr	r1, [r5, #0]
10007382:	0028      	movs	r0, r5
10007384:	6b09      	ldr	r1, [r1, #48]	@ 0x30
10007386:	4788      	blx	r1
10007388:	bd70      	pop	{r4, r5, r6, pc}
1000738a:	2201      	movs	r2, #1
1000738c:	4b0c      	ldr	r3, [pc, #48]	@ (100073c0 <cyw43_await_background_or_timeout_us+0x64>)
1000738e:	4252      	negs	r2, r2
10007390:	e7f6      	b.n	10007380 <cyw43_await_background_or_timeout_us+0x24>
10007392:	4b0a      	ldr	r3, [pc, #40]	@ (100073bc <cyw43_await_background_or_timeout_us+0x60>)
10007394:	681d      	ldr	r5, [r3, #0]
10007396:	f7fa f885 	bl	100014a4 <time_us_64>
1000739a:	0022      	movs	r2, r4
1000739c:	2300      	movs	r3, #0
1000739e:	1812      	adds	r2, r2, r0
100073a0:	414b      	adcs	r3, r1
100073a2:	2180      	movs	r1, #128	@ 0x80
100073a4:	0609      	lsls	r1, r1, #24
100073a6:	428b      	cmp	r3, r1
100073a8:	d302      	bcc.n	100073b0 <cyw43_await_background_or_timeout_us+0x54>
100073aa:	2201      	movs	r2, #1
100073ac:	4b04      	ldr	r3, [pc, #16]	@ (100073c0 <cyw43_await_background_or_timeout_us+0x64>)
100073ae:	4252      	negs	r2, r2
100073b0:	6829      	ldr	r1, [r5, #0]
100073b2:	0028      	movs	r0, r5
100073b4:	6ac9      	ldr	r1, [r1, #44]	@ 0x2c
100073b6:	4788      	blx	r1
100073b8:	e7e6      	b.n	10007388 <cyw43_await_background_or_timeout_us+0x2c>
100073ba:	46c0      	nop			@ (mov r8, r8)
100073bc:	2000099c 	.word	0x2000099c
100073c0:	7fffffff 	.word	0x7fffffff

100073c4 <cyw43_delay_ms>:
100073c4:	b5f8      	push	{r3, r4, r5, r6, r7, lr}
100073c6:	4b0f      	ldr	r3, [pc, #60]	@ (10007404 <cyw43_delay_ms+0x40>)
100073c8:	0006      	movs	r6, r0
100073ca:	681f      	ldr	r7, [r3, #0]
100073cc:	f7fa f86a 	bl	100014a4 <time_us_64>
100073d0:	22fa      	movs	r2, #250	@ 0xfa
100073d2:	0004      	movs	r4, r0
100073d4:	000d      	movs	r5, r1
100073d6:	2300      	movs	r3, #0
100073d8:	0092      	lsls	r2, r2, #2
100073da:	0030      	movs	r0, r6
100073dc:	2100      	movs	r1, #0
100073de:	f7fa fed9 	bl	10002194 <__wrap___aeabi_lmul>
100073e2:	000b      	movs	r3, r1
100073e4:	0002      	movs	r2, r0
100073e6:	2180      	movs	r1, #128	@ 0x80
100073e8:	1912      	adds	r2, r2, r4
100073ea:	416b      	adcs	r3, r5
100073ec:	0609      	lsls	r1, r1, #24
100073ee:	428b      	cmp	r3, r1
100073f0:	d302      	bcc.n	100073f8 <cyw43_delay_ms+0x34>
100073f2:	2201      	movs	r2, #1
100073f4:	4b04      	ldr	r3, [pc, #16]	@ (10007408 <cyw43_delay_ms+0x44>)
100073f6:	4252      	negs	r2, r2
100073f8:	6839      	ldr	r1, [r7, #0]
100073fa:	0038      	movs	r0, r7
100073fc:	6ac9      	ldr	r1, [r1, #44]	@ 0x2c
100073fe:	4788      	blx	r1
10007400:	bdf8      	pop	{r3, r4, r5, r6, r7, pc}
10007402:	46c0      	nop			@ (mov r8, r8)
10007404:	2000099c 	.word	0x2000099c
10007408:	7fffffff 	.word	0x7fffffff

1000740c <cyw43_cb_tcpip_deinit>:
1000740c:	4770      	bx	lr
1000740e:	46c0      	nop			@ (mov r8, r8)

10007410 <cyw43_cb_tcpip_set_link_up>:
10007410:	b510      	push	{r4, lr}
10007412:	4801      	ldr	r0, [pc, #4]	@ (10007418 <cyw43_cb_tcpip_set_link_up+0x8>)
10007414:	f7f9 f806 	bl	10000424 <panic>
10007418:	1003f7d8 	.word	0x1003f7d8

1000741c <cyw43_cb_tcpip_set_link_down>:
1000741c:	b510      	push	{r4, lr}
1000741e:	4801      	ldr	r0, [pc, #4]	@ (10007424 <cyw43_cb_tcpip_set_link_down+0x8>)
10007420:	f7f9 f800 	bl	10000424 <panic>
10007424:	1003f7d8 	.word	0x1003f7d8

10007428 <cyw43_cb_process_ethernet>:
10007428:	b510      	push	{r4, lr}
1000742a:	4801      	ldr	r0, [pc, #4]	@ (10007430 <cyw43_cb_process_ethernet+0x8>)
1000742c:	f7f8 fffa 	bl	10000424 <panic>
10007430:	1003f7d8 	.word	0x1003f7d8

10007434 <async_context_threadsafe_background_acquire_lock_blocking>:
10007434:	b510      	push	{r4, lr}
10007436:	3030      	adds	r0, #48	@ 0x30
10007438:	f000 fb7e 	bl	10007b38 <__recursive_mutex_enter_blocking_veneer>
1000743c:	bd10      	pop	{r4, pc}
1000743e:	46c0      	nop			@ (mov r8, r8)

10007440 <async_context_threadsafe_background_deinit>:
10007440:	b570      	push	{r4, r5, r6, lr}
10007442:	2544      	movs	r5, #68	@ 0x44
10007444:	0004      	movs	r4, r0
10007446:	5d40      	ldrb	r0, [r0, r5]
10007448:	2800      	cmp	r0, #0
1000744a:	d114      	bne.n	10007476 <async_context_threadsafe_background_deinit+0x36>
1000744c:	6c23      	ldr	r3, [r4, #64]	@ 0x40
1000744e:	2b00      	cmp	r3, #0
10007450:	dd03      	ble.n	1000745a <async_context_threadsafe_background_deinit+0x1a>
10007452:	6c21      	ldr	r1, [r4, #64]	@ 0x40
10007454:	6a20      	ldr	r0, [r4, #32]
10007456:	f7f9 fe8f 	bl	10001178 <alarm_pool_cancel_alarm>
1000745a:	0025      	movs	r5, r4
1000745c:	3530      	adds	r5, #48	@ 0x30
1000745e:	0028      	movs	r0, r5
10007460:	f000 fb6a 	bl	10007b38 <__recursive_mutex_enter_blocking_veneer>
10007464:	0028      	movs	r0, r5
10007466:	f000 fb57 	bl	10007b18 <__recursive_mutex_exit_veneer>
1000746a:	2248      	movs	r2, #72	@ 0x48
1000746c:	2100      	movs	r1, #0
1000746e:	0020      	movs	r0, r4
10007470:	f7fa fee6 	bl	10002240 <__wrap_memset>
10007474:	bd70      	pop	{r4, r5, r6, pc}
10007476:	2100      	movs	r1, #0
10007478:	f7f9 f8ba 	bl	100005f0 <irq_set_enabled>
1000747c:	4904      	ldr	r1, [pc, #16]	@ (10007490 <async_context_threadsafe_background_deinit+0x50>)
1000747e:	5d60      	ldrb	r0, [r4, r5]
10007480:	f7f9 f9e6 	bl	10000850 <irq_remove_handler>
10007484:	5d60      	ldrb	r0, [r4, r5]
10007486:	f7f9 fb3b 	bl	10000b00 <user_irq_unclaim>
1000748a:	2300      	movs	r3, #0
1000748c:	5563      	strb	r3, [r4, r5]
1000748e:	e7dd      	b.n	1000744c <async_context_threadsafe_background_deinit+0xc>
10007490:	100075a1 	.word	0x100075a1

10007494 <alarm_handler>:
10007494:	2200      	movs	r2, #0
10007496:	2345      	movs	r3, #69	@ 0x45
10007498:	b510      	push	{r4, lr}
1000749a:	000c      	movs	r4, r1
1000749c:	54ca      	strb	r2, [r1, r3]
1000749e:	3b01      	subs	r3, #1
100074a0:	5cc8      	ldrb	r0, [r1, r3]
100074a2:	f7f9 f8b7 	bl	10000614 <irq_set_pending>
100074a6:	0020      	movs	r0, r4
100074a8:	3038      	adds	r0, #56	@ 0x38
100074aa:	f000 fb25 	bl	10007af8 <__sem_release_veneer>
100074ae:	2000      	movs	r0, #0
100074b0:	2100      	movs	r1, #0
100074b2:	bd10      	pop	{r4, pc}

100074b4 <async_context_threadsafe_background_set_work_pending>:
100074b4:	2301      	movs	r3, #1
100074b6:	b510      	push	{r4, lr}
100074b8:	0004      	movs	r4, r0
100074ba:	720b      	strb	r3, [r1, #8]
100074bc:	3343      	adds	r3, #67	@ 0x43
100074be:	5cc0      	ldrb	r0, [r0, r3]
100074c0:	f7f9 f8a8 	bl	10000614 <irq_set_pending>
100074c4:	0020      	movs	r0, r4
100074c6:	3038      	adds	r0, #56	@ 0x38
100074c8:	f000 fb16 	bl	10007af8 <__sem_release_veneer>
100074cc:	bd10      	pop	{r4, pc}
100074ce:	46c0      	nop			@ (mov r8, r8)

100074d0 <process_under_lock>:
100074d0:	b5f0      	push	{r4, r5, r6, r7, lr}
100074d2:	4b31      	ldr	r3, [pc, #196]	@ (10007598 <process_under_lock+0xc8>)
100074d4:	46d6      	mov	lr, sl
100074d6:	464f      	mov	r7, r9
100074d8:	4646      	mov	r6, r8
100074da:	681a      	ldr	r2, [r3, #0]
100074dc:	685b      	ldr	r3, [r3, #4]
100074de:	0004      	movs	r4, r0
100074e0:	469a      	mov	sl, r3
100074e2:	4b2e      	ldr	r3, [pc, #184]	@ (1000759c <process_under_lock+0xcc>)
100074e4:	4690      	mov	r8, r2
100074e6:	2545      	movs	r5, #69	@ 0x45
100074e8:	4699      	mov	r9, r3
100074ea:	b5c0      	push	{r6, r7, lr}
100074ec:	b084      	sub	sp, #16
100074ee:	0020      	movs	r0, r4
100074f0:	f000 f9c2 	bl	10007878 <async_context_base_execute_once>
100074f4:	0006      	movs	r6, r0
100074f6:	000f      	movs	r7, r1
100074f8:	f7f9 ffd4 	bl	100014a4 <time_us_64>
100074fc:	0032      	movs	r2, r6
100074fe:	003b      	movs	r3, r7
10007500:	1a12      	subs	r2, r2, r0
10007502:	418b      	sbcs	r3, r1
10007504:	2b00      	cmp	r3, #0
10007506:	dd29      	ble.n	1000755c <process_under_lock+0x8c>
10007508:	4546      	cmp	r6, r8
1000750a:	d02d      	beq.n	10007568 <process_under_lock+0x98>
1000750c:	5d63      	ldrb	r3, [r4, r5]
1000750e:	2b00      	cmp	r3, #0
10007510:	d008      	beq.n	10007524 <process_under_lock+0x54>
10007512:	6aa2      	ldr	r2, [r4, #40]	@ 0x28
10007514:	6ae3      	ldr	r3, [r4, #44]	@ 0x2c
10007516:	0030      	movs	r0, r6
10007518:	0039      	movs	r1, r7
1000751a:	1a80      	subs	r0, r0, r2
1000751c:	4199      	sbcs	r1, r3
1000751e:	2900      	cmp	r1, #0
10007520:	dc27      	bgt.n	10007572 <process_under_lock+0xa2>
10007522:	d035      	beq.n	10007590 <process_under_lock+0xc0>
10007524:	6c23      	ldr	r3, [r4, #64]	@ 0x40
10007526:	2b00      	cmp	r3, #0
10007528:	dd03      	ble.n	10007532 <process_under_lock+0x62>
1000752a:	6c21      	ldr	r1, [r4, #64]	@ 0x40
1000752c:	6a20      	ldr	r0, [r4, #32]
1000752e:	f7f9 fe23 	bl	10001178 <alarm_pool_cancel_alarm>
10007532:	2301      	movs	r3, #1
10007534:	62a6      	str	r6, [r4, #40]	@ 0x28
10007536:	62e7      	str	r7, [r4, #44]	@ 0x2c
10007538:	5563      	strb	r3, [r4, r5]
1000753a:	2300      	movs	r3, #0
1000753c:	6a20      	ldr	r0, [r4, #32]
1000753e:	9302      	str	r3, [sp, #8]
10007540:	464b      	mov	r3, r9
10007542:	0032      	movs	r2, r6
10007544:	9300      	str	r3, [sp, #0]
10007546:	9401      	str	r4, [sp, #4]
10007548:	003b      	movs	r3, r7
1000754a:	f7f9 fd53 	bl	10000ff4 <alarm_pool_add_alarm_at>
1000754e:	6420      	str	r0, [r4, #64]	@ 0x40
10007550:	6c23      	ldr	r3, [r4, #64]	@ 0x40
10007552:	2b00      	cmp	r3, #0
10007554:	dc0d      	bgt.n	10007572 <process_under_lock+0xa2>
10007556:	2300      	movs	r3, #0
10007558:	5563      	strb	r3, [r4, r5]
1000755a:	e7c8      	b.n	100074ee <process_under_lock+0x1e>
1000755c:	2b00      	cmp	r3, #0
1000755e:	d1c6      	bne.n	100074ee <process_under_lock+0x1e>
10007560:	2a00      	cmp	r2, #0
10007562:	d0c4      	beq.n	100074ee <process_under_lock+0x1e>
10007564:	4546      	cmp	r6, r8
10007566:	d1d1      	bne.n	1000750c <process_under_lock+0x3c>
10007568:	4557      	cmp	r7, sl
1000756a:	d1cf      	bne.n	1000750c <process_under_lock+0x3c>
1000756c:	6c23      	ldr	r3, [r4, #64]	@ 0x40
1000756e:	2b00      	cmp	r3, #0
10007570:	dc05      	bgt.n	1000757e <process_under_lock+0xae>
10007572:	b004      	add	sp, #16
10007574:	bce0      	pop	{r5, r6, r7}
10007576:	46ba      	mov	sl, r7
10007578:	46b1      	mov	r9, r6
1000757a:	46a8      	mov	r8, r5
1000757c:	bdf0      	pop	{r4, r5, r6, r7, pc}
1000757e:	6c21      	ldr	r1, [r4, #64]	@ 0x40
10007580:	6a20      	ldr	r0, [r4, #32]
10007582:	f7f9 fdf9 	bl	10001178 <alarm_pool_cancel_alarm>
10007586:	2300      	movs	r3, #0
10007588:	2245      	movs	r2, #69	@ 0x45
1000758a:	6423      	str	r3, [r4, #64]	@ 0x40
1000758c:	54a3      	strb	r3, [r4, r2]
1000758e:	e7f0      	b.n	10007572 <process_under_lock+0xa2>
10007590:	2800      	cmp	r0, #0
10007592:	d0c7      	beq.n	10007524 <process_under_lock+0x54>
10007594:	e7ed      	b.n	10007572 <process_under_lock+0xa2>
10007596:	46c0      	nop			@ (mov r8, r8)
10007598:	10007bf8 	.word	0x10007bf8
1000759c:	10007495 	.word	0x10007495

100075a0 <low_priority_irq_handler>:
100075a0:	b570      	push	{r4, r5, r6, lr}
100075a2:	f3ef 8305 	mrs	r3, IPSR
100075a6:	4a0c      	ldr	r2, [pc, #48]	@ (100075d8 <low_priority_irq_handler+0x38>)
100075a8:	3b2a      	subs	r3, #42	@ 0x2a
100075aa:	009b      	lsls	r3, r3, #2
100075ac:	589c      	ldr	r4, [r3, r2]
100075ae:	2c00      	cmp	r4, #0
100075b0:	d00d      	beq.n	100075ce <low_priority_irq_handler+0x2e>
100075b2:	0025      	movs	r5, r4
100075b4:	3530      	adds	r5, #48	@ 0x30
100075b6:	2100      	movs	r1, #0
100075b8:	0028      	movs	r0, r5
100075ba:	f000 faa5 	bl	10007b08 <__recursive_mutex_try_enter_veneer>
100075be:	2800      	cmp	r0, #0
100075c0:	d005      	beq.n	100075ce <low_priority_irq_handler+0x2e>
100075c2:	796b      	ldrb	r3, [r5, #5]
100075c4:	2b01      	cmp	r3, #1
100075c6:	d003      	beq.n	100075d0 <low_priority_irq_handler+0x30>
100075c8:	0028      	movs	r0, r5
100075ca:	f000 faa5 	bl	10007b18 <__recursive_mutex_exit_veneer>
100075ce:	bd70      	pop	{r4, r5, r6, pc}
100075d0:	0020      	movs	r0, r4
100075d2:	f7ff ff7d 	bl	100074d0 <process_under_lock>
100075d6:	e7f7      	b.n	100075c8 <low_priority_irq_handler+0x28>
100075d8:	20000844 	.word	0x20000844

100075dc <async_context_threadsafe_background_execute_sync>:
100075dc:	b5f8      	push	{r3, r4, r5, r6, r7, lr}
100075de:	0006      	movs	r6, r0
100075e0:	0017      	movs	r7, r2
100075e2:	3630      	adds	r6, #48	@ 0x30
100075e4:	0004      	movs	r4, r0
100075e6:	0030      	movs	r0, r6
100075e8:	000d      	movs	r5, r1
100075ea:	f000 faa5 	bl	10007b38 <__recursive_mutex_enter_blocking_veneer>
100075ee:	0038      	movs	r0, r7
100075f0:	47a8      	blx	r5
100075f2:	7973      	ldrb	r3, [r6, #5]
100075f4:	0005      	movs	r5, r0
100075f6:	2b01      	cmp	r3, #1
100075f8:	d004      	beq.n	10007604 <async_context_threadsafe_background_execute_sync+0x28>
100075fa:	0030      	movs	r0, r6
100075fc:	f000 fa8c 	bl	10007b18 <__recursive_mutex_exit_veneer>
10007600:	0028      	movs	r0, r5
10007602:	bdf8      	pop	{r3, r4, r5, r6, r7, pc}
10007604:	0020      	movs	r0, r4
10007606:	f7ff ff63 	bl	100074d0 <process_under_lock>
1000760a:	e7f6      	b.n	100075fa <async_context_threadsafe_background_execute_sync+0x1e>

1000760c <async_context_threadsafe_background_wait_for_work_until>:
1000760c:	b510      	push	{r4, lr}
1000760e:	3038      	adds	r0, #56	@ 0x38
10007610:	f000 fab2 	bl	10007b78 <__sem_acquire_block_until_veneer>
10007614:	bd10      	pop	{r4, pc}
10007616:	46c0      	nop			@ (mov r8, r8)

10007618 <async_context_threadsafe_background_wait_until>:
10007618:	0010      	movs	r0, r2
1000761a:	0019      	movs	r1, r3
1000761c:	b510      	push	{r4, lr}
1000761e:	f3ef 8305 	mrs	r3, IPSR
10007622:	2b00      	cmp	r3, #0
10007624:	d002      	beq.n	1000762c <async_context_threadsafe_background_wait_until+0x14>
10007626:	f7f9 ff47 	bl	100014b8 <busy_wait_until>
1000762a:	bd10      	pop	{r4, pc}
1000762c:	f7f9 fdde 	bl	100011ec <sleep_until>
10007630:	e7fb      	b.n	1000762a <async_context_threadsafe_background_wait_until+0x12>
10007632:	46c0      	nop			@ (mov r8, r8)

10007634 <async_context_threadsafe_background_lock_check>:
10007634:	b510      	push	{r4, lr}
10007636:	3030      	adds	r0, #48	@ 0x30
10007638:	7943      	ldrb	r3, [r0, #5]
1000763a:	2b00      	cmp	r3, #0
1000763c:	d008      	beq.n	10007650 <async_context_threadsafe_background_lock_check+0x1c>
1000763e:	23d0      	movs	r3, #208	@ 0xd0
10007640:	2200      	movs	r2, #0
10007642:	061b      	lsls	r3, r3, #24
10007644:	569a      	ldrsb	r2, [r3, r2]
10007646:	2304      	movs	r3, #4
10007648:	56c3      	ldrsb	r3, [r0, r3]
1000764a:	429a      	cmp	r2, r3
1000764c:	d100      	bne.n	10007650 <async_context_threadsafe_background_lock_check+0x1c>
1000764e:	bd10      	pop	{r4, pc}
10007650:	4801      	ldr	r0, [pc, #4]	@ (10007658 <async_context_threadsafe_background_lock_check+0x24>)
10007652:	f7f8 fee7 	bl	10000424 <panic>
10007656:	46c0      	nop			@ (mov r8, r8)
10007658:	1003f7f8 	.word	0x1003f7f8

1000765c <async_context_threadsafe_background_release_lock>:
1000765c:	b510      	push	{r4, lr}
1000765e:	0004      	movs	r4, r0
10007660:	3430      	adds	r4, #48	@ 0x30
10007662:	7963      	ldrb	r3, [r4, #5]
10007664:	2b01      	cmp	r3, #1
10007666:	d003      	beq.n	10007670 <async_context_threadsafe_background_release_lock+0x14>
10007668:	0020      	movs	r0, r4
1000766a:	f000 fa55 	bl	10007b18 <__recursive_mutex_exit_veneer>
1000766e:	bd10      	pop	{r4, pc}
10007670:	f7ff ff2e 	bl	100074d0 <process_under_lock>
10007674:	e7f8      	b.n	10007668 <async_context_threadsafe_background_release_lock+0xc>
10007676:	46c0      	nop			@ (mov r8, r8)

10007678 <async_context_threadsafe_background_add_at_time_worker>:
10007678:	b570      	push	{r4, r5, r6, lr}
1000767a:	0006      	movs	r6, r0
1000767c:	000d      	movs	r5, r1
1000767e:	0004      	movs	r4, r0
10007680:	3630      	adds	r6, #48	@ 0x30
10007682:	0030      	movs	r0, r6
10007684:	f000 fa58 	bl	10007b38 <__recursive_mutex_enter_blocking_veneer>
10007688:	0029      	movs	r1, r5
1000768a:	0020      	movs	r0, r4
1000768c:	f000 f8a8 	bl	100077e0 <async_context_base_add_at_time_worker>
10007690:	7973      	ldrb	r3, [r6, #5]
10007692:	0005      	movs	r5, r0
10007694:	2b01      	cmp	r3, #1
10007696:	d004      	beq.n	100076a2 <async_context_threadsafe_background_add_at_time_worker+0x2a>
10007698:	0030      	movs	r0, r6
1000769a:	f000 fa3d 	bl	10007b18 <__recursive_mutex_exit_veneer>
1000769e:	0028      	movs	r0, r5
100076a0:	bd70      	pop	{r4, r5, r6, pc}
100076a2:	0020      	movs	r0, r4
100076a4:	f7ff ff14 	bl	100074d0 <process_under_lock>
100076a8:	e7f6      	b.n	10007698 <async_context_threadsafe_background_add_at_time_worker+0x20>
100076aa:	46c0      	nop			@ (mov r8, r8)

100076ac <async_context_threadsafe_background_remove_at_time_worker>:
100076ac:	b570      	push	{r4, r5, r6, lr}
100076ae:	0006      	movs	r6, r0
100076b0:	000d      	movs	r5, r1
100076b2:	0004      	movs	r4, r0
100076b4:	3630      	adds	r6, #48	@ 0x30
100076b6:	0030      	movs	r0, r6
100076b8:	f000 fa3e 	bl	10007b38 <__recursive_mutex_enter_blocking_veneer>
100076bc:	0029      	movs	r1, r5
100076be:	0020      	movs	r0, r4
100076c0:	f000 f8a0 	bl	10007804 <async_context_base_remove_at_time_worker>
100076c4:	7973      	ldrb	r3, [r6, #5]
100076c6:	0005      	movs	r5, r0
100076c8:	2b01      	cmp	r3, #1
100076ca:	d004      	beq.n	100076d6 <async_context_threadsafe_background_remove_at_time_worker+0x2a>
100076cc:	0030      	movs	r0, r6
100076ce:	f000 fa23 	bl	10007b18 <__recursive_mutex_exit_veneer>
100076d2:	0028      	movs	r0, r5
100076d4:	bd70      	pop	{r4, r5, r6, pc}
100076d6:	0020      	movs	r0, r4
100076d8:	f7ff fefa 	bl	100074d0 <process_under_lock>
100076dc:	e7f6      	b.n	100076cc <async_context_threadsafe_background_remove_at_time_worker+0x20>
100076de:	46c0      	nop			@ (mov r8, r8)

100076e0 <async_context_threadsafe_background_add_when_pending_worker>:
100076e0:	b570      	push	{r4, r5, r6, lr}
100076e2:	0006      	movs	r6, r0
100076e4:	000d      	movs	r5, r1
100076e6:	0004      	movs	r4, r0
100076e8:	3630      	adds	r6, #48	@ 0x30
100076ea:	0030      	movs	r0, r6
100076ec:	f000 fa24 	bl	10007b38 <__recursive_mutex_enter_blocking_veneer>
100076f0:	0029      	movs	r1, r5
100076f2:	0020      	movs	r0, r4
100076f4:	f000 f89a 	bl	1000782c <async_context_base_add_when_pending_worker>
100076f8:	7973      	ldrb	r3, [r6, #5]
100076fa:	0005      	movs	r5, r0
100076fc:	2b01      	cmp	r3, #1
100076fe:	d004      	beq.n	1000770a <async_context_threadsafe_background_add_when_pending_worker+0x2a>
10007700:	0030      	movs	r0, r6
10007702:	f000 fa09 	bl	10007b18 <__recursive_mutex_exit_veneer>
10007706:	0028      	movs	r0, r5
10007708:	bd70      	pop	{r4, r5, r6, pc}
1000770a:	0020      	movs	r0, r4
1000770c:	f7ff fee0 	bl	100074d0 <process_under_lock>
10007710:	e7f6      	b.n	10007700 <async_context_threadsafe_background_add_when_pending_worker+0x20>
10007712:	46c0      	nop			@ (mov r8, r8)

10007714 <async_context_threadsafe_background_when_pending_worker>:
10007714:	b570      	push	{r4, r5, r6, lr}
10007716:	0006      	movs	r6, r0
10007718:	000d      	movs	r5, r1
1000771a:	0004      	movs	r4, r0
1000771c:	3630      	adds	r6, #48	@ 0x30
1000771e:	0030      	movs	r0, r6
10007720:	f000 fa0a 	bl	10007b38 <__recursive_mutex_enter_blocking_veneer>
10007724:	0029      	movs	r1, r5
10007726:	0020      	movs	r0, r4
10007728:	f000 f892 	bl	10007850 <async_context_base_remove_when_pending_worker>
1000772c:	7973      	ldrb	r3, [r6, #5]
1000772e:	0005      	movs	r5, r0
10007730:	2b01      	cmp	r3, #1
10007732:	d004      	beq.n	1000773e <async_context_threadsafe_background_when_pending_worker+0x2a>
10007734:	0030      	movs	r0, r6
10007736:	f000 f9ef 	bl	10007b18 <__recursive_mutex_exit_veneer>
1000773a:	0028      	movs	r0, r5
1000773c:	bd70      	pop	{r4, r5, r6, pc}
1000773e:	0020      	movs	r0, r4
10007740:	f7ff fec6 	bl	100074d0 <process_under_lock>
10007744:	e7f6      	b.n	10007734 <async_context_threadsafe_background_when_pending_worker+0x20>
10007746:	46c0      	nop			@ (mov r8, r8)

10007748 <async_context_threadsafe_background_default_config>:
10007748:	23ff      	movs	r3, #255	@ 0xff
1000774a:	7003      	strb	r3, [r0, #0]
1000774c:	2300      	movs	r3, #0
1000774e:	6043      	str	r3, [r0, #4]
10007750:	4770      	bx	lr
10007752:	46c0      	nop			@ (mov r8, r8)

10007754 <async_context_threadsafe_background_init>:
10007754:	b570      	push	{r4, r5, r6, lr}
10007756:	0004      	movs	r4, r0
10007758:	000d      	movs	r5, r1
1000775a:	2244      	movs	r2, #68	@ 0x44
1000775c:	2100      	movs	r1, #0
1000775e:	3004      	adds	r0, #4
10007760:	f7fa fd6e 	bl	10002240 <__wrap_memset>
10007764:	4b1b      	ldr	r3, [pc, #108]	@ (100077d4 <async_context_threadsafe_background_init+0x80>)
10007766:	6023      	str	r3, [r4, #0]
10007768:	2303      	movs	r3, #3
1000776a:	8323      	strh	r3, [r4, #24]
1000776c:	23d0      	movs	r3, #208	@ 0xd0
1000776e:	061b      	lsls	r3, r3, #24
10007770:	681b      	ldr	r3, [r3, #0]
10007772:	76a3      	strb	r3, [r4, #26]
10007774:	6868      	ldr	r0, [r5, #4]
10007776:	2800      	cmp	r0, #0
10007778:	d028      	beq.n	100077cc <async_context_threadsafe_background_init+0x78>
1000777a:	6220      	str	r0, [r4, #32]
1000777c:	0020      	movs	r0, r4
1000777e:	2201      	movs	r2, #1
10007780:	2101      	movs	r1, #1
10007782:	3038      	adds	r0, #56	@ 0x38
10007784:	f7f9 f9dc 	bl	10000b40 <sem_init>
10007788:	0020      	movs	r0, r4
1000778a:	3030      	adds	r0, #48	@ 0x30
1000778c:	f7f9 fa1c 	bl	10000bc8 <recursive_mutex_init>
10007790:	2000      	movs	r0, #0
10007792:	782e      	ldrb	r6, [r5, #0]
10007794:	f7f9 f9be 	bl	10000b14 <user_irq_claim_unused>
10007798:	0003      	movs	r3, r0
1000779a:	2000      	movs	r0, #0
1000779c:	2b00      	cmp	r3, #0
1000779e:	db14      	blt.n	100077ca <async_context_threadsafe_background_init+0x76>
100077a0:	0019      	movs	r1, r3
100077a2:	2544      	movs	r5, #68	@ 0x44
100077a4:	4a0c      	ldr	r2, [pc, #48]	@ (100077d8 <async_context_threadsafe_background_init+0x84>)
100077a6:	391a      	subs	r1, #26
100077a8:	0089      	lsls	r1, r1, #2
100077aa:	30ff      	adds	r0, #255	@ 0xff
100077ac:	508c      	str	r4, [r1, r2]
100077ae:	4018      	ands	r0, r3
100077b0:	5563      	strb	r3, [r4, r5]
100077b2:	490a      	ldr	r1, [pc, #40]	@ (100077dc <async_context_threadsafe_background_init+0x88>)
100077b4:	f7f8 ff38 	bl	10000628 <irq_set_exclusive_handler>
100077b8:	2101      	movs	r1, #1
100077ba:	5d60      	ldrb	r0, [r4, r5]
100077bc:	f7f8 ff18 	bl	100005f0 <irq_set_enabled>
100077c0:	5d60      	ldrb	r0, [r4, r5]
100077c2:	0031      	movs	r1, r6
100077c4:	f7f9 f92e 	bl	10000a24 <irq_set_priority>
100077c8:	2001      	movs	r0, #1
100077ca:	bd70      	pop	{r4, r5, r6, pc}
100077cc:	f7f9 fc0e 	bl	10000fec <alarm_pool_get_default>
100077d0:	e7d3      	b.n	1000777a <async_context_threadsafe_background_init+0x26>
100077d2:	46c0      	nop			@ (mov r8, r8)
100077d4:	1003f818 	.word	0x1003f818
100077d8:	20000844 	.word	0x20000844
100077dc:	100075a1 	.word	0x100075a1

100077e0 <async_context_base_add_at_time_worker>:
100077e0:	6883      	ldr	r3, [r0, #8]
100077e2:	3008      	adds	r0, #8
100077e4:	2b00      	cmp	r3, #0
100077e6:	d104      	bne.n	100077f2 <async_context_base_add_at_time_worker+0x12>
100077e8:	e007      	b.n	100077fa <async_context_base_add_at_time_worker+0x1a>
100077ea:	0018      	movs	r0, r3
100077ec:	681b      	ldr	r3, [r3, #0]
100077ee:	2b00      	cmp	r3, #0
100077f0:	d003      	beq.n	100077fa <async_context_base_add_at_time_worker+0x1a>
100077f2:	4299      	cmp	r1, r3
100077f4:	d1f9      	bne.n	100077ea <async_context_base_add_at_time_worker+0xa>
100077f6:	2000      	movs	r0, #0
100077f8:	e003      	b.n	10007802 <async_context_base_add_at_time_worker+0x22>
100077fa:	2300      	movs	r3, #0
100077fc:	6001      	str	r1, [r0, #0]
100077fe:	2001      	movs	r0, #1
10007800:	600b      	str	r3, [r1, #0]
10007802:	4770      	bx	lr

10007804 <async_context_base_remove_at_time_worker>:
10007804:	6883      	ldr	r3, [r0, #8]
10007806:	2b00      	cmp	r3, #0
10007808:	d008      	beq.n	1000781c <async_context_base_remove_at_time_worker+0x18>
1000780a:	4299      	cmp	r1, r3
1000780c:	d102      	bne.n	10007814 <async_context_base_remove_at_time_worker+0x10>
1000780e:	e007      	b.n	10007820 <async_context_base_remove_at_time_worker+0x1c>
10007810:	4299      	cmp	r1, r3
10007812:	d006      	beq.n	10007822 <async_context_base_remove_at_time_worker+0x1e>
10007814:	0018      	movs	r0, r3
10007816:	681b      	ldr	r3, [r3, #0]
10007818:	2b00      	cmp	r3, #0
1000781a:	d1f9      	bne.n	10007810 <async_context_base_remove_at_time_worker+0xc>
1000781c:	2000      	movs	r0, #0
1000781e:	4770      	bx	lr
10007820:	3008      	adds	r0, #8
10007822:	680b      	ldr	r3, [r1, #0]
10007824:	6003      	str	r3, [r0, #0]
10007826:	2001      	movs	r0, #1
10007828:	e7f9      	b.n	1000781e <async_context_base_remove_at_time_worker+0x1a>
1000782a:	46c0      	nop			@ (mov r8, r8)

1000782c <async_context_base_add_when_pending_worker>:
1000782c:	6843      	ldr	r3, [r0, #4]
1000782e:	3004      	adds	r0, #4
10007830:	2b00      	cmp	r3, #0
10007832:	d104      	bne.n	1000783e <async_context_base_add_when_pending_worker+0x12>
10007834:	e007      	b.n	10007846 <async_context_base_add_when_pending_worker+0x1a>
10007836:	0018      	movs	r0, r3
10007838:	681b      	ldr	r3, [r3, #0]
1000783a:	2b00      	cmp	r3, #0
1000783c:	d003      	beq.n	10007846 <async_context_base_add_when_pending_worker+0x1a>
1000783e:	4299      	cmp	r1, r3
10007840:	d1f9      	bne.n	10007836 <async_context_base_add_when_pending_worker+0xa>
10007842:	2000      	movs	r0, #0
10007844:	e003      	b.n	1000784e <async_context_base_add_when_pending_worker+0x22>
10007846:	2300      	movs	r3, #0
10007848:	6001      	str	r1, [r0, #0]
1000784a:	2001      	movs	r0, #1
1000784c:	600b      	str	r3, [r1, #0]
1000784e:	4770      	bx	lr

10007850 <async_context_base_remove_when_pending_worker>:
10007850:	6843      	ldr	r3, [r0, #4]
10007852:	2b00      	cmp	r3, #0
10007854:	d008      	beq.n	10007868 <async_context_base_remove_when_pending_worker+0x18>
10007856:	4299      	cmp	r1, r3
10007858:	d102      	bne.n	10007860 <async_context_base_remove_when_pending_worker+0x10>
1000785a:	e007      	b.n	1000786c <async_context_base_remove_when_pending_worker+0x1c>
1000785c:	4299      	cmp	r1, r3
1000785e:	d006      	beq.n	1000786e <async_context_base_remove_when_pending_worker+0x1e>
10007860:	0018      	movs	r0, r3
10007862:	681b      	ldr	r3, [r3, #0]
10007864:	2b00      	cmp	r3, #0
10007866:	d1f9      	bne.n	1000785c <async_context_base_remove_when_pending_worker+0xc>
10007868:	2000      	movs	r0, #0
1000786a:	4770      	bx	lr
1000786c:	3004      	adds	r0, #4
1000786e:	680b      	ldr	r3, [r1, #0]
10007870:	6003      	str	r3, [r0, #0]
10007872:	2001      	movs	r0, #1
10007874:	e7f9      	b.n	1000786a <async_context_base_remove_when_pending_worker+0x1a>
10007876:	46c0      	nop			@ (mov r8, r8)

10007878 <async_context_base_execute_once>:
10007878:	b5f0      	push	{r4, r5, r6, r7, lr}
1000787a:	4646      	mov	r6, r8
1000787c:	46d6      	mov	lr, sl
1000787e:	464f      	mov	r7, r9
10007880:	6883      	ldr	r3, [r0, #8]
10007882:	4680      	mov	r8, r0
10007884:	b5c0      	push	{r6, r7, lr}
10007886:	2b00      	cmp	r3, #0
10007888:	d02c      	beq.n	100078e4 <async_context_base_execute_once+0x6c>
1000788a:	2308      	movs	r3, #8
1000788c:	4443      	add	r3, r8
1000788e:	4699      	mov	r9, r3
10007890:	f7f9 fe08 	bl	100014a4 <time_us_64>
10007894:	4643      	mov	r3, r8
10007896:	689b      	ldr	r3, [r3, #8]
10007898:	0004      	movs	r4, r0
1000789a:	000d      	movs	r5, r1
1000789c:	469c      	mov	ip, r3
1000789e:	2b00      	cmp	r3, #0
100078a0:	d020      	beq.n	100078e4 <async_context_base_execute_once+0x6c>
100078a2:	001e      	movs	r6, r3
100078a4:	2300      	movs	r3, #0
100078a6:	464f      	mov	r7, r9
100078a8:	469a      	mov	sl, r3
100078aa:	68b2      	ldr	r2, [r6, #8]
100078ac:	68f3      	ldr	r3, [r6, #12]
100078ae:	0020      	movs	r0, r4
100078b0:	0029      	movs	r1, r5
100078b2:	1a80      	subs	r0, r0, r2
100078b4:	4199      	sbcs	r1, r3
100078b6:	2900      	cmp	r1, #0
100078b8:	db02      	blt.n	100078c0 <async_context_base_execute_once+0x48>
100078ba:	0014      	movs	r4, r2
100078bc:	001d      	movs	r5, r3
100078be:	46ba      	mov	sl, r7
100078c0:	0037      	movs	r7, r6
100078c2:	6836      	ldr	r6, [r6, #0]
100078c4:	2e00      	cmp	r6, #0
100078c6:	d1f0      	bne.n	100078aa <async_context_base_execute_once+0x32>
100078c8:	4653      	mov	r3, sl
100078ca:	2b00      	cmp	r3, #0
100078cc:	d048      	beq.n	10007960 <async_context_base_execute_once+0xe8>
100078ce:	4652      	mov	r2, sl
100078d0:	6819      	ldr	r1, [r3, #0]
100078d2:	4640      	mov	r0, r8
100078d4:	680b      	ldr	r3, [r1, #0]
100078d6:	6013      	str	r3, [r2, #0]
100078d8:	684b      	ldr	r3, [r1, #4]
100078da:	4798      	blx	r3
100078dc:	4643      	mov	r3, r8
100078de:	689b      	ldr	r3, [r3, #8]
100078e0:	2b00      	cmp	r3, #0
100078e2:	d1d5      	bne.n	10007890 <async_context_base_execute_once+0x18>
100078e4:	4643      	mov	r3, r8
100078e6:	685c      	ldr	r4, [r3, #4]
100078e8:	2c00      	cmp	r4, #0
100078ea:	d035      	beq.n	10007958 <async_context_base_execute_once+0xe0>
100078ec:	2500      	movs	r5, #0
100078ee:	7a23      	ldrb	r3, [r4, #8]
100078f0:	2b00      	cmp	r3, #0
100078f2:	d028      	beq.n	10007946 <async_context_base_execute_once+0xce>
100078f4:	0021      	movs	r1, r4
100078f6:	6863      	ldr	r3, [r4, #4]
100078f8:	7225      	strb	r5, [r4, #8]
100078fa:	4640      	mov	r0, r8
100078fc:	4798      	blx	r3
100078fe:	6824      	ldr	r4, [r4, #0]
10007900:	2c00      	cmp	r4, #0
10007902:	d1f4      	bne.n	100078ee <async_context_base_execute_once+0x76>
10007904:	4643      	mov	r3, r8
10007906:	689b      	ldr	r3, [r3, #8]
10007908:	469c      	mov	ip, r3
1000790a:	4b19      	ldr	r3, [pc, #100]	@ (10007970 <async_context_base_execute_once+0xf8>)
1000790c:	6818      	ldr	r0, [r3, #0]
1000790e:	6859      	ldr	r1, [r3, #4]
10007910:	4663      	mov	r3, ip
10007912:	2b00      	cmp	r3, #0
10007914:	d00f      	beq.n	10007936 <async_context_base_execute_once+0xbe>
10007916:	4663      	mov	r3, ip
10007918:	681a      	ldr	r2, [r3, #0]
1000791a:	689c      	ldr	r4, [r3, #8]
1000791c:	68dd      	ldr	r5, [r3, #12]
1000791e:	4694      	mov	ip, r2
10007920:	000b      	movs	r3, r1
10007922:	0002      	movs	r2, r0
10007924:	1b12      	subs	r2, r2, r4
10007926:	41ab      	sbcs	r3, r5
10007928:	2b00      	cmp	r3, #0
1000792a:	dd10      	ble.n	1000794e <async_context_base_execute_once+0xd6>
1000792c:	4663      	mov	r3, ip
1000792e:	0020      	movs	r0, r4
10007930:	0029      	movs	r1, r5
10007932:	2b00      	cmp	r3, #0
10007934:	d1ef      	bne.n	10007916 <async_context_base_execute_once+0x9e>
10007936:	4643      	mov	r3, r8
10007938:	6118      	str	r0, [r3, #16]
1000793a:	6159      	str	r1, [r3, #20]
1000793c:	bce0      	pop	{r5, r6, r7}
1000793e:	46ba      	mov	sl, r7
10007940:	46b1      	mov	r9, r6
10007942:	46a8      	mov	r8, r5
10007944:	bdf0      	pop	{r4, r5, r6, r7, pc}
10007946:	6824      	ldr	r4, [r4, #0]
10007948:	2c00      	cmp	r4, #0
1000794a:	d1d0      	bne.n	100078ee <async_context_base_execute_once+0x76>
1000794c:	e7da      	b.n	10007904 <async_context_base_execute_once+0x8c>
1000794e:	2b00      	cmp	r3, #0
10007950:	d1de      	bne.n	10007910 <async_context_base_execute_once+0x98>
10007952:	2a00      	cmp	r2, #0
10007954:	d1ea      	bne.n	1000792c <async_context_base_execute_once+0xb4>
10007956:	e7db      	b.n	10007910 <async_context_base_execute_once+0x98>
10007958:	4b05      	ldr	r3, [pc, #20]	@ (10007970 <async_context_base_execute_once+0xf8>)
1000795a:	6818      	ldr	r0, [r3, #0]
1000795c:	6859      	ldr	r1, [r3, #4]
1000795e:	e7ea      	b.n	10007936 <async_context_base_execute_once+0xbe>
10007960:	4643      	mov	r3, r8
10007962:	685c      	ldr	r4, [r3, #4]
10007964:	2c00      	cmp	r4, #0
10007966:	d1c1      	bne.n	100078ec <async_context_base_execute_once+0x74>
10007968:	4b01      	ldr	r3, [pc, #4]	@ (10007970 <async_context_base_execute_once+0xf8>)
1000796a:	6818      	ldr	r0, [r3, #0]
1000796c:	6859      	ldr	r1, [r3, #4]
1000796e:	e7d2      	b.n	10007916 <async_context_base_execute_once+0x9e>
10007970:	10007bf8 	.word	0x10007bf8

10007974 <memmove>:
10007974:	b5f0      	push	{r4, r5, r6, r7, lr}
10007976:	4288      	cmp	r0, r1
10007978:	d90a      	bls.n	10007990 <memmove+0x1c>
1000797a:	188b      	adds	r3, r1, r2
1000797c:	4298      	cmp	r0, r3
1000797e:	d207      	bcs.n	10007990 <memmove+0x1c>
10007980:	1e53      	subs	r3, r2, #1
10007982:	2a00      	cmp	r2, #0
10007984:	d003      	beq.n	1000798e <memmove+0x1a>
10007986:	5cca      	ldrb	r2, [r1, r3]
10007988:	54c2      	strb	r2, [r0, r3]
1000798a:	3b01      	subs	r3, #1
1000798c:	d2fb      	bcs.n	10007986 <memmove+0x12>
1000798e:	bdf0      	pop	{r4, r5, r6, r7, pc}
10007990:	0005      	movs	r5, r0
10007992:	2a0f      	cmp	r2, #15
10007994:	d80a      	bhi.n	100079ac <memmove+0x38>
10007996:	1e56      	subs	r6, r2, #1
10007998:	2a00      	cmp	r2, #0
1000799a:	d0f8      	beq.n	1000798e <memmove+0x1a>
1000799c:	2300      	movs	r3, #0
1000799e:	5ccc      	ldrb	r4, [r1, r3]
100079a0:	001a      	movs	r2, r3
100079a2:	54ec      	strb	r4, [r5, r3]
100079a4:	3301      	adds	r3, #1
100079a6:	4296      	cmp	r6, r2
100079a8:	d1f9      	bne.n	1000799e <memmove+0x2a>
100079aa:	e7f0      	b.n	1000798e <memmove+0x1a>
100079ac:	2403      	movs	r4, #3
100079ae:	0003      	movs	r3, r0
100079b0:	0026      	movs	r6, r4
100079b2:	430b      	orrs	r3, r1
100079b4:	401e      	ands	r6, r3
100079b6:	421c      	tst	r4, r3
100079b8:	d130      	bne.n	10007a1c <memmove+0xa8>
100079ba:	0015      	movs	r5, r2
100079bc:	3d10      	subs	r5, #16
100079be:	092d      	lsrs	r5, r5, #4
100079c0:	0003      	movs	r3, r0
100079c2:	000c      	movs	r4, r1
100079c4:	46ac      	mov	ip, r5
100079c6:	012f      	lsls	r7, r5, #4
100079c8:	183f      	adds	r7, r7, r0
100079ca:	6825      	ldr	r5, [r4, #0]
100079cc:	601d      	str	r5, [r3, #0]
100079ce:	6865      	ldr	r5, [r4, #4]
100079d0:	605d      	str	r5, [r3, #4]
100079d2:	68a5      	ldr	r5, [r4, #8]
100079d4:	609d      	str	r5, [r3, #8]
100079d6:	68e5      	ldr	r5, [r4, #12]
100079d8:	3410      	adds	r4, #16
100079da:	60dd      	str	r5, [r3, #12]
100079dc:	001d      	movs	r5, r3
100079de:	3310      	adds	r3, #16
100079e0:	42bd      	cmp	r5, r7
100079e2:	d1f2      	bne.n	100079ca <memmove+0x56>
100079e4:	4665      	mov	r5, ip
100079e6:	230f      	movs	r3, #15
100079e8:	240c      	movs	r4, #12
100079ea:	3501      	adds	r5, #1
100079ec:	012d      	lsls	r5, r5, #4
100079ee:	1949      	adds	r1, r1, r5
100079f0:	4013      	ands	r3, r2
100079f2:	1945      	adds	r5, r0, r5
100079f4:	4214      	tst	r4, r2
100079f6:	d013      	beq.n	10007a20 <memmove+0xac>
100079f8:	598c      	ldr	r4, [r1, r6]
100079fa:	51ac      	str	r4, [r5, r6]
100079fc:	3604      	adds	r6, #4
100079fe:	1b9c      	subs	r4, r3, r6
10007a00:	2c03      	cmp	r4, #3
10007a02:	d8f9      	bhi.n	100079f8 <memmove+0x84>
10007a04:	3b04      	subs	r3, #4
10007a06:	089b      	lsrs	r3, r3, #2
10007a08:	3301      	adds	r3, #1
10007a0a:	009b      	lsls	r3, r3, #2
10007a0c:	18ed      	adds	r5, r5, r3
10007a0e:	18c9      	adds	r1, r1, r3
10007a10:	2303      	movs	r3, #3
10007a12:	401a      	ands	r2, r3
10007a14:	1e56      	subs	r6, r2, #1
10007a16:	2a00      	cmp	r2, #0
10007a18:	d1c0      	bne.n	1000799c <memmove+0x28>
10007a1a:	e7b8      	b.n	1000798e <memmove+0x1a>
10007a1c:	1e56      	subs	r6, r2, #1
10007a1e:	e7bd      	b.n	1000799c <memmove+0x28>
10007a20:	001a      	movs	r2, r3
10007a22:	e7b8      	b.n	10007996 <memmove+0x22>

10007a24 <strlen>:
10007a24:	b510      	push	{r4, lr}
10007a26:	0783      	lsls	r3, r0, #30
10007a28:	d00a      	beq.n	10007a40 <strlen+0x1c>
10007a2a:	0003      	movs	r3, r0
10007a2c:	2103      	movs	r1, #3
10007a2e:	e002      	b.n	10007a36 <strlen+0x12>
10007a30:	3301      	adds	r3, #1
10007a32:	420b      	tst	r3, r1
10007a34:	d005      	beq.n	10007a42 <strlen+0x1e>
10007a36:	781a      	ldrb	r2, [r3, #0]
10007a38:	2a00      	cmp	r2, #0
10007a3a:	d1f9      	bne.n	10007a30 <strlen+0xc>
10007a3c:	1a18      	subs	r0, r3, r0
10007a3e:	bd10      	pop	{r4, pc}
10007a40:	0003      	movs	r3, r0
10007a42:	6819      	ldr	r1, [r3, #0]
10007a44:	4a0c      	ldr	r2, [pc, #48]	@ (10007a78 <strlen+0x54>)
10007a46:	4c0d      	ldr	r4, [pc, #52]	@ (10007a7c <strlen+0x58>)
10007a48:	188a      	adds	r2, r1, r2
10007a4a:	438a      	bics	r2, r1
10007a4c:	4222      	tst	r2, r4
10007a4e:	d10f      	bne.n	10007a70 <strlen+0x4c>
10007a50:	6859      	ldr	r1, [r3, #4]
10007a52:	4a09      	ldr	r2, [pc, #36]	@ (10007a78 <strlen+0x54>)
10007a54:	3304      	adds	r3, #4
10007a56:	188a      	adds	r2, r1, r2
10007a58:	438a      	bics	r2, r1
10007a5a:	4222      	tst	r2, r4
10007a5c:	d108      	bne.n	10007a70 <strlen+0x4c>
10007a5e:	6859      	ldr	r1, [r3, #4]
10007a60:	4a05      	ldr	r2, [pc, #20]	@ (10007a78 <strlen+0x54>)
10007a62:	3304      	adds	r3, #4
10007a64:	188a      	adds	r2, r1, r2
10007a66:	438a      	bics	r2, r1
10007a68:	4222      	tst	r2, r4
10007a6a:	d0f1      	beq.n	10007a50 <strlen+0x2c>
10007a6c:	e000      	b.n	10007a70 <strlen+0x4c>
10007a6e:	3301      	adds	r3, #1
10007a70:	781a      	ldrb	r2, [r3, #0]
10007a72:	2a00      	cmp	r2, #0
10007a74:	d1fb      	bne.n	10007a6e <strlen+0x4a>
10007a76:	e7e1      	b.n	10007a3c <strlen+0x18>
10007a78:	fefefeff 	.word	0xfefefeff
10007a7c:	80808080 	.word	0x80808080

10007a80 <strncmp>:
10007a80:	b530      	push	{r4, r5, lr}
10007a82:	2a00      	cmp	r2, #0
10007a84:	d028      	beq.n	10007ad8 <strncmp+0x58>
10007a86:	0003      	movs	r3, r0
10007a88:	430b      	orrs	r3, r1
10007a8a:	079b      	lsls	r3, r3, #30
10007a8c:	d113      	bne.n	10007ab6 <strncmp+0x36>
10007a8e:	2a03      	cmp	r2, #3
10007a90:	d911      	bls.n	10007ab6 <strncmp+0x36>
10007a92:	4d13      	ldr	r5, [pc, #76]	@ (10007ae0 <strncmp+0x60>)
10007a94:	e00b      	b.n	10007aae <strncmp+0x2e>
10007a96:	3a04      	subs	r2, #4
10007a98:	2a00      	cmp	r2, #0
10007a9a:	d01d      	beq.n	10007ad8 <strncmp+0x58>
10007a9c:	4c11      	ldr	r4, [pc, #68]	@ (10007ae4 <strncmp+0x64>)
10007a9e:	191c      	adds	r4, r3, r4
10007aa0:	439c      	bics	r4, r3
10007aa2:	422c      	tst	r4, r5
10007aa4:	d118      	bne.n	10007ad8 <strncmp+0x58>
10007aa6:	3004      	adds	r0, #4
10007aa8:	3104      	adds	r1, #4
10007aaa:	2a03      	cmp	r2, #3
10007aac:	d903      	bls.n	10007ab6 <strncmp+0x36>
10007aae:	6803      	ldr	r3, [r0, #0]
10007ab0:	680c      	ldr	r4, [r1, #0]
10007ab2:	42a3      	cmp	r3, r4
10007ab4:	d0ef      	beq.n	10007a96 <strncmp+0x16>
10007ab6:	7804      	ldrb	r4, [r0, #0]
10007ab8:	780d      	ldrb	r5, [r1, #0]
10007aba:	42a5      	cmp	r5, r4
10007abc:	d10e      	bne.n	10007adc <strncmp+0x5c>
10007abe:	2a01      	cmp	r2, #1
10007ac0:	d00a      	beq.n	10007ad8 <strncmp+0x58>
10007ac2:	2301      	movs	r3, #1
10007ac4:	e006      	b.n	10007ad4 <strncmp+0x54>
10007ac6:	5cc4      	ldrb	r4, [r0, r3]
10007ac8:	5ccd      	ldrb	r5, [r1, r3]
10007aca:	42ac      	cmp	r4, r5
10007acc:	d106      	bne.n	10007adc <strncmp+0x5c>
10007ace:	3301      	adds	r3, #1
10007ad0:	429a      	cmp	r2, r3
10007ad2:	d001      	beq.n	10007ad8 <strncmp+0x58>
10007ad4:	2c00      	cmp	r4, #0
10007ad6:	d1f6      	bne.n	10007ac6 <strncmp+0x46>
10007ad8:	2000      	movs	r0, #0
10007ada:	bd30      	pop	{r4, r5, pc}
10007adc:	1b60      	subs	r0, r4, r5
10007ade:	e7fc      	b.n	10007ada <strncmp+0x5a>
10007ae0:	80808080 	.word	0x80808080
10007ae4:	fefefeff 	.word	0xfefefeff

10007ae8 <____aeabi_ldiv0_veneer>:
10007ae8:	b401      	push	{r0}
10007aea:	4802      	ldr	r0, [pc, #8]	@ (10007af4 <____aeabi_ldiv0_veneer+0xc>)
10007aec:	4684      	mov	ip, r0
10007aee:	bc01      	pop	{r0}
10007af0:	4760      	bx	ip
10007af2:	bf00      	nop
10007af4:	200004a1 	.word	0x200004a1

10007af8 <__sem_release_veneer>:
10007af8:	b401      	push	{r0}
10007afa:	4802      	ldr	r0, [pc, #8]	@ (10007b04 <__sem_release_veneer+0xc>)
10007afc:	4684      	mov	ip, r0
10007afe:	bc01      	pop	{r0}
10007b00:	4760      	bx	ip
10007b02:	bf00      	nop
10007b04:	20000129 	.word	0x20000129

10007b08 <__recursive_mutex_try_enter_veneer>:
10007b08:	b401      	push	{r0}
10007b0a:	4802      	ldr	r0, [pc, #8]	@ (10007b14 <__recursive_mutex_try_enter_veneer+0xc>)
10007b0c:	4684      	mov	ip, r0
10007b0e:	bc01      	pop	{r0}
10007b10:	4760      	bx	ip
10007b12:	bf00      	nop
10007b14:	20000265 	.word	0x20000265

10007b18 <__recursive_mutex_exit_veneer>:
10007b18:	b401      	push	{r0}
10007b1a:	4802      	ldr	r0, [pc, #8]	@ (10007b24 <__recursive_mutex_exit_veneer+0xc>)
10007b1c:	4684      	mov	ip, r0
10007b1e:	bc01      	pop	{r0}
10007b20:	4760      	bx	ip
10007b22:	bf00      	nop
10007b24:	200002dd 	.word	0x200002dd

10007b28 <__flash_do_cmd_cs_veneer>:
10007b28:	b401      	push	{r0}
10007b2a:	4802      	ldr	r0, [pc, #8]	@ (10007b34 <__flash_do_cmd_cs_veneer+0xc>)
10007b2c:	4684      	mov	ip, r0
10007b2e:	bc01      	pop	{r0}
10007b30:	4760      	bx	ip
10007b32:	bf00      	nop
10007b34:	200003ad 	.word	0x200003ad

10007b38 <__recursive_mutex_enter_blocking_veneer>:
10007b38:	b401      	push	{r0}
10007b3a:	4802      	ldr	r0, [pc, #8]	@ (10007b44 <__recursive_mutex_enter_blocking_veneer+0xc>)
10007b3c:	4684      	mov	ip, r0
10007b3e:	bc01      	pop	{r0}
10007b40:	4760      	bx	ip
10007b42:	bf00      	nop
10007b44:	20000175 	.word	0x20000175

10007b48 <__mutex_exit_veneer>:
10007b48:	b401      	push	{r0}
10007b4a:	4802      	ldr	r0, [pc, #8]	@ (10007b54 <__mutex_exit_veneer+0xc>)
10007b4c:	4684      	mov	ip, r0
10007b4e:	bc01      	pop	{r0}
10007b50:	4760      	bx	ip
10007b52:	bf00      	nop
10007b54:	200002b5 	.word	0x200002b5

10007b58 <____aeabi_idiv0_veneer>:
10007b58:	b401      	push	{r0}
10007b5a:	4802      	ldr	r0, [pc, #8]	@ (10007b64 <____aeabi_idiv0_veneer+0xc>)
10007b5c:	4684      	mov	ip, r0
10007b5e:	bc01      	pop	{r0}
10007b60:	4760      	bx	ip
10007b62:	bf00      	nop
10007b64:	200004a1 	.word	0x200004a1

10007b68 <__mutex_try_enter_block_until_veneer>:
10007b68:	b401      	push	{r0}
10007b6a:	4802      	ldr	r0, [pc, #8]	@ (10007b74 <__mutex_try_enter_block_until_veneer+0xc>)
10007b6c:	4684      	mov	ip, r0
10007b6e:	bc01      	pop	{r0}
10007b70:	4760      	bx	ip
10007b72:	bf00      	nop
10007b74:	200001c9 	.word	0x200001c9

10007b78 <__sem_acquire_block_until_veneer>:
10007b78:	b401      	push	{r0}
10007b7a:	4802      	ldr	r0, [pc, #8]	@ (10007b84 <__sem_acquire_block_until_veneer+0xc>)
10007b7c:	4684      	mov	ip, r0
10007b7e:	bc01      	pop	{r0}
10007b80:	4760      	bx	ip
10007b82:	bf00      	nop
10007b84:	200000c1 	.word	0x200000c1

10007b88 <__pre_init_runtime_init_early_resets>:
10007b88:	10001835                                5...

10007b8c <__pre_init_runtime_init_usb_power_down>:
10007b8c:	10001861 10001a45 10002231 100020c9     a...E...1"... ..
10007b9c:	100021d5                                .!..

10007ba0 <__pre_init_runtime_init_clocks>:
10007ba0:	1000196d                                m...

10007ba4 <__pre_init_runtime_init_post_clock_resets>:
10007ba4:	1000187d                                }...

10007ba8 <__pre_init_runtime_init_rp2040_gpio_ie_disable>:
10007ba8:	1000189d                                ....

10007bac <__pre_init_runtime_init_spin_locks_reset>:
10007bac:	100018b1                                ....

10007bb0 <__pre_init_runtime_init_mutex>:
10007bb0:	10000b71                                q...

10007bb4 <__pre_init_runtime_init_install_ram_vector_table>:
10007bb4:	100018b9                                ....

10007bb8 <__pre_init_runtime_init_default_alarm_pool>:
10007bb8:	10000f1d                                ....

10007bbc <__pre_init_first_per_core_initializer>:
10007bbc:	100017fd                                ....

10007bc0 <__pre_init_runtime_init_per_core_irq_priorities>:
10007bc0:	100005cd                                ....

10007bc4 <__init_array_start>:
10007bc4:	10003d3d 	.word	0x10003d3d

Disassembly of section .data:

200000c0 <sem_acquire_block_until>:
200000c0:	b5f8      	push	{r3, r4, r5, r6, r7, lr}
200000c2:	4647      	mov	r7, r8
200000c4:	46ce      	mov	lr, r9
200000c6:	b580      	push	{r7, lr}
200000c8:	001f      	movs	r7, r3
200000ca:	2300      	movs	r3, #0
200000cc:	0004      	movs	r4, r0
200000ce:	4690      	mov	r8, r2
200000d0:	4699      	mov	r9, r3
200000d2:	e00c      	b.n	200000ee <sem_acquire_block_until+0x2e>
200000d4:	6823      	ldr	r3, [r4, #0]
200000d6:	f3bf 8f5f 	dmb	sy
200000da:	464a      	mov	r2, r9
200000dc:	601a      	str	r2, [r3, #0]
200000de:	f38c 8810 	msr	PRIMASK, ip
200000e2:	4640      	mov	r0, r8
200000e4:	0039      	movs	r1, r7
200000e6:	f000 f9df 	bl	200004a8 <__best_effort_wfe_or_timeout_veneer>
200000ea:	2800      	cmp	r0, #0
200000ec:	d11a      	bne.n	20000124 <sem_acquire_block_until+0x64>
200000ee:	6826      	ldr	r6, [r4, #0]
200000f0:	f3ef 8c10 	mrs	ip, PRIMASK
200000f4:	b672      	cpsid	i
200000f6:	6835      	ldr	r5, [r6, #0]
200000f8:	2d00      	cmp	r5, #0
200000fa:	d0fc      	beq.n	200000f6 <sem_acquire_block_until+0x36>
200000fc:	f3bf 8f5f 	dmb	sy
20000100:	2304      	movs	r3, #4
20000102:	5ee5      	ldrsh	r5, [r4, r3]
20000104:	2d00      	cmp	r5, #0
20000106:	dde5      	ble.n	200000d4 <sem_acquire_block_until+0x14>
20000108:	3d01      	subs	r5, #1
2000010a:	80a5      	strh	r5, [r4, #4]
2000010c:	6823      	ldr	r3, [r4, #0]
2000010e:	f3bf 8f5f 	dmb	sy
20000112:	2200      	movs	r2, #0
20000114:	601a      	str	r2, [r3, #0]
20000116:	f38c 8810 	msr	PRIMASK, ip
2000011a:	2001      	movs	r0, #1
2000011c:	bcc0      	pop	{r6, r7}
2000011e:	46b9      	mov	r9, r7
20000120:	46b0      	mov	r8, r6
20000122:	bdf8      	pop	{r3, r4, r5, r6, r7, pc}
20000124:	2000      	movs	r0, #0
20000126:	e7f9      	b.n	2000011c <sem_acquire_block_until+0x5c>

20000128 <sem_release>:
20000128:	b510      	push	{r4, lr}
2000012a:	6802      	ldr	r2, [r0, #0]
2000012c:	f3ef 8110 	mrs	r1, PRIMASK
20000130:	b672      	cpsid	i
20000132:	6813      	ldr	r3, [r2, #0]
20000134:	2b00      	cmp	r3, #0
20000136:	d0fc      	beq.n	20000132 <sem_release+0xa>
20000138:	f3bf 8f5f 	dmb	sy
2000013c:	2204      	movs	r2, #4
2000013e:	5e83      	ldrsh	r3, [r0, r2]
20000140:	2406      	movs	r4, #6
20000142:	5f02      	ldrsh	r2, [r0, r4]
20000144:	429a      	cmp	r2, r3
20000146:	dd0b      	ble.n	20000160 <sem_release+0x38>
20000148:	3301      	adds	r3, #1
2000014a:	8083      	strh	r3, [r0, #4]
2000014c:	6803      	ldr	r3, [r0, #0]
2000014e:	f3bf 8f5f 	dmb	sy
20000152:	2200      	movs	r2, #0
20000154:	601a      	str	r2, [r3, #0]
20000156:	f381 8810 	msr	PRIMASK, r1
2000015a:	bf40      	sev
2000015c:	2001      	movs	r0, #1
2000015e:	bd10      	pop	{r4, pc}
20000160:	6803      	ldr	r3, [r0, #0]
20000162:	f3bf 8f5f 	dmb	sy
20000166:	2200      	movs	r2, #0
20000168:	601a      	str	r2, [r3, #0]
2000016a:	f381 8810 	msr	PRIMASK, r1
2000016e:	2000      	movs	r0, #0
20000170:	e7f5      	b.n	2000015e <sem_release+0x36>
20000172:	46c0      	nop			@ (mov r8, r8)

20000174 <recursive_mutex_enter_blocking>:
20000174:	23d0      	movs	r3, #208	@ 0xd0
20000176:	b530      	push	{r4, r5, lr}
20000178:	2400      	movs	r4, #0
2000017a:	061b      	lsls	r3, r3, #24
2000017c:	2500      	movs	r5, #0
2000017e:	571c      	ldrsb	r4, [r3, r4]
20000180:	e008      	b.n	20000194 <recursive_mutex_enter_blocking+0x20>
20000182:	2b00      	cmp	r3, #0
20000184:	db13      	blt.n	200001ae <recursive_mutex_enter_blocking+0x3a>
20000186:	6803      	ldr	r3, [r0, #0]
20000188:	f3bf 8f5f 	dmb	sy
2000018c:	601d      	str	r5, [r3, #0]
2000018e:	f381 8810 	msr	PRIMASK, r1
20000192:	bf20      	wfe
20000194:	6802      	ldr	r2, [r0, #0]
20000196:	f3ef 8110 	mrs	r1, PRIMASK
2000019a:	b672      	cpsid	i
2000019c:	6813      	ldr	r3, [r2, #0]
2000019e:	2b00      	cmp	r3, #0
200001a0:	d0fc      	beq.n	2000019c <recursive_mutex_enter_blocking+0x28>
200001a2:	f3bf 8f5f 	dmb	sy
200001a6:	2304      	movs	r3, #4
200001a8:	56c3      	ldrsb	r3, [r0, r3]
200001aa:	42a3      	cmp	r3, r4
200001ac:	d1e9      	bne.n	20000182 <recursive_mutex_enter_blocking+0xe>
200001ae:	7943      	ldrb	r3, [r0, #5]
200001b0:	7104      	strb	r4, [r0, #4]
200001b2:	3301      	adds	r3, #1
200001b4:	7143      	strb	r3, [r0, #5]
200001b6:	6803      	ldr	r3, [r0, #0]
200001b8:	f3bf 8f5f 	dmb	sy
200001bc:	2200      	movs	r2, #0
200001be:	601a      	str	r2, [r3, #0]
200001c0:	f381 8810 	msr	PRIMASK, r1
200001c4:	bd30      	pop	{r4, r5, pc}
200001c6:	46c0      	nop			@ (mov r8, r8)

200001c8 <mutex_try_enter_block_until>:
200001c8:	b5f0      	push	{r4, r5, r6, r7, lr}
200001ca:	46c6      	mov	lr, r8
200001cc:	0015      	movs	r5, r2
200001ce:	b500      	push	{lr}
200001d0:	0004      	movs	r4, r0
200001d2:	001e      	movs	r6, r3
200001d4:	6802      	ldr	r2, [r0, #0]
200001d6:	f3ef 8110 	mrs	r1, PRIMASK
200001da:	b672      	cpsid	i
200001dc:	6813      	ldr	r3, [r2, #0]
200001de:	2b00      	cmp	r3, #0
200001e0:	d0fc      	beq.n	200001dc <mutex_try_enter_block_until+0x14>
200001e2:	f3bf 8f5f 	dmb	sy
200001e6:	2304      	movs	r3, #4
200001e8:	56e3      	ldrsb	r3, [r4, r3]
200001ea:	2b00      	cmp	r3, #0
200001ec:	db2d      	blt.n	2000024a <mutex_try_enter_block_until+0x82>
200001ee:	6822      	ldr	r2, [r4, #0]
200001f0:	f3bf 8f5f 	dmb	sy
200001f4:	2000      	movs	r0, #0
200001f6:	6010      	str	r0, [r2, #0]
200001f8:	f381 8810 	msr	PRIMASK, r1
200001fc:	22d0      	movs	r2, #208	@ 0xd0
200001fe:	0612      	lsls	r2, r2, #24
20000200:	7812      	ldrb	r2, [r2, #0]
20000202:	b252      	sxtb	r2, r2
20000204:	4690      	mov	r8, r2
20000206:	429a      	cmp	r2, r3
20000208:	d103      	bne.n	20000212 <mutex_try_enter_block_until+0x4a>
2000020a:	2000      	movs	r0, #0
2000020c:	bc80      	pop	{r7}
2000020e:	46b8      	mov	r8, r7
20000210:	bdf0      	pop	{r4, r5, r6, r7, pc}
20000212:	2700      	movs	r7, #0
20000214:	e00b      	b.n	2000022e <mutex_try_enter_block_until+0x66>
20000216:	6823      	ldr	r3, [r4, #0]
20000218:	f3bf 8f5f 	dmb	sy
2000021c:	601f      	str	r7, [r3, #0]
2000021e:	f381 8810 	msr	PRIMASK, r1
20000222:	0028      	movs	r0, r5
20000224:	0031      	movs	r1, r6
20000226:	f000 f93f 	bl	200004a8 <__best_effort_wfe_or_timeout_veneer>
2000022a:	2800      	cmp	r0, #0
2000022c:	d1ed      	bne.n	2000020a <mutex_try_enter_block_until+0x42>
2000022e:	6822      	ldr	r2, [r4, #0]
20000230:	f3ef 8110 	mrs	r1, PRIMASK
20000234:	b672      	cpsid	i
20000236:	6813      	ldr	r3, [r2, #0]
20000238:	2b00      	cmp	r3, #0
2000023a:	d0fc      	beq.n	20000236 <mutex_try_enter_block_until+0x6e>
2000023c:	f3bf 8f5f 	dmb	sy
20000240:	7923      	ldrb	r3, [r4, #4]
20000242:	2b7f      	cmp	r3, #127	@ 0x7f
20000244:	d9e7      	bls.n	20000216 <mutex_try_enter_block_until+0x4e>
20000246:	4643      	mov	r3, r8
20000248:	e002      	b.n	20000250 <mutex_try_enter_block_until+0x88>
2000024a:	23d0      	movs	r3, #208	@ 0xd0
2000024c:	061b      	lsls	r3, r3, #24
2000024e:	681b      	ldr	r3, [r3, #0]
20000250:	7123      	strb	r3, [r4, #4]
20000252:	6823      	ldr	r3, [r4, #0]
20000254:	f3bf 8f5f 	dmb	sy
20000258:	2200      	movs	r2, #0
2000025a:	601a      	str	r2, [r3, #0]
2000025c:	f381 8810 	msr	PRIMASK, r1
20000260:	2001      	movs	r0, #1
20000262:	e7d3      	b.n	2000020c <mutex_try_enter_block_until+0x44>

20000264 <recursive_mutex_try_enter>:
20000264:	22d0      	movs	r2, #208	@ 0xd0
20000266:	0003      	movs	r3, r0
20000268:	2000      	movs	r0, #0
2000026a:	0612      	lsls	r2, r2, #24
2000026c:	b510      	push	{r4, lr}
2000026e:	5610      	ldrsb	r0, [r2, r0]
20000270:	681c      	ldr	r4, [r3, #0]
20000272:	f3ef 8c10 	mrs	ip, PRIMASK
20000276:	b672      	cpsid	i
20000278:	6822      	ldr	r2, [r4, #0]
2000027a:	2a00      	cmp	r2, #0
2000027c:	d0fc      	beq.n	20000278 <recursive_mutex_try_enter+0x14>
2000027e:	f3bf 8f5f 	dmb	sy
20000282:	2204      	movs	r2, #4
20000284:	569a      	ldrsb	r2, [r3, r2]
20000286:	2a00      	cmp	r2, #0
20000288:	db06      	blt.n	20000298 <recursive_mutex_try_enter+0x34>
2000028a:	4282      	cmp	r2, r0
2000028c:	d004      	beq.n	20000298 <recursive_mutex_try_enter+0x34>
2000028e:	2900      	cmp	r1, #0
20000290:	d000      	beq.n	20000294 <recursive_mutex_try_enter+0x30>
20000292:	600a      	str	r2, [r1, #0]
20000294:	2000      	movs	r0, #0
20000296:	e004      	b.n	200002a2 <recursive_mutex_try_enter+0x3e>
20000298:	7118      	strb	r0, [r3, #4]
2000029a:	2001      	movs	r0, #1
2000029c:	795a      	ldrb	r2, [r3, #5]
2000029e:	3201      	adds	r2, #1
200002a0:	715a      	strb	r2, [r3, #5]
200002a2:	681b      	ldr	r3, [r3, #0]
200002a4:	f3bf 8f5f 	dmb	sy
200002a8:	2200      	movs	r2, #0
200002aa:	601a      	str	r2, [r3, #0]
200002ac:	f38c 8810 	msr	PRIMASK, ip
200002b0:	bd10      	pop	{r4, pc}
200002b2:	46c0      	nop			@ (mov r8, r8)

200002b4 <mutex_exit>:
200002b4:	6802      	ldr	r2, [r0, #0]
200002b6:	f3ef 8110 	mrs	r1, PRIMASK
200002ba:	b672      	cpsid	i
200002bc:	6813      	ldr	r3, [r2, #0]
200002be:	2b00      	cmp	r3, #0
200002c0:	d0fc      	beq.n	200002bc <mutex_exit+0x8>
200002c2:	f3bf 8f5f 	dmb	sy
200002c6:	23ff      	movs	r3, #255	@ 0xff
200002c8:	7103      	strb	r3, [r0, #4]
200002ca:	6803      	ldr	r3, [r0, #0]
200002cc:	f3bf 8f5f 	dmb	sy
200002d0:	2200      	movs	r2, #0
200002d2:	601a      	str	r2, [r3, #0]
200002d4:	f381 8810 	msr	PRIMASK, r1
200002d8:	bf40      	sev
200002da:	4770      	bx	lr

200002dc <recursive_mutex_exit>:
200002dc:	6802      	ldr	r2, [r0, #0]
200002de:	f3ef 8110 	mrs	r1, PRIMASK
200002e2:	b672      	cpsid	i
200002e4:	6813      	ldr	r3, [r2, #0]
200002e6:	2b00      	cmp	r3, #0
200002e8:	d0fc      	beq.n	200002e4 <recursive_mutex_exit+0x8>
200002ea:	f3bf 8f5f 	dmb	sy
200002ee:	7943      	ldrb	r3, [r0, #5]
200002f0:	3b01      	subs	r3, #1
200002f2:	b2db      	uxtb	r3, r3
200002f4:	7143      	strb	r3, [r0, #5]
200002f6:	2b00      	cmp	r3, #0
200002f8:	d109      	bne.n	2000030e <recursive_mutex_exit+0x32>
200002fa:	22ff      	movs	r2, #255	@ 0xff
200002fc:	7102      	strb	r2, [r0, #4]
200002fe:	6802      	ldr	r2, [r0, #0]
20000300:	f3bf 8f5f 	dmb	sy
20000304:	6013      	str	r3, [r2, #0]
20000306:	f381 8810 	msr	PRIMASK, r1
2000030a:	bf40      	sev
2000030c:	4770      	bx	lr
2000030e:	6803      	ldr	r3, [r0, #0]
20000310:	f3bf 8f5f 	dmb	sy
20000314:	2200      	movs	r2, #0
20000316:	601a      	str	r2, [r3, #0]
20000318:	f381 8810 	msr	PRIMASK, r1
2000031c:	e7f6      	b.n	2000030c <recursive_mutex_exit+0x30>
2000031e:	46c0      	nop			@ (mov r8, r8)

20000320 <flash_init_boot2_copyout>:
20000320:	b510      	push	{r4, lr}
20000322:	4c08      	ldr	r4, [pc, #32]	@ (20000344 <flash_init_boot2_copyout+0x24>)
20000324:	7823      	ldrb	r3, [r4, #0]
20000326:	2b00      	cmp	r3, #0
20000328:	d10a      	bne.n	20000340 <flash_init_boot2_copyout+0x20>
2000032a:	2380      	movs	r3, #128	@ 0x80
2000032c:	4806      	ldr	r0, [pc, #24]	@ (20000348 <flash_init_boot2_copyout+0x28>)
2000032e:	4907      	ldr	r1, [pc, #28]	@ (2000034c <flash_init_boot2_copyout+0x2c>)
20000330:	055b      	lsls	r3, r3, #21
20000332:	681a      	ldr	r2, [r3, #0]
20000334:	50c2      	str	r2, [r0, r3]
20000336:	3304      	adds	r3, #4
20000338:	428b      	cmp	r3, r1
2000033a:	d1fa      	bne.n	20000332 <flash_init_boot2_copyout+0x12>
2000033c:	2301      	movs	r3, #1
2000033e:	7023      	strb	r3, [r4, #0]
20000340:	bd10      	pop	{r4, pc}
20000342:	46c0      	nop			@ (mov r8, r8)
20000344:	200013b8 	.word	0x200013b8
20000348:	1000085c 	.word	0x1000085c
2000034c:	10000100 	.word	0x10000100

20000350 <flash_enable_xip_via_boot2>:
20000350:	b510      	push	{r4, lr}
20000352:	4b01      	ldr	r3, [pc, #4]	@ (20000358 <flash_enable_xip_via_boot2+0x8>)
20000354:	4798      	blx	r3
20000356:	bd10      	pop	{r4, pc}
20000358:	2000085d 	.word	0x2000085d

2000035c <flash_save_hardware_state>:
2000035c:	4b08      	ldr	r3, [pc, #32]	@ (20000380 <flash_save_hardware_state+0x24>)
2000035e:	685a      	ldr	r2, [r3, #4]
20000360:	6042      	str	r2, [r0, #4]
20000362:	689a      	ldr	r2, [r3, #8]
20000364:	6082      	str	r2, [r0, #8]
20000366:	68da      	ldr	r2, [r3, #12]
20000368:	60c2      	str	r2, [r0, #12]
2000036a:	691a      	ldr	r2, [r3, #16]
2000036c:	6102      	str	r2, [r0, #16]
2000036e:	695a      	ldr	r2, [r3, #20]
20000370:	6142      	str	r2, [r0, #20]
20000372:	699b      	ldr	r3, [r3, #24]
20000374:	6183      	str	r3, [r0, #24]
20000376:	23a0      	movs	r3, #160	@ 0xa0
20000378:	055b      	lsls	r3, r3, #21
2000037a:	681b      	ldr	r3, [r3, #0]
2000037c:	6003      	str	r3, [r0, #0]
2000037e:	4770      	bx	lr
20000380:	40020000 	.word	0x40020000

20000384 <flash_restore_hardware_state>:
20000384:	6842      	ldr	r2, [r0, #4]
20000386:	4b08      	ldr	r3, [pc, #32]	@ (200003a8 <flash_restore_hardware_state+0x24>)
20000388:	605a      	str	r2, [r3, #4]
2000038a:	6882      	ldr	r2, [r0, #8]
2000038c:	609a      	str	r2, [r3, #8]
2000038e:	68c2      	ldr	r2, [r0, #12]
20000390:	60da      	str	r2, [r3, #12]
20000392:	6902      	ldr	r2, [r0, #16]
20000394:	611a      	str	r2, [r3, #16]
20000396:	6942      	ldr	r2, [r0, #20]
20000398:	615a      	str	r2, [r3, #20]
2000039a:	6982      	ldr	r2, [r0, #24]
2000039c:	619a      	str	r2, [r3, #24]
2000039e:	23a0      	movs	r3, #160	@ 0xa0
200003a0:	6802      	ldr	r2, [r0, #0]
200003a2:	055b      	lsls	r3, r3, #21
200003a4:	601a      	str	r2, [r3, #0]
200003a6:	4770      	bx	lr
200003a8:	40020000 	.word	0x40020000

200003ac <flash_do_cmd_cs>:
200003ac:	2314      	movs	r3, #20
200003ae:	b5f0      	push	{r4, r5, r6, r7, lr}
200003b0:	46d6      	mov	lr, sl
200003b2:	464f      	mov	r7, r9
200003b4:	4646      	mov	r6, r8
200003b6:	469a      	mov	sl, r3
200003b8:	b5c0      	push	{r6, r7, lr}
200003ba:	4681      	mov	r9, r0
200003bc:	8818      	ldrh	r0, [r3, #0]
200003be:	3304      	adds	r3, #4
200003c0:	b088      	sub	sp, #32
200003c2:	4698      	mov	r8, r3
200003c4:	000e      	movs	r6, r1
200003c6:	881b      	ldrh	r3, [r3, #0]
200003c8:	4930      	ldr	r1, [pc, #192]	@ (2000048c <flash_do_cmd_cs+0xe0>)
200003ca:	0014      	movs	r4, r2
200003cc:	4798      	blx	r3
200003ce:	4653      	mov	r3, sl
200003d0:	0007      	movs	r7, r0
200003d2:	8818      	ldrh	r0, [r3, #0]
200003d4:	4643      	mov	r3, r8
200003d6:	492e      	ldr	r1, [pc, #184]	@ (20000490 <flash_do_cmd_cs+0xe4>)
200003d8:	881b      	ldrh	r3, [r3, #0]
200003da:	4798      	blx	r3
200003dc:	4653      	mov	r3, sl
200003de:	0005      	movs	r5, r0
200003e0:	8818      	ldrh	r0, [r3, #0]
200003e2:	4643      	mov	r3, r8
200003e4:	492b      	ldr	r1, [pc, #172]	@ (20000494 <flash_do_cmd_cs+0xe8>)
200003e6:	881b      	ldrh	r3, [r3, #0]
200003e8:	4798      	blx	r3
200003ea:	4680      	mov	r8, r0
200003ec:	f7ff ff98 	bl	20000320 <flash_init_boot2_copyout>
200003f0:	a801      	add	r0, sp, #4
200003f2:	f7ff ffb3 	bl	2000035c <flash_save_hardware_state>
200003f6:	47b8      	blx	r7
200003f8:	47a8      	blx	r5
200003fa:	4b27      	ldr	r3, [pc, #156]	@ (20000498 <flash_do_cmd_cs+0xec>)
200003fc:	681a      	ldr	r2, [r3, #0]
200003fe:	2380      	movs	r3, #128	@ 0x80
20000400:	009b      	lsls	r3, r3, #2
20000402:	4053      	eors	r3, r2
20000404:	22c0      	movs	r2, #192	@ 0xc0
20000406:	0092      	lsls	r2, r2, #2
20000408:	4013      	ands	r3, r2
2000040a:	4a24      	ldr	r2, [pc, #144]	@ (2000049c <flash_do_cmd_cs+0xf0>)
2000040c:	6013      	str	r3, [r2, #0]
2000040e:	1e22      	subs	r2, r4, #0
20000410:	d020      	beq.n	20000454 <flash_do_cmd_cs+0xa8>
20000412:	21c0      	movs	r1, #192	@ 0xc0
20000414:	2708      	movs	r7, #8
20000416:	2002      	movs	r0, #2
20000418:	0549      	lsls	r1, r1, #21
2000041a:	e011      	b.n	20000440 <flash_do_cmd_cs+0x94>
2000041c:	2c00      	cmp	r4, #0
2000041e:	d014      	beq.n	2000044a <flash_do_cmd_cs+0x9e>
20000420:	1b13      	subs	r3, r2, r4
20000422:	2b0d      	cmp	r3, #13
20000424:	d929      	bls.n	2000047a <flash_do_cmd_cs+0xce>
20000426:	2d00      	cmp	r5, #0
20000428:	d00a      	beq.n	20000440 <flash_do_cmd_cs+0x94>
2000042a:	0023      	movs	r3, r4
2000042c:	2a00      	cmp	r2, #0
2000042e:	d005      	beq.n	2000043c <flash_do_cmd_cs+0x90>
20000430:	6e0b      	ldr	r3, [r1, #96]	@ 0x60
20000432:	3a01      	subs	r2, #1
20000434:	7033      	strb	r3, [r6, #0]
20000436:	0013      	movs	r3, r2
20000438:	3601      	adds	r6, #1
2000043a:	4323      	orrs	r3, r4
2000043c:	2b00      	cmp	r3, #0
2000043e:	d009      	beq.n	20000454 <flash_do_cmd_cs+0xa8>
20000440:	003d      	movs	r5, r7
20000442:	6a8b      	ldr	r3, [r1, #40]	@ 0x28
20000444:	401d      	ands	r5, r3
20000446:	4218      	tst	r0, r3
20000448:	d1e8      	bne.n	2000041c <flash_do_cmd_cs+0x70>
2000044a:	2d00      	cmp	r5, #0
2000044c:	d1ed      	bne.n	2000042a <flash_do_cmd_cs+0x7e>
2000044e:	0023      	movs	r3, r4
20000450:	4313      	orrs	r3, r2
20000452:	d1f5      	bne.n	20000440 <flash_do_cmd_cs+0x94>
20000454:	4b10      	ldr	r3, [pc, #64]	@ (20000498 <flash_do_cmd_cs+0xec>)
20000456:	681a      	ldr	r2, [r3, #0]
20000458:	23c0      	movs	r3, #192	@ 0xc0
2000045a:	009b      	lsls	r3, r3, #2
2000045c:	4393      	bics	r3, r2
2000045e:	4a0f      	ldr	r2, [pc, #60]	@ (2000049c <flash_do_cmd_cs+0xf0>)
20000460:	6013      	str	r3, [r2, #0]
20000462:	47c0      	blx	r8
20000464:	f7ff ff74 	bl	20000350 <flash_enable_xip_via_boot2>
20000468:	a801      	add	r0, sp, #4
2000046a:	f7ff ff8b 	bl	20000384 <flash_restore_hardware_state>
2000046e:	b008      	add	sp, #32
20000470:	bce0      	pop	{r5, r6, r7}
20000472:	46ba      	mov	sl, r7
20000474:	46b1      	mov	r9, r6
20000476:	46a8      	mov	r8, r5
20000478:	bdf0      	pop	{r4, r5, r6, r7, pc}
2000047a:	464b      	mov	r3, r9
2000047c:	781b      	ldrb	r3, [r3, #0]
2000047e:	3c01      	subs	r4, #1
20000480:	660b      	str	r3, [r1, #96]	@ 0x60
20000482:	2301      	movs	r3, #1
20000484:	469c      	mov	ip, r3
20000486:	44e1      	add	r9, ip
20000488:	e7df      	b.n	2000044a <flash_do_cmd_cs+0x9e>
2000048a:	46c0      	nop			@ (mov r8, r8)
2000048c:	00004649 	.word	0x00004649
20000490:	00005845 	.word	0x00005845
20000494:	00004346 	.word	0x00004346
20000498:	4001800c 	.word	0x4001800c
2000049c:	4001900c 	.word	0x4001900c

200004a0 <__aeabi_idiv0>:
200004a0:	4770      	bx	lr
200004a2:	46c0      	nop			@ (mov r8, r8)
200004a4:	0000      	movs	r0, r0
	...

200004a8 <__best_effort_wfe_or_timeout_veneer>:
200004a8:	b401      	push	{r0}
200004aa:	4802      	ldr	r0, [pc, #8]	@ (200004b4 <__best_effort_wfe_or_timeout_veneer+0xc>)
200004ac:	4684      	mov	ip, r0
200004ae:	bc01      	pop	{r0}
200004b0:	4760      	bx	ip
200004b2:	bf00      	nop
200004b4:	1000135d 	.word	0x1000135d

200004b8 <striped_spin_lock_num>:
200004b8:	00000010                                ....

200004bc <irq_handler_chain_slots>:
200004bc:	00000000 	.word	0x00000000
200004c0:	00010000 	.word	0x00010000
	...
200004cc:	00020000 	.word	0x00020000
	...
200004d8:	00030000 	.word	0x00030000
	...
200004e4:	00ff0000 	.word	0x00ff0000
200004e8:	00000000 	.word	0x00000000

200004ec <irq_handler_chain_first_slot>:
200004ec:	b501      	push	{r0, lr}
200004ee:	6848      	ldr	r0, [r1, #4]
200004f0:	3101      	adds	r1, #1
200004f2:	468e      	mov	lr, r1
200004f4:	4700      	bx	r0

200004f6 <irq_handler_chain_remove_tail>:
200004f6:	4670      	mov	r0, lr
200004f8:	3809      	subs	r0, #9
200004fa:	4901      	ldr	r1, [pc, #4]	@ (20000500 <irq_handler_chain_remove_tail+0xa>)
200004fc:	4788      	blx	r1
200004fe:	bd01      	pop	{r0, pc}
20000500:	10000a4d 	.word	0x10000a4d

20000504 <default_alarm_pool>:
	...
20000518:	200005b8 00000000                       ... ....

20000520 <aeabi_bits_funcs>:
20000520:	00003350 	.word	0x00003350
20000524:	0000334c 	.word	0x0000334c
20000528:	00003354 	.word	0x00003354
2000052c:	00003352 	.word	0x00003352

20000530 <aeabi_bits_funcs_end>:
20000530:	0000534d 	.word	0x0000534d
20000534:	0000434d 	.word	0x0000434d
20000538:	00003453 	.word	0x00003453
2000053c:	00003443 	.word	0x00003443

20000540 <cyw43_poll_worker>:
20000540:	00000000 100071f1 00000000 00000000     .....q..........

20000550 <sleep_timeout_worker>:
20000550:	00000000 10007159 00000000 00000000     ....Yq..........
	...

20000568 <print_mutex>:
	...
