
/home/whiteb11/embedded-machine-monitor/blink/build/blink.elf:     file format elf32-littlearm

Sections:
Idx Name          Size      VMA       LMA       File off  Algn
  0 .boot2        00000100  10000000  10000000  00001000  2**0
                  CONTENTS, ALLOC, LOAD, READONLY, CODE
  1 .text         00007ab0  10000100  10000100  00001100  2**3
                  CONTENTS, ALLOC, LOAD, READONLY, CODE
  2 .rodata       00037c88  10007bb0  10007bb0  00008bb0  2**3
                  CONTENTS, ALLOC, LOAD, READONLY, DATA
  3 .binary_info  0000001c  1003f838  1003f838  00040838  2**2
                  CONTENTS, ALLOC, LOAD, READONLY, DATA
  4 .xip_ram      00000000  15000000  15000000  00041570  2**0
                  CONTENTS
  5 .ram_vector_table 000000c0  20000000  20000000  00042000  2**2
                  ALLOC
  6 .uninitialized_data 00000000  200000c0  200000c0  00041570  2**0
                  CONTENTS
  7 .data         000004b0  200000c0  1003f854  000410c0  2**4
                  CONTENTS, ALLOC, LOAD, READONLY, CODE
  8 .tdata        00000000  20000570  20000570  00041570  2**0
                  CONTENTS, ALLOC, LOAD, DATA, THREAD_LOCAL
  9 .tbss         00000000  20000570  20000570  00000000  2**0
                  ALLOC, THREAD_LOCAL
 10 .tbss_space   00000000  20000570  20000570  00041570  2**0
                  CONTENTS
 11 .bss          00000e4c  20000570  1003fd04  00041570  2**3
                  ALLOC
 12 .tls0         00000000  200013bc  200013bc  00041570  2**0
                  CONTENTS
 13 .tls1         00000000  200013bc  200013bc  00041570  2**0
                  CONTENTS
 14 .persistent_data 00000000  200013bc  200013bc  00041570  2**0
                  CONTENTS
 15 .dummy_pre_heap 00000000  200013bc  200013bc  00041570  2**0
                  CONTENTS
 16 .heap         00000800  200013bc  200013bc  00042000  2**2
                  ALLOC, READONLY
 17 .scratch_x    00000000  20040000  20040000  00041570  2**0
                  CONTENTS
 18 .scratch_y    00000000  20041000  20041000  00041570  2**0
                  CONTENTS
 19 .stack_dummy  00000800  20041000  20041000  00042000  2**5
                  ALLOC, READONLY
 20 .debug_info   00040310  00000000  00000000  00041570  2**0
                  CONTENTS, READONLY, DEBUGGING, OCTETS
 21 .debug_abbrev 0000825b  00000000  00000000  00081880  2**0
                  CONTENTS, READONLY, DEBUGGING, OCTETS
 22 .debug_aranges 000015e8  00000000  00000000  00089ae0  2**3
                  CONTENTS, READONLY, DEBUGGING, OCTETS
 23 .debug_rnglists 00005718  00000000  00000000  0008b0c8  2**0
                  CONTENTS, READONLY, DEBUGGING, OCTETS
 24 .debug_line   000245d8  00000000  00000000  000907e0  2**0
                  CONTENTS, READONLY, DEBUGGING, OCTETS
 25 .debug_str    0000854b  00000000  00000000  000b4db8  2**0
                  CONTENTS, READONLY, DEBUGGING, OCTETS
 26 .comment      00000026  00000000  00000000  000bd303  2**0
                  CONTENTS, READONLY
 27 .ARM.attributes 0000002a  00000000  00000000  000bd329  2**0
                  CONTENTS, READONLY
 28 .debug_frame  000033b0  00000000  00000000  000bd354  2**2
                  CONTENTS, READONLY, DEBUGGING, OCTETS
 29 .debug_loclists 00021762  00000000  00000000  000c0704  2**0
                  CONTENTS, READONLY, DEBUGGING, OCTETS
 30 .debug_line_str 000002cb  00000000  00000000  000e1e66  2**0
                  CONTENTS, READONLY, DEBUGGING, OCTETS

/home/whiteb11/embedded-machine-monitor/blink/build/blink.elf:     file format elf32-littlearm


Disassembly of section .boot2:

10000000 <__boot2_start__>:
10000000:	4b32b500 	.word	0x4b32b500
10000004:	60582021 	.word	0x60582021
10000008:	21026898 	.word	0x21026898
1000000c:	60984388 	.word	0x60984388
10000010:	611860d8 	.word	0x611860d8
10000014:	4b2e6158 	.word	0x4b2e6158
10000018:	60992100 	.word	0x60992100
1000001c:	61592102 	.word	0x61592102
10000020:	22f02101 	.word	0x22f02101
10000024:	492b5099 	.word	0x492b5099
10000028:	21016019 	.word	0x21016019
1000002c:	20356099 	.word	0x20356099
10000030:	f844f000 	.word	0xf844f000
10000034:	42902202 	.word	0x42902202
10000038:	2106d014 	.word	0x2106d014
1000003c:	f0006619 	.word	0xf0006619
10000040:	6e19f834 	.word	0x6e19f834
10000044:	66192101 	.word	0x66192101
10000048:	66182000 	.word	0x66182000
1000004c:	f000661a 	.word	0xf000661a
10000050:	6e19f82c 	.word	0x6e19f82c
10000054:	6e196e19 	.word	0x6e196e19
10000058:	f0002005 	.word	0xf0002005
1000005c:	2101f82f 	.word	0x2101f82f
10000060:	d1f94208 	.word	0xd1f94208
10000064:	60992100 	.word	0x60992100
10000068:	6019491b 	.word	0x6019491b
1000006c:	60592100 	.word	0x60592100
10000070:	481b491a 	.word	0x481b491a
10000074:	21016001 	.word	0x21016001
10000078:	21eb6099 	.word	0x21eb6099
1000007c:	21a06619 	.word	0x21a06619
10000080:	f0006619 	.word	0xf0006619
10000084:	2100f812 	.word	0x2100f812
10000088:	49166099 	.word	0x49166099
1000008c:	60014814 	.word	0x60014814
10000090:	60992101 	.word	0x60992101
10000094:	2800bc01 	.word	0x2800bc01
10000098:	4700d000 	.word	0x4700d000
1000009c:	49134812 	.word	0x49134812
100000a0:	c8036008 	.word	0xc8036008
100000a4:	8808f380 	.word	0x8808f380
100000a8:	b5034708 	.word	0xb5034708
100000ac:	20046a99 	.word	0x20046a99
100000b0:	d0fb4201 	.word	0xd0fb4201
100000b4:	42012001 	.word	0x42012001
100000b8:	bd03d1f8 	.word	0xbd03d1f8
100000bc:	6618b502 	.word	0x6618b502
100000c0:	f7ff6618 	.word	0xf7ff6618
100000c4:	6e18fff2 	.word	0x6e18fff2
100000c8:	bd026e18 	.word	0xbd026e18
100000cc:	40020000 	.word	0x40020000
100000d0:	18000000 	.word	0x18000000
100000d4:	00070000 	.word	0x00070000
100000d8:	005f0300 	.word	0x005f0300
100000dc:	00002221 	.word	0x00002221
100000e0:	180000f4 	.word	0x180000f4
100000e4:	a0002022 	.word	0xa0002022
100000e8:	10000100 	.word	0x10000100
100000ec:	e000ed08 	.word	0xe000ed08
	...
100000fc:	7a4eb274 	.word	0x7a4eb274

Disassembly of section .text:

10000100 <__VECTOR_TABLE>:
10000100:	20042000 	.word	0x20042000
10000104:	100001f7 	.word	0x100001f7
10000108:	100001cb 	.word	0x100001cb
1000010c:	100001cd 	.word	0x100001cd
10000110:	100001c9 	.word	0x100001c9
10000114:	100001c9 	.word	0x100001c9
10000118:	100001c9 	.word	0x100001c9
1000011c:	100001c9 	.word	0x100001c9
10000120:	100001c9 	.word	0x100001c9
10000124:	100001c9 	.word	0x100001c9
10000128:	100001c9 	.word	0x100001c9
1000012c:	100001cf 	.word	0x100001cf
10000130:	100001c9 	.word	0x100001c9
10000134:	100001c9 	.word	0x100001c9
10000138:	100001d1 	.word	0x100001d1
1000013c:	100001d3 	.word	0x100001d3
10000140:	100001c1 	.word	0x100001c1
10000144:	100001c1 	.word	0x100001c1
10000148:	100001c1 	.word	0x100001c1
1000014c:	100001c1 	.word	0x100001c1
10000150:	100001c1 	.word	0x100001c1
10000154:	100001c1 	.word	0x100001c1
10000158:	100001c1 	.word	0x100001c1
1000015c:	100001c1 	.word	0x100001c1
10000160:	100001c1 	.word	0x100001c1
10000164:	100001c1 	.word	0x100001c1
10000168:	100001c1 	.word	0x100001c1
1000016c:	100001c1 	.word	0x100001c1
10000170:	100001c1 	.word	0x100001c1
10000174:	100001c1 	.word	0x100001c1
10000178:	100001c1 	.word	0x100001c1
1000017c:	100001c1 	.word	0x100001c1
10000180:	100001c1 	.word	0x100001c1
10000184:	100001c1 	.word	0x100001c1
10000188:	100001c1 	.word	0x100001c1
1000018c:	100001c1 	.word	0x100001c1
10000190:	100001c1 	.word	0x100001c1
10000194:	100001c1 	.word	0x100001c1
10000198:	100001c1 	.word	0x100001c1
1000019c:	100001c1 	.word	0x100001c1
100001a0:	100001c1 	.word	0x100001c1
100001a4:	100001c1 	.word	0x100001c1
100001a8:	100001c1 	.word	0x100001c1
100001ac:	100001c1 	.word	0x100001c1
100001b0:	100001c1 	.word	0x100001c1
100001b4:	100001c1 	.word	0x100001c1
100001b8:	100001c1 	.word	0x100001c1
100001bc:	100001c1 	.word	0x100001c1

100001c0 <__unhandled_user_irq>:
100001c0:	f3ef 8005 	mrs	r0, IPSR
100001c4:	3810      	subs	r0, #16

100001c6 <unhandled_user_irq_num_in_r0>:
100001c6:	be00      	bkpt	0x0000

100001c8 <isr_invalid>:
100001c8:	be00      	bkpt	0x0000

100001ca <isr_nmi>:
100001ca:	be00      	bkpt	0x0000

100001cc <isr_hardfault>:
100001cc:	be00      	bkpt	0x0000

100001ce <isr_svcall>:
100001ce:	be00      	bkpt	0x0000

100001d0 <isr_pendsv>:
100001d0:	be00      	bkpt	0x0000

100001d2 <isr_systick>:
100001d2:	be00      	bkpt	0x0000

100001d4 <__default_isrs_end>:
100001d4:	7188ebf2 	.word	0x7188ebf2
100001d8:	1003f838 	.word	0x1003f838
100001dc:	1003f854 	.word	0x1003f854
100001e0:	10000238 	.word	0x10000238
100001e4:	e71aa390 	.word	0xe71aa390

100001e8 <_entry_point>:
100001e8:	2000      	movs	r0, #0

100001ea <_enter_vtable_in_r0>:
100001ea:	491e      	ldr	r1, [pc, #120]	@ (10000264 <data_cpy_table+0x2c>)
100001ec:	6008      	str	r0, [r1, #0]
100001ee:	c806      	ldmia	r0!, {r1, r2}
100001f0:	f381 8808 	msr	MSP, r1
100001f4:	4710      	bx	r2

100001f6 <_reset_handler>:
100001f6:	481c      	ldr	r0, [pc, #112]	@ (10000268 <data_cpy_table+0x30>)
100001f8:	6800      	ldr	r0, [r0, #0]
100001fa:	2800      	cmp	r0, #0
100001fc:	d001      	beq.n	10000202 <hold_non_core0_in_bootrom+0x4>

100001fe <hold_non_core0_in_bootrom>:
100001fe:	2000      	movs	r0, #0
10000200:	e7f3      	b.n	100001ea <_enter_vtable_in_r0>
10000202:	a40d      	add	r4, pc, #52	@ (adr r4, 10000238 <data_cpy_table>)
10000204:	cc0e      	ldmia	r4!, {r1, r2, r3}
10000206:	2900      	cmp	r1, #0
10000208:	d002      	beq.n	10000210 <hold_non_core0_in_bootrom+0x12>
1000020a:	f000 f812 	bl	10000232 <data_cpy>
1000020e:	e7f9      	b.n	10000204 <hold_non_core0_in_bootrom+0x6>
10000210:	4916      	ldr	r1, [pc, #88]	@ (1000026c <data_cpy_table+0x34>)
10000212:	4a17      	ldr	r2, [pc, #92]	@ (10000270 <data_cpy_table+0x38>)
10000214:	2000      	movs	r0, #0
10000216:	e000      	b.n	1000021a <bss_fill_test>

10000218 <bss_fill_loop>:
10000218:	c101      	stmia	r1!, {r0}

1000021a <bss_fill_test>:
1000021a:	4291      	cmp	r1, r2
1000021c:	d1fc      	bne.n	10000218 <bss_fill_loop>

1000021e <platform_entry>:
1000021e:	4915      	ldr	r1, [pc, #84]	@ (10000274 <data_cpy_table+0x3c>)
10000220:	4788      	blx	r1
10000222:	4915      	ldr	r1, [pc, #84]	@ (10000278 <data_cpy_table+0x40>)
10000224:	4788      	blx	r1
10000226:	4915      	ldr	r1, [pc, #84]	@ (1000027c <data_cpy_table+0x44>)
10000228:	4788      	blx	r1
1000022a:	be00      	bkpt	0x0000
1000022c:	e7fd      	b.n	1000022a <platform_entry+0xc>

1000022e <data_cpy_loop>:
1000022e:	c901      	ldmia	r1!, {r0}
10000230:	c201      	stmia	r2!, {r0}

10000232 <data_cpy>:
10000232:	429a      	cmp	r2, r3
10000234:	d3fb      	bcc.n	1000022e <data_cpy_loop>

10000236 <data_cpy_done>:
10000236:	4770      	bx	lr

10000238 <data_cpy_table>:
10000238:	1003f854 	.word	0x1003f854
1000023c:	200000c0 	.word	0x200000c0
10000240:	20000570 	.word	0x20000570
10000244:	1003fd04 	.word	0x1003fd04
10000248:	20040000 	.word	0x20040000
1000024c:	20040000 	.word	0x20040000
10000250:	1003fd04 	.word	0x1003fd04
10000254:	20041000 	.word	0x20041000
10000258:	20041000 	.word	0x20041000
1000025c:	00000000 	.word	0x00000000
10000260:	4770      	bx	lr
10000262:	0000      	.short	0x0000
10000264:	e000ed08 	.word	0xe000ed08
10000268:	d0000000 	.word	0xd0000000
1000026c:	20000570 	.word	0x20000570
10000270:	200013bc 	.word	0x200013bc
10000274:	10003885 	.word	0x10003885
10000278:	10000281 	.word	0x10000281
1000027c:	1000387d 	.word	0x1000387d

10000280 <main>:
10000280:	b510      	push	{r4, lr}
10000282:	f003 fd1d 	bl	10003cc0 <cyw43_arch_init>
10000286:	2800      	cmp	r0, #0
10000288:	d110      	bne.n	100002ac <main+0x2c>
1000028a:	2101      	movs	r1, #1
1000028c:	2000      	movs	r0, #0
1000028e:	f003 fd07 	bl	10003ca0 <cyw43_arch_gpio_put>
10000292:	20fa      	movs	r0, #250	@ 0xfa
10000294:	0040      	lsls	r0, r0, #1
10000296:	f000 ffed 	bl	10001274 <sleep_ms>
1000029a:	2100      	movs	r1, #0
1000029c:	2000      	movs	r0, #0
1000029e:	f003 fcff 	bl	10003ca0 <cyw43_arch_gpio_put>
100002a2:	20fa      	movs	r0, #250	@ 0xfa
100002a4:	0040      	lsls	r0, r0, #1
100002a6:	f000 ffe5 	bl	10001274 <sleep_ms>
100002aa:	e7ee      	b.n	1000028a <main+0xa>
100002ac:	2001      	movs	r0, #1
100002ae:	4240      	negs	r0, r0
100002b0:	bd10      	pop	{r4, pc}
100002b2:	46c0      	nop			@ (mov r8, r8)

100002b4 <gpio_set_function>:
100002b4:	4a09      	ldr	r2, [pc, #36]	@ (100002dc <gpio_set_function+0x28>)
100002b6:	0083      	lsls	r3, r0, #2
100002b8:	189a      	adds	r2, r3, r2
100002ba:	b510      	push	{r4, lr}
100002bc:	6814      	ldr	r4, [r2, #0]
100002be:	2240      	movs	r2, #64	@ 0x40
100002c0:	4054      	eors	r4, r2
100002c2:	3280      	adds	r2, #128	@ 0x80
100002c4:	4022      	ands	r2, r4
100002c6:	4c06      	ldr	r4, [pc, #24]	@ (100002e0 <gpio_set_function+0x2c>)
100002c8:	00c0      	lsls	r0, r0, #3
100002ca:	46a4      	mov	ip, r4
100002cc:	4463      	add	r3, ip
100002ce:	601a      	str	r2, [r3, #0]
100002d0:	4b04      	ldr	r3, [pc, #16]	@ (100002e4 <gpio_set_function+0x30>)
100002d2:	469c      	mov	ip, r3
100002d4:	4460      	add	r0, ip
100002d6:	6041      	str	r1, [r0, #4]
100002d8:	bd10      	pop	{r4, pc}
100002da:	46c0      	nop			@ (mov r8, r8)
100002dc:	4001c004 	.word	0x4001c004
100002e0:	4001d004 	.word	0x4001d004
100002e4:	40014000 	.word	0x40014000

100002e8 <gpio_set_pulls>:
100002e8:	4b07      	ldr	r3, [pc, #28]	@ (10000308 <gpio_set_pulls+0x20>)
100002ea:	0080      	lsls	r0, r0, #2
100002ec:	18c3      	adds	r3, r0, r3
100002ee:	681b      	ldr	r3, [r3, #0]
100002f0:	00c9      	lsls	r1, r1, #3
100002f2:	0092      	lsls	r2, r2, #2
100002f4:	430a      	orrs	r2, r1
100002f6:	405a      	eors	r2, r3
100002f8:	230c      	movs	r3, #12
100002fa:	4013      	ands	r3, r2
100002fc:	4a03      	ldr	r2, [pc, #12]	@ (1000030c <gpio_set_pulls+0x24>)
100002fe:	4694      	mov	ip, r2
10000300:	4460      	add	r0, ip
10000302:	6003      	str	r3, [r0, #0]
10000304:	4770      	bx	lr
10000306:	46c0      	nop			@ (mov r8, r8)
10000308:	4001c004 	.word	0x4001c004
1000030c:	4001d004 	.word	0x4001d004

10000310 <gpio_set_input_hysteresis_enabled>:
10000310:	0080      	lsls	r0, r0, #2
10000312:	2900      	cmp	r1, #0
10000314:	d005      	beq.n	10000322 <gpio_set_input_hysteresis_enabled+0x12>
10000316:	4b06      	ldr	r3, [pc, #24]	@ (10000330 <gpio_set_input_hysteresis_enabled+0x20>)
10000318:	469c      	mov	ip, r3
1000031a:	2302      	movs	r3, #2
1000031c:	4460      	add	r0, ip
1000031e:	6003      	str	r3, [r0, #0]
10000320:	4770      	bx	lr
10000322:	4b04      	ldr	r3, [pc, #16]	@ (10000334 <gpio_set_input_hysteresis_enabled+0x24>)
10000324:	469c      	mov	ip, r3
10000326:	2302      	movs	r3, #2
10000328:	4460      	add	r0, ip
1000032a:	6003      	str	r3, [r0, #0]
1000032c:	e7f8      	b.n	10000320 <gpio_set_input_hysteresis_enabled+0x10>
1000032e:	46c0      	nop			@ (mov r8, r8)
10000330:	4001e004 	.word	0x4001e004
10000334:	4001f004 	.word	0x4001f004

10000338 <gpio_set_irq_enabled>:
10000338:	23d0      	movs	r3, #208	@ 0xd0
1000033a:	061b      	lsls	r3, r3, #24
1000033c:	681b      	ldr	r3, [r3, #0]
1000033e:	b530      	push	{r4, r5, lr}
10000340:	005c      	lsls	r4, r3, #1
10000342:	0005      	movs	r5, r0
10000344:	18e4      	adds	r4, r4, r3
10000346:	08c3      	lsrs	r3, r0, #3
10000348:	2007      	movs	r0, #7
1000034a:	4028      	ands	r0, r5
1000034c:	0080      	lsls	r0, r0, #2
1000034e:	4081      	lsls	r1, r0
10000350:	0018      	movs	r0, r3
10000352:	4d09      	ldr	r5, [pc, #36]	@ (10000378 <gpio_set_irq_enabled+0x40>)
10000354:	303c      	adds	r0, #60	@ 0x3c
10000356:	0124      	lsls	r4, r4, #4
10000358:	0080      	lsls	r0, r0, #2
1000035a:	009b      	lsls	r3, r3, #2
1000035c:	5141      	str	r1, [r0, r5]
1000035e:	191b      	adds	r3, r3, r4
10000360:	2a00      	cmp	r2, #0
10000362:	d004      	beq.n	1000036e <gpio_set_irq_enabled+0x36>
10000364:	4a05      	ldr	r2, [pc, #20]	@ (1000037c <gpio_set_irq_enabled+0x44>)
10000366:	4694      	mov	ip, r2
10000368:	4463      	add	r3, ip
1000036a:	6019      	str	r1, [r3, #0]
1000036c:	bd30      	pop	{r4, r5, pc}
1000036e:	4a04      	ldr	r2, [pc, #16]	@ (10000380 <gpio_set_irq_enabled+0x48>)
10000370:	4694      	mov	ip, r2
10000372:	4463      	add	r3, ip
10000374:	6019      	str	r1, [r3, #0]
10000376:	e7f9      	b.n	1000036c <gpio_set_irq_enabled+0x34>
10000378:	40014000 	.word	0x40014000
1000037c:	40016100 	.word	0x40016100
10000380:	40017100 	.word	0x40017100

10000384 <gpio_add_raw_irq_handler_with_order_priority_masked>:
10000384:	23d0      	movs	r3, #208	@ 0xd0
10000386:	061b      	lsls	r3, r3, #24
10000388:	681b      	ldr	r3, [r3, #0]
1000038a:	b570      	push	{r4, r5, r6, lr}
1000038c:	4d06      	ldr	r5, [pc, #24]	@ (100003a8 <gpio_add_raw_irq_handler_with_order_priority_masked+0x24>)
1000038e:	009b      	lsls	r3, r3, #2
10000390:	595c      	ldr	r4, [r3, r5]
10000392:	4220      	tst	r0, r4
10000394:	d105      	bne.n	100003a2 <gpio_add_raw_irq_handler_with_order_priority_masked+0x1e>
10000396:	4304      	orrs	r4, r0
10000398:	200d      	movs	r0, #13
1000039a:	515c      	str	r4, [r3, r5]
1000039c:	f000 f962 	bl	10000664 <irq_add_shared_handler>
100003a0:	bd70      	pop	{r4, r5, r6, pc}
100003a2:	f001 fa21 	bl	100017e8 <hard_assertion_failure>
100003a6:	46c0      	nop			@ (mov r8, r8)
100003a8:	200012a0 	.word	0x200012a0

100003ac <gpio_remove_raw_irq_handler_masked>:
100003ac:	b510      	push	{r4, lr}
100003ae:	0004      	movs	r4, r0
100003b0:	200d      	movs	r0, #13
100003b2:	f000 fa41 	bl	10000838 <irq_remove_handler>
100003b6:	23d0      	movs	r3, #208	@ 0xd0
100003b8:	061b      	lsls	r3, r3, #24
100003ba:	681b      	ldr	r3, [r3, #0]
100003bc:	4902      	ldr	r1, [pc, #8]	@ (100003c8 <gpio_remove_raw_irq_handler_masked+0x1c>)
100003be:	009b      	lsls	r3, r3, #2
100003c0:	585a      	ldr	r2, [r3, r1]
100003c2:	43a2      	bics	r2, r4
100003c4:	505a      	str	r2, [r3, r1]
100003c6:	bd10      	pop	{r4, pc}
100003c8:	200012a0 	.word	0x200012a0

100003cc <gpio_init>:
100003cc:	2301      	movs	r3, #1
100003ce:	22d0      	movs	r2, #208	@ 0xd0
100003d0:	4083      	lsls	r3, r0
100003d2:	0612      	lsls	r2, r2, #24
100003d4:	6293      	str	r3, [r2, #40]	@ 0x28
100003d6:	6193      	str	r3, [r2, #24]
100003d8:	4a09      	ldr	r2, [pc, #36]	@ (10000400 <gpio_init+0x34>)
100003da:	0083      	lsls	r3, r0, #2
100003dc:	189a      	adds	r2, r3, r2
100003de:	6811      	ldr	r1, [r2, #0]
100003e0:	2240      	movs	r2, #64	@ 0x40
100003e2:	4051      	eors	r1, r2
100003e4:	3280      	adds	r2, #128	@ 0x80
100003e6:	400a      	ands	r2, r1
100003e8:	4906      	ldr	r1, [pc, #24]	@ (10000404 <gpio_init+0x38>)
100003ea:	00c0      	lsls	r0, r0, #3
100003ec:	468c      	mov	ip, r1
100003ee:	4463      	add	r3, ip
100003f0:	601a      	str	r2, [r3, #0]
100003f2:	4b05      	ldr	r3, [pc, #20]	@ (10000408 <gpio_init+0x3c>)
100003f4:	469c      	mov	ip, r3
100003f6:	2305      	movs	r3, #5
100003f8:	4460      	add	r0, ip
100003fa:	6043      	str	r3, [r0, #4]
100003fc:	4770      	bx	lr
100003fe:	46c0      	nop			@ (mov r8, r8)
10000400:	4001c004 	.word	0x4001c004
10000404:	4001d004 	.word	0x4001d004
10000408:	40014000 	.word	0x40014000

1000040c <panic>:
1000040c:	b40f      	push	{r0, r1, r2, r3}
1000040e:	b500      	push	{lr}
10000410:	4808      	ldr	r0, [pc, #32]	@ (10000434 <panic+0x28>)
10000412:	b083      	sub	sp, #12
10000414:	f003 fbaa 	bl	10003b6c <__wrap_puts>
10000418:	9b04      	ldr	r3, [sp, #16]
1000041a:	2b00      	cmp	r3, #0
1000041c:	d007      	beq.n	1000042e <panic+0x22>
1000041e:	a905      	add	r1, sp, #20
10000420:	0018      	movs	r0, r3
10000422:	9101      	str	r1, [sp, #4]
10000424:	f003 fa0e 	bl	10003844 <weak_raw_vprintf>
10000428:	4803      	ldr	r0, [pc, #12]	@ (10000438 <panic+0x2c>)
1000042a:	f003 fb9f 	bl	10003b6c <__wrap_puts>
1000042e:	2001      	movs	r0, #1
10000430:	f003 fa20 	bl	10003874 <_exit>
10000434:	10007bb0 	.word	0x10007bb0
10000438:	10007f74 	.word	0x10007f74

1000043c <hw_claim_lock>:
1000043c:	f3ef 8010 	mrs	r0, PRIMASK
10000440:	b672      	cpsid	i
10000442:	4a03      	ldr	r2, [pc, #12]	@ (10000450 <hw_claim_lock+0x14>)
10000444:	6813      	ldr	r3, [r2, #0]
10000446:	2b00      	cmp	r3, #0
10000448:	d0fc      	beq.n	10000444 <hw_claim_lock+0x8>
1000044a:	f3bf 8f5f 	dmb	sy
1000044e:	4770      	bx	lr
10000450:	d000012c 	.word	0xd000012c

10000454 <hw_claim_unlock>:
10000454:	f3bf 8f5f 	dmb	sy
10000458:	2200      	movs	r2, #0
1000045a:	4b02      	ldr	r3, [pc, #8]	@ (10000464 <hw_claim_unlock+0x10>)
1000045c:	601a      	str	r2, [r3, #0]
1000045e:	f380 8810 	msr	PRIMASK, r0
10000462:	4770      	bx	lr
10000464:	d000012c 	.word	0xd000012c

10000468 <hw_claim_or_assert>:
10000468:	b570      	push	{r4, r5, r6, lr}
1000046a:	f3ef 8c10 	mrs	ip, PRIMASK
1000046e:	b672      	cpsid	i
10000470:	4d0d      	ldr	r5, [pc, #52]	@ (100004a8 <hw_claim_or_assert+0x40>)
10000472:	682b      	ldr	r3, [r5, #0]
10000474:	2b00      	cmp	r3, #0
10000476:	d0fc      	beq.n	10000472 <hw_claim_or_assert+0xa>
10000478:	f3bf 8f5f 	dmb	sy
1000047c:	2407      	movs	r4, #7
1000047e:	08cb      	lsrs	r3, r1, #3
10000480:	18c6      	adds	r6, r0, r3
10000482:	5cc0      	ldrb	r0, [r0, r3]
10000484:	2301      	movs	r3, #1
10000486:	400c      	ands	r4, r1
10000488:	40a3      	lsls	r3, r4
1000048a:	001c      	movs	r4, r3
1000048c:	4004      	ands	r4, r0
1000048e:	4203      	tst	r3, r0
10000490:	d107      	bne.n	100004a2 <hw_claim_or_assert+0x3a>
10000492:	4318      	orrs	r0, r3
10000494:	7030      	strb	r0, [r6, #0]
10000496:	f3bf 8f5f 	dmb	sy
1000049a:	602c      	str	r4, [r5, #0]
1000049c:	f38c 8810 	msr	PRIMASK, ip
100004a0:	bd70      	pop	{r4, r5, r6, pc}
100004a2:	0010      	movs	r0, r2
100004a4:	f7ff ffb2 	bl	1000040c <panic>
100004a8:	d000012c 	.word	0xd000012c

100004ac <hw_claim_unused_from_range>:
100004ac:	b5f8      	push	{r3, r4, r5, r6, r7, lr}
100004ae:	4647      	mov	r7, r8
100004b0:	46ce      	mov	lr, r9
100004b2:	4688      	mov	r8, r1
100004b4:	b580      	push	{r7, lr}
100004b6:	f3ef 8c10 	mrs	ip, PRIMASK
100004ba:	b672      	cpsid	i
100004bc:	4d21      	ldr	r5, [pc, #132]	@ (10000544 <hw_claim_unused_from_range+0x98>)
100004be:	682c      	ldr	r4, [r5, #0]
100004c0:	2c00      	cmp	r4, #0
100004c2:	d0fc      	beq.n	100004be <hw_claim_unused_from_range+0x12>
100004c4:	f3bf 8f5f 	dmb	sy
100004c8:	429a      	cmp	r2, r3
100004ca:	d82c      	bhi.n	10000526 <hw_claim_unused_from_range+0x7a>
100004cc:	08d4      	lsrs	r4, r2, #3
100004ce:	2707      	movs	r7, #7
100004d0:	5d05      	ldrb	r5, [r0, r4]
100004d2:	1906      	adds	r6, r0, r4
100004d4:	2401      	movs	r4, #1
100004d6:	4017      	ands	r7, r2
100004d8:	40bc      	lsls	r4, r7
100004da:	422c      	tst	r4, r5
100004dc:	d01f      	beq.n	1000051e <hw_claim_unused_from_range+0x72>
100004de:	2107      	movs	r1, #7
100004e0:	2701      	movs	r7, #1
100004e2:	4689      	mov	r9, r1
100004e4:	e009      	b.n	100004fa <hw_claim_unused_from_range+0x4e>
100004e6:	08d4      	lsrs	r4, r2, #3
100004e8:	5d05      	ldrb	r5, [r0, r4]
100004ea:	1906      	adds	r6, r0, r4
100004ec:	464c      	mov	r4, r9
100004ee:	0039      	movs	r1, r7
100004f0:	4014      	ands	r4, r2
100004f2:	40a1      	lsls	r1, r4
100004f4:	000c      	movs	r4, r1
100004f6:	4229      	tst	r1, r5
100004f8:	d011      	beq.n	1000051e <hw_claim_unused_from_range+0x72>
100004fa:	3201      	adds	r2, #1
100004fc:	4293      	cmp	r3, r2
100004fe:	d2f2      	bcs.n	100004e6 <hw_claim_unused_from_range+0x3a>
10000500:	2001      	movs	r0, #1
10000502:	4240      	negs	r0, r0
10000504:	f3bf 8f5f 	dmb	sy
10000508:	2200      	movs	r2, #0
1000050a:	4b0e      	ldr	r3, [pc, #56]	@ (10000544 <hw_claim_unused_from_range+0x98>)
1000050c:	601a      	str	r2, [r3, #0]
1000050e:	f38c 8810 	msr	PRIMASK, ip
10000512:	2800      	cmp	r0, #0
10000514:	db0f      	blt.n	10000536 <hw_claim_unused_from_range+0x8a>
10000516:	bcc0      	pop	{r6, r7}
10000518:	46b9      	mov	r9, r7
1000051a:	46b0      	mov	r8, r6
1000051c:	bdf8      	pop	{r3, r4, r5, r6, r7, pc}
1000051e:	4325      	orrs	r5, r4
10000520:	0010      	movs	r0, r2
10000522:	7035      	strb	r5, [r6, #0]
10000524:	e7ee      	b.n	10000504 <hw_claim_unused_from_range+0x58>
10000526:	f3bf 8f5f 	dmb	sy
1000052a:	2300      	movs	r3, #0
1000052c:	602b      	str	r3, [r5, #0]
1000052e:	f38c 8810 	msr	PRIMASK, ip
10000532:	2001      	movs	r0, #1
10000534:	4240      	negs	r0, r0
10000536:	4643      	mov	r3, r8
10000538:	2b00      	cmp	r3, #0
1000053a:	d0ec      	beq.n	10000516 <hw_claim_unused_from_range+0x6a>
1000053c:	9808      	ldr	r0, [sp, #32]
1000053e:	f7ff ff65 	bl	1000040c <panic>
10000542:	46c0      	nop			@ (mov r8, r8)
10000544:	d000012c 	.word	0xd000012c

10000548 <hw_claim_clear>:
10000548:	b530      	push	{r4, r5, lr}
1000054a:	f3ef 8c10 	mrs	ip, PRIMASK
1000054e:	b672      	cpsid	i
10000550:	4c0a      	ldr	r4, [pc, #40]	@ (1000057c <hw_claim_clear+0x34>)
10000552:	6823      	ldr	r3, [r4, #0]
10000554:	2b00      	cmp	r3, #0
10000556:	d0fc      	beq.n	10000552 <hw_claim_clear+0xa>
10000558:	f3bf 8f5f 	dmb	sy
1000055c:	2307      	movs	r3, #7
1000055e:	2201      	movs	r2, #1
10000560:	400b      	ands	r3, r1
10000562:	409a      	lsls	r2, r3
10000564:	08cd      	lsrs	r5, r1, #3
10000566:	5d43      	ldrb	r3, [r0, r5]
10000568:	4393      	bics	r3, r2
1000056a:	5543      	strb	r3, [r0, r5]
1000056c:	f3bf 8f5f 	dmb	sy
10000570:	2300      	movs	r3, #0
10000572:	6023      	str	r3, [r4, #0]
10000574:	f38c 8810 	msr	PRIMASK, ip
10000578:	bd30      	pop	{r4, r5, pc}
1000057a:	46c0      	nop			@ (mov r8, r8)
1000057c:	d000012c 	.word	0xd000012c

10000580 <next_striped_spin_lock_num>:
10000580:	4a04      	ldr	r2, [pc, #16]	@ (10000594 <next_striped_spin_lock_num+0x14>)
10000582:	7810      	ldrb	r0, [r2, #0]
10000584:	1c43      	adds	r3, r0, #1
10000586:	b2db      	uxtb	r3, r3
10000588:	2b17      	cmp	r3, #23
1000058a:	d900      	bls.n	1000058e <next_striped_spin_lock_num+0xe>
1000058c:	2310      	movs	r3, #16
1000058e:	7013      	strb	r3, [r2, #0]
10000590:	4770      	bx	lr
10000592:	46c0      	nop			@ (mov r8, r8)
10000594:	200004b8 	.word	0x200004b8

10000598 <spin_locks_reset>:
10000598:	2100      	movs	r1, #0
1000059a:	4b04      	ldr	r3, [pc, #16]	@ (100005ac <spin_locks_reset+0x14>)
1000059c:	4a04      	ldr	r2, [pc, #16]	@ (100005b0 <spin_locks_reset+0x18>)
1000059e:	f3bf 8f5f 	dmb	sy
100005a2:	c302      	stmia	r3!, {r1}
100005a4:	4293      	cmp	r3, r2
100005a6:	d1fa      	bne.n	1000059e <spin_locks_reset+0x6>
100005a8:	4770      	bx	lr
100005aa:	46c0      	nop			@ (mov r8, r8)
100005ac:	d0000100 	.word	0xd0000100
100005b0:	d0000180 	.word	0xd0000180

100005b4 <runtime_init_per_core_irq_priorities>:
100005b4:	4b05      	ldr	r3, [pc, #20]	@ (100005cc <runtime_init_per_core_irq_priorities+0x18>)
100005b6:	4a06      	ldr	r2, [pc, #24]	@ (100005d0 <runtime_init_per_core_irq_priorities+0x1c>)
100005b8:	6013      	str	r3, [r2, #0]
100005ba:	4a06      	ldr	r2, [pc, #24]	@ (100005d4 <runtime_init_per_core_irq_priorities+0x20>)
100005bc:	6013      	str	r3, [r2, #0]
100005be:	6053      	str	r3, [r2, #4]
100005c0:	6093      	str	r3, [r2, #8]
100005c2:	60d3      	str	r3, [r2, #12]
100005c4:	6113      	str	r3, [r2, #16]
100005c6:	6153      	str	r3, [r2, #20]
100005c8:	6193      	str	r3, [r2, #24]
100005ca:	4770      	bx	lr
100005cc:	80808080 	.word	0x80808080
100005d0:	e000e400 	.word	0xe000e400
100005d4:	e000e404 	.word	0xe000e404

100005d8 <irq_set_enabled>:
100005d8:	231f      	movs	r3, #31
100005da:	4018      	ands	r0, r3
100005dc:	3b1e      	subs	r3, #30
100005de:	4083      	lsls	r3, r0
100005e0:	2900      	cmp	r1, #0
100005e2:	d005      	beq.n	100005f0 <irq_set_enabled+0x18>
100005e4:	21c0      	movs	r1, #192	@ 0xc0
100005e6:	4a04      	ldr	r2, [pc, #16]	@ (100005f8 <irq_set_enabled+0x20>)
100005e8:	0049      	lsls	r1, r1, #1
100005ea:	5053      	str	r3, [r2, r1]
100005ec:	6013      	str	r3, [r2, #0]
100005ee:	4770      	bx	lr
100005f0:	2280      	movs	r2, #128	@ 0x80
100005f2:	4901      	ldr	r1, [pc, #4]	@ (100005f8 <irq_set_enabled+0x20>)
100005f4:	508b      	str	r3, [r1, r2]
100005f6:	e7fa      	b.n	100005ee <irq_set_enabled+0x16>
100005f8:	e000e100 	.word	0xe000e100

100005fc <irq_set_pending>:
100005fc:	2301      	movs	r3, #1
100005fe:	2280      	movs	r2, #128	@ 0x80
10000600:	4083      	lsls	r3, r0
10000602:	4902      	ldr	r1, [pc, #8]	@ (1000060c <irq_set_pending+0x10>)
10000604:	0052      	lsls	r2, r2, #1
10000606:	508b      	str	r3, [r1, r2]
10000608:	4770      	bx	lr
1000060a:	46c0      	nop			@ (mov r8, r8)
1000060c:	e000e100 	.word	0xe000e100

10000610 <irq_set_exclusive_handler>:
10000610:	b510      	push	{r4, lr}
10000612:	f3ef 8c10 	mrs	ip, PRIMASK
10000616:	b672      	cpsid	i
10000618:	4a0f      	ldr	r2, [pc, #60]	@ (10000658 <irq_set_exclusive_handler+0x48>)
1000061a:	6813      	ldr	r3, [r2, #0]
1000061c:	2b00      	cmp	r3, #0
1000061e:	d0fc      	beq.n	1000061a <irq_set_exclusive_handler+0xa>
10000620:	f3bf 8f5f 	dmb	sy
10000624:	4b0d      	ldr	r3, [pc, #52]	@ (1000065c <irq_set_exclusive_handler+0x4c>)
10000626:	3010      	adds	r0, #16
10000628:	689b      	ldr	r3, [r3, #8]
1000062a:	0080      	lsls	r0, r0, #2
1000062c:	581b      	ldr	r3, [r3, r0]
1000062e:	4a0c      	ldr	r2, [pc, #48]	@ (10000660 <irq_set_exclusive_handler+0x50>)
10000630:	4293      	cmp	r3, r2
10000632:	d001      	beq.n	10000638 <irq_set_exclusive_handler+0x28>
10000634:	4299      	cmp	r1, r3
10000636:	d10c      	bne.n	10000652 <irq_set_exclusive_handler+0x42>
10000638:	4b08      	ldr	r3, [pc, #32]	@ (1000065c <irq_set_exclusive_handler+0x4c>)
1000063a:	689b      	ldr	r3, [r3, #8]
1000063c:	5019      	str	r1, [r3, r0]
1000063e:	f3bf 8f5f 	dmb	sy
10000642:	f3bf 8f5f 	dmb	sy
10000646:	2200      	movs	r2, #0
10000648:	4b03      	ldr	r3, [pc, #12]	@ (10000658 <irq_set_exclusive_handler+0x48>)
1000064a:	601a      	str	r2, [r3, #0]
1000064c:	f38c 8810 	msr	PRIMASK, ip
10000650:	bd10      	pop	{r4, pc}
10000652:	f001 f8c9 	bl	100017e8 <hard_assertion_failure>
10000656:	46c0      	nop			@ (mov r8, r8)
10000658:	d0000124 	.word	0xd0000124
1000065c:	e000ed00 	.word	0xe000ed00
10000660:	100001c1 	.word	0x100001c1

10000664 <irq_add_shared_handler>:
10000664:	b5f0      	push	{r4, r5, r6, r7, lr}
10000666:	4657      	mov	r7, sl
10000668:	464e      	mov	r6, r9
1000066a:	46de      	mov	lr, fp
1000066c:	4645      	mov	r5, r8
1000066e:	b5e0      	push	{r5, r6, r7, lr}
10000670:	468a      	mov	sl, r1
10000672:	b085      	sub	sp, #20
10000674:	0006      	movs	r6, r0
10000676:	f3ef 8910 	mrs	r9, PRIMASK
1000067a:	b672      	cpsid	i
1000067c:	4962      	ldr	r1, [pc, #392]	@ (10000808 <irq_add_shared_handler+0x1a4>)
1000067e:	680b      	ldr	r3, [r1, #0]
10000680:	2b00      	cmp	r3, #0
10000682:	d0fc      	beq.n	1000067e <irq_add_shared_handler+0x1a>
10000684:	f3bf 8f5f 	dmb	sy
10000688:	2100      	movs	r1, #0
1000068a:	4b60      	ldr	r3, [pc, #384]	@ (1000080c <irq_add_shared_handler+0x1a8>)
1000068c:	5659      	ldrsb	r1, [r3, r1]
1000068e:	468c      	mov	ip, r1
10000690:	2900      	cmp	r1, #0
10000692:	da00      	bge.n	10000696 <irq_add_shared_handler+0x32>
10000694:	e0b5      	b.n	10000802 <irq_add_shared_handler+0x19e>
10000696:	0049      	lsls	r1, r1, #1
10000698:	000d      	movs	r5, r1
1000069a:	4c5d      	ldr	r4, [pc, #372]	@ (10000810 <irq_add_shared_handler+0x1ac>)
1000069c:	4465      	add	r5, ip
1000069e:	00ad      	lsls	r5, r5, #2
100006a0:	1967      	adds	r7, r4, r5
100006a2:	9102      	str	r1, [sp, #8]
100006a4:	79b9      	ldrb	r1, [r7, #6]
100006a6:	3610      	adds	r6, #16
100006a8:	7019      	strb	r1, [r3, #0]
100006aa:	4b5a      	ldr	r3, [pc, #360]	@ (10000814 <irq_add_shared_handler+0x1b0>)
100006ac:	00b1      	lsls	r1, r6, #2
100006ae:	689b      	ldr	r3, [r3, #8]
100006b0:	9101      	str	r1, [sp, #4]
100006b2:	585b      	ldr	r3, [r3, r1]
100006b4:	1b19      	subs	r1, r3, r4
100006b6:	292f      	cmp	r1, #47	@ 0x2f
100006b8:	d820      	bhi.n	100006fc <irq_add_shared_handler+0x98>
100006ba:	2101      	movs	r1, #1
100006bc:	0018      	movs	r0, r3
100006be:	4388      	bics	r0, r1
100006c0:	79c6      	ldrb	r6, [r0, #7]
100006c2:	4296      	cmp	r6, r2
100006c4:	d800      	bhi.n	100006c8 <irq_add_shared_handler+0x64>
100006c6:	e073      	b.n	100007b0 <irq_add_shared_handler+0x14c>
100006c8:	469b      	mov	fp, r3
100006ca:	9b02      	ldr	r3, [sp, #8]
100006cc:	9e01      	ldr	r6, [sp, #4]
100006ce:	4698      	mov	r8, r3
100006d0:	9503      	str	r5, [sp, #12]
100006d2:	e007      	b.n	100006e4 <irq_add_shared_handler+0x80>
100006d4:	004d      	lsls	r5, r1, #1
100006d6:	186d      	adds	r5, r5, r1
100006d8:	00ad      	lsls	r5, r5, #2
100006da:	1965      	adds	r5, r4, r5
100006dc:	79eb      	ldrb	r3, [r5, #7]
100006de:	4293      	cmp	r3, r2
100006e0:	d939      	bls.n	10000756 <irq_add_shared_handler+0xf2>
100006e2:	0028      	movs	r0, r5
100006e4:	2106      	movs	r1, #6
100006e6:	5641      	ldrsb	r1, [r0, r1]
100006e8:	2900      	cmp	r1, #0
100006ea:	daf3      	bge.n	100006d4 <irq_add_shared_handler+0x70>
100006ec:	4645      	mov	r5, r8
100006ee:	9502      	str	r5, [sp, #8]
100006f0:	1d05      	adds	r5, r0, #4
100006f2:	9503      	str	r5, [sp, #12]
100006f4:	465b      	mov	r3, fp
100006f6:	4d48      	ldr	r5, [pc, #288]	@ (10000818 <irq_add_shared_handler+0x1b4>)
100006f8:	9601      	str	r6, [sp, #4]
100006fa:	e043      	b.n	10000784 <irq_add_shared_handler+0x120>
100006fc:	4947      	ldr	r1, [pc, #284]	@ (1000081c <irq_add_shared_handler+0x1b8>)
100006fe:	428b      	cmp	r3, r1
10000700:	d000      	beq.n	10000704 <irq_add_shared_handler+0xa0>
10000702:	e07e      	b.n	10000802 <irq_add_shared_handler+0x19e>
10000704:	4b46      	ldr	r3, [pc, #280]	@ (10000820 <irq_add_shared_handler+0x1bc>)
10000706:	4947      	ldr	r1, [pc, #284]	@ (10000824 <irq_add_shared_handler+0x1c0>)
10000708:	5363      	strh	r3, [r4, r5]
1000070a:	4b47      	ldr	r3, [pc, #284]	@ (10000828 <irq_add_shared_handler+0x1c4>)
1000070c:	3502      	adds	r5, #2
1000070e:	3b04      	subs	r3, #4
10000710:	1965      	adds	r5, r4, r5
10000712:	1b5b      	subs	r3, r3, r5
10000714:	051b      	lsls	r3, r3, #20
10000716:	0d5b      	lsrs	r3, r3, #21
10000718:	430b      	orrs	r3, r1
1000071a:	807b      	strh	r3, [r7, #2]
1000071c:	4b43      	ldr	r3, [pc, #268]	@ (1000082c <irq_add_shared_handler+0x1c8>)
1000071e:	71fa      	strb	r2, [r7, #7]
10000720:	80bb      	strh	r3, [r7, #4]
10000722:	23ff      	movs	r3, #255	@ 0xff
10000724:	71bb      	strb	r3, [r7, #6]
10000726:	4653      	mov	r3, sl
10000728:	60bb      	str	r3, [r7, #8]
1000072a:	2301      	movs	r3, #1
1000072c:	433b      	orrs	r3, r7
1000072e:	4a39      	ldr	r2, [pc, #228]	@ (10000814 <irq_add_shared_handler+0x1b0>)
10000730:	9901      	ldr	r1, [sp, #4]
10000732:	6892      	ldr	r2, [r2, #8]
10000734:	5053      	str	r3, [r2, r1]
10000736:	f3bf 8f5f 	dmb	sy
1000073a:	f3bf 8f5f 	dmb	sy
1000073e:	2200      	movs	r2, #0
10000740:	4b31      	ldr	r3, [pc, #196]	@ (10000808 <irq_add_shared_handler+0x1a4>)
10000742:	601a      	str	r2, [r3, #0]
10000744:	f389 8810 	msr	PRIMASK, r9
10000748:	b005      	add	sp, #20
1000074a:	bcf0      	pop	{r4, r5, r6, r7}
1000074c:	46bb      	mov	fp, r7
1000074e:	46b2      	mov	sl, r6
10000750:	46a9      	mov	r9, r5
10000752:	46a0      	mov	r8, r4
10000754:	bdf0      	pop	{r4, r5, r6, r7, pc}
10000756:	9601      	str	r6, [sp, #4]
10000758:	4646      	mov	r6, r8
1000075a:	9602      	str	r6, [sp, #8]
1000075c:	1d06      	adds	r6, r0, #4
1000075e:	9d03      	ldr	r5, [sp, #12]
10000760:	9603      	str	r6, [sp, #12]
10000762:	8886      	ldrh	r6, [r0, #4]
10000764:	465b      	mov	r3, fp
10000766:	0576      	lsls	r6, r6, #21
10000768:	1536      	asrs	r6, r6, #20
1000076a:	46b3      	mov	fp, r6
1000076c:	9e03      	ldr	r6, [sp, #12]
1000076e:	3504      	adds	r5, #4
10000770:	46b0      	mov	r8, r6
10000772:	44c3      	add	fp, r8
10000774:	465e      	mov	r6, fp
10000776:	1965      	adds	r5, r4, r5
10000778:	1b75      	subs	r5, r6, r5
1000077a:	26e0      	movs	r6, #224	@ 0xe0
1000077c:	052d      	lsls	r5, r5, #20
1000077e:	0d6d      	lsrs	r5, r5, #21
10000780:	0236      	lsls	r6, r6, #8
10000782:	4335      	orrs	r5, r6
10000784:	9e03      	ldr	r6, [sp, #12]
10000786:	3f04      	subs	r7, #4
10000788:	1bbf      	subs	r7, r7, r6
1000078a:	053f      	lsls	r7, r7, #20
1000078c:	4e25      	ldr	r6, [pc, #148]	@ (10000824 <irq_add_shared_handler+0x1c0>)
1000078e:	0d7f      	lsrs	r7, r7, #21
10000790:	4337      	orrs	r7, r6
10000792:	4666      	mov	r6, ip
10000794:	8087      	strh	r7, [r0, #4]
10000796:	7186      	strb	r6, [r0, #6]
10000798:	9802      	ldr	r0, [sp, #8]
1000079a:	4460      	add	r0, ip
1000079c:	0080      	lsls	r0, r0, #2
1000079e:	1824      	adds	r4, r4, r0
100007a0:	71e2      	strb	r2, [r4, #7]
100007a2:	4652      	mov	r2, sl
100007a4:	4822      	ldr	r0, [pc, #136]	@ (10000830 <irq_add_shared_handler+0x1cc>)
100007a6:	80a5      	strh	r5, [r4, #4]
100007a8:	6020      	str	r0, [r4, #0]
100007aa:	71a1      	strb	r1, [r4, #6]
100007ac:	60a2      	str	r2, [r4, #8]
100007ae:	e7be      	b.n	1000072e <irq_add_shared_handler+0xca>
100007b0:	4b20      	ldr	r3, [pc, #128]	@ (10000834 <irq_add_shared_handler+0x1d0>)
100007b2:	71fa      	strb	r2, [r7, #7]
100007b4:	469c      	mov	ip, r3
100007b6:	0003      	movs	r3, r0
100007b8:	4666      	mov	r6, ip
100007ba:	1b1b      	subs	r3, r3, r4
100007bc:	415b      	adcs	r3, r3
100007be:	435e      	muls	r6, r3
100007c0:	0d36      	lsrs	r6, r6, #20
100007c2:	46b4      	mov	ip, r6
100007c4:	1cae      	adds	r6, r5, #2
100007c6:	46b0      	mov	r8, r6
100007c8:	44a0      	add	r8, r4
100007ca:	4646      	mov	r6, r8
100007cc:	4b14      	ldr	r3, [pc, #80]	@ (10000820 <irq_add_shared_handler+0x1bc>)
100007ce:	5363      	strh	r3, [r4, r5]
100007d0:	4b15      	ldr	r3, [pc, #84]	@ (10000828 <irq_add_shared_handler+0x1c4>)
100007d2:	3504      	adds	r5, #4
100007d4:	3b04      	subs	r3, #4
100007d6:	1b9b      	subs	r3, r3, r6
100007d8:	051b      	lsls	r3, r3, #20
100007da:	4e12      	ldr	r6, [pc, #72]	@ (10000824 <irq_add_shared_handler+0x1c0>)
100007dc:	0d5b      	lsrs	r3, r3, #21
100007de:	4333      	orrs	r3, r6
100007e0:	807b      	strh	r3, [r7, #2]
100007e2:	1963      	adds	r3, r4, r5
100007e4:	1ac3      	subs	r3, r0, r3
100007e6:	3b04      	subs	r3, #4
100007e8:	051b      	lsls	r3, r3, #20
100007ea:	0d5b      	lsrs	r3, r3, #21
100007ec:	4333      	orrs	r3, r6
100007ee:	80bb      	strh	r3, [r7, #4]
100007f0:	4663      	mov	r3, ip
100007f2:	71bb      	strb	r3, [r7, #6]
100007f4:	4653      	mov	r3, sl
100007f6:	60bb      	str	r3, [r7, #8]
100007f8:	4b0d      	ldr	r3, [pc, #52]	@ (10000830 <irq_add_shared_handler+0x1cc>)
100007fa:	6003      	str	r3, [r0, #0]
100007fc:	003b      	movs	r3, r7
100007fe:	430b      	orrs	r3, r1
10000800:	e795      	b.n	1000072e <irq_add_shared_handler+0xca>
10000802:	f000 fff1 	bl	100017e8 <hard_assertion_failure>
10000806:	46c0      	nop			@ (mov r8, r8)
10000808:	d0000124 	.word	0xd0000124
1000080c:	200013b9 	.word	0x200013b9
10000810:	200004bc 	.word	0x200004bc
10000814:	e000ed00 	.word	0xe000ed00
10000818:	0000bd01 	.word	0x0000bd01
1000081c:	100001c1 	.word	0x100001c1
10000820:	ffffa100 	.word	0xffffa100
10000824:	ffffe000 	.word	0xffffe000
10000828:	200004ec 	.word	0x200004ec
1000082c:	ffffbd01 	.word	0xffffbd01
10000830:	47804801 	.word	0x47804801
10000834:	0000aaaa 	.word	0x0000aaaa

10000838 <irq_remove_handler>:
10000838:	b5f0      	push	{r4, r5, r6, r7, lr}
1000083a:	46de      	mov	lr, fp
1000083c:	4657      	mov	r7, sl
1000083e:	464e      	mov	r6, r9
10000840:	4645      	mov	r5, r8
10000842:	b5e0      	push	{r5, r6, r7, lr}
10000844:	b083      	sub	sp, #12
10000846:	f3ef 8c10 	mrs	ip, PRIMASK
1000084a:	b672      	cpsid	i
1000084c:	4a63      	ldr	r2, [pc, #396]	@ (100009dc <irq_remove_handler+0x1a4>)
1000084e:	6813      	ldr	r3, [r2, #0]
10000850:	2b00      	cmp	r3, #0
10000852:	d0fc      	beq.n	1000084e <irq_remove_handler+0x16>
10000854:	f3bf 8f5f 	dmb	sy
10000858:	4b61      	ldr	r3, [pc, #388]	@ (100009e0 <irq_remove_handler+0x1a8>)
1000085a:	4c62      	ldr	r4, [pc, #392]	@ (100009e4 <irq_remove_handler+0x1ac>)
1000085c:	689a      	ldr	r2, [r3, #8]
1000085e:	0003      	movs	r3, r0
10000860:	3310      	adds	r3, #16
10000862:	009d      	lsls	r5, r3, #2
10000864:	5952      	ldr	r2, [r2, r5]
10000866:	46a1      	mov	r9, r4
10000868:	42a2      	cmp	r2, r4
1000086a:	d03d      	beq.n	100008e8 <irq_remove_handler+0xb0>
1000086c:	428a      	cmp	r2, r1
1000086e:	d04e      	beq.n	1000090e <irq_remove_handler+0xd6>
10000870:	4c5d      	ldr	r4, [pc, #372]	@ (100009e8 <irq_remove_handler+0x1b0>)
10000872:	1b16      	subs	r6, r2, r4
10000874:	2e2f      	cmp	r6, #47	@ 0x2f
10000876:	d837      	bhi.n	100008e8 <irq_remove_handler+0xb0>
10000878:	2701      	movs	r7, #1
1000087a:	46ba      	mov	sl, r7
1000087c:	4087      	lsls	r7, r0
1000087e:	4e5b      	ldr	r6, [pc, #364]	@ (100009ec <irq_remove_handler+0x1b4>)
10000880:	46b0      	mov	r8, r6
10000882:	6836      	ldr	r6, [r6, #0]
10000884:	403e      	ands	r6, r7
10000886:	271f      	movs	r7, #31
10000888:	46b3      	mov	fp, r6
1000088a:	4656      	mov	r6, sl
1000088c:	4038      	ands	r0, r7
1000088e:	4086      	lsls	r6, r0
10000890:	4647      	mov	r7, r8
10000892:	2080      	movs	r0, #128	@ 0x80
10000894:	9601      	str	r6, [sp, #4]
10000896:	503e      	str	r6, [r7, r0]
10000898:	f3bf 8f5f 	dmb	sy
1000089c:	f3ef 8005 	mrs	r0, IPSR
100008a0:	4680      	mov	r8, r0
100008a2:	2800      	cmp	r0, #0
100008a4:	d035      	beq.n	10000912 <irq_remove_handler+0xda>
100008a6:	4283      	cmp	r3, r0
100008a8:	d000      	beq.n	100008ac <irq_remove_handler+0x74>
100008aa:	e094      	b.n	100009d6 <irq_remove_handler+0x19e>
100008ac:	0010      	movs	r0, r2
100008ae:	4653      	mov	r3, sl
100008b0:	4398      	bics	r0, r3
100008b2:	6886      	ldr	r6, [r0, #8]
100008b4:	42b1      	cmp	r1, r6
100008b6:	d108      	bne.n	100008ca <irq_remove_handler+0x92>
100008b8:	e07b      	b.n	100009b2 <irq_remove_handler+0x17a>
100008ba:	007b      	lsls	r3, r7, #1
100008bc:	19db      	adds	r3, r3, r7
100008be:	009b      	lsls	r3, r3, #2
100008c0:	18e3      	adds	r3, r4, r3
100008c2:	689e      	ldr	r6, [r3, #8]
100008c4:	42b1      	cmp	r1, r6
100008c6:	d036      	beq.n	10000936 <irq_remove_handler+0xfe>
100008c8:	0018      	movs	r0, r3
100008ca:	2706      	movs	r7, #6
100008cc:	57c7      	ldrsb	r7, [r0, r7]
100008ce:	2f00      	cmp	r7, #0
100008d0:	daf3      	bge.n	100008ba <irq_remove_handler+0x82>
100008d2:	42b1      	cmp	r1, r6
100008d4:	d059      	beq.n	1000098a <irq_remove_handler+0x152>
100008d6:	465b      	mov	r3, fp
100008d8:	2b00      	cmp	r3, #0
100008da:	d027      	beq.n	1000092c <irq_remove_handler+0xf4>
100008dc:	21c0      	movs	r1, #192	@ 0xc0
100008de:	4b43      	ldr	r3, [pc, #268]	@ (100009ec <irq_remove_handler+0x1b4>)
100008e0:	9801      	ldr	r0, [sp, #4]
100008e2:	0049      	lsls	r1, r1, #1
100008e4:	5058      	str	r0, [r3, r1]
100008e6:	6018      	str	r0, [r3, #0]
100008e8:	4b3d      	ldr	r3, [pc, #244]	@ (100009e0 <irq_remove_handler+0x1a8>)
100008ea:	689b      	ldr	r3, [r3, #8]
100008ec:	515a      	str	r2, [r3, r5]
100008ee:	f3bf 8f5f 	dmb	sy
100008f2:	f3bf 8f5f 	dmb	sy
100008f6:	2200      	movs	r2, #0
100008f8:	4b38      	ldr	r3, [pc, #224]	@ (100009dc <irq_remove_handler+0x1a4>)
100008fa:	601a      	str	r2, [r3, #0]
100008fc:	f38c 8810 	msr	PRIMASK, ip
10000900:	b003      	add	sp, #12
10000902:	bcf0      	pop	{r4, r5, r6, r7}
10000904:	46bb      	mov	fp, r7
10000906:	46b2      	mov	sl, r6
10000908:	46a9      	mov	r9, r5
1000090a:	46a0      	mov	r8, r4
1000090c:	bdf0      	pop	{r4, r5, r6, r7, pc}
1000090e:	0022      	movs	r2, r4
10000910:	e7ea      	b.n	100008e8 <irq_remove_handler+0xb0>
10000912:	0010      	movs	r0, r2
10000914:	4653      	mov	r3, sl
10000916:	4398      	bics	r0, r3
10000918:	6886      	ldr	r6, [r0, #8]
1000091a:	42b1      	cmp	r1, r6
1000091c:	d1d5      	bne.n	100008ca <irq_remove_handler+0x92>
1000091e:	2606      	movs	r6, #6
10000920:	5786      	ldrsb	r6, [r0, r6]
10000922:	0003      	movs	r3, r0
10000924:	2e00      	cmp	r6, #0
10000926:	da0a      	bge.n	1000093e <irq_remove_handler+0x106>
10000928:	464a      	mov	r2, r9
1000092a:	e036      	b.n	1000099a <irq_remove_handler+0x162>
1000092c:	2380      	movs	r3, #128	@ 0x80
1000092e:	492f      	ldr	r1, [pc, #188]	@ (100009ec <irq_remove_handler+0x1b4>)
10000930:	9801      	ldr	r0, [sp, #4]
10000932:	50c8      	str	r0, [r1, r3]
10000934:	e7d8      	b.n	100008e8 <irq_remove_handler+0xb0>
10000936:	2606      	movs	r6, #6
10000938:	579e      	ldrsb	r6, [r3, r6]
1000093a:	2e00      	cmp	r6, #0
1000093c:	db26      	blt.n	1000098c <irq_remove_handler+0x154>
1000093e:	0071      	lsls	r1, r6, #1
10000940:	1988      	adds	r0, r1, r6
10000942:	0080      	lsls	r0, r0, #2
10000944:	1827      	adds	r7, r4, r0
10000946:	46b8      	mov	r8, r7
10000948:	68bf      	ldr	r7, [r7, #8]
1000094a:	609f      	str	r7, [r3, #8]
1000094c:	4647      	mov	r7, r8
1000094e:	79ff      	ldrb	r7, [r7, #7]
10000950:	71df      	strb	r7, [r3, #7]
10000952:	4647      	mov	r7, r8
10000954:	79bf      	ldrb	r7, [r7, #6]
10000956:	b27f      	sxtb	r7, r7
10000958:	719f      	strb	r7, [r3, #6]
1000095a:	2f00      	cmp	r7, #0
1000095c:	db27      	blt.n	100009ae <irq_remove_handler+0x176>
1000095e:	4647      	mov	r7, r8
10000960:	88bf      	ldrh	r7, [r7, #4]
10000962:	057f      	lsls	r7, r7, #21
10000964:	153f      	asrs	r7, r7, #20
10000966:	46b8      	mov	r8, r7
10000968:	27e0      	movs	r7, #224	@ 0xe0
1000096a:	4480      	add	r8, r0
1000096c:	1ae0      	subs	r0, r4, r3
1000096e:	4440      	add	r0, r8
10000970:	0500      	lsls	r0, r0, #20
10000972:	0d40      	lsrs	r0, r0, #21
10000974:	023f      	lsls	r7, r7, #8
10000976:	4338      	orrs	r0, r7
10000978:	8098      	strh	r0, [r3, #4]
1000097a:	198b      	adds	r3, r1, r6
1000097c:	491c      	ldr	r1, [pc, #112]	@ (100009f0 <irq_remove_handler+0x1b8>)
1000097e:	009b      	lsls	r3, r3, #2
10000980:	7808      	ldrb	r0, [r1, #0]
10000982:	18e3      	adds	r3, r4, r3
10000984:	7198      	strb	r0, [r3, #6]
10000986:	700e      	strb	r6, [r1, #0]
10000988:	e7a5      	b.n	100008d6 <irq_remove_handler+0x9e>
1000098a:	0003      	movs	r3, r0
1000098c:	4641      	mov	r1, r8
1000098e:	2900      	cmp	r1, #0
10000990:	d114      	bne.n	100009bc <irq_remove_handler+0x184>
10000992:	31ff      	adds	r1, #255	@ 0xff
10000994:	7181      	strb	r1, [r0, #6]
10000996:	4917      	ldr	r1, [pc, #92]	@ (100009f4 <irq_remove_handler+0x1bc>)
10000998:	8081      	strh	r1, [r0, #4]
1000099a:	4815      	ldr	r0, [pc, #84]	@ (100009f0 <irq_remove_handler+0x1b8>)
1000099c:	7801      	ldrb	r1, [r0, #0]
1000099e:	7199      	strb	r1, [r3, #6]
100009a0:	4915      	ldr	r1, [pc, #84]	@ (100009f8 <irq_remove_handler+0x1c0>)
100009a2:	1b1b      	subs	r3, r3, r4
100009a4:	415b      	adcs	r3, r3
100009a6:	4359      	muls	r1, r3
100009a8:	0d09      	lsrs	r1, r1, #20
100009aa:	7001      	strb	r1, [r0, #0]
100009ac:	e793      	b.n	100008d6 <irq_remove_handler+0x9e>
100009ae:	4813      	ldr	r0, [pc, #76]	@ (100009fc <irq_remove_handler+0x1c4>)
100009b0:	e7e2      	b.n	10000978 <irq_remove_handler+0x140>
100009b2:	2606      	movs	r6, #6
100009b4:	5786      	ldrsb	r6, [r0, r6]
100009b6:	0003      	movs	r3, r0
100009b8:	2e00      	cmp	r6, #0
100009ba:	dac0      	bge.n	1000093e <irq_remove_handler+0x106>
100009bc:	4910      	ldr	r1, [pc, #64]	@ (10000a00 <irq_remove_handler+0x1c8>)
100009be:	4811      	ldr	r0, [pc, #68]	@ (10000a04 <irq_remove_handler+0x1cc>)
100009c0:	1ac9      	subs	r1, r1, r3
100009c2:	3908      	subs	r1, #8
100009c4:	024c      	lsls	r4, r1, #9
100009c6:	0d64      	lsrs	r4, r4, #21
100009c8:	4320      	orrs	r0, r4
100009ca:	8098      	strh	r0, [r3, #4]
100009cc:	480e      	ldr	r0, [pc, #56]	@ (10000a08 <irq_remove_handler+0x1d0>)
100009ce:	0849      	lsrs	r1, r1, #1
100009d0:	4301      	orrs	r1, r0
100009d2:	80d9      	strh	r1, [r3, #6]
100009d4:	e77f      	b.n	100008d6 <irq_remove_handler+0x9e>
100009d6:	f000 ff07 	bl	100017e8 <hard_assertion_failure>
100009da:	46c0      	nop			@ (mov r8, r8)
100009dc:	d0000124 	.word	0xd0000124
100009e0:	e000ed00 	.word	0xe000ed00
100009e4:	100001c1 	.word	0x100001c1
100009e8:	200004bc 	.word	0x200004bc
100009ec:	e000e100 	.word	0xe000e100
100009f0:	200013b9 	.word	0x200013b9
100009f4:	ffffbd01 	.word	0xffffbd01
100009f8:	0000aaaa 	.word	0x0000aaaa
100009fc:	0000bd01 	.word	0x0000bd01
10000a00:	200004f6 	.word	0x200004f6
10000a04:	fffff000 	.word	0xfffff000
10000a08:	fffff800 	.word	0xfffff800

10000a0c <irq_set_priority>:
10000a0c:	b510      	push	{r4, lr}
10000a0e:	0883      	lsrs	r3, r0, #2
10000a10:	0004      	movs	r4, r0
10000a12:	2003      	movs	r0, #3
10000a14:	4020      	ands	r0, r4
10000a16:	24ff      	movs	r4, #255	@ 0xff
10000a18:	4a05      	ldr	r2, [pc, #20]	@ (10000a30 <irq_set_priority+0x24>)
10000a1a:	00c0      	lsls	r0, r0, #3
10000a1c:	4694      	mov	ip, r2
10000a1e:	4084      	lsls	r4, r0
10000a20:	4081      	lsls	r1, r0
10000a22:	009b      	lsls	r3, r3, #2
10000a24:	4463      	add	r3, ip
10000a26:	681a      	ldr	r2, [r3, #0]
10000a28:	43a2      	bics	r2, r4
10000a2a:	430a      	orrs	r2, r1
10000a2c:	601a      	str	r2, [r3, #0]
10000a2e:	bd10      	pop	{r4, pc}
10000a30:	e000e400 	.word	0xe000e400

10000a34 <irq_add_tail_to_free_list>:
10000a34:	b570      	push	{r4, r5, r6, lr}
10000a36:	2401      	movs	r4, #1
10000a38:	4304      	orrs	r4, r0
10000a3a:	f3ef 8105 	mrs	r1, IPSR
10000a3e:	f3ef 8c10 	mrs	ip, PRIMASK
10000a42:	b672      	cpsid	i
10000a44:	4a21      	ldr	r2, [pc, #132]	@ (10000acc <irq_add_tail_to_free_list+0x98>)
10000a46:	6813      	ldr	r3, [r2, #0]
10000a48:	2b00      	cmp	r3, #0
10000a4a:	d0fc      	beq.n	10000a46 <irq_add_tail_to_free_list+0x12>
10000a4c:	f3bf 8f5f 	dmb	sy
10000a50:	4b1f      	ldr	r3, [pc, #124]	@ (10000ad0 <irq_add_tail_to_free_list+0x9c>)
10000a52:	0005      	movs	r5, r0
10000a54:	4a1f      	ldr	r2, [pc, #124]	@ (10000ad4 <irq_add_tail_to_free_list+0xa0>)
10000a56:	1aed      	subs	r5, r5, r3
10000a58:	416d      	adcs	r5, r5
10000a5a:	436a      	muls	r2, r5
10000a5c:	0d12      	lsrs	r2, r2, #20
10000a5e:	4d1e      	ldr	r5, [pc, #120]	@ (10000ad8 <irq_add_tail_to_free_list+0xa4>)
10000a60:	0089      	lsls	r1, r1, #2
10000a62:	68ae      	ldr	r6, [r5, #8]
10000a64:	b252      	sxtb	r2, r2
10000a66:	5876      	ldr	r6, [r6, r1]
10000a68:	42a6      	cmp	r6, r4
10000a6a:	d01c      	beq.n	10000aa6 <irq_add_tail_to_free_list+0x72>
10000a6c:	2106      	movs	r1, #6
10000a6e:	5659      	ldrsb	r1, [r3, r1]
10000a70:	4291      	cmp	r1, r2
10000a72:	d01c      	beq.n	10000aae <irq_add_tail_to_free_list+0x7a>
10000a74:	2112      	movs	r1, #18
10000a76:	5659      	ldrsb	r1, [r3, r1]
10000a78:	4291      	cmp	r1, r2
10000a7a:	d022      	beq.n	10000ac2 <irq_add_tail_to_free_list+0x8e>
10000a7c:	211e      	movs	r1, #30
10000a7e:	5659      	ldrsb	r1, [r3, r1]
10000a80:	4291      	cmp	r1, r2
10000a82:	d020      	beq.n	10000ac6 <irq_add_tail_to_free_list+0x92>
10000a84:	212a      	movs	r1, #42	@ 0x2a
10000a86:	5659      	ldrsb	r1, [r3, r1]
10000a88:	2403      	movs	r4, #3
10000a8a:	4291      	cmp	r1, r2
10000a8c:	d010      	beq.n	10000ab0 <irq_add_tail_to_free_list+0x7c>
10000a8e:	4b13      	ldr	r3, [pc, #76]	@ (10000adc <irq_add_tail_to_free_list+0xa8>)
10000a90:	7819      	ldrb	r1, [r3, #0]
10000a92:	701a      	strb	r2, [r3, #0]
10000a94:	7181      	strb	r1, [r0, #6]
10000a96:	f3bf 8f5f 	dmb	sy
10000a9a:	2200      	movs	r2, #0
10000a9c:	4b0b      	ldr	r3, [pc, #44]	@ (10000acc <irq_add_tail_to_free_list+0x98>)
10000a9e:	601a      	str	r2, [r3, #0]
10000aa0:	f38c 8810 	msr	PRIMASK, ip
10000aa4:	bd70      	pop	{r4, r5, r6, pc}
10000aa6:	68ab      	ldr	r3, [r5, #8]
10000aa8:	4c0d      	ldr	r4, [pc, #52]	@ (10000ae0 <irq_add_tail_to_free_list+0xac>)
10000aaa:	505c      	str	r4, [r3, r1]
10000aac:	e7ef      	b.n	10000a8e <irq_add_tail_to_free_list+0x5a>
10000aae:	2400      	movs	r4, #0
10000ab0:	0061      	lsls	r1, r4, #1
10000ab2:	1909      	adds	r1, r1, r4
10000ab4:	0089      	lsls	r1, r1, #2
10000ab6:	185b      	adds	r3, r3, r1
10000ab8:	21ff      	movs	r1, #255	@ 0xff
10000aba:	7199      	strb	r1, [r3, #6]
10000abc:	4909      	ldr	r1, [pc, #36]	@ (10000ae4 <irq_add_tail_to_free_list+0xb0>)
10000abe:	8099      	strh	r1, [r3, #4]
10000ac0:	e7e5      	b.n	10000a8e <irq_add_tail_to_free_list+0x5a>
10000ac2:	2401      	movs	r4, #1
10000ac4:	e7f4      	b.n	10000ab0 <irq_add_tail_to_free_list+0x7c>
10000ac6:	2402      	movs	r4, #2
10000ac8:	e7f2      	b.n	10000ab0 <irq_add_tail_to_free_list+0x7c>
10000aca:	46c0      	nop			@ (mov r8, r8)
10000acc:	d0000124 	.word	0xd0000124
10000ad0:	200004bc 	.word	0x200004bc
10000ad4:	0000aaaa 	.word	0x0000aaaa
10000ad8:	e000ed00 	.word	0xe000ed00
10000adc:	200013b9 	.word	0x200013b9
10000ae0:	100001c1 	.word	0x100001c1
10000ae4:	ffffbd01 	.word	0xffffbd01

10000ae8 <user_irq_unclaim>:
10000ae8:	211f      	movs	r1, #31
10000aea:	b510      	push	{r4, lr}
10000aec:	1a09      	subs	r1, r1, r0
10000aee:	4802      	ldr	r0, [pc, #8]	@ (10000af8 <user_irq_unclaim+0x10>)
10000af0:	f7ff fd2a 	bl	10000548 <hw_claim_clear>
10000af4:	bd10      	pop	{r4, pc}
10000af6:	46c0      	nop			@ (mov r8, r8)
10000af8:	200013ba 	.word	0x200013ba

10000afc <user_irq_claim_unused>:
10000afc:	b510      	push	{r4, lr}
10000afe:	4b08      	ldr	r3, [pc, #32]	@ (10000b20 <user_irq_claim_unused+0x24>)
10000b00:	4c08      	ldr	r4, [pc, #32]	@ (10000b24 <user_irq_claim_unused+0x28>)
10000b02:	b082      	sub	sp, #8
10000b04:	0001      	movs	r1, r0
10000b06:	9300      	str	r3, [sp, #0]
10000b08:	2200      	movs	r2, #0
10000b0a:	2305      	movs	r3, #5
10000b0c:	0020      	movs	r0, r4
10000b0e:	f7ff fccd 	bl	100004ac <hw_claim_unused_from_range>
10000b12:	2800      	cmp	r0, #0
10000b14:	db01      	blt.n	10000b1a <user_irq_claim_unused+0x1e>
10000b16:	231f      	movs	r3, #31
10000b18:	1a18      	subs	r0, r3, r0
10000b1a:	b002      	add	sp, #8
10000b1c:	bd10      	pop	{r4, pc}
10000b1e:	46c0      	nop			@ (mov r8, r8)
10000b20:	10007bc0 	.word	0x10007bc0
10000b24:	200013ba 	.word	0x200013ba

10000b28 <sem_init>:
10000b28:	b570      	push	{r4, r5, r6, lr}
10000b2a:	0004      	movs	r4, r0
10000b2c:	000e      	movs	r6, r1
10000b2e:	0015      	movs	r5, r2
10000b30:	f7ff fd26 	bl	10000580 <next_striped_spin_lock_num>
10000b34:	0001      	movs	r1, r0
10000b36:	0020      	movs	r0, r4
10000b38:	f000 f806 	bl	10000b48 <lock_init>
10000b3c:	80a6      	strh	r6, [r4, #4]
10000b3e:	80e5      	strh	r5, [r4, #6]
10000b40:	f3bf 8f5f 	dmb	sy
10000b44:	bd70      	pop	{r4, r5, r6, pc}
10000b46:	46c0      	nop			@ (mov r8, r8)

10000b48 <lock_init>:
10000b48:	4b02      	ldr	r3, [pc, #8]	@ (10000b54 <lock_init+0xc>)
10000b4a:	469c      	mov	ip, r3
10000b4c:	4461      	add	r1, ip
10000b4e:	0089      	lsls	r1, r1, #2
10000b50:	6001      	str	r1, [r0, #0]
10000b52:	4770      	bx	lr
10000b54:	34000040 	.word	0x34000040

10000b58 <runtime_init_mutex>:
10000b58:	b5f8      	push	{r3, r4, r5, r6, r7, lr}
10000b5a:	4d13      	ldr	r5, [pc, #76]	@ (10000ba8 <runtime_init_mutex+0x50>)
10000b5c:	4e13      	ldr	r6, [pc, #76]	@ (10000bac <runtime_init_mutex+0x54>)
10000b5e:	002c      	movs	r4, r5
10000b60:	27ff      	movs	r7, #255	@ 0xff
10000b62:	42b5      	cmp	r5, r6
10000b64:	d21e      	bcs.n	10000ba4 <runtime_init_mutex+0x4c>
10000b66:	6823      	ldr	r3, [r4, #0]
10000b68:	2b00      	cmp	r3, #0
10000b6a:	d00f      	beq.n	10000b8c <runtime_init_mutex+0x34>
10000b6c:	f7ff fd08 	bl	10000580 <next_striped_spin_lock_num>
10000b70:	0001      	movs	r1, r0
10000b72:	0028      	movs	r0, r5
10000b74:	f7ff ffe8 	bl	10000b48 <lock_init>
10000b78:	80a7      	strh	r7, [r4, #4]
10000b7a:	f3bf 8f5f 	dmb	sy
10000b7e:	3408      	adds	r4, #8
10000b80:	42b4      	cmp	r4, r6
10000b82:	d20f      	bcs.n	10000ba4 <runtime_init_mutex+0x4c>
10000b84:	6823      	ldr	r3, [r4, #0]
10000b86:	0025      	movs	r5, r4
10000b88:	2b00      	cmp	r3, #0
10000b8a:	d1ef      	bne.n	10000b6c <runtime_init_mutex+0x14>
10000b8c:	f7ff fcf8 	bl	10000580 <next_striped_spin_lock_num>
10000b90:	0001      	movs	r1, r0
10000b92:	0028      	movs	r0, r5
10000b94:	f7ff ffd8 	bl	10000b48 <lock_init>
10000b98:	7127      	strb	r7, [r4, #4]
10000b9a:	f3bf 8f5f 	dmb	sy
10000b9e:	3408      	adds	r4, #8
10000ba0:	42b4      	cmp	r4, r6
10000ba2:	d3ef      	bcc.n	10000b84 <runtime_init_mutex+0x2c>
10000ba4:	bdf8      	pop	{r3, r4, r5, r6, r7, pc}
10000ba6:	46c0      	nop			@ (mov r8, r8)
10000ba8:	20000568 	.word	0x20000568
10000bac:	20000570 	.word	0x20000570

10000bb0 <recursive_mutex_init>:
10000bb0:	b510      	push	{r4, lr}
10000bb2:	0004      	movs	r4, r0
10000bb4:	f7ff fce4 	bl	10000580 <next_striped_spin_lock_num>
10000bb8:	0001      	movs	r1, r0
10000bba:	0020      	movs	r0, r4
10000bbc:	f7ff ffc4 	bl	10000b48 <lock_init>
10000bc0:	23ff      	movs	r3, #255	@ 0xff
10000bc2:	80a3      	strh	r3, [r4, #4]
10000bc4:	f3bf 8f5f 	dmb	sy
10000bc8:	bd10      	pop	{r4, pc}
10000bca:	46c0      	nop			@ (mov r8, r8)

10000bcc <sleep_until_callback>:
10000bcc:	bf40      	sev
10000bce:	2000      	movs	r0, #0
10000bd0:	2100      	movs	r1, #0
10000bd2:	4770      	bx	lr

10000bd4 <alarm_pool_irq_handler>:
10000bd4:	b5f0      	push	{r4, r5, r6, r7, lr}
10000bd6:	46de      	mov	lr, fp
10000bd8:	4657      	mov	r7, sl
10000bda:	464e      	mov	r6, r9
10000bdc:	4645      	mov	r5, r8
10000bde:	b5e0      	push	{r5, r6, r7, lr}
10000be0:	b083      	sub	sp, #12
10000be2:	f3ef 8205 	mrs	r2, IPSR
10000be6:	2303      	movs	r3, #3
10000be8:	4013      	ands	r3, r2
10000bea:	4ab2      	ldr	r2, [pc, #712]	@ (10000eb4 <alarm_pool_irq_handler+0x2e0>)
10000bec:	0099      	lsls	r1, r3, #2
10000bee:	5852      	ldr	r2, [r2, r1]
10000bf0:	9101      	str	r1, [sp, #4]
10000bf2:	4690      	mov	r8, r2
10000bf4:	2201      	movs	r2, #1
10000bf6:	409a      	lsls	r2, r3
10000bf8:	4baf      	ldr	r3, [pc, #700]	@ (10000eb8 <alarm_pool_irq_handler+0x2e4>)
10000bfa:	9200      	str	r2, [sp, #0]
10000bfc:	601a      	str	r2, [r3, #0]
10000bfe:	2308      	movs	r3, #8
10000c00:	4443      	add	r3, r8
10000c02:	4699      	mov	r9, r3
10000c04:	9b00      	ldr	r3, [sp, #0]
10000c06:	48ad      	ldr	r0, [pc, #692]	@ (10000ebc <alarm_pool_irq_handler+0x2e8>)
10000c08:	6343      	str	r3, [r0, #52]	@ 0x34
10000c0a:	4643      	mov	r3, r8
10000c0c:	2208      	movs	r2, #8
10000c0e:	5e9b      	ldrsh	r3, [r3, r2]
10000c10:	469a      	mov	sl, r3
10000c12:	2b00      	cmp	r3, #0
10000c14:	db00      	blt.n	10000c18 <alarm_pool_irq_handler+0x44>
10000c16:	e0bd      	b.n	10000d94 <alarm_pool_irq_handler+0x1c0>
10000c18:	4643      	mov	r3, r8
10000c1a:	889b      	ldrh	r3, [r3, #4]
10000c1c:	b21b      	sxth	r3, r3
10000c1e:	2b00      	cmp	r3, #0
10000c20:	da00      	bge.n	10000c24 <alarm_pool_irq_handler+0x50>
10000c22:	e12b      	b.n	10000e7c <alarm_pool_irq_handler+0x2a8>
10000c24:	4643      	mov	r3, r8
10000c26:	691b      	ldr	r3, [r3, #16]
10000c28:	f3ef 8210 	mrs	r2, PRIMASK
10000c2c:	b672      	cpsid	i
10000c2e:	6819      	ldr	r1, [r3, #0]
10000c30:	2900      	cmp	r1, #0
10000c32:	d0fc      	beq.n	10000c2e <alarm_pool_irq_handler+0x5a>
10000c34:	f3bf 8f5f 	dmb	sy
10000c38:	4643      	mov	r3, r8
10000c3a:	889e      	ldrh	r6, [r3, #4]
10000c3c:	2301      	movs	r3, #1
10000c3e:	4641      	mov	r1, r8
10000c40:	425b      	negs	r3, r3
10000c42:	808b      	strh	r3, [r1, #4]
10000c44:	b236      	sxth	r6, r6
10000c46:	690b      	ldr	r3, [r1, #16]
10000c48:	f3bf 8f5f 	dmb	sy
10000c4c:	2100      	movs	r1, #0
10000c4e:	6019      	str	r1, [r3, #0]
10000c50:	f382 8810 	msr	PRIMASK, r2
10000c54:	2e00      	cmp	r6, #0
10000c56:	db24      	blt.n	10000ca2 <alarm_pool_irq_handler+0xce>
10000c58:	4643      	mov	r3, r8
10000c5a:	695d      	ldr	r5, [r3, #20]
10000c5c:	0074      	lsls	r4, r6, #1
10000c5e:	19a4      	adds	r4, r4, r6
10000c60:	00e4      	lsls	r4, r4, #3
10000c62:	192c      	adds	r4, r5, r4
10000c64:	68a3      	ldr	r3, [r4, #8]
10000c66:	4649      	mov	r1, r9
10000c68:	469a      	mov	sl, r3
10000c6a:	4643      	mov	r3, r8
10000c6c:	2208      	movs	r2, #8
10000c6e:	5e9a      	ldrsh	r2, [r3, r2]
10000c70:	68e0      	ldr	r0, [r4, #12]
10000c72:	2a00      	cmp	r2, #0
10000c74:	da08      	bge.n	10000c88 <alarm_pool_irq_handler+0xb4>
10000c76:	e00e      	b.n	10000c96 <alarm_pool_irq_handler+0xc2>
10000c78:	4287      	cmp	r7, r0
10000c7a:	d100      	bne.n	10000c7e <alarm_pool_irq_handler+0xaa>
10000c7c:	e07e      	b.n	10000d7c <alarm_pool_irq_handler+0x1a8>
10000c7e:	0019      	movs	r1, r3
10000c80:	2300      	movs	r3, #0
10000c82:	5eca      	ldrsh	r2, [r1, r3]
10000c84:	2a00      	cmp	r2, #0
10000c86:	db06      	blt.n	10000c96 <alarm_pool_irq_handler+0xc2>
10000c88:	0053      	lsls	r3, r2, #1
10000c8a:	189b      	adds	r3, r3, r2
10000c8c:	00db      	lsls	r3, r3, #3
10000c8e:	18eb      	adds	r3, r5, r3
10000c90:	68df      	ldr	r7, [r3, #12]
10000c92:	4287      	cmp	r7, r0
10000c94:	ddf0      	ble.n	10000c78 <alarm_pool_irq_handler+0xa4>
10000c96:	800e      	strh	r6, [r1, #0]
10000c98:	2300      	movs	r3, #0
10000c9a:	5ee6      	ldrsh	r6, [r4, r3]
10000c9c:	8022      	strh	r2, [r4, #0]
10000c9e:	2e00      	cmp	r6, #0
10000ca0:	dadc      	bge.n	10000c5c <alarm_pool_irq_handler+0x88>
10000ca2:	4643      	mov	r3, r8
10000ca4:	2108      	movs	r1, #8
10000ca6:	5e59      	ldrsh	r1, [r3, r1]
10000ca8:	2900      	cmp	r1, #0
10000caa:	da00      	bge.n	10000cae <alarm_pool_irq_handler+0xda>
10000cac:	e0e6      	b.n	10000e7c <alarm_pool_irq_handler+0x2a8>
10000cae:	4643      	mov	r3, r8
10000cb0:	4882      	ldr	r0, [pc, #520]	@ (10000ebc <alarm_pool_irq_handler+0x2e8>)
10000cb2:	695a      	ldr	r2, [r3, #20]
10000cb4:	4684      	mov	ip, r0
10000cb6:	004b      	lsls	r3, r1, #1
10000cb8:	185b      	adds	r3, r3, r1
10000cba:	9901      	ldr	r1, [sp, #4]
10000cbc:	00db      	lsls	r3, r3, #3
10000cbe:	18d3      	adds	r3, r2, r3
10000cc0:	4461      	add	r1, ip
10000cc2:	6a82      	ldr	r2, [r0, #40]	@ 0x28
10000cc4:	689d      	ldr	r5, [r3, #8]
10000cc6:	68dc      	ldr	r4, [r3, #12]
10000cc8:	690b      	ldr	r3, [r1, #16]
10000cca:	1aae      	subs	r6, r5, r2
10000ccc:	1a9b      	subs	r3, r3, r2
10000cce:	429e      	cmp	r6, r3
10000cd0:	d319      	bcc.n	10000d06 <alarm_pool_irq_handler+0x132>
10000cd2:	6a03      	ldr	r3, [r0, #32]
10000cd4:	9a00      	ldr	r2, [sp, #0]
10000cd6:	421a      	tst	r2, r3
10000cd8:	d015      	beq.n	10000d06 <alarm_pool_irq_handler+0x132>
10000cda:	4643      	mov	r3, r8
10000cdc:	799b      	ldrb	r3, [r3, #6]
10000cde:	2b00      	cmp	r3, #0
10000ce0:	d116      	bne.n	10000d10 <alarm_pool_irq_handler+0x13c>
10000ce2:	4876      	ldr	r0, [pc, #472]	@ (10000ebc <alarm_pool_irq_handler+0x2e8>)
10000ce4:	f000 fbca 	bl	1000147c <timer_time_us_64>
10000ce8:	428c      	cmp	r4, r1
10000cea:	dc04      	bgt.n	10000cf6 <alarm_pool_irq_handler+0x122>
10000cec:	d000      	beq.n	10000cf0 <alarm_pool_irq_handler+0x11c>
10000cee:	e789      	b.n	10000c04 <alarm_pool_irq_handler+0x30>
10000cf0:	4285      	cmp	r5, r0
10000cf2:	d800      	bhi.n	10000cf6 <alarm_pool_irq_handler+0x122>
10000cf4:	e786      	b.n	10000c04 <alarm_pool_irq_handler+0x30>
10000cf6:	bf40      	sev
10000cf8:	b003      	add	sp, #12
10000cfa:	bcf0      	pop	{r4, r5, r6, r7}
10000cfc:	46bb      	mov	fp, r7
10000cfe:	46b2      	mov	sl, r6
10000d00:	46a9      	mov	r9, r5
10000d02:	46a0      	mov	r8, r4
10000d04:	bdf0      	pop	{r4, r5, r6, r7, pc}
10000d06:	4643      	mov	r3, r8
10000d08:	610d      	str	r5, [r1, #16]
10000d0a:	799b      	ldrb	r3, [r3, #6]
10000d0c:	2b00      	cmp	r3, #0
10000d0e:	d0e8      	beq.n	10000ce2 <alarm_pool_irq_handler+0x10e>
10000d10:	2300      	movs	r3, #0
10000d12:	4642      	mov	r2, r8
10000d14:	7193      	strb	r3, [r2, #6]
10000d16:	4643      	mov	r3, r8
10000d18:	2208      	movs	r2, #8
10000d1a:	5e9a      	ldrsh	r2, [r3, r2]
10000d1c:	4648      	mov	r0, r9
10000d1e:	1c53      	adds	r3, r2, #1
10000d20:	d0df      	beq.n	10000ce2 <alarm_pool_irq_handler+0x10e>
10000d22:	4647      	mov	r7, r8
10000d24:	2600      	movs	r6, #0
10000d26:	46a8      	mov	r8, r5
10000d28:	46a3      	mov	fp, r4
10000d2a:	e002      	b.n	10000d32 <alarm_pool_irq_handler+0x15e>
10000d2c:	0008      	movs	r0, r1
10000d2e:	1c53      	adds	r3, r2, #1
10000d30:	d020      	beq.n	10000d74 <alarm_pool_irq_handler+0x1a0>
10000d32:	0053      	lsls	r3, r2, #1
10000d34:	697d      	ldr	r5, [r7, #20]
10000d36:	189b      	adds	r3, r3, r2
10000d38:	00db      	lsls	r3, r3, #3
10000d3a:	18e9      	adds	r1, r5, r3
10000d3c:	0014      	movs	r4, r2
10000d3e:	5eea      	ldrsh	r2, [r5, r3]
10000d40:	884b      	ldrh	r3, [r1, #2]
10000d42:	b21b      	sxth	r3, r3
10000d44:	2b00      	cmp	r3, #0
10000d46:	daf1      	bge.n	10000d2c <alarm_pool_irq_handler+0x158>
10000d48:	8002      	strh	r2, [r0, #0]
10000d4a:	693b      	ldr	r3, [r7, #16]
10000d4c:	f3ef 8a10 	mrs	sl, PRIMASK
10000d50:	b672      	cpsid	i
10000d52:	001d      	movs	r5, r3
10000d54:	682b      	ldr	r3, [r5, #0]
10000d56:	2b00      	cmp	r3, #0
10000d58:	d0fc      	beq.n	10000d54 <alarm_pool_irq_handler+0x180>
10000d5a:	f3bf 8f5f 	dmb	sy
10000d5e:	887b      	ldrh	r3, [r7, #2]
10000d60:	800b      	strh	r3, [r1, #0]
10000d62:	693b      	ldr	r3, [r7, #16]
10000d64:	807c      	strh	r4, [r7, #2]
10000d66:	f3bf 8f5f 	dmb	sy
10000d6a:	601e      	str	r6, [r3, #0]
10000d6c:	f38a 8810 	msr	PRIMASK, sl
10000d70:	1c53      	adds	r3, r2, #1
10000d72:	d1de      	bne.n	10000d32 <alarm_pool_irq_handler+0x15e>
10000d74:	4645      	mov	r5, r8
10000d76:	465c      	mov	r4, fp
10000d78:	46b8      	mov	r8, r7
10000d7a:	e7b2      	b.n	10000ce2 <alarm_pool_irq_handler+0x10e>
10000d7c:	689f      	ldr	r7, [r3, #8]
10000d7e:	4557      	cmp	r7, sl
10000d80:	d800      	bhi.n	10000d84 <alarm_pool_irq_handler+0x1b0>
10000d82:	e77c      	b.n	10000c7e <alarm_pool_irq_handler+0xaa>
10000d84:	800e      	strh	r6, [r1, #0]
10000d86:	2300      	movs	r3, #0
10000d88:	5ee6      	ldrsh	r6, [r4, r3]
10000d8a:	8022      	strh	r2, [r4, #0]
10000d8c:	2e00      	cmp	r6, #0
10000d8e:	db00      	blt.n	10000d92 <alarm_pool_irq_handler+0x1be>
10000d90:	e764      	b.n	10000c5c <alarm_pool_irq_handler+0x88>
10000d92:	e786      	b.n	10000ca2 <alarm_pool_irq_handler+0xce>
10000d94:	4642      	mov	r2, r8
10000d96:	6952      	ldr	r2, [r2, #20]
10000d98:	005b      	lsls	r3, r3, #1
10000d9a:	4693      	mov	fp, r2
10000d9c:	4453      	add	r3, sl
10000d9e:	00db      	lsls	r3, r3, #3
10000da0:	449b      	add	fp, r3
10000da2:	465b      	mov	r3, fp
10000da4:	689e      	ldr	r6, [r3, #8]
10000da6:	68df      	ldr	r7, [r3, #12]
10000da8:	f000 fb68 	bl	1000147c <timer_time_us_64>
10000dac:	428f      	cmp	r7, r1
10000dae:	dc2a      	bgt.n	10000e06 <alarm_pool_irq_handler+0x232>
10000db0:	d030      	beq.n	10000e14 <alarm_pool_irq_handler+0x240>
10000db2:	465b      	mov	r3, fp
10000db4:	691b      	ldr	r3, [r3, #16]
10000db6:	2b02      	cmp	r3, #2
10000db8:	d032      	beq.n	10000e20 <alarm_pool_irq_handler+0x24c>
10000dba:	4640      	mov	r0, r8
10000dbc:	465a      	mov	r2, fp
10000dbe:	4659      	mov	r1, fp
10000dc0:	2408      	movs	r4, #8
10000dc2:	5f00      	ldrsh	r0, [r0, r4]
10000dc4:	8852      	ldrh	r2, [r2, #2]
10000dc6:	0400      	lsls	r0, r0, #16
10000dc8:	6949      	ldr	r1, [r1, #20]
10000dca:	4310      	orrs	r0, r2
10000dcc:	4798      	blx	r3
10000dce:	0004      	movs	r4, r0
10000dd0:	000d      	movs	r5, r1
10000dd2:	0023      	movs	r3, r4
10000dd4:	432b      	orrs	r3, r5
10000dd6:	d02f      	beq.n	10000e38 <alarm_pool_irq_handler+0x264>
10000dd8:	2d00      	cmp	r5, #0
10000dda:	da49      	bge.n	10000e70 <alarm_pool_irq_handler+0x29c>
10000ddc:	0030      	movs	r0, r6
10000dde:	0039      	movs	r1, r7
10000de0:	1b00      	subs	r0, r0, r4
10000de2:	41a9      	sbcs	r1, r5
10000de4:	465b      	mov	r3, fp
10000de6:	6098      	str	r0, [r3, #8]
10000de8:	60d9      	str	r1, [r3, #12]
10000dea:	2200      	movs	r2, #0
10000dec:	5e9a      	ldrsh	r2, [r3, r2]
10000dee:	2a00      	cmp	r2, #0
10000df0:	db09      	blt.n	10000e06 <alarm_pool_irq_handler+0x232>
10000df2:	4643      	mov	r3, r8
10000df4:	695d      	ldr	r5, [r3, #20]
10000df6:	0053      	lsls	r3, r2, #1
10000df8:	189c      	adds	r4, r3, r2
10000dfa:	00e4      	lsls	r4, r4, #3
10000dfc:	192c      	adds	r4, r5, r4
10000dfe:	68a7      	ldr	r7, [r4, #8]
10000e00:	68e4      	ldr	r4, [r4, #12]
10000e02:	428c      	cmp	r4, r1
10000e04:	dd5c      	ble.n	10000ec0 <alarm_pool_irq_handler+0x2ec>
10000e06:	4643      	mov	r3, r8
10000e08:	889b      	ldrh	r3, [r3, #4]
10000e0a:	b21b      	sxth	r3, r3
10000e0c:	2b00      	cmp	r3, #0
10000e0e:	da00      	bge.n	10000e12 <alarm_pool_irq_handler+0x23e>
10000e10:	e747      	b.n	10000ca2 <alarm_pool_irq_handler+0xce>
10000e12:	e707      	b.n	10000c24 <alarm_pool_irq_handler+0x50>
10000e14:	4286      	cmp	r6, r0
10000e16:	d8f6      	bhi.n	10000e06 <alarm_pool_irq_handler+0x232>
10000e18:	465b      	mov	r3, fp
10000e1a:	691b      	ldr	r3, [r3, #16]
10000e1c:	2b02      	cmp	r3, #2
10000e1e:	d1cc      	bne.n	10000dba <alarm_pool_irq_handler+0x1e6>
10000e20:	465b      	mov	r3, fp
10000e22:	695c      	ldr	r4, [r3, #20]
10000e24:	0020      	movs	r0, r4
10000e26:	6923      	ldr	r3, [r4, #16]
10000e28:	4798      	blx	r3
10000e2a:	2800      	cmp	r0, #0
10000e2c:	d004      	beq.n	10000e38 <alarm_pool_irq_handler+0x264>
10000e2e:	6865      	ldr	r5, [r4, #4]
10000e30:	6824      	ldr	r4, [r4, #0]
10000e32:	0023      	movs	r3, r4
10000e34:	432b      	orrs	r3, r5
10000e36:	d1cf      	bne.n	10000dd8 <alarm_pool_irq_handler+0x204>
10000e38:	465b      	mov	r3, fp
10000e3a:	4642      	mov	r2, r8
10000e3c:	881b      	ldrh	r3, [r3, #0]
10000e3e:	8113      	strh	r3, [r2, #8]
10000e40:	6912      	ldr	r2, [r2, #16]
10000e42:	f3ef 8310 	mrs	r3, PRIMASK
10000e46:	b672      	cpsid	i
10000e48:	6811      	ldr	r1, [r2, #0]
10000e4a:	2900      	cmp	r1, #0
10000e4c:	d0fc      	beq.n	10000e48 <alarm_pool_irq_handler+0x274>
10000e4e:	f3bf 8f5f 	dmb	sy
10000e52:	4642      	mov	r2, r8
10000e54:	4659      	mov	r1, fp
10000e56:	8852      	ldrh	r2, [r2, #2]
10000e58:	800a      	strh	r2, [r1, #0]
10000e5a:	4642      	mov	r2, r8
10000e5c:	4651      	mov	r1, sl
10000e5e:	8051      	strh	r1, [r2, #2]
10000e60:	6912      	ldr	r2, [r2, #16]
10000e62:	f3bf 8f5f 	dmb	sy
10000e66:	2100      	movs	r1, #0
10000e68:	6011      	str	r1, [r2, #0]
10000e6a:	f383 8810 	msr	PRIMASK, r3
10000e6e:	e7ca      	b.n	10000e06 <alarm_pool_irq_handler+0x232>
10000e70:	4812      	ldr	r0, [pc, #72]	@ (10000ebc <alarm_pool_irq_handler+0x2e8>)
10000e72:	f000 fb03 	bl	1000147c <timer_time_us_64>
10000e76:	1900      	adds	r0, r0, r4
10000e78:	4169      	adcs	r1, r5
10000e7a:	e7b3      	b.n	10000de4 <alarm_pool_irq_handler+0x210>
10000e7c:	4c0f      	ldr	r4, [pc, #60]	@ (10000ebc <alarm_pool_irq_handler+0x2e8>)
10000e7e:	0020      	movs	r0, r4
10000e80:	f000 fafc 	bl	1000147c <timer_time_us_64>
10000e84:	2280      	movs	r2, #128	@ 0x80
10000e86:	2300      	movs	r3, #0
10000e88:	46a4      	mov	ip, r4
10000e8a:	0612      	lsls	r2, r2, #24
10000e8c:	1880      	adds	r0, r0, r2
10000e8e:	4159      	adcs	r1, r3
10000e90:	9a01      	ldr	r2, [sp, #4]
10000e92:	6aa5      	ldr	r5, [r4, #40]	@ 0x28
10000e94:	4462      	add	r2, ip
10000e96:	6913      	ldr	r3, [r2, #16]
10000e98:	1b46      	subs	r6, r0, r5
10000e9a:	1b5b      	subs	r3, r3, r5
10000e9c:	429e      	cmp	r6, r3
10000e9e:	d201      	bcs.n	10000ea4 <alarm_pool_irq_handler+0x2d0>
10000ea0:	6110      	str	r0, [r2, #16]
10000ea2:	e728      	b.n	10000cf6 <alarm_pool_irq_handler+0x122>
10000ea4:	6a23      	ldr	r3, [r4, #32]
10000ea6:	9c00      	ldr	r4, [sp, #0]
10000ea8:	421c      	tst	r4, r3
10000eaa:	d000      	beq.n	10000eae <alarm_pool_irq_handler+0x2da>
10000eac:	e723      	b.n	10000cf6 <alarm_pool_irq_handler+0x122>
10000eae:	6110      	str	r0, [r2, #16]
10000eb0:	e721      	b.n	10000cf6 <alarm_pool_irq_handler+0x122>
10000eb2:	46c0      	nop			@ (mov r8, r8)
10000eb4:	20001290 	.word	0x20001290
10000eb8:	4005703c 	.word	0x4005703c
10000ebc:	40054000 	.word	0x40054000
10000ec0:	428c      	cmp	r4, r1
10000ec2:	d101      	bne.n	10000ec8 <alarm_pool_irq_handler+0x2f4>
10000ec4:	4287      	cmp	r7, r0
10000ec6:	d89e      	bhi.n	10000e06 <alarm_pool_irq_handler+0x232>
10000ec8:	4646      	mov	r6, r8
10000eca:	8132      	strh	r2, [r6, #8]
10000ecc:	3608      	adds	r6, #8
10000ece:	e00c      	b.n	10000eea <alarm_pool_irq_handler+0x316>
10000ed0:	428c      	cmp	r4, r1
10000ed2:	d014      	beq.n	10000efe <alarm_pool_irq_handler+0x32a>
10000ed4:	001e      	movs	r6, r3
10000ed6:	2300      	movs	r3, #0
10000ed8:	5ef2      	ldrsh	r2, [r6, r3]
10000eda:	2a00      	cmp	r2, #0
10000edc:	db0a      	blt.n	10000ef4 <alarm_pool_irq_handler+0x320>
10000ede:	0053      	lsls	r3, r2, #1
10000ee0:	189c      	adds	r4, r3, r2
10000ee2:	00e4      	lsls	r4, r4, #3
10000ee4:	192c      	adds	r4, r5, r4
10000ee6:	68a7      	ldr	r7, [r4, #8]
10000ee8:	68e4      	ldr	r4, [r4, #12]
10000eea:	189b      	adds	r3, r3, r2
10000eec:	00db      	lsls	r3, r3, #3
10000eee:	18eb      	adds	r3, r5, r3
10000ef0:	428c      	cmp	r4, r1
10000ef2:	dded      	ble.n	10000ed0 <alarm_pool_irq_handler+0x2fc>
10000ef4:	465b      	mov	r3, fp
10000ef6:	801a      	strh	r2, [r3, #0]
10000ef8:	4653      	mov	r3, sl
10000efa:	8033      	strh	r3, [r6, #0]
10000efc:	e783      	b.n	10000e06 <alarm_pool_irq_handler+0x232>
10000efe:	4287      	cmp	r7, r0
10000f00:	d9e8      	bls.n	10000ed4 <alarm_pool_irq_handler+0x300>
10000f02:	e7f7      	b.n	10000ef4 <alarm_pool_irq_handler+0x320>

10000f04 <runtime_init_default_alarm_pool>:
10000f04:	b570      	push	{r4, r5, r6, lr}
10000f06:	4c2c      	ldr	r4, [pc, #176]	@ (10000fb8 <runtime_init_default_alarm_pool+0xb4>)
10000f08:	6925      	ldr	r5, [r4, #16]
10000f0a:	2d00      	cmp	r5, #0
10000f0c:	d000      	beq.n	10000f10 <runtime_init_default_alarm_pool+0xc>
10000f0e:	bd70      	pop	{r4, r5, r6, pc}
10000f10:	4e2a      	ldr	r6, [pc, #168]	@ (10000fbc <runtime_init_default_alarm_pool+0xb8>)
10000f12:	2103      	movs	r1, #3
10000f14:	0030      	movs	r0, r6
10000f16:	f000 faa7 	bl	10001468 <timer_hardware_alarm_claim>
10000f1a:	60e6      	str	r6, [r4, #12]
10000f1c:	f7ff fb30 	bl	10000580 <next_striped_spin_lock_num>
10000f20:	4b27      	ldr	r3, [pc, #156]	@ (10000fc0 <runtime_init_default_alarm_pool+0xbc>)
10000f22:	2203      	movs	r2, #3
10000f24:	469c      	mov	ip, r3
10000f26:	23d0      	movs	r3, #208	@ 0xd0
10000f28:	7022      	strb	r2, [r4, #0]
10000f2a:	061b      	lsls	r3, r3, #24
10000f2c:	681b      	ldr	r3, [r3, #0]
10000f2e:	2101      	movs	r1, #1
10000f30:	7063      	strb	r3, [r4, #1]
10000f32:	4b24      	ldr	r3, [pc, #144]	@ (10000fc4 <runtime_init_default_alarm_pool+0xc0>)
10000f34:	4460      	add	r0, ip
10000f36:	60a3      	str	r3, [r4, #8]
10000f38:	230f      	movs	r3, #15
10000f3a:	0080      	lsls	r0, r0, #2
10000f3c:	6120      	str	r0, [r4, #16]
10000f3e:	2002      	movs	r0, #2
10000f40:	8063      	strh	r3, [r4, #2]
10000f42:	6963      	ldr	r3, [r4, #20]
10000f44:	4249      	negs	r1, r1
10000f46:	80a1      	strh	r1, [r4, #4]
10000f48:	8019      	strh	r1, [r3, #0]
10000f4a:	3102      	adds	r1, #2
10000f4c:	8619      	strh	r1, [r3, #48]	@ 0x30
10000f4e:	3147      	adds	r1, #71	@ 0x47
10000f50:	831d      	strh	r5, [r3, #24]
10000f52:	5258      	strh	r0, [r3, r1]
10000f54:	3118      	adds	r1, #24
10000f56:	525a      	strh	r2, [r3, r1]
10000f58:	3275      	adds	r2, #117	@ 0x75
10000f5a:	395c      	subs	r1, #92	@ 0x5c
10000f5c:	5299      	strh	r1, [r3, r2]
10000f5e:	3218      	adds	r2, #24
10000f60:	3101      	adds	r1, #1
10000f62:	5299      	strh	r1, [r3, r2]
10000f64:	3218      	adds	r2, #24
10000f66:	3101      	adds	r1, #1
10000f68:	5299      	strh	r1, [r3, r2]
10000f6a:	3218      	adds	r2, #24
10000f6c:	3101      	adds	r1, #1
10000f6e:	5299      	strh	r1, [r3, r2]
10000f70:	3508      	adds	r5, #8
10000f72:	3218      	adds	r2, #24
10000f74:	529d      	strh	r5, [r3, r2]
10000f76:	3102      	adds	r1, #2
10000f78:	3218      	adds	r2, #24
10000f7a:	5299      	strh	r1, [r3, r2]
10000f7c:	3218      	adds	r2, #24
10000f7e:	3101      	adds	r1, #1
10000f80:	5299      	strh	r1, [r3, r2]
10000f82:	3218      	adds	r2, #24
10000f84:	3101      	adds	r1, #1
10000f86:	5299      	strh	r1, [r3, r2]
10000f88:	3218      	adds	r2, #24
10000f8a:	3101      	adds	r1, #1
10000f8c:	5299      	strh	r1, [r3, r2]
10000f8e:	3218      	adds	r2, #24
10000f90:	3101      	adds	r1, #1
10000f92:	5299      	strh	r1, [r3, r2]
10000f94:	3218      	adds	r2, #24
10000f96:	3101      	adds	r1, #1
10000f98:	5299      	strh	r1, [r3, r2]
10000f9a:	4b0b      	ldr	r3, [pc, #44]	@ (10000fc8 <runtime_init_default_alarm_pool+0xc4>)
10000f9c:	490b      	ldr	r1, [pc, #44]	@ (10000fcc <runtime_init_default_alarm_pool+0xc8>)
10000f9e:	60dc      	str	r4, [r3, #12]
10000fa0:	3001      	adds	r0, #1
10000fa2:	6235      	str	r5, [r6, #32]
10000fa4:	f7ff fb34 	bl	10000610 <irq_set_exclusive_handler>
10000fa8:	2101      	movs	r1, #1
10000faa:	2003      	movs	r0, #3
10000fac:	f7ff fb14 	bl	100005d8 <irq_set_enabled>
10000fb0:	4b07      	ldr	r3, [pc, #28]	@ (10000fd0 <runtime_init_default_alarm_pool+0xcc>)
10000fb2:	601d      	str	r5, [r3, #0]
10000fb4:	e7ab      	b.n	10000f0e <runtime_init_default_alarm_pool+0xa>
10000fb6:	46c0      	nop			@ (mov r8, r8)
10000fb8:	20000504 	.word	0x20000504
10000fbc:	40054000 	.word	0x40054000
10000fc0:	34000040 	.word	0x34000040
10000fc4:	0010ffff 	.word	0x0010ffff
10000fc8:	20001290 	.word	0x20001290
10000fcc:	10000bd5 	.word	0x10000bd5
10000fd0:	40056038 	.word	0x40056038

10000fd4 <alarm_pool_get_default>:
10000fd4:	4800      	ldr	r0, [pc, #0]	@ (10000fd8 <alarm_pool_get_default+0x4>)
10000fd6:	4770      	bx	lr
10000fd8:	20000504 	.word	0x20000504

10000fdc <alarm_pool_add_alarm_at>:
10000fdc:	b5f8      	push	{r3, r4, r5, r6, r7, lr}
10000fde:	001f      	movs	r7, r3
10000fe0:	ab08      	add	r3, sp, #32
10000fe2:	781b      	ldrb	r3, [r3, #0]
10000fe4:	0004      	movs	r4, r0
10000fe6:	0016      	movs	r6, r2
10000fe8:	2b00      	cmp	r3, #0
10000fea:	d108      	bne.n	10000ffe <alarm_pool_add_alarm_at+0x22>
10000fec:	f000 fa4e 	bl	1000148c <time_us_64>
10000ff0:	0032      	movs	r2, r6
10000ff2:	003b      	movs	r3, r7
10000ff4:	1a12      	subs	r2, r2, r0
10000ff6:	418b      	sbcs	r3, r1
10000ff8:	2b00      	cmp	r3, #0
10000ffa:	da00      	bge.n	10000ffe <alarm_pool_add_alarm_at+0x22>
10000ffc:	e053      	b.n	100010a6 <alarm_pool_add_alarm_at+0xca>
10000ffe:	6922      	ldr	r2, [r4, #16]
10001000:	f3ef 8010 	mrs	r0, PRIMASK
10001004:	b672      	cpsid	i
10001006:	6813      	ldr	r3, [r2, #0]
10001008:	2b00      	cmp	r3, #0
1000100a:	d0fc      	beq.n	10001006 <alarm_pool_add_alarm_at+0x2a>
1000100c:	f3bf 8f5f 	dmb	sy
10001010:	2302      	movs	r3, #2
10001012:	5ee1      	ldrsh	r1, [r4, r3]
10001014:	6963      	ldr	r3, [r4, #20]
10001016:	004a      	lsls	r2, r1, #1
10001018:	1852      	adds	r2, r2, r1
1000101a:	00d2      	lsls	r2, r2, #3
1000101c:	189b      	adds	r3, r3, r2
1000101e:	2900      	cmp	r1, #0
10001020:	db37      	blt.n	10001092 <alarm_pool_add_alarm_at+0xb6>
10001022:	881a      	ldrh	r2, [r3, #0]
10001024:	8062      	strh	r2, [r4, #2]
10001026:	6922      	ldr	r2, [r4, #16]
10001028:	f3bf 8f5f 	dmb	sy
1000102c:	2500      	movs	r5, #0
1000102e:	6015      	str	r5, [r2, #0]
10001030:	f380 8810 	msr	PRIMASK, r0
10001034:	9a06      	ldr	r2, [sp, #24]
10001036:	609e      	str	r6, [r3, #8]
10001038:	60df      	str	r7, [r3, #12]
1000103a:	611a      	str	r2, [r3, #16]
1000103c:	9a07      	ldr	r2, [sp, #28]
1000103e:	615a      	str	r2, [r3, #20]
10001040:	885a      	ldrh	r2, [r3, #2]
10001042:	3201      	adds	r2, #1
10001044:	0452      	lsls	r2, r2, #17
10001046:	0c52      	lsrs	r2, r2, #17
10001048:	1c10      	adds	r0, r2, #0
1000104a:	2a00      	cmp	r2, #0
1000104c:	d01f      	beq.n	1000108e <alarm_pool_add_alarm_at+0xb2>
1000104e:	b282      	uxth	r2, r0
10001050:	8058      	strh	r0, [r3, #2]
10001052:	0408      	lsls	r0, r1, #16
10001054:	4310      	orrs	r0, r2
10001056:	6926      	ldr	r6, [r4, #16]
10001058:	f3ef 8710 	mrs	r7, PRIMASK
1000105c:	b672      	cpsid	i
1000105e:	6832      	ldr	r2, [r6, #0]
10001060:	2a00      	cmp	r2, #0
10001062:	d0fc      	beq.n	1000105e <alarm_pool_add_alarm_at+0x82>
10001064:	f3bf 8f5f 	dmb	sy
10001068:	88a2      	ldrh	r2, [r4, #4]
1000106a:	801a      	strh	r2, [r3, #0]
1000106c:	80a1      	strh	r1, [r4, #4]
1000106e:	6923      	ldr	r3, [r4, #16]
10001070:	f3bf 8f5f 	dmb	sy
10001074:	2200      	movs	r2, #0
10001076:	601a      	str	r2, [r3, #0]
10001078:	f387 8810 	msr	PRIMASK, r7
1000107c:	490b      	ldr	r1, [pc, #44]	@ (100010ac <alarm_pool_add_alarm_at+0xd0>)
1000107e:	7823      	ldrb	r3, [r4, #0]
10001080:	468c      	mov	ip, r1
10001082:	3201      	adds	r2, #1
10001084:	409a      	lsls	r2, r3
10001086:	68e3      	ldr	r3, [r4, #12]
10001088:	4463      	add	r3, ip
1000108a:	601a      	str	r2, [r3, #0]
1000108c:	bdf8      	pop	{r3, r4, r5, r6, r7, pc}
1000108e:	2001      	movs	r0, #1
10001090:	e7dd      	b.n	1000104e <alarm_pool_add_alarm_at+0x72>
10001092:	6923      	ldr	r3, [r4, #16]
10001094:	f3bf 8f5f 	dmb	sy
10001098:	2200      	movs	r2, #0
1000109a:	601a      	str	r2, [r3, #0]
1000109c:	f380 8810 	msr	PRIMASK, r0
100010a0:	2001      	movs	r0, #1
100010a2:	4240      	negs	r0, r0
100010a4:	e7f2      	b.n	1000108c <alarm_pool_add_alarm_at+0xb0>
100010a6:	2000      	movs	r0, #0
100010a8:	e7f0      	b.n	1000108c <alarm_pool_add_alarm_at+0xb0>
100010aa:	46c0      	nop			@ (mov r8, r8)
100010ac:	0000203c 	.word	0x0000203c

100010b0 <alarm_pool_add_alarm_at_force_in_context>:
100010b0:	b570      	push	{r4, r5, r6, lr}
100010b2:	0001      	movs	r1, r0
100010b4:	6904      	ldr	r4, [r0, #16]
100010b6:	f3ef 8c10 	mrs	ip, PRIMASK
100010ba:	b672      	cpsid	i
100010bc:	6820      	ldr	r0, [r4, #0]
100010be:	2800      	cmp	r0, #0
100010c0:	d0fc      	beq.n	100010bc <alarm_pool_add_alarm_at_force_in_context+0xc>
100010c2:	f3bf 8f5f 	dmb	sy
100010c6:	2002      	movs	r0, #2
100010c8:	5e0d      	ldrsh	r5, [r1, r0]
100010ca:	694c      	ldr	r4, [r1, #20]
100010cc:	0068      	lsls	r0, r5, #1
100010ce:	1940      	adds	r0, r0, r5
100010d0:	00c0      	lsls	r0, r0, #3
100010d2:	1824      	adds	r4, r4, r0
100010d4:	2d00      	cmp	r5, #0
100010d6:	db37      	blt.n	10001148 <alarm_pool_add_alarm_at_force_in_context+0x98>
100010d8:	8820      	ldrh	r0, [r4, #0]
100010da:	8048      	strh	r0, [r1, #2]
100010dc:	6908      	ldr	r0, [r1, #16]
100010de:	f3bf 8f5f 	dmb	sy
100010e2:	2600      	movs	r6, #0
100010e4:	6006      	str	r6, [r0, #0]
100010e6:	f38c 8810 	msr	PRIMASK, ip
100010ea:	60e3      	str	r3, [r4, #12]
100010ec:	8863      	ldrh	r3, [r4, #2]
100010ee:	9804      	ldr	r0, [sp, #16]
100010f0:	3301      	adds	r3, #1
100010f2:	6120      	str	r0, [r4, #16]
100010f4:	045b      	lsls	r3, r3, #17
100010f6:	9805      	ldr	r0, [sp, #20]
100010f8:	0c5b      	lsrs	r3, r3, #17
100010fa:	60a2      	str	r2, [r4, #8]
100010fc:	6160      	str	r0, [r4, #20]
100010fe:	1c1a      	adds	r2, r3, #0
10001100:	2b00      	cmp	r3, #0
10001102:	d01f      	beq.n	10001144 <alarm_pool_add_alarm_at_force_in_context+0x94>
10001104:	b293      	uxth	r3, r2
10001106:	0428      	lsls	r0, r5, #16
10001108:	8062      	strh	r2, [r4, #2]
1000110a:	4318      	orrs	r0, r3
1000110c:	690a      	ldr	r2, [r1, #16]
1000110e:	f3ef 8c10 	mrs	ip, PRIMASK
10001112:	b672      	cpsid	i
10001114:	6813      	ldr	r3, [r2, #0]
10001116:	2b00      	cmp	r3, #0
10001118:	d0fc      	beq.n	10001114 <alarm_pool_add_alarm_at_force_in_context+0x64>
1000111a:	f3bf 8f5f 	dmb	sy
1000111e:	888b      	ldrh	r3, [r1, #4]
10001120:	8023      	strh	r3, [r4, #0]
10001122:	808d      	strh	r5, [r1, #4]
10001124:	690b      	ldr	r3, [r1, #16]
10001126:	f3bf 8f5f 	dmb	sy
1000112a:	2200      	movs	r2, #0
1000112c:	601a      	str	r2, [r3, #0]
1000112e:	f38c 8810 	msr	PRIMASK, ip
10001132:	780b      	ldrb	r3, [r1, #0]
10001134:	3201      	adds	r2, #1
10001136:	409a      	lsls	r2, r3
10001138:	68cb      	ldr	r3, [r1, #12]
1000113a:	4908      	ldr	r1, [pc, #32]	@ (1000115c <alarm_pool_add_alarm_at_force_in_context+0xac>)
1000113c:	468c      	mov	ip, r1
1000113e:	4463      	add	r3, ip
10001140:	601a      	str	r2, [r3, #0]
10001142:	bd70      	pop	{r4, r5, r6, pc}
10001144:	2201      	movs	r2, #1
10001146:	e7dd      	b.n	10001104 <alarm_pool_add_alarm_at_force_in_context+0x54>
10001148:	690b      	ldr	r3, [r1, #16]
1000114a:	f3bf 8f5f 	dmb	sy
1000114e:	2200      	movs	r2, #0
10001150:	601a      	str	r2, [r3, #0]
10001152:	f38c 8810 	msr	PRIMASK, ip
10001156:	2001      	movs	r0, #1
10001158:	4240      	negs	r0, r0
1000115a:	e7f2      	b.n	10001142 <alarm_pool_add_alarm_at_force_in_context+0x92>
1000115c:	0000203c 	.word	0x0000203c

10001160 <alarm_pool_cancel_alarm>:
10001160:	b510      	push	{r4, lr}
10001162:	8943      	ldrh	r3, [r0, #10]
10001164:	140a      	asrs	r2, r1, #16
10001166:	4293      	cmp	r3, r2
10001168:	dd1a      	ble.n	100011a0 <alarm_pool_cancel_alarm+0x40>
1000116a:	0053      	lsls	r3, r2, #1
1000116c:	189b      	adds	r3, r3, r2
1000116e:	6942      	ldr	r2, [r0, #20]
10001170:	00db      	lsls	r3, r3, #3
10001172:	18d3      	adds	r3, r2, r3
10001174:	6904      	ldr	r4, [r0, #16]
10001176:	f3ef 8c10 	mrs	ip, PRIMASK
1000117a:	b672      	cpsid	i
1000117c:	6822      	ldr	r2, [r4, #0]
1000117e:	2a00      	cmp	r2, #0
10001180:	d0fc      	beq.n	1000117c <alarm_pool_cancel_alarm+0x1c>
10001182:	f3bf 8f5f 	dmb	sy
10001186:	885a      	ldrh	r2, [r3, #2]
10001188:	0409      	lsls	r1, r1, #16
1000118a:	b294      	uxth	r4, r2
1000118c:	0c09      	lsrs	r1, r1, #16
1000118e:	428a      	cmp	r2, r1
10001190:	d008      	beq.n	100011a4 <alarm_pool_cancel_alarm+0x44>
10001192:	6903      	ldr	r3, [r0, #16]
10001194:	f3bf 8f5f 	dmb	sy
10001198:	2200      	movs	r2, #0
1000119a:	601a      	str	r2, [r3, #0]
1000119c:	f38c 8810 	msr	PRIMASK, ip
100011a0:	2000      	movs	r0, #0
100011a2:	bd10      	pop	{r4, pc}
100011a4:	2280      	movs	r2, #128	@ 0x80
100011a6:	0212      	lsls	r2, r2, #8
100011a8:	4314      	orrs	r4, r2
100011aa:	805c      	strh	r4, [r3, #2]
100011ac:	2301      	movs	r3, #1
100011ae:	6902      	ldr	r2, [r0, #16]
100011b0:	7183      	strb	r3, [r0, #6]
100011b2:	f3bf 8f5f 	dmb	sy
100011b6:	2100      	movs	r1, #0
100011b8:	6011      	str	r1, [r2, #0]
100011ba:	f38c 8810 	msr	PRIMASK, ip
100011be:	4904      	ldr	r1, [pc, #16]	@ (100011d0 <alarm_pool_cancel_alarm+0x70>)
100011c0:	7802      	ldrb	r2, [r0, #0]
100011c2:	468c      	mov	ip, r1
100011c4:	4093      	lsls	r3, r2
100011c6:	68c2      	ldr	r2, [r0, #12]
100011c8:	2001      	movs	r0, #1
100011ca:	4462      	add	r2, ip
100011cc:	6013      	str	r3, [r2, #0]
100011ce:	e7e8      	b.n	100011a2 <alarm_pool_cancel_alarm+0x42>
100011d0:	0000203c 	.word	0x0000203c

100011d4 <sleep_until>:
100011d4:	b5f0      	push	{r4, r5, r6, r7, lr}
100011d6:	0004      	movs	r4, r0
100011d8:	000d      	movs	r5, r1
100011da:	2606      	movs	r6, #6
100011dc:	4276      	negs	r6, r6
100011de:	17f7      	asrs	r7, r6, #31
100011e0:	1936      	adds	r6, r6, r4
100011e2:	416f      	adcs	r7, r5
100011e4:	b083      	sub	sp, #12
100011e6:	428f      	cmp	r7, r1
100011e8:	d812      	bhi.n	10001210 <sleep_until+0x3c>
100011ea:	d00f      	beq.n	1000120c <sleep_until+0x38>
100011ec:	f000 f94e 	bl	1000148c <time_us_64>
100011f0:	0032      	movs	r2, r6
100011f2:	003b      	movs	r3, r7
100011f4:	1a12      	subs	r2, r2, r0
100011f6:	418b      	sbcs	r3, r1
100011f8:	2b00      	cmp	r3, #0
100011fa:	dc13      	bgt.n	10001224 <sleep_until+0x50>
100011fc:	2b00      	cmp	r3, #0
100011fe:	d030      	beq.n	10001262 <sleep_until+0x8e>
10001200:	0020      	movs	r0, r4
10001202:	0029      	movs	r1, r5
10001204:	f000 f94c 	bl	100014a0 <busy_wait_until>
10001208:	b003      	add	sp, #12
1000120a:	bdf0      	pop	{r4, r5, r6, r7, pc}
1000120c:	4286      	cmp	r6, r0
1000120e:	d9ed      	bls.n	100011ec <sleep_until+0x18>
10001210:	2600      	movs	r6, #0
10001212:	2700      	movs	r7, #0
10001214:	f000 f93a 	bl	1000148c <time_us_64>
10001218:	0032      	movs	r2, r6
1000121a:	003b      	movs	r3, r7
1000121c:	1a12      	subs	r2, r2, r0
1000121e:	418b      	sbcs	r3, r1
10001220:	2b00      	cmp	r3, #0
10001222:	ddeb      	ble.n	100011fc <sleep_until+0x28>
10001224:	f000 f932 	bl	1000148c <time_us_64>
10001228:	0032      	movs	r2, r6
1000122a:	003b      	movs	r3, r7
1000122c:	1a12      	subs	r2, r2, r0
1000122e:	418b      	sbcs	r3, r1
10001230:	2b00      	cmp	r3, #0
10001232:	db0a      	blt.n	1000124a <sleep_until+0x76>
10001234:	2300      	movs	r3, #0
10001236:	9301      	str	r3, [sp, #4]
10001238:	4b0b      	ldr	r3, [pc, #44]	@ (10001268 <sleep_until+0x94>)
1000123a:	0032      	movs	r2, r6
1000123c:	9300      	str	r3, [sp, #0]
1000123e:	480b      	ldr	r0, [pc, #44]	@ (1000126c <sleep_until+0x98>)
10001240:	003b      	movs	r3, r7
10001242:	f7ff ff35 	bl	100010b0 <alarm_pool_add_alarm_at_force_in_context>
10001246:	2800      	cmp	r0, #0
10001248:	dbda      	blt.n	10001200 <sleep_until+0x2c>
1000124a:	0039      	movs	r1, r7
1000124c:	4a08      	ldr	r2, [pc, #32]	@ (10001270 <sleep_until+0x9c>)
1000124e:	6a53      	ldr	r3, [r2, #36]	@ 0x24
10001250:	4299      	cmp	r1, r3
10001252:	d804      	bhi.n	1000125e <sleep_until+0x8a>
10001254:	6a90      	ldr	r0, [r2, #40]	@ 0x28
10001256:	42b0      	cmp	r0, r6
10001258:	d2d2      	bcs.n	10001200 <sleep_until+0x2c>
1000125a:	4299      	cmp	r1, r3
1000125c:	d1d0      	bne.n	10001200 <sleep_until+0x2c>
1000125e:	bf20      	wfe
10001260:	e7f5      	b.n	1000124e <sleep_until+0x7a>
10001262:	2a00      	cmp	r2, #0
10001264:	d0cc      	beq.n	10001200 <sleep_until+0x2c>
10001266:	e7dd      	b.n	10001224 <sleep_until+0x50>
10001268:	10000bcd 	.word	0x10000bcd
1000126c:	20000504 	.word	0x20000504
10001270:	40054000 	.word	0x40054000

10001274 <sleep_ms>:
10001274:	b5f0      	push	{r4, r5, r6, r7, lr}
10001276:	b083      	sub	sp, #12
10001278:	0004      	movs	r4, r0
1000127a:	f000 f907 	bl	1000148c <time_us_64>
1000127e:	22fa      	movs	r2, #250	@ 0xfa
10001280:	0006      	movs	r6, r0
10001282:	000f      	movs	r7, r1
10001284:	2300      	movs	r3, #0
10001286:	0020      	movs	r0, r4
10001288:	2100      	movs	r1, #0
1000128a:	0092      	lsls	r2, r2, #2
1000128c:	f000 ff76 	bl	1000217c <__wrap___aeabi_lmul>
10001290:	2380      	movs	r3, #128	@ 0x80
10001292:	1980      	adds	r0, r0, r6
10001294:	4179      	adcs	r1, r7
10001296:	061b      	lsls	r3, r3, #24
10001298:	0004      	movs	r4, r0
1000129a:	000d      	movs	r5, r1
1000129c:	4299      	cmp	r1, r3
1000129e:	d302      	bcc.n	100012a6 <sleep_ms+0x32>
100012a0:	2401      	movs	r4, #1
100012a2:	4d24      	ldr	r5, [pc, #144]	@ (10001334 <sleep_ms+0xc0>)
100012a4:	4264      	negs	r4, r4
100012a6:	2606      	movs	r6, #6
100012a8:	4276      	negs	r6, r6
100012aa:	17f7      	asrs	r7, r6, #31
100012ac:	1936      	adds	r6, r6, r4
100012ae:	416f      	adcs	r7, r5
100012b0:	42af      	cmp	r7, r5
100012b2:	d812      	bhi.n	100012da <sleep_ms+0x66>
100012b4:	d00f      	beq.n	100012d6 <sleep_ms+0x62>
100012b6:	f000 f8e9 	bl	1000148c <time_us_64>
100012ba:	0032      	movs	r2, r6
100012bc:	003b      	movs	r3, r7
100012be:	1a12      	subs	r2, r2, r0
100012c0:	418b      	sbcs	r3, r1
100012c2:	2b00      	cmp	r3, #0
100012c4:	dc13      	bgt.n	100012ee <sleep_ms+0x7a>
100012c6:	2b00      	cmp	r3, #0
100012c8:	d030      	beq.n	1000132c <sleep_ms+0xb8>
100012ca:	0020      	movs	r0, r4
100012cc:	0029      	movs	r1, r5
100012ce:	f000 f8e7 	bl	100014a0 <busy_wait_until>
100012d2:	b003      	add	sp, #12
100012d4:	bdf0      	pop	{r4, r5, r6, r7, pc}
100012d6:	42a6      	cmp	r6, r4
100012d8:	d9ed      	bls.n	100012b6 <sleep_ms+0x42>
100012da:	2600      	movs	r6, #0
100012dc:	2700      	movs	r7, #0
100012de:	f000 f8d5 	bl	1000148c <time_us_64>
100012e2:	0032      	movs	r2, r6
100012e4:	003b      	movs	r3, r7
100012e6:	1a12      	subs	r2, r2, r0
100012e8:	418b      	sbcs	r3, r1
100012ea:	2b00      	cmp	r3, #0
100012ec:	ddeb      	ble.n	100012c6 <sleep_ms+0x52>
100012ee:	f000 f8cd 	bl	1000148c <time_us_64>
100012f2:	0032      	movs	r2, r6
100012f4:	003b      	movs	r3, r7
100012f6:	1a12      	subs	r2, r2, r0
100012f8:	418b      	sbcs	r3, r1
100012fa:	2b00      	cmp	r3, #0
100012fc:	db0a      	blt.n	10001314 <sleep_ms+0xa0>
100012fe:	2300      	movs	r3, #0
10001300:	9301      	str	r3, [sp, #4]
10001302:	4b0d      	ldr	r3, [pc, #52]	@ (10001338 <sleep_ms+0xc4>)
10001304:	0032      	movs	r2, r6
10001306:	9300      	str	r3, [sp, #0]
10001308:	480c      	ldr	r0, [pc, #48]	@ (1000133c <sleep_ms+0xc8>)
1000130a:	003b      	movs	r3, r7
1000130c:	f7ff fed0 	bl	100010b0 <alarm_pool_add_alarm_at_force_in_context>
10001310:	2800      	cmp	r0, #0
10001312:	dbda      	blt.n	100012ca <sleep_ms+0x56>
10001314:	0039      	movs	r1, r7
10001316:	4a0a      	ldr	r2, [pc, #40]	@ (10001340 <sleep_ms+0xcc>)
10001318:	6a53      	ldr	r3, [r2, #36]	@ 0x24
1000131a:	4299      	cmp	r1, r3
1000131c:	d804      	bhi.n	10001328 <sleep_ms+0xb4>
1000131e:	6a90      	ldr	r0, [r2, #40]	@ 0x28
10001320:	42b0      	cmp	r0, r6
10001322:	d2d2      	bcs.n	100012ca <sleep_ms+0x56>
10001324:	4299      	cmp	r1, r3
10001326:	d1d0      	bne.n	100012ca <sleep_ms+0x56>
10001328:	bf20      	wfe
1000132a:	e7f5      	b.n	10001318 <sleep_ms+0xa4>
1000132c:	2a00      	cmp	r2, #0
1000132e:	d0cc      	beq.n	100012ca <sleep_ms+0x56>
10001330:	e7dd      	b.n	100012ee <sleep_ms+0x7a>
10001332:	46c0      	nop			@ (mov r8, r8)
10001334:	7fffffff 	.word	0x7fffffff
10001338:	10000bcd 	.word	0x10000bcd
1000133c:	20000504 	.word	0x20000504
10001340:	40054000 	.word	0x40054000

10001344 <best_effort_wfe_or_timeout>:
10001344:	b5f0      	push	{r4, r5, r6, r7, lr}
10001346:	46ce      	mov	lr, r9
10001348:	4647      	mov	r7, r8
1000134a:	b580      	push	{r7, lr}
1000134c:	0004      	movs	r4, r0
1000134e:	000d      	movs	r5, r1
10001350:	b083      	sub	sp, #12
10001352:	f3ef 8705 	mrs	r7, IPSR
10001356:	2f00      	cmp	r7, #0
10001358:	d00d      	beq.n	10001376 <best_effort_wfe_or_timeout+0x32>
1000135a:	4a40      	ldr	r2, [pc, #256]	@ (1000145c <best_effort_wfe_or_timeout+0x118>)
1000135c:	2000      	movs	r0, #0
1000135e:	6a53      	ldr	r3, [r2, #36]	@ 0x24
10001360:	428b      	cmp	r3, r1
10001362:	d303      	bcc.n	1000136c <best_effort_wfe_or_timeout+0x28>
10001364:	6a92      	ldr	r2, [r2, #40]	@ 0x28
10001366:	3001      	adds	r0, #1
10001368:	42a2      	cmp	r2, r4
1000136a:	d334      	bcc.n	100013d6 <best_effort_wfe_or_timeout+0x92>
1000136c:	b003      	add	sp, #12
1000136e:	bcc0      	pop	{r6, r7}
10001370:	46b9      	mov	r9, r7
10001372:	46b0      	mov	r8, r6
10001374:	bdf0      	pop	{r4, r5, r6, r7, pc}
10001376:	4b3a      	ldr	r3, [pc, #232]	@ (10001460 <best_effort_wfe_or_timeout+0x11c>)
10001378:	4698      	mov	r8, r3
1000137a:	68db      	ldr	r3, [r3, #12]
1000137c:	4699      	mov	r9, r3
1000137e:	4643      	mov	r3, r8
10001380:	4648      	mov	r0, r9
10001382:	781e      	ldrb	r6, [r3, #0]
10001384:	f000 f87a 	bl	1000147c <timer_time_us_64>
10001388:	000b      	movs	r3, r1
1000138a:	4649      	mov	r1, r9
1000138c:	0002      	movs	r2, r0
1000138e:	3604      	adds	r6, #4
10001390:	00b6      	lsls	r6, r6, #2
10001392:	5871      	ldr	r1, [r6, r1]
10001394:	0020      	movs	r0, r4
10001396:	1a8e      	subs	r6, r1, r2
10001398:	0029      	movs	r1, r5
1000139a:	1a80      	subs	r0, r0, r2
1000139c:	4199      	sbcs	r1, r3
1000139e:	428f      	cmp	r7, r1
100013a0:	dc20      	bgt.n	100013e4 <best_effort_wfe_or_timeout+0xa0>
100013a2:	d01d      	beq.n	100013e0 <best_effort_wfe_or_timeout+0x9c>
100013a4:	4a2d      	ldr	r2, [pc, #180]	@ (1000145c <best_effort_wfe_or_timeout+0x118>)
100013a6:	002b      	movs	r3, r5
100013a8:	6a51      	ldr	r1, [r2, #36]	@ 0x24
100013aa:	428d      	cmp	r5, r1
100013ac:	d805      	bhi.n	100013ba <best_effort_wfe_or_timeout+0x76>
100013ae:	6a92      	ldr	r2, [r2, #40]	@ 0x28
100013b0:	2001      	movs	r0, #1
100013b2:	42a2      	cmp	r2, r4
100013b4:	d2da      	bcs.n	1000136c <best_effort_wfe_or_timeout+0x28>
100013b6:	428d      	cmp	r5, r1
100013b8:	d1d8      	bne.n	1000136c <best_effort_wfe_or_timeout+0x28>
100013ba:	bf20      	wfe
100013bc:	4927      	ldr	r1, [pc, #156]	@ (1000145c <best_effort_wfe_or_timeout+0x118>)
100013be:	6a4a      	ldr	r2, [r1, #36]	@ 0x24
100013c0:	4293      	cmp	r3, r2
100013c2:	d83d      	bhi.n	10001440 <best_effort_wfe_or_timeout+0xfc>
100013c4:	6a8b      	ldr	r3, [r1, #40]	@ 0x28
100013c6:	2001      	movs	r0, #1
100013c8:	42a3      	cmp	r3, r4
100013ca:	d2cf      	bcs.n	1000136c <best_effort_wfe_or_timeout+0x28>
100013cc:	1aaa      	subs	r2, r5, r2
100013ce:	1e53      	subs	r3, r2, #1
100013d0:	419a      	sbcs	r2, r3
100013d2:	b2d0      	uxtb	r0, r2
100013d4:	e7ca      	b.n	1000136c <best_effort_wfe_or_timeout+0x28>
100013d6:	1a5b      	subs	r3, r3, r1
100013d8:	1e5a      	subs	r2, r3, #1
100013da:	4193      	sbcs	r3, r2
100013dc:	b2d8      	uxtb	r0, r3
100013de:	e7c5      	b.n	1000136c <best_effort_wfe_or_timeout+0x28>
100013e0:	4286      	cmp	r6, r0
100013e2:	d9df      	bls.n	100013a4 <best_effort_wfe_or_timeout+0x60>
100013e4:	f000 f852 	bl	1000148c <time_us_64>
100013e8:	0022      	movs	r2, r4
100013ea:	002b      	movs	r3, r5
100013ec:	1a12      	subs	r2, r2, r0
100013ee:	418b      	sbcs	r3, r1
100013f0:	2b00      	cmp	r3, #0
100013f2:	db21      	blt.n	10001438 <best_effort_wfe_or_timeout+0xf4>
100013f4:	2300      	movs	r3, #0
100013f6:	9301      	str	r3, [sp, #4]
100013f8:	4b1a      	ldr	r3, [pc, #104]	@ (10001464 <best_effort_wfe_or_timeout+0x120>)
100013fa:	0022      	movs	r2, r4
100013fc:	9300      	str	r3, [sp, #0]
100013fe:	4640      	mov	r0, r8
10001400:	002b      	movs	r3, r5
10001402:	f7ff fe55 	bl	100010b0 <alarm_pool_add_alarm_at_force_in_context>
10001406:	1e01      	subs	r1, r0, #0
10001408:	dd16      	ble.n	10001438 <best_effort_wfe_or_timeout+0xf4>
1000140a:	4b14      	ldr	r3, [pc, #80]	@ (1000145c <best_effort_wfe_or_timeout+0x118>)
1000140c:	002e      	movs	r6, r5
1000140e:	6a5a      	ldr	r2, [r3, #36]	@ 0x24
10001410:	4295      	cmp	r5, r2
10001412:	d917      	bls.n	10001444 <best_effort_wfe_or_timeout+0x100>
10001414:	bf20      	wfe
10001416:	4640      	mov	r0, r8
10001418:	f7ff fea2 	bl	10001160 <alarm_pool_cancel_alarm>
1000141c:	4a0f      	ldr	r2, [pc, #60]	@ (1000145c <best_effort_wfe_or_timeout+0x118>)
1000141e:	2000      	movs	r0, #0
10001420:	6a53      	ldr	r3, [r2, #36]	@ 0x24
10001422:	429e      	cmp	r6, r3
10001424:	d8a2      	bhi.n	1000136c <best_effort_wfe_or_timeout+0x28>
10001426:	6a92      	ldr	r2, [r2, #40]	@ 0x28
10001428:	3001      	adds	r0, #1
1000142a:	42a2      	cmp	r2, r4
1000142c:	d29e      	bcs.n	1000136c <best_effort_wfe_or_timeout+0x28>
1000142e:	1aeb      	subs	r3, r5, r3
10001430:	1e5a      	subs	r2, r3, #1
10001432:	4193      	sbcs	r3, r2
10001434:	b2d8      	uxtb	r0, r3
10001436:	e799      	b.n	1000136c <best_effort_wfe_or_timeout+0x28>
10001438:	4a08      	ldr	r2, [pc, #32]	@ (1000145c <best_effort_wfe_or_timeout+0x118>)
1000143a:	6a53      	ldr	r3, [r2, #36]	@ 0x24
1000143c:	42ab      	cmp	r3, r5
1000143e:	d207      	bcs.n	10001450 <best_effort_wfe_or_timeout+0x10c>
10001440:	2000      	movs	r0, #0
10001442:	e793      	b.n	1000136c <best_effort_wfe_or_timeout+0x28>
10001444:	6a9b      	ldr	r3, [r3, #40]	@ 0x28
10001446:	42a3      	cmp	r3, r4
10001448:	d2e5      	bcs.n	10001416 <best_effort_wfe_or_timeout+0xd2>
1000144a:	4295      	cmp	r5, r2
1000144c:	d1e3      	bne.n	10001416 <best_effort_wfe_or_timeout+0xd2>
1000144e:	e7e1      	b.n	10001414 <best_effort_wfe_or_timeout+0xd0>
10001450:	6a92      	ldr	r2, [r2, #40]	@ 0x28
10001452:	2001      	movs	r0, #1
10001454:	42a2      	cmp	r2, r4
10001456:	d300      	bcc.n	1000145a <best_effort_wfe_or_timeout+0x116>
10001458:	e788      	b.n	1000136c <best_effort_wfe_or_timeout+0x28>
1000145a:	e7e8      	b.n	1000142e <best_effort_wfe_or_timeout+0xea>
1000145c:	40054000 	.word	0x40054000
10001460:	20000504 	.word	0x20000504
10001464:	10000bcd 	.word	0x10000bcd

10001468 <timer_hardware_alarm_claim>:
10001468:	b510      	push	{r4, lr}
1000146a:	4a02      	ldr	r2, [pc, #8]	@ (10001474 <timer_hardware_alarm_claim+0xc>)
1000146c:	4802      	ldr	r0, [pc, #8]	@ (10001478 <timer_hardware_alarm_claim+0x10>)
1000146e:	f7fe fffb 	bl	10000468 <hw_claim_or_assert>
10001472:	bd10      	pop	{r4, pc}
10001474:	10007be8 	.word	0x10007be8
10001478:	2000096c 	.word	0x2000096c

1000147c <timer_time_us_64>:
1000147c:	0003      	movs	r3, r0
1000147e:	6a41      	ldr	r1, [r0, #36]	@ 0x24
10001480:	000a      	movs	r2, r1
10001482:	6a98      	ldr	r0, [r3, #40]	@ 0x28
10001484:	6a59      	ldr	r1, [r3, #36]	@ 0x24
10001486:	428a      	cmp	r2, r1
10001488:	d1fa      	bne.n	10001480 <timer_time_us_64+0x4>
1000148a:	4770      	bx	lr

1000148c <time_us_64>:
1000148c:	4b03      	ldr	r3, [pc, #12]	@ (1000149c <time_us_64+0x10>)
1000148e:	6a59      	ldr	r1, [r3, #36]	@ 0x24
10001490:	000a      	movs	r2, r1
10001492:	6a98      	ldr	r0, [r3, #40]	@ 0x28
10001494:	6a59      	ldr	r1, [r3, #36]	@ 0x24
10001496:	4291      	cmp	r1, r2
10001498:	d1fa      	bne.n	10001490 <time_us_64+0x4>
1000149a:	4770      	bx	lr
1000149c:	40054000 	.word	0x40054000

100014a0 <busy_wait_until>:
100014a0:	4a06      	ldr	r2, [pc, #24]	@ (100014bc <busy_wait_until+0x1c>)
100014a2:	6a53      	ldr	r3, [r2, #36]	@ 0x24
100014a4:	4299      	cmp	r1, r3
100014a6:	d8fc      	bhi.n	100014a2 <busy_wait_until+0x2>
100014a8:	d107      	bne.n	100014ba <busy_wait_until+0x1a>
100014aa:	4b04      	ldr	r3, [pc, #16]	@ (100014bc <busy_wait_until+0x1c>)
100014ac:	e002      	b.n	100014b4 <busy_wait_until+0x14>
100014ae:	6a5a      	ldr	r2, [r3, #36]	@ 0x24
100014b0:	4291      	cmp	r1, r2
100014b2:	d102      	bne.n	100014ba <busy_wait_until+0x1a>
100014b4:	6a9a      	ldr	r2, [r3, #40]	@ 0x28
100014b6:	4282      	cmp	r2, r0
100014b8:	d3f9      	bcc.n	100014ae <busy_wait_until+0xe>
100014ba:	4770      	bx	lr
100014bc:	40054000 	.word	0x40054000

100014c0 <clock_configure_int_divider>:
100014c0:	b5f8      	push	{r3, r4, r5, r6, r7, lr}
100014c2:	46de      	mov	lr, fp
100014c4:	464e      	mov	r6, r9
100014c6:	4657      	mov	r7, sl
100014c8:	4645      	mov	r5, r8
100014ca:	b5e0      	push	{r5, r6, r7, lr}
100014cc:	468b      	mov	fp, r1
100014ce:	0005      	movs	r5, r0
100014d0:	990a      	ldr	r1, [sp, #40]	@ 0x28
100014d2:	0018      	movs	r0, r3
100014d4:	0016      	movs	r6, r2
100014d6:	f000 fadf 	bl	10001a98 <__wrap___aeabi_uidiv>
100014da:	9b0a      	ldr	r3, [sp, #40]	@ 0x28
100014dc:	006c      	lsls	r4, r5, #1
100014de:	021f      	lsls	r7, r3, #8
100014e0:	4b32      	ldr	r3, [pc, #200]	@ (100015ac <clock_configure_int_divider+0xec>)
100014e2:	1964      	adds	r4, r4, r5
100014e4:	469c      	mov	ip, r3
100014e6:	00a4      	lsls	r4, r4, #2
100014e8:	4464      	add	r4, ip
100014ea:	6863      	ldr	r3, [r4, #4]
100014ec:	4681      	mov	r9, r0
100014ee:	429f      	cmp	r7, r3
100014f0:	d900      	bls.n	100014f4 <clock_configure_int_divider+0x34>
100014f2:	6067      	str	r7, [r4, #4]
100014f4:	1f2b      	subs	r3, r5, #4
100014f6:	b2db      	uxtb	r3, r3
100014f8:	4698      	mov	r8, r3
100014fa:	2b01      	cmp	r3, #1
100014fc:	d930      	bls.n	10001560 <clock_configure_int_divider+0xa0>
100014fe:	23c0      	movs	r3, #192	@ 0xc0
10001500:	2280      	movs	r2, #128	@ 0x80
10001502:	019b      	lsls	r3, r3, #6
10001504:	18e3      	adds	r3, r4, r3
10001506:	0112      	lsls	r2, r2, #4
10001508:	601a      	str	r2, [r3, #0]
1000150a:	4b29      	ldr	r3, [pc, #164]	@ (100015b0 <clock_configure_int_divider+0xf0>)
1000150c:	00ad      	lsls	r5, r5, #2
1000150e:	5959      	ldr	r1, [r3, r5]
10001510:	469a      	mov	sl, r3
10001512:	2900      	cmp	r1, #0
10001514:	d11b      	bne.n	1000154e <clock_configure_int_divider+0x8e>
10001516:	0173      	lsls	r3, r6, #5
10001518:	26e0      	movs	r6, #224	@ 0xe0
1000151a:	6822      	ldr	r2, [r4, #0]
1000151c:	4053      	eors	r3, r2
1000151e:	401e      	ands	r6, r3
10001520:	2380      	movs	r3, #128	@ 0x80
10001522:	4642      	mov	r2, r8
10001524:	015b      	lsls	r3, r3, #5
10001526:	18e3      	adds	r3, r4, r3
10001528:	601e      	str	r6, [r3, #0]
1000152a:	2a01      	cmp	r2, #1
1000152c:	d930      	bls.n	10001590 <clock_configure_int_divider+0xd0>
1000152e:	2380      	movs	r3, #128	@ 0x80
10001530:	2280      	movs	r2, #128	@ 0x80
10001532:	019b      	lsls	r3, r3, #6
10001534:	18e3      	adds	r3, r4, r3
10001536:	0112      	lsls	r2, r2, #4
10001538:	601a      	str	r2, [r3, #0]
1000153a:	4653      	mov	r3, sl
1000153c:	464a      	mov	r2, r9
1000153e:	6067      	str	r7, [r4, #4]
10001540:	515a      	str	r2, [r3, r5]
10001542:	bcf0      	pop	{r4, r5, r6, r7}
10001544:	46bb      	mov	fp, r7
10001546:	46b2      	mov	sl, r6
10001548:	46a9      	mov	r9, r5
1000154a:	46a0      	mov	r8, r4
1000154c:	bdf8      	pop	{r3, r4, r5, r6, r7, pc}
1000154e:	6958      	ldr	r0, [r3, #20]
10001550:	f000 faa2 	bl	10001a98 <__wrap___aeabi_uidiv>
10001554:	3001      	adds	r0, #1
10001556:	0043      	lsls	r3, r0, #1
10001558:	181b      	adds	r3, r3, r0
1000155a:	3b03      	subs	r3, #3
1000155c:	d2fd      	bcs.n	1000155a <clock_configure_int_divider+0x9a>
1000155e:	e7da      	b.n	10001516 <clock_configure_int_divider+0x56>
10001560:	465b      	mov	r3, fp
10001562:	2b01      	cmp	r3, #1
10001564:	d1cb      	bne.n	100014fe <clock_configure_int_divider+0x3e>
10001566:	23c0      	movs	r3, #192	@ 0xc0
10001568:	2203      	movs	r2, #3
1000156a:	019b      	lsls	r3, r3, #6
1000156c:	18e3      	adds	r3, r4, r3
1000156e:	601a      	str	r2, [r3, #0]
10001570:	3a02      	subs	r2, #2
10001572:	68a3      	ldr	r3, [r4, #8]
10001574:	421a      	tst	r2, r3
10001576:	d0fc      	beq.n	10001572 <clock_configure_int_divider+0xb2>
10001578:	0173      	lsls	r3, r6, #5
1000157a:	26e0      	movs	r6, #224	@ 0xe0
1000157c:	6822      	ldr	r2, [r4, #0]
1000157e:	00ad      	lsls	r5, r5, #2
10001580:	4053      	eors	r3, r2
10001582:	401e      	ands	r6, r3
10001584:	2380      	movs	r3, #128	@ 0x80
10001586:	4a0a      	ldr	r2, [pc, #40]	@ (100015b0 <clock_configure_int_divider+0xf0>)
10001588:	015b      	lsls	r3, r3, #5
1000158a:	4692      	mov	sl, r2
1000158c:	18e3      	adds	r3, r4, r3
1000158e:	601e      	str	r6, [r3, #0]
10001590:	465a      	mov	r2, fp
10001592:	6821      	ldr	r1, [r4, #0]
10001594:	4051      	eors	r1, r2
10001596:	2203      	movs	r2, #3
10001598:	400a      	ands	r2, r1
1000159a:	601a      	str	r2, [r3, #0]
1000159c:	2201      	movs	r2, #1
1000159e:	465b      	mov	r3, fp
100015a0:	409a      	lsls	r2, r3
100015a2:	68a3      	ldr	r3, [r4, #8]
100015a4:	421a      	tst	r2, r3
100015a6:	d0fc      	beq.n	100015a2 <clock_configure_int_divider+0xe2>
100015a8:	e7c1      	b.n	1000152e <clock_configure_int_divider+0x6e>
100015aa:	46c0      	nop			@ (mov r8, r8)
100015ac:	40008000 	.word	0x40008000
100015b0:	20000974 	.word	0x20000974

100015b4 <clock_configure_undivided>:
100015b4:	b5f0      	push	{r4, r5, r6, r7, lr}
100015b6:	4646      	mov	r6, r8
100015b8:	464f      	mov	r7, r9
100015ba:	46d6      	mov	lr, sl
100015bc:	b5c0      	push	{r6, r7, lr}
100015be:	001f      	movs	r7, r3
100015c0:	4b34      	ldr	r3, [pc, #208]	@ (10001694 <clock_configure_undivided+0xe0>)
100015c2:	0044      	lsls	r4, r0, #1
100015c4:	469c      	mov	ip, r3
100015c6:	1824      	adds	r4, r4, r0
100015c8:	00a4      	lsls	r4, r4, #2
100015ca:	4464      	add	r4, ip
100015cc:	6863      	ldr	r3, [r4, #4]
100015ce:	4688      	mov	r8, r1
100015d0:	0016      	movs	r6, r2
100015d2:	2bff      	cmp	r3, #255	@ 0xff
100015d4:	d802      	bhi.n	100015dc <clock_configure_undivided+0x28>
100015d6:	2380      	movs	r3, #128	@ 0x80
100015d8:	005b      	lsls	r3, r3, #1
100015da:	6063      	str	r3, [r4, #4]
100015dc:	1f03      	subs	r3, r0, #4
100015de:	b2db      	uxtb	r3, r3
100015e0:	469a      	mov	sl, r3
100015e2:	2b01      	cmp	r3, #1
100015e4:	d930      	bls.n	10001648 <clock_configure_undivided+0x94>
100015e6:	23c0      	movs	r3, #192	@ 0xc0
100015e8:	2280      	movs	r2, #128	@ 0x80
100015ea:	019b      	lsls	r3, r3, #6
100015ec:	18e3      	adds	r3, r4, r3
100015ee:	0112      	lsls	r2, r2, #4
100015f0:	601a      	str	r2, [r3, #0]
100015f2:	4b29      	ldr	r3, [pc, #164]	@ (10001698 <clock_configure_undivided+0xe4>)
100015f4:	0085      	lsls	r5, r0, #2
100015f6:	5959      	ldr	r1, [r3, r5]
100015f8:	4699      	mov	r9, r3
100015fa:	2900      	cmp	r1, #0
100015fc:	d11b      	bne.n	10001636 <clock_configure_undivided+0x82>
100015fe:	0173      	lsls	r3, r6, #5
10001600:	26e0      	movs	r6, #224	@ 0xe0
10001602:	6822      	ldr	r2, [r4, #0]
10001604:	4053      	eors	r3, r2
10001606:	401e      	ands	r6, r3
10001608:	2380      	movs	r3, #128	@ 0x80
1000160a:	4652      	mov	r2, sl
1000160c:	015b      	lsls	r3, r3, #5
1000160e:	18e3      	adds	r3, r4, r3
10001610:	601e      	str	r6, [r3, #0]
10001612:	2a01      	cmp	r2, #1
10001614:	d930      	bls.n	10001678 <clock_configure_undivided+0xc4>
10001616:	2380      	movs	r3, #128	@ 0x80
10001618:	2280      	movs	r2, #128	@ 0x80
1000161a:	019b      	lsls	r3, r3, #6
1000161c:	18e3      	adds	r3, r4, r3
1000161e:	0112      	lsls	r2, r2, #4
10001620:	601a      	str	r2, [r3, #0]
10001622:	2380      	movs	r3, #128	@ 0x80
10001624:	005b      	lsls	r3, r3, #1
10001626:	6063      	str	r3, [r4, #4]
10001628:	464b      	mov	r3, r9
1000162a:	515f      	str	r7, [r3, r5]
1000162c:	bce0      	pop	{r5, r6, r7}
1000162e:	46ba      	mov	sl, r7
10001630:	46b1      	mov	r9, r6
10001632:	46a8      	mov	r8, r5
10001634:	bdf0      	pop	{r4, r5, r6, r7, pc}
10001636:	6958      	ldr	r0, [r3, #20]
10001638:	f000 fa2e 	bl	10001a98 <__wrap___aeabi_uidiv>
1000163c:	3001      	adds	r0, #1
1000163e:	0043      	lsls	r3, r0, #1
10001640:	181b      	adds	r3, r3, r0
10001642:	3b03      	subs	r3, #3
10001644:	d2fd      	bcs.n	10001642 <clock_configure_undivided+0x8e>
10001646:	e7da      	b.n	100015fe <clock_configure_undivided+0x4a>
10001648:	4643      	mov	r3, r8
1000164a:	2b01      	cmp	r3, #1
1000164c:	d1cb      	bne.n	100015e6 <clock_configure_undivided+0x32>
1000164e:	23c0      	movs	r3, #192	@ 0xc0
10001650:	2203      	movs	r2, #3
10001652:	019b      	lsls	r3, r3, #6
10001654:	18e3      	adds	r3, r4, r3
10001656:	601a      	str	r2, [r3, #0]
10001658:	3a02      	subs	r2, #2
1000165a:	68a3      	ldr	r3, [r4, #8]
1000165c:	421a      	tst	r2, r3
1000165e:	d0fc      	beq.n	1000165a <clock_configure_undivided+0xa6>
10001660:	0173      	lsls	r3, r6, #5
10001662:	26e0      	movs	r6, #224	@ 0xe0
10001664:	6822      	ldr	r2, [r4, #0]
10001666:	0085      	lsls	r5, r0, #2
10001668:	4053      	eors	r3, r2
1000166a:	401e      	ands	r6, r3
1000166c:	2380      	movs	r3, #128	@ 0x80
1000166e:	4a0a      	ldr	r2, [pc, #40]	@ (10001698 <clock_configure_undivided+0xe4>)
10001670:	015b      	lsls	r3, r3, #5
10001672:	4691      	mov	r9, r2
10001674:	18e3      	adds	r3, r4, r3
10001676:	601e      	str	r6, [r3, #0]
10001678:	4642      	mov	r2, r8
1000167a:	6821      	ldr	r1, [r4, #0]
1000167c:	4051      	eors	r1, r2
1000167e:	2203      	movs	r2, #3
10001680:	400a      	ands	r2, r1
10001682:	601a      	str	r2, [r3, #0]
10001684:	2301      	movs	r3, #1
10001686:	4642      	mov	r2, r8
10001688:	4093      	lsls	r3, r2
1000168a:	68a2      	ldr	r2, [r4, #8]
1000168c:	4213      	tst	r3, r2
1000168e:	d0fc      	beq.n	1000168a <clock_configure_undivided+0xd6>
10001690:	e7c1      	b.n	10001616 <clock_configure_undivided+0x62>
10001692:	46c0      	nop			@ (mov r8, r8)
10001694:	40008000 	.word	0x40008000
10001698:	20000974 	.word	0x20000974

1000169c <clock_get_hz>:
1000169c:	4b01      	ldr	r3, [pc, #4]	@ (100016a4 <clock_get_hz+0x8>)
1000169e:	0080      	lsls	r0, r0, #2
100016a0:	58c0      	ldr	r0, [r0, r3]
100016a2:	4770      	bx	lr
100016a4:	20000974 	.word	0x20000974

100016a8 <pll_init>:
100016a8:	b5f8      	push	{r3, r4, r5, r6, r7, lr}
100016aa:	0004      	movs	r4, r0
100016ac:	4820      	ldr	r0, [pc, #128]	@ (10001730 <pll_init+0x88>)
100016ae:	001d      	movs	r5, r3
100016b0:	0017      	movs	r7, r2
100016b2:	000e      	movs	r6, r1
100016b4:	f000 f9f0 	bl	10001a98 <__wrap___aeabi_uidiv>
100016b8:	0001      	movs	r1, r0
100016ba:	0038      	movs	r0, r7
100016bc:	f000 f9ec 	bl	10001a98 <__wrap___aeabi_uidiv>
100016c0:	9b06      	ldr	r3, [sp, #24]
100016c2:	0429      	lsls	r1, r5, #16
100016c4:	031b      	lsls	r3, r3, #12
100016c6:	4319      	orrs	r1, r3
100016c8:	6823      	ldr	r3, [r4, #0]
100016ca:	2b00      	cmp	r3, #0
100016cc:	db1e      	blt.n	1000170c <pll_init+0x64>
100016ce:	4b19      	ldr	r3, [pc, #100]	@ (10001734 <pll_init+0x8c>)
100016d0:	4d19      	ldr	r5, [pc, #100]	@ (10001738 <pll_init+0x90>)
100016d2:	18e2      	adds	r2, r4, r3
100016d4:	4253      	negs	r3, r2
100016d6:	415a      	adcs	r2, r3
100016d8:	2380      	movs	r3, #128	@ 0x80
100016da:	015b      	lsls	r3, r3, #5
100016dc:	469c      	mov	ip, r3
100016de:	0312      	lsls	r2, r2, #12
100016e0:	4b16      	ldr	r3, [pc, #88]	@ (1000173c <pll_init+0x94>)
100016e2:	4462      	add	r2, ip
100016e4:	601a      	str	r2, [r3, #0]
100016e6:	4b16      	ldr	r3, [pc, #88]	@ (10001740 <pll_init+0x98>)
100016e8:	601a      	str	r2, [r3, #0]
100016ea:	0017      	movs	r7, r2
100016ec:	682b      	ldr	r3, [r5, #0]
100016ee:	439f      	bics	r7, r3
100016f0:	d1fb      	bne.n	100016ea <pll_init+0x42>
100016f2:	4b14      	ldr	r3, [pc, #80]	@ (10001744 <pll_init+0x9c>)
100016f4:	6026      	str	r6, [r4, #0]
100016f6:	18e2      	adds	r2, r4, r3
100016f8:	2321      	movs	r3, #33	@ 0x21
100016fa:	60a0      	str	r0, [r4, #8]
100016fc:	6013      	str	r3, [r2, #0]
100016fe:	6823      	ldr	r3, [r4, #0]
10001700:	2b00      	cmp	r3, #0
10001702:	dafc      	bge.n	100016fe <pll_init+0x56>
10001704:	2308      	movs	r3, #8
10001706:	60e1      	str	r1, [r4, #12]
10001708:	6013      	str	r3, [r2, #0]
1000170a:	bdf8      	pop	{r3, r4, r5, r6, r7, pc}
1000170c:	233f      	movs	r3, #63	@ 0x3f
1000170e:	6822      	ldr	r2, [r4, #0]
10001710:	4013      	ands	r3, r2
10001712:	42b3      	cmp	r3, r6
10001714:	d1db      	bne.n	100016ce <pll_init+0x26>
10001716:	68a3      	ldr	r3, [r4, #8]
10001718:	051b      	lsls	r3, r3, #20
1000171a:	0d1b      	lsrs	r3, r3, #20
1000171c:	4283      	cmp	r3, r0
1000171e:	d1d6      	bne.n	100016ce <pll_init+0x26>
10001720:	22ee      	movs	r2, #238	@ 0xee
10001722:	68e3      	ldr	r3, [r4, #12]
10001724:	02d2      	lsls	r2, r2, #11
10001726:	4013      	ands	r3, r2
10001728:	428b      	cmp	r3, r1
1000172a:	d1d0      	bne.n	100016ce <pll_init+0x26>
1000172c:	e7ed      	b.n	1000170a <pll_init+0x62>
1000172e:	46c0      	nop			@ (mov r8, r8)
10001730:	00b71b00 	.word	0x00b71b00
10001734:	bffd4000 	.word	0xbffd4000
10001738:	4000c008 	.word	0x4000c008
1000173c:	4000e000 	.word	0x4000e000
10001740:	4000f000 	.word	0x4000f000
10001744:	00003004 	.word	0x00003004

10001748 <tick_start>:
10001748:	2380      	movs	r3, #128	@ 0x80
1000174a:	4a02      	ldr	r2, [pc, #8]	@ (10001754 <tick_start+0xc>)
1000174c:	009b      	lsls	r3, r3, #2
1000174e:	430b      	orrs	r3, r1
10001750:	62d3      	str	r3, [r2, #44]	@ 0x2c
10001752:	4770      	bx	lr
10001754:	40058000 	.word	0x40058000

10001758 <rom_func_lookup>:
10001758:	2314      	movs	r3, #20
1000175a:	b510      	push	{r4, lr}
1000175c:	0001      	movs	r1, r0
1000175e:	8818      	ldrh	r0, [r3, #0]
10001760:	3304      	adds	r3, #4
10001762:	881b      	ldrh	r3, [r3, #0]
10001764:	4798      	blx	r3
10001766:	bd10      	pop	{r4, pc}

10001768 <rom_data_lookup>:
10001768:	2316      	movs	r3, #22
1000176a:	b510      	push	{r4, lr}
1000176c:	0001      	movs	r1, r0
1000176e:	8818      	ldrh	r0, [r3, #0]
10001770:	3302      	adds	r3, #2
10001772:	881b      	ldrh	r3, [r3, #0]
10001774:	4798      	blx	r3
10001776:	bd10      	pop	{r4, pc}

10001778 <rom_funcs_lookup>:
10001778:	b5f8      	push	{r3, r4, r5, r6, r7, lr}
1000177a:	4647      	mov	r7, r8
1000177c:	46ce      	mov	lr, r9
1000177e:	b580      	push	{r7, lr}
10001780:	1e0f      	subs	r7, r1, #0
10001782:	d019      	beq.n	100017b8 <rom_funcs_lookup+0x40>
10001784:	2314      	movs	r3, #20
10001786:	4699      	mov	r9, r3
10001788:	3304      	adds	r3, #4
1000178a:	0004      	movs	r4, r0
1000178c:	2500      	movs	r5, #0
1000178e:	2601      	movs	r6, #1
10001790:	4698      	mov	r8, r3
10001792:	464b      	mov	r3, r9
10001794:	8818      	ldrh	r0, [r3, #0]
10001796:	4643      	mov	r3, r8
10001798:	6821      	ldr	r1, [r4, #0]
1000179a:	881b      	ldrh	r3, [r3, #0]
1000179c:	4798      	blx	r3
1000179e:	c401      	stmia	r4!, {r0}
100017a0:	1e43      	subs	r3, r0, #1
100017a2:	4198      	sbcs	r0, r3
100017a4:	3501      	adds	r5, #1
100017a6:	4240      	negs	r0, r0
100017a8:	4006      	ands	r6, r0
100017aa:	42af      	cmp	r7, r5
100017ac:	d1f1      	bne.n	10001792 <rom_funcs_lookup+0x1a>
100017ae:	0030      	movs	r0, r6
100017b0:	bcc0      	pop	{r6, r7}
100017b2:	46b9      	mov	r9, r7
100017b4:	46b0      	mov	r8, r6
100017b6:	bdf8      	pop	{r3, r4, r5, r6, r7, pc}
100017b8:	2601      	movs	r6, #1
100017ba:	e7f8      	b.n	100017ae <rom_funcs_lookup+0x36>

100017bc <xosc_init>:
100017bc:	23aa      	movs	r3, #170	@ 0xaa
100017be:	4a06      	ldr	r2, [pc, #24]	@ (100017d8 <xosc_init+0x1c>)
100017c0:	011b      	lsls	r3, r3, #4
100017c2:	6013      	str	r3, [r2, #0]
100017c4:	238d      	movs	r3, #141	@ 0x8d
100017c6:	005b      	lsls	r3, r3, #1
100017c8:	60d3      	str	r3, [r2, #12]
100017ca:	4904      	ldr	r1, [pc, #16]	@ (100017dc <xosc_init+0x20>)
100017cc:	4b04      	ldr	r3, [pc, #16]	@ (100017e0 <xosc_init+0x24>)
100017ce:	6019      	str	r1, [r3, #0]
100017d0:	6853      	ldr	r3, [r2, #4]
100017d2:	2b00      	cmp	r3, #0
100017d4:	dafc      	bge.n	100017d0 <xosc_init+0x14>
100017d6:	4770      	bx	lr
100017d8:	40024000 	.word	0x40024000
100017dc:	00fab000 	.word	0x00fab000
100017e0:	40026000 	.word	0x40026000

100017e4 <first_per_core_initializer>:
100017e4:	4770      	bx	lr
100017e6:	46c0      	nop			@ (mov r8, r8)

100017e8 <hard_assertion_failure>:
100017e8:	b510      	push	{r4, lr}
100017ea:	4801      	ldr	r0, [pc, #4]	@ (100017f0 <hard_assertion_failure+0x8>)
100017ec:	f7fe fe0e 	bl	1000040c <panic>
100017f0:	10007c0c 	.word	0x10007c0c

100017f4 <runtime_run_initializers>:
100017f4:	b570      	push	{r4, r5, r6, lr}
100017f6:	4d07      	ldr	r5, [pc, #28]	@ (10001814 <runtime_run_initializers+0x20>)
100017f8:	4e07      	ldr	r6, [pc, #28]	@ (10001818 <runtime_run_initializers+0x24>)
100017fa:	42b5      	cmp	r5, r6
100017fc:	d209      	bcs.n	10001812 <runtime_run_initializers+0x1e>
100017fe:	2400      	movs	r4, #0
10001800:	3e01      	subs	r6, #1
10001802:	1b76      	subs	r6, r6, r5
10001804:	08b6      	lsrs	r6, r6, #2
10001806:	cd08      	ldmia	r5!, {r3}
10001808:	4798      	blx	r3
1000180a:	0023      	movs	r3, r4
1000180c:	3401      	adds	r4, #1
1000180e:	42b3      	cmp	r3, r6
10001810:	d1f9      	bne.n	10001806 <runtime_run_initializers+0x12>
10001812:	bd70      	pop	{r4, r5, r6, pc}
10001814:	10007b70 	.word	0x10007b70
10001818:	10007bac 	.word	0x10007bac

1000181c <runtime_init_early_resets>:
1000181c:	4b05      	ldr	r3, [pc, #20]	@ (10001834 <runtime_init_early_resets+0x18>)
1000181e:	4a06      	ldr	r2, [pc, #24]	@ (10001838 <runtime_init_early_resets+0x1c>)
10001820:	4906      	ldr	r1, [pc, #24]	@ (1000183c <runtime_init_early_resets+0x20>)
10001822:	601a      	str	r2, [r3, #0]
10001824:	4a06      	ldr	r2, [pc, #24]	@ (10001840 <runtime_init_early_resets+0x24>)
10001826:	4b07      	ldr	r3, [pc, #28]	@ (10001844 <runtime_init_early_resets+0x28>)
10001828:	601a      	str	r2, [r3, #0]
1000182a:	0010      	movs	r0, r2
1000182c:	680b      	ldr	r3, [r1, #0]
1000182e:	4398      	bics	r0, r3
10001830:	d1fb      	bne.n	1000182a <runtime_init_early_resets+0xe>
10001832:	4770      	bx	lr
10001834:	4000e000 	.word	0x4000e000
10001838:	fefbcdbf 	.word	0xfefbcdbf
1000183c:	4000c008 	.word	0x4000c008
10001840:	003c7ffe 	.word	0x003c7ffe
10001844:	4000f000 	.word	0x4000f000

10001848 <runtime_init_usb_power_down>:
10001848:	4b04      	ldr	r3, [pc, #16]	@ (1000185c <runtime_init_usb_power_down+0x14>)
1000184a:	6cdb      	ldr	r3, [r3, #76]	@ 0x4c
1000184c:	2b00      	cmp	r3, #0
1000184e:	d103      	bne.n	10001858 <runtime_init_usb_power_down+0x10>
10001850:	2280      	movs	r2, #128	@ 0x80
10001852:	4b03      	ldr	r3, [pc, #12]	@ (10001860 <runtime_init_usb_power_down+0x18>)
10001854:	02d2      	lsls	r2, r2, #11
10001856:	601a      	str	r2, [r3, #0]
10001858:	4770      	bx	lr
1000185a:	46c0      	nop			@ (mov r8, r8)
1000185c:	50110000 	.word	0x50110000
10001860:	5011204c 	.word	0x5011204c

10001864 <runtime_init_post_clock_resets>:
10001864:	4a04      	ldr	r2, [pc, #16]	@ (10001878 <runtime_init_post_clock_resets+0x14>)
10001866:	4b05      	ldr	r3, [pc, #20]	@ (1000187c <runtime_init_post_clock_resets+0x18>)
10001868:	601a      	str	r2, [r3, #0]
1000186a:	4a05      	ldr	r2, [pc, #20]	@ (10001880 <runtime_init_post_clock_resets+0x1c>)
1000186c:	6813      	ldr	r3, [r2, #0]
1000186e:	01db      	lsls	r3, r3, #7
10001870:	3380      	adds	r3, #128	@ 0x80
10001872:	d1fb      	bne.n	1000186c <runtime_init_post_clock_resets+0x8>
10001874:	4770      	bx	lr
10001876:	46c0      	nop			@ (mov r8, r8)
10001878:	01ffffff 	.word	0x01ffffff
1000187c:	4000f000 	.word	0x4000f000
10001880:	4000c008 	.word	0x4000c008

10001884 <runtime_init_rp2040_gpio_ie_disable>:
10001884:	2240      	movs	r2, #64	@ 0x40
10001886:	4b03      	ldr	r3, [pc, #12]	@ (10001894 <runtime_init_rp2040_gpio_ie_disable+0x10>)
10001888:	679a      	str	r2, [r3, #120]	@ 0x78
1000188a:	675a      	str	r2, [r3, #116]	@ 0x74
1000188c:	671a      	str	r2, [r3, #112]	@ 0x70
1000188e:	66da      	str	r2, [r3, #108]	@ 0x6c
10001890:	4770      	bx	lr
10001892:	46c0      	nop			@ (mov r8, r8)
10001894:	4001f000 	.word	0x4001f000

10001898 <runtime_init_spin_locks_reset>:
10001898:	b510      	push	{r4, lr}
1000189a:	f7fe fe7d 	bl	10000598 <spin_locks_reset>
1000189e:	bd10      	pop	{r4, pc}

100018a0 <runtime_init_install_ram_vector_table>:
100018a0:	b5f8      	push	{r3, r4, r5, r6, r7, lr}
100018a2:	4927      	ldr	r1, [pc, #156]	@ (10001940 <runtime_init_install_ram_vector_table+0xa0>)
100018a4:	4c27      	ldr	r4, [pc, #156]	@ (10001944 <runtime_init_install_ram_vector_table+0xa4>)
100018a6:	4d28      	ldr	r5, [pc, #160]	@ (10001948 <runtime_init_install_ram_vector_table+0xa8>)
100018a8:	1a64      	subs	r4, r4, r1
100018aa:	08a4      	lsrs	r4, r4, #2
100018ac:	0022      	movs	r2, r4
100018ae:	2c30      	cmp	r4, #48	@ 0x30
100018b0:	d900      	bls.n	100018b4 <runtime_init_install_ram_vector_table+0x14>
100018b2:	2230      	movs	r2, #48	@ 0x30
100018b4:	0028      	movs	r0, r5
100018b6:	0092      	lsls	r2, r2, #2
100018b8:	f000 fcbc 	bl	10002234 <__wrap___aeabi_memcpy>
100018bc:	2c2f      	cmp	r4, #47	@ 0x2f
100018be:	d83b      	bhi.n	10001938 <runtime_init_install_ram_vector_table+0x98>
100018c0:	2030      	movs	r0, #48	@ 0x30
100018c2:	212f      	movs	r1, #47	@ 0x2f
100018c4:	00a7      	lsls	r7, r4, #2
100018c6:	19eb      	adds	r3, r5, r7
100018c8:	075b      	lsls	r3, r3, #29
100018ca:	4a20      	ldr	r2, [pc, #128]	@ (1000194c <runtime_init_install_ram_vector_table+0xac>)
100018cc:	1b00      	subs	r0, r0, r4
100018ce:	0fdb      	lsrs	r3, r3, #31
100018d0:	1b09      	subs	r1, r1, r4
100018d2:	2905      	cmp	r1, #5
100018d4:	d916      	bls.n	10001904 <runtime_init_install_ram_vector_table+0x64>
100018d6:	0026      	movs	r6, r4
100018d8:	2b00      	cmp	r3, #0
100018da:	d001      	beq.n	100018e0 <runtime_init_install_ram_vector_table+0x40>
100018dc:	51ea      	str	r2, [r5, r7]
100018de:	1c66      	adds	r6, r4, #1
100018e0:	1ac0      	subs	r0, r0, r3
100018e2:	18e3      	adds	r3, r4, r3
100018e4:	009b      	lsls	r3, r3, #2
100018e6:	0841      	lsrs	r1, r0, #1
100018e8:	18eb      	adds	r3, r5, r3
100018ea:	00c9      	lsls	r1, r1, #3
100018ec:	18c9      	adds	r1, r1, r3
100018ee:	601a      	str	r2, [r3, #0]
100018f0:	605a      	str	r2, [r3, #4]
100018f2:	3308      	adds	r3, #8
100018f4:	428b      	cmp	r3, r1
100018f6:	d1fa      	bne.n	100018ee <runtime_init_install_ram_vector_table+0x4e>
100018f8:	2301      	movs	r3, #1
100018fa:	4203      	tst	r3, r0
100018fc:	d01c      	beq.n	10001938 <runtime_init_install_ram_vector_table+0x98>
100018fe:	4398      	bics	r0, r3
10001900:	1984      	adds	r4, r0, r6
10001902:	00a7      	lsls	r7, r4, #2
10001904:	51ea      	str	r2, [r5, r7]
10001906:	1c63      	adds	r3, r4, #1
10001908:	2c2f      	cmp	r4, #47	@ 0x2f
1000190a:	d015      	beq.n	10001938 <runtime_init_install_ram_vector_table+0x98>
1000190c:	009b      	lsls	r3, r3, #2
1000190e:	50ea      	str	r2, [r5, r3]
10001910:	1ca3      	adds	r3, r4, #2
10001912:	2c2e      	cmp	r4, #46	@ 0x2e
10001914:	d010      	beq.n	10001938 <runtime_init_install_ram_vector_table+0x98>
10001916:	009b      	lsls	r3, r3, #2
10001918:	50ea      	str	r2, [r5, r3]
1000191a:	1ce3      	adds	r3, r4, #3
1000191c:	2c2d      	cmp	r4, #45	@ 0x2d
1000191e:	d00b      	beq.n	10001938 <runtime_init_install_ram_vector_table+0x98>
10001920:	009b      	lsls	r3, r3, #2
10001922:	50ea      	str	r2, [r5, r3]
10001924:	1d23      	adds	r3, r4, #4
10001926:	2c2c      	cmp	r4, #44	@ 0x2c
10001928:	d006      	beq.n	10001938 <runtime_init_install_ram_vector_table+0x98>
1000192a:	009b      	lsls	r3, r3, #2
1000192c:	50ea      	str	r2, [r5, r3]
1000192e:	1d63      	adds	r3, r4, #5
10001930:	2c2b      	cmp	r4, #43	@ 0x2b
10001932:	d001      	beq.n	10001938 <runtime_init_install_ram_vector_table+0x98>
10001934:	009b      	lsls	r3, r3, #2
10001936:	50ea      	str	r2, [r5, r3]
10001938:	4b05      	ldr	r3, [pc, #20]	@ (10001950 <runtime_init_install_ram_vector_table+0xb0>)
1000193a:	609d      	str	r5, [r3, #8]
1000193c:	bdf8      	pop	{r3, r4, r5, r6, r7, pc}
1000193e:	46c0      	nop			@ (mov r8, r8)
10001940:	10000100 	.word	0x10000100
10001944:	100001c0 	.word	0x100001c0
10001948:	20000000 	.word	0x20000000
1000194c:	100001c1 	.word	0x100001c1
10001950:	e000ed00 	.word	0xe000ed00

10001954 <runtime_init_clocks>:
10001954:	2300      	movs	r3, #0
10001956:	b510      	push	{r4, lr}
10001958:	4c29      	ldr	r4, [pc, #164]	@ (10001a00 <runtime_init_clocks+0xac>)
1000195a:	b082      	sub	sp, #8
1000195c:	67a3      	str	r3, [r4, #120]	@ 0x78
1000195e:	f7ff ff2d 	bl	100017bc <xosc_init>
10001962:	2201      	movs	r2, #1
10001964:	4b27      	ldr	r3, [pc, #156]	@ (10001a04 <runtime_init_clocks+0xb0>)
10001966:	601a      	str	r2, [r3, #0]
10001968:	6c63      	ldr	r3, [r4, #68]	@ 0x44
1000196a:	2b01      	cmp	r3, #1
1000196c:	d1fc      	bne.n	10001968 <runtime_init_clocks+0x14>
1000196e:	2203      	movs	r2, #3
10001970:	4b25      	ldr	r3, [pc, #148]	@ (10001a08 <runtime_init_clocks+0xb4>)
10001972:	601a      	str	r2, [r3, #0]
10001974:	4a22      	ldr	r2, [pc, #136]	@ (10001a00 <runtime_init_clocks+0xac>)
10001976:	6b93      	ldr	r3, [r2, #56]	@ 0x38
10001978:	2b01      	cmp	r3, #1
1000197a:	d1fc      	bne.n	10001976 <runtime_init_clocks+0x22>
1000197c:	3301      	adds	r3, #1
1000197e:	9300      	str	r3, [sp, #0]
10001980:	2101      	movs	r1, #1
10001982:	4a22      	ldr	r2, [pc, #136]	@ (10001a0c <runtime_init_clocks+0xb8>)
10001984:	4822      	ldr	r0, [pc, #136]	@ (10001a10 <runtime_init_clocks+0xbc>)
10001986:	3304      	adds	r3, #4
10001988:	f7ff fe8e 	bl	100016a8 <pll_init>
1000198c:	2305      	movs	r3, #5
1000198e:	2101      	movs	r1, #1
10001990:	9300      	str	r3, [sp, #0]
10001992:	4a20      	ldr	r2, [pc, #128]	@ (10001a14 <runtime_init_clocks+0xc0>)
10001994:	4820      	ldr	r0, [pc, #128]	@ (10001a18 <runtime_init_clocks+0xc4>)
10001996:	f7ff fe87 	bl	100016a8 <pll_init>
1000199a:	2200      	movs	r2, #0
1000199c:	2102      	movs	r1, #2
1000199e:	2004      	movs	r0, #4
100019a0:	4b1e      	ldr	r3, [pc, #120]	@ (10001a1c <runtime_init_clocks+0xc8>)
100019a2:	f7ff fe07 	bl	100015b4 <clock_configure_undivided>
100019a6:	2200      	movs	r2, #0
100019a8:	2101      	movs	r1, #1
100019aa:	2005      	movs	r0, #5
100019ac:	4b1c      	ldr	r3, [pc, #112]	@ (10001a20 <runtime_init_clocks+0xcc>)
100019ae:	f7ff fe01 	bl	100015b4 <clock_configure_undivided>
100019b2:	2200      	movs	r2, #0
100019b4:	2100      	movs	r1, #0
100019b6:	2007      	movs	r0, #7
100019b8:	4b1a      	ldr	r3, [pc, #104]	@ (10001a24 <runtime_init_clocks+0xd0>)
100019ba:	f7ff fdfb 	bl	100015b4 <clock_configure_undivided>
100019be:	2200      	movs	r2, #0
100019c0:	2100      	movs	r1, #0
100019c2:	2008      	movs	r0, #8
100019c4:	4b17      	ldr	r3, [pc, #92]	@ (10001a24 <runtime_init_clocks+0xd0>)
100019c6:	f7ff fdf5 	bl	100015b4 <clock_configure_undivided>
100019ca:	2380      	movs	r3, #128	@ 0x80
100019cc:	00db      	lsls	r3, r3, #3
100019ce:	9300      	str	r3, [sp, #0]
100019d0:	2200      	movs	r2, #0
100019d2:	2100      	movs	r1, #0
100019d4:	2009      	movs	r0, #9
100019d6:	4b13      	ldr	r3, [pc, #76]	@ (10001a24 <runtime_init_clocks+0xd0>)
100019d8:	f7ff fd72 	bl	100014c0 <clock_configure_int_divider>
100019dc:	2200      	movs	r2, #0
100019de:	4b10      	ldr	r3, [pc, #64]	@ (10001a20 <runtime_init_clocks+0xcc>)
100019e0:	2100      	movs	r1, #0
100019e2:	2006      	movs	r0, #6
100019e4:	f7ff fde6 	bl	100015b4 <clock_configure_undivided>
100019e8:	2004      	movs	r0, #4
100019ea:	f7ff fe57 	bl	1000169c <clock_get_hz>
100019ee:	490e      	ldr	r1, [pc, #56]	@ (10001a28 <runtime_init_clocks+0xd4>)
100019f0:	f000 f852 	bl	10001a98 <__wrap___aeabi_uidiv>
100019f4:	0001      	movs	r1, r0
100019f6:	2000      	movs	r0, #0
100019f8:	f7ff fea6 	bl	10001748 <tick_start>
100019fc:	b002      	add	sp, #8
100019fe:	bd10      	pop	{r4, pc}
10001a00:	40008000 	.word	0x40008000
10001a04:	4000b03c 	.word	0x4000b03c
10001a08:	4000b030 	.word	0x4000b030
10001a0c:	59682f00 	.word	0x59682f00
10001a10:	40028000 	.word	0x40028000
10001a14:	47868c00 	.word	0x47868c00
10001a18:	4002c000 	.word	0x4002c000
10001a1c:	00b71b00 	.word	0x00b71b00
10001a20:	07735940 	.word	0x07735940
10001a24:	02dc6c00 	.word	0x02dc6c00
10001a28:	000f4240 	.word	0x000f4240

10001a2c <__aeabi_bits_init>:
10001a2c:	4801      	ldr	r0, [pc, #4]	@ (10001a34 <__aeabi_bits_init+0x8>)
10001a2e:	2104      	movs	r1, #4
10001a30:	4b01      	ldr	r3, [pc, #4]	@ (10001a38 <__aeabi_bits_init+0xc>)
10001a32:	4718      	bx	r3
10001a34:	20000520 	.word	0x20000520
10001a38:	10001779 	.word	0x10001779

10001a3c <__wrap___ctzsi2>:
10001a3c:	4b01      	ldr	r3, [pc, #4]	@ (10001a44 <__wrap___ctzsi2+0x8>)
10001a3e:	689b      	ldr	r3, [r3, #8]
10001a40:	4718      	bx	r3
10001a42:	0000      	.short	0x0000
10001a44:	20000520 	.word	0x20000520

10001a48 <__wrap___aeabi_idiv>:
10001a48:	4a12      	ldr	r2, [pc, #72]	@ (10001a94 <divmod_s32s32_savestate+0x18>)
10001a4a:	6f93      	ldr	r3, [r2, #120]	@ 0x78
10001a4c:	089b      	lsrs	r3, r3, #2
10001a4e:	d215      	bcs.n	10001a7c <divmod_s32s32_savestate>

10001a50 <divmod_s32s32_core>:
10001a50:	6690      	str	r0, [r2, #104]	@ 0x68
10001a52:	66d1      	str	r1, [r2, #108]	@ 0x6c
10001a54:	2900      	cmp	r1, #0
10001a56:	d005      	beq.n	10001a64 <divmod_s32s32_core+0x14>
10001a58:	e7ff      	b.n	10001a5a <divmod_s32s32_core+0xa>
10001a5a:	e7ff      	b.n	10001a5c <divmod_s32s32_core+0xc>
10001a5c:	e7ff      	b.n	10001a5e <divmod_s32s32_core+0xe>
10001a5e:	6f51      	ldr	r1, [r2, #116]	@ 0x74
10001a60:	6f10      	ldr	r0, [r2, #112]	@ 0x70
10001a62:	4770      	bx	lr
10001a64:	b504      	push	{r2, lr}
10001a66:	2180      	movs	r1, #128	@ 0x80
10001a68:	0609      	lsls	r1, r1, #24
10001a6a:	17c2      	asrs	r2, r0, #31
10001a6c:	4051      	eors	r1, r2
10001a6e:	2800      	cmp	r0, #0
10001a70:	d000      	beq.n	10001a74 <divmod_s32s32_core+0x24>
10001a72:	43c8      	mvns	r0, r1
10001a74:	f006 f82c 	bl	10007ad0 <____aeabi_idiv0_veneer>
10001a78:	2100      	movs	r1, #0
10001a7a:	bd04      	pop	{r2, pc}

10001a7c <divmod_s32s32_savestate>:
10001a7c:	b5f0      	push	{r4, r5, r6, r7, lr}
10001a7e:	6e14      	ldr	r4, [r2, #96]	@ 0x60
10001a80:	6e55      	ldr	r5, [r2, #100]	@ 0x64
10001a82:	6f57      	ldr	r7, [r2, #116]	@ 0x74
10001a84:	6f16      	ldr	r6, [r2, #112]	@ 0x70
10001a86:	f7ff ffe3 	bl	10001a50 <divmod_s32s32_core>
10001a8a:	6614      	str	r4, [r2, #96]	@ 0x60
10001a8c:	6655      	str	r5, [r2, #100]	@ 0x64
10001a8e:	6757      	str	r7, [r2, #116]	@ 0x74
10001a90:	6716      	str	r6, [r2, #112]	@ 0x70
10001a92:	bdf0      	pop	{r4, r5, r6, r7, pc}
10001a94:	d0000000 	.word	0xd0000000

10001a98 <__wrap___aeabi_uidiv>:
10001a98:	4a11      	ldr	r2, [pc, #68]	@ (10001ae0 <divmod_u32u32_savestate+0x18>)
10001a9a:	6f93      	ldr	r3, [r2, #120]	@ 0x78
10001a9c:	089b      	lsrs	r3, r3, #2
10001a9e:	d213      	bcs.n	10001ac8 <divmod_u32u32_savestate>

10001aa0 <divmod_u32u32_core>:
10001aa0:	6610      	str	r0, [r2, #96]	@ 0x60
10001aa2:	6651      	str	r1, [r2, #100]	@ 0x64
10001aa4:	2900      	cmp	r1, #0
10001aa6:	d005      	beq.n	10001ab4 <divmod_u32u32_core+0x14>
10001aa8:	e7ff      	b.n	10001aaa <divmod_u32u32_core+0xa>
10001aaa:	e7ff      	b.n	10001aac <divmod_u32u32_core+0xc>
10001aac:	e7ff      	b.n	10001aae <divmod_u32u32_core+0xe>
10001aae:	6f51      	ldr	r1, [r2, #116]	@ 0x74
10001ab0:	6f10      	ldr	r0, [r2, #112]	@ 0x70
10001ab2:	4770      	bx	lr
10001ab4:	b504      	push	{r2, lr}
10001ab6:	2800      	cmp	r0, #0
10001ab8:	d001      	beq.n	10001abe <divmod_u32u32_core+0x1e>
10001aba:	2000      	movs	r0, #0
10001abc:	43c0      	mvns	r0, r0
10001abe:	f006 f807 	bl	10007ad0 <____aeabi_idiv0_veneer>
10001ac2:	2100      	movs	r1, #0
10001ac4:	bd04      	pop	{r2, pc}
10001ac6:	46c0      	nop			@ (mov r8, r8)

10001ac8 <divmod_u32u32_savestate>:
10001ac8:	b5f0      	push	{r4, r5, r6, r7, lr}
10001aca:	6e14      	ldr	r4, [r2, #96]	@ 0x60
10001acc:	6e55      	ldr	r5, [r2, #100]	@ 0x64
10001ace:	6f57      	ldr	r7, [r2, #116]	@ 0x74
10001ad0:	6f16      	ldr	r6, [r2, #112]	@ 0x70
10001ad2:	f7ff ffe5 	bl	10001aa0 <divmod_u32u32_core>
10001ad6:	6614      	str	r4, [r2, #96]	@ 0x60
10001ad8:	6655      	str	r5, [r2, #100]	@ 0x64
10001ada:	6757      	str	r7, [r2, #116]	@ 0x74
10001adc:	6716      	str	r6, [r2, #112]	@ 0x70
10001ade:	bdf0      	pop	{r4, r5, r6, r7, pc}
10001ae0:	d0000000 	.word	0xd0000000

10001ae4 <__wrap___aeabi_ldivmod>:
10001ae4:	4694      	mov	ip, r2
10001ae6:	4a4a      	ldr	r2, [pc, #296]	@ (10001c10 <udiv0+0x1a>)
10001ae8:	6f92      	ldr	r2, [r2, #120]	@ 0x78
10001aea:	0892      	lsrs	r2, r2, #2
10001aec:	4662      	mov	r2, ip
10001aee:	d201      	bcs.n	10001af4 <divmod_s64s64_savestate>
10001af0:	e028      	b.n	10001b44 <divmod_s64s64_unsafe>
10001af2:	46c0      	nop			@ (mov r8, r8)

10001af4 <divmod_s64s64_savestate>:
10001af4:	b5f0      	push	{r4, r5, r6, r7, lr}
10001af6:	4e46      	ldr	r6, [pc, #280]	@ (10001c10 <udiv0+0x1a>)
10001af8:	6e34      	ldr	r4, [r6, #96]	@ 0x60
10001afa:	6e75      	ldr	r5, [r6, #100]	@ 0x64
10001afc:	6f77      	ldr	r7, [r6, #116]	@ 0x74
10001afe:	6f36      	ldr	r6, [r6, #112]	@ 0x70
10001b00:	f000 f820 	bl	10001b44 <divmod_s64s64_unsafe>
10001b04:	4694      	mov	ip, r2
10001b06:	4a42      	ldr	r2, [pc, #264]	@ (10001c10 <udiv0+0x1a>)
10001b08:	6614      	str	r4, [r2, #96]	@ 0x60
10001b0a:	6655      	str	r5, [r2, #100]	@ 0x64
10001b0c:	6757      	str	r7, [r2, #116]	@ 0x74
10001b0e:	6716      	str	r6, [r2, #112]	@ 0x70
10001b10:	4662      	mov	r2, ip
10001b12:	bdf0      	pop	{r4, r5, r6, r7, pc}

10001b14 <__wrap___aeabi_uldivmod>:
10001b14:	4694      	mov	ip, r2
10001b16:	4a3e      	ldr	r2, [pc, #248]	@ (10001c10 <udiv0+0x1a>)
10001b18:	6f92      	ldr	r2, [r2, #120]	@ 0x78
10001b1a:	0892      	lsrs	r2, r2, #2
10001b1c:	4662      	mov	r2, ip
10001b1e:	d201      	bcs.n	10001b24 <divmod_u64u64_savestate>
10001b20:	e054      	b.n	10001bcc <divmod_u64u64_unsafe>
10001b22:	46c0      	nop			@ (mov r8, r8)

10001b24 <divmod_u64u64_savestate>:
10001b24:	b5f0      	push	{r4, r5, r6, r7, lr}
10001b26:	4e3a      	ldr	r6, [pc, #232]	@ (10001c10 <udiv0+0x1a>)
10001b28:	6e34      	ldr	r4, [r6, #96]	@ 0x60
10001b2a:	6e75      	ldr	r5, [r6, #100]	@ 0x64
10001b2c:	6f77      	ldr	r7, [r6, #116]	@ 0x74
10001b2e:	6f36      	ldr	r6, [r6, #112]	@ 0x70
10001b30:	f000 f84c 	bl	10001bcc <divmod_u64u64_unsafe>
10001b34:	4694      	mov	ip, r2
10001b36:	4a36      	ldr	r2, [pc, #216]	@ (10001c10 <udiv0+0x1a>)
10001b38:	6614      	str	r4, [r2, #96]	@ 0x60
10001b3a:	6655      	str	r5, [r2, #100]	@ 0x64
10001b3c:	6757      	str	r7, [r2, #116]	@ 0x74
10001b3e:	6716      	str	r6, [r2, #112]	@ 0x70
10001b40:	4662      	mov	r2, ip
10001b42:	bdf0      	pop	{r4, r5, r6, r7, pc}

10001b44 <divmod_s64s64_unsafe>:
10001b44:	2b00      	cmp	r3, #0
10001b46:	db24      	blt.n	10001b92 <l46_1+0x26>
10001b48:	d011      	beq.n	10001b6e <l46_1+0x2>
10001b4a:	2900      	cmp	r1, #0
10001b4c:	da3e      	bge.n	10001bcc <divmod_u64u64_unsafe>
10001b4e:	b500      	push	{lr}
10001b50:	43c9      	mvns	r1, r1
10001b52:	4240      	negs	r0, r0
10001b54:	d100      	bne.n	10001b58 <l44_1>
10001b56:	3101      	adds	r1, #1

10001b58 <l44_1>:
10001b58:	f000 f838 	bl	10001bcc <divmod_u64u64_unsafe>
10001b5c:	43c9      	mvns	r1, r1
10001b5e:	4240      	negs	r0, r0
10001b60:	d100      	bne.n	10001b64 <l45_1>
10001b62:	3101      	adds	r1, #1

10001b64 <l45_1>:
10001b64:	43db      	mvns	r3, r3
10001b66:	4252      	negs	r2, r2
10001b68:	d100      	bne.n	10001b6c <l46_1>
10001b6a:	3301      	adds	r3, #1

10001b6c <l46_1>:
10001b6c:	bd00      	pop	{pc}
10001b6e:	2a00      	cmp	r2, #0
10001b70:	d1eb      	bne.n	10001b4a <divmod_s64s64_unsafe+0x6>
10001b72:	2800      	cmp	r0, #0
10001b74:	d101      	bne.n	10001b7a <l46_1+0xe>
10001b76:	2900      	cmp	r1, #0
10001b78:	d005      	beq.n	10001b86 <l46_1+0x1a>
10001b7a:	2000      	movs	r0, #0
10001b7c:	0fc9      	lsrs	r1, r1, #31
10001b7e:	07c9      	lsls	r1, r1, #31
10001b80:	d101      	bne.n	10001b86 <l46_1+0x1a>
10001b82:	43c0      	mvns	r0, r0
10001b84:	0841      	lsrs	r1, r0, #1
10001b86:	b500      	push	{lr}
10001b88:	f005 ffc2 	bl	10007b10 <____aeabi_ldiv0_veneer>
10001b8c:	2200      	movs	r2, #0
10001b8e:	2300      	movs	r3, #0
10001b90:	bd00      	pop	{pc}
10001b92:	b500      	push	{lr}
10001b94:	2900      	cmp	r1, #0
10001b96:	db0a      	blt.n	10001bae <l48_1+0x2>
10001b98:	43db      	mvns	r3, r3
10001b9a:	4252      	negs	r2, r2
10001b9c:	d100      	bne.n	10001ba0 <l47_1>
10001b9e:	3301      	adds	r3, #1

10001ba0 <l47_1>:
10001ba0:	f000 f814 	bl	10001bcc <divmod_u64u64_unsafe>
10001ba4:	43c9      	mvns	r1, r1
10001ba6:	4240      	negs	r0, r0
10001ba8:	d100      	bne.n	10001bac <l48_1>
10001baa:	3101      	adds	r1, #1

10001bac <l48_1>:
10001bac:	bd00      	pop	{pc}
10001bae:	43c9      	mvns	r1, r1
10001bb0:	4240      	negs	r0, r0
10001bb2:	d100      	bne.n	10001bb6 <l49_1>
10001bb4:	3101      	adds	r1, #1

10001bb6 <l49_1>:
10001bb6:	43db      	mvns	r3, r3
10001bb8:	4252      	negs	r2, r2
10001bba:	d100      	bne.n	10001bbe <l50_1>
10001bbc:	3301      	adds	r3, #1

10001bbe <l50_1>:
10001bbe:	f000 f805 	bl	10001bcc <divmod_u64u64_unsafe>
10001bc2:	43db      	mvns	r3, r3
10001bc4:	4252      	negs	r2, r2
10001bc6:	d100      	bne.n	10001bca <l51_1>
10001bc8:	3301      	adds	r3, #1

10001bca <l51_1>:
10001bca:	bd00      	pop	{pc}

10001bcc <divmod_u64u64_unsafe>:
10001bcc:	2900      	cmp	r1, #0
10001bce:	d123      	bne.n	10001c18 <y64>
10001bd0:	2b00      	cmp	r3, #0
10001bd2:	d118      	bne.n	10001c06 <udiv0+0x10>
10001bd4:	2a00      	cmp	r2, #0
10001bd6:	d00c      	beq.n	10001bf2 <divmod_u64u64_unsafe+0x26>
10001bd8:	46bc      	mov	ip, r7
10001bda:	4f0d      	ldr	r7, [pc, #52]	@ (10001c10 <udiv0+0x1a>)
10001bdc:	6638      	str	r0, [r7, #96]	@ 0x60
10001bde:	667a      	str	r2, [r7, #100]	@ 0x64
10001be0:	2100      	movs	r1, #0
10001be2:	2300      	movs	r3, #0
10001be4:	e7ff      	b.n	10001be6 <divmod_u64u64_unsafe+0x1a>
10001be6:	e7ff      	b.n	10001be8 <divmod_u64u64_unsafe+0x1c>
10001be8:	e7ff      	b.n	10001bea <divmod_u64u64_unsafe+0x1e>
10001bea:	6f7a      	ldr	r2, [r7, #116]	@ 0x74
10001bec:	6f38      	ldr	r0, [r7, #112]	@ 0x70
10001bee:	4667      	mov	r7, ip
10001bf0:	4770      	bx	lr
10001bf2:	2800      	cmp	r0, #0
10001bf4:	d001      	beq.n	10001bfa <udiv0+0x4>

10001bf6 <udiv0>:
10001bf6:	4807      	ldr	r0, [pc, #28]	@ (10001c14 <udiv0+0x1e>)
10001bf8:	0001      	movs	r1, r0
10001bfa:	b500      	push	{lr}
10001bfc:	f005 ff88 	bl	10007b10 <____aeabi_ldiv0_veneer>
10001c00:	2200      	movs	r2, #0
10001c02:	2300      	movs	r3, #0
10001c04:	bd00      	pop	{pc}
10001c06:	0002      	movs	r2, r0
10001c08:	000b      	movs	r3, r1
10001c0a:	2000      	movs	r0, #0
10001c0c:	2100      	movs	r1, #0
10001c0e:	4770      	bx	lr
10001c10:	d0000000 	.word	0xd0000000
10001c14:	ffffffff 	.word	0xffffffff

10001c18 <y64>:
10001c18:	2b00      	cmp	r3, #0
10001c1a:	d000      	beq.n	10001c1e <y64+0x6>
10001c1c:	e0bf      	b.n	10001d9e <y64_x48>
10001c1e:	0c13      	lsrs	r3, r2, #16
10001c20:	d128      	bne.n	10001c74 <y64_x32>
10001c22:	2a00      	cmp	r2, #0
10001c24:	d0e7      	beq.n	10001bf6 <udiv0>
10001c26:	b480      	push	{r7}
10001c28:	4f11      	ldr	r7, [pc, #68]	@ (10001c70 <y64+0x58>)
10001c2a:	6639      	str	r1, [r7, #96]	@ 0x60
10001c2c:	667a      	str	r2, [r7, #100]	@ 0x64
10001c2e:	e7ff      	b.n	10001c30 <y64+0x18>
10001c30:	e7ff      	b.n	10001c32 <y64+0x1a>
10001c32:	b430      	push	{r4, r5}
10001c34:	0c04      	lsrs	r4, r0, #16
10001c36:	6f7b      	ldr	r3, [r7, #116]	@ 0x74
10001c38:	6f39      	ldr	r1, [r7, #112]	@ 0x70
10001c3a:	041b      	lsls	r3, r3, #16
10001c3c:	4323      	orrs	r3, r4
10001c3e:	663b      	str	r3, [r7, #96]	@ 0x60
10001c40:	667a      	str	r2, [r7, #100]	@ 0x64
10001c42:	e7ff      	b.n	10001c44 <y64+0x2c>
10001c44:	e7ff      	b.n	10001c46 <y64+0x2e>
10001c46:	e7ff      	b.n	10001c48 <y64+0x30>
10001c48:	46c0      	nop			@ (mov r8, r8)
10001c4a:	b284      	uxth	r4, r0
10001c4c:	6f7b      	ldr	r3, [r7, #116]	@ 0x74
10001c4e:	6f3d      	ldr	r5, [r7, #112]	@ 0x70
10001c50:	041b      	lsls	r3, r3, #16
10001c52:	4323      	orrs	r3, r4
10001c54:	663b      	str	r3, [r7, #96]	@ 0x60
10001c56:	667a      	str	r2, [r7, #100]	@ 0x64
10001c58:	e7ff      	b.n	10001c5a <y64+0x42>
10001c5a:	e7ff      	b.n	10001c5c <y64+0x44>
10001c5c:	46c0      	nop			@ (mov r8, r8)
10001c5e:	2300      	movs	r3, #0
10001c60:	042c      	lsls	r4, r5, #16
10001c62:	0c2d      	lsrs	r5, r5, #16
10001c64:	6f7a      	ldr	r2, [r7, #116]	@ 0x74
10001c66:	6f38      	ldr	r0, [r7, #112]	@ 0x70
10001c68:	1900      	adds	r0, r0, r4
10001c6a:	4169      	adcs	r1, r5
10001c6c:	bcb0      	pop	{r4, r5, r7}
10001c6e:	4770      	bx	lr
10001c70:	d0000000 	.word	0xd0000000

10001c74 <y64_x32>:
10001c74:	b5f0      	push	{r4, r5, r6, r7, lr}
10001c76:	4694      	mov	ip, r2
10001c78:	2500      	movs	r5, #0
10001c7a:	0e14      	lsrs	r4, r2, #24
10001c7c:	d101      	bne.n	10001c82 <y64_x32+0xe>
10001c7e:	0212      	lsls	r2, r2, #8
10001c80:	3508      	adds	r5, #8
10001c82:	0f14      	lsrs	r4, r2, #28
10001c84:	d101      	bne.n	10001c8a <y64_x32+0x16>
10001c86:	0112      	lsls	r2, r2, #4
10001c88:	3504      	adds	r5, #4
10001c8a:	0f94      	lsrs	r4, r2, #30
10001c8c:	d101      	bne.n	10001c92 <y64_x32+0x1e>
10001c8e:	0092      	lsls	r2, r2, #2
10001c90:	3502      	adds	r5, #2
10001c92:	0fd4      	lsrs	r4, r2, #31
10001c94:	d101      	bne.n	10001c9a <y64_x32+0x26>
10001c96:	0052      	lsls	r2, r2, #1
10001c98:	3501      	adds	r5, #1
10001c9a:	0bd4      	lsrs	r4, r2, #15
10001c9c:	3401      	adds	r4, #1
10001c9e:	4f25      	ldr	r7, [pc, #148]	@ (10001d34 <y64_x32+0xc0>)
10001ca0:	667c      	str	r4, [r7, #100]	@ 0x64
10001ca2:	4c25      	ldr	r4, [pc, #148]	@ (10001d38 <y64_x32+0xc4>)
10001ca4:	663c      	str	r4, [r7, #96]	@ 0x60
10001ca6:	0c0e      	lsrs	r6, r1, #16
10001ca8:	b293      	uxth	r3, r2
10001caa:	e7ff      	b.n	10001cac <y64_x32+0x38>
10001cac:	e7ff      	b.n	10001cae <y64_x32+0x3a>
10001cae:	e7ff      	b.n	10001cb0 <y64_x32+0x3c>
10001cb0:	6f3c      	ldr	r4, [r7, #112]	@ 0x70
10001cb2:	4366      	muls	r6, r4
10001cb4:	0c36      	lsrs	r6, r6, #16
10001cb6:	0377      	lsls	r7, r6, #13
10001cb8:	46be      	mov	lr, r7
10001cba:	4373      	muls	r3, r6
10001cbc:	0bdf      	lsrs	r7, r3, #15
10001cbe:	045b      	lsls	r3, r3, #17
10001cc0:	1ac0      	subs	r0, r0, r3
10001cc2:	41b9      	sbcs	r1, r7
10001cc4:	0c13      	lsrs	r3, r2, #16
10001cc6:	4373      	muls	r3, r6
10001cc8:	18db      	adds	r3, r3, r3
10001cca:	1ac9      	subs	r1, r1, r3
10001ccc:	08ce      	lsrs	r6, r1, #3
10001cce:	4366      	muls	r6, r4
10001cd0:	0c36      	lsrs	r6, r6, #16
10001cd2:	44b6      	add	lr, r6
10001cd4:	b293      	uxth	r3, r2
10001cd6:	4373      	muls	r3, r6
10001cd8:	0f1f      	lsrs	r7, r3, #28
10001cda:	011b      	lsls	r3, r3, #4
10001cdc:	1ac0      	subs	r0, r0, r3
10001cde:	41b9      	sbcs	r1, r7
10001ce0:	0c13      	lsrs	r3, r2, #16
10001ce2:	4373      	muls	r3, r6
10001ce4:	0b1f      	lsrs	r7, r3, #12
10001ce6:	051b      	lsls	r3, r3, #20
10001ce8:	1ac0      	subs	r0, r0, r3
10001cea:	41b9      	sbcs	r1, r7
10001cec:	0d86      	lsrs	r6, r0, #22
10001cee:	028f      	lsls	r7, r1, #10
10001cf0:	433e      	orrs	r6, r7
10001cf2:	4366      	muls	r6, r4
10001cf4:	0c36      	lsrs	r6, r6, #16
10001cf6:	2d09      	cmp	r5, #9
10001cf8:	db24      	blt.n	10001d44 <last0>
10001cfa:	0a52      	lsrs	r2, r2, #9
10001cfc:	4372      	muls	r2, r6
10001cfe:	1a80      	subs	r0, r0, r2
10001d00:	0377      	lsls	r7, r6, #13
10001d02:	0a46      	lsrs	r6, r0, #9
10001d04:	4366      	muls	r6, r4
10001d06:	0c36      	lsrs	r6, r6, #16
10001d08:	2316      	movs	r3, #22
10001d0a:	1b5b      	subs	r3, r3, r5
10001d0c:	40de      	lsrs	r6, r3
10001d0e:	40df      	lsrs	r7, r3
10001d10:	19bf      	adds	r7, r7, r6
10001d12:	4664      	mov	r4, ip
10001d14:	4366      	muls	r6, r4
10001d16:	1b82      	subs	r2, r0, r6
10001d18:	4670      	mov	r0, lr
10001d1a:	3504      	adds	r5, #4
10001d1c:	3306      	adds	r3, #6
10001d1e:	0001      	movs	r1, r0
10001d20:	40d9      	lsrs	r1, r3
10001d22:	40a8      	lsls	r0, r5
10001d24:	19c0      	adds	r0, r0, r7
10001d26:	d300      	bcc.n	10001d2a <y64_x32+0xb6>
10001d28:	3101      	adds	r1, #1
10001d2a:	42a2      	cmp	r2, r4
10001d2c:	d206      	bcs.n	10001d3c <y64_x32+0xc8>
10001d2e:	2300      	movs	r3, #0
10001d30:	bdf0      	pop	{r4, r5, r6, r7, pc}
10001d32:	0000      	.short	0x0000
10001d34:	d0000000 	.word	0xd0000000
10001d38:	ffffffff 	.word	0xffffffff
10001d3c:	1b12      	subs	r2, r2, r4
10001d3e:	3001      	adds	r0, #1
10001d40:	d3f3      	bcc.n	10001d2a <y64_x32+0xb6>
10001d42:	e7f1      	b.n	10001d28 <y64_x32+0xb4>

10001d44 <last0>:
10001d44:	2709      	movs	r7, #9
10001d46:	1b7f      	subs	r7, r7, r5
10001d48:	40fe      	lsrs	r6, r7
10001d4a:	4664      	mov	r4, ip
10001d4c:	b2a2      	uxth	r2, r4
10001d4e:	4372      	muls	r2, r6
10001d50:	1a80      	subs	r0, r0, r2
10001d52:	d200      	bcs.n	10001d56 <last0+0x12>
10001d54:	3901      	subs	r1, #1
10001d56:	0c22      	lsrs	r2, r4, #16
10001d58:	4372      	muls	r2, r6
10001d5a:	0c13      	lsrs	r3, r2, #16
10001d5c:	0412      	lsls	r2, r2, #16
10001d5e:	1a82      	subs	r2, r0, r2
10001d60:	4199      	sbcs	r1, r3
10001d62:	000b      	movs	r3, r1
10001d64:	4670      	mov	r0, lr
10001d66:	3504      	adds	r5, #4
10001d68:	3713      	adds	r7, #19
10001d6a:	0001      	movs	r1, r0
10001d6c:	40f9      	lsrs	r1, r7
10001d6e:	40a8      	lsls	r0, r5
10001d70:	1980      	adds	r0, r0, r6
10001d72:	d300      	bcc.n	10001d76 <last0+0x32>
10001d74:	3101      	adds	r1, #1
10001d76:	2b00      	cmp	r3, #0
10001d78:	d102      	bne.n	10001d80 <last0+0x3c>
10001d7a:	42a2      	cmp	r2, r4
10001d7c:	d20a      	bcs.n	10001d94 <last0+0x50>
10001d7e:	bdf0      	pop	{r4, r5, r6, r7, pc}
10001d80:	3001      	adds	r0, #1
10001d82:	d300      	bcc.n	10001d86 <last0+0x42>
10001d84:	3101      	adds	r1, #1
10001d86:	1b12      	subs	r2, r2, r4
10001d88:	d2fa      	bcs.n	10001d80 <last0+0x3c>
10001d8a:	3b01      	subs	r3, #1
10001d8c:	d1f8      	bne.n	10001d80 <last0+0x3c>
10001d8e:	42a2      	cmp	r2, r4
10001d90:	d200      	bcs.n	10001d94 <last0+0x50>
10001d92:	bdf0      	pop	{r4, r5, r6, r7, pc}
10001d94:	3001      	adds	r0, #1
10001d96:	d300      	bcc.n	10001d9a <last0+0x56>
10001d98:	3101      	adds	r1, #1
10001d9a:	1b12      	subs	r2, r2, r4
10001d9c:	e7f7      	b.n	10001d8e <last0+0x4a>

10001d9e <y64_x48>:
10001d9e:	b5f0      	push	{r4, r5, r6, r7, lr}
10001da0:	0c1c      	lsrs	r4, r3, #16
10001da2:	d000      	beq.n	10001da6 <y64_x48+0x8>
10001da4:	e080      	b.n	10001ea8 <y64_x64>
10001da6:	b40c      	push	{r2, r3}
10001da8:	2500      	movs	r5, #0
10001daa:	0a1c      	lsrs	r4, r3, #8
10001dac:	d104      	bne.n	10001db8 <y64_x48+0x1a>
10001dae:	021b      	lsls	r3, r3, #8
10001db0:	0e16      	lsrs	r6, r2, #24
10001db2:	4333      	orrs	r3, r6
10001db4:	0212      	lsls	r2, r2, #8
10001db6:	3508      	adds	r5, #8
10001db8:	0b1c      	lsrs	r4, r3, #12
10001dba:	d104      	bne.n	10001dc6 <y64_x48+0x28>
10001dbc:	011b      	lsls	r3, r3, #4
10001dbe:	0f16      	lsrs	r6, r2, #28
10001dc0:	4333      	orrs	r3, r6
10001dc2:	0112      	lsls	r2, r2, #4
10001dc4:	3504      	adds	r5, #4
10001dc6:	0b9c      	lsrs	r4, r3, #14
10001dc8:	d104      	bne.n	10001dd4 <y64_x48+0x36>
10001dca:	009b      	lsls	r3, r3, #2
10001dcc:	0f96      	lsrs	r6, r2, #30
10001dce:	4333      	orrs	r3, r6
10001dd0:	0092      	lsls	r2, r2, #2
10001dd2:	3502      	adds	r5, #2
10001dd4:	0bdc      	lsrs	r4, r3, #15
10001dd6:	d102      	bne.n	10001dde <y64_x48+0x40>
10001dd8:	1892      	adds	r2, r2, r2
10001dda:	415b      	adcs	r3, r3
10001ddc:	3501      	adds	r5, #1
10001dde:	001c      	movs	r4, r3
10001de0:	1897      	adds	r7, r2, r2
10001de2:	4164      	adcs	r4, r4
10001de4:	3401      	adds	r4, #1
10001de6:	4f46      	ldr	r7, [pc, #280]	@ (10001f00 <y64_x64+0x58>)
10001de8:	667c      	str	r4, [r7, #100]	@ 0x64
10001dea:	4c46      	ldr	r4, [pc, #280]	@ (10001f04 <y64_x64+0x5c>)
10001dec:	663c      	str	r4, [r7, #96]	@ 0x60
10001dee:	0c0e      	lsrs	r6, r1, #16
10001df0:	e7ff      	b.n	10001df2 <y64_x48+0x54>
10001df2:	e7ff      	b.n	10001df4 <y64_x48+0x56>
10001df4:	e7ff      	b.n	10001df6 <y64_x48+0x58>
10001df6:	46c0      	nop			@ (mov r8, r8)
10001df8:	6f3c      	ldr	r4, [r7, #112]	@ 0x70
10001dfa:	4366      	muls	r6, r4
10001dfc:	0c36      	lsrs	r6, r6, #16
10001dfe:	0377      	lsls	r7, r6, #13
10001e00:	46be      	mov	lr, r7
10001e02:	b297      	uxth	r7, r2
10001e04:	4377      	muls	r7, r6
10001e06:	1bc0      	subs	r0, r0, r7
10001e08:	d200      	bcs.n	10001e0c <y64_x48+0x6e>
10001e0a:	3901      	subs	r1, #1
10001e0c:	1bc0      	subs	r0, r0, r7
10001e0e:	d200      	bcs.n	10001e12 <y64_x48+0x74>
10001e10:	3901      	subs	r1, #1
10001e12:	b29f      	uxth	r7, r3
10001e14:	4377      	muls	r7, r6
10001e16:	1bc9      	subs	r1, r1, r7
10001e18:	1bc9      	subs	r1, r1, r7
10001e1a:	0c17      	lsrs	r7, r2, #16
10001e1c:	4377      	muls	r7, r6
10001e1e:	047e      	lsls	r6, r7, #17
10001e20:	0bff      	lsrs	r7, r7, #15
10001e22:	1b80      	subs	r0, r0, r6
10001e24:	41b9      	sbcs	r1, r7
10001e26:	08ce      	lsrs	r6, r1, #3
10001e28:	4366      	muls	r6, r4
10001e2a:	0c36      	lsrs	r6, r6, #16
10001e2c:	2d0c      	cmp	r5, #12
10001e2e:	db33      	blt.n	10001e98 <last1>
10001e30:	44b6      	add	lr, r6
10001e32:	0b12      	lsrs	r2, r2, #12
10001e34:	051f      	lsls	r7, r3, #20
10001e36:	433a      	orrs	r2, r7
10001e38:	0b1b      	lsrs	r3, r3, #12
10001e3a:	b297      	uxth	r7, r2
10001e3c:	4377      	muls	r7, r6
10001e3e:	1bc0      	subs	r0, r0, r7
10001e40:	d200      	bcs.n	10001e44 <y64_x48+0xa6>
10001e42:	3901      	subs	r1, #1
10001e44:	b29f      	uxth	r7, r3
10001e46:	4377      	muls	r7, r6
10001e48:	1bc9      	subs	r1, r1, r7
10001e4a:	0c17      	lsrs	r7, r2, #16
10001e4c:	4377      	muls	r7, r6
10001e4e:	043e      	lsls	r6, r7, #16
10001e50:	0c3f      	lsrs	r7, r7, #16
10001e52:	1b80      	subs	r0, r0, r6
10001e54:	41b9      	sbcs	r1, r7
10001e56:	0d86      	lsrs	r6, r0, #22
10001e58:	028f      	lsls	r7, r1, #10
10001e5a:	433e      	orrs	r6, r7
10001e5c:	4366      	muls	r6, r4
10001e5e:	2729      	movs	r7, #41	@ 0x29
10001e60:	1b7f      	subs	r7, r7, r5
10001e62:	40fe      	lsrs	r6, r7
10001e64:	3d0c      	subs	r5, #12
10001e66:	4677      	mov	r7, lr
10001e68:	40af      	lsls	r7, r5
10001e6a:	19bf      	adds	r7, r7, r6
10001e6c:	bc30      	pop	{r4, r5}
10001e6e:	b2a2      	uxth	r2, r4
10001e70:	b2ab      	uxth	r3, r5
10001e72:	4372      	muls	r2, r6
10001e74:	4373      	muls	r3, r6
10001e76:	1a80      	subs	r0, r0, r2
10001e78:	4199      	sbcs	r1, r3
10001e7a:	0c22      	lsrs	r2, r4, #16
10001e7c:	4372      	muls	r2, r6
10001e7e:	0c13      	lsrs	r3, r2, #16
10001e80:	0412      	lsls	r2, r2, #16
10001e82:	1a80      	subs	r0, r0, r2
10001e84:	4199      	sbcs	r1, r3
10001e86:	0002      	movs	r2, r0
10001e88:	000b      	movs	r3, r1
10001e8a:	3701      	adds	r7, #1
10001e8c:	1b00      	subs	r0, r0, r4
10001e8e:	41a9      	sbcs	r1, r5
10001e90:	d2f9      	bcs.n	10001e86 <y64_x48+0xe8>
10001e92:	1e78      	subs	r0, r7, #1
10001e94:	2100      	movs	r1, #0
10001e96:	bdf0      	pop	{r4, r5, r6, r7, pc}

10001e98 <last1>:
10001e98:	270c      	movs	r7, #12
10001e9a:	1b7f      	subs	r7, r7, r5
10001e9c:	40fe      	lsrs	r6, r7
10001e9e:	4677      	mov	r7, lr
10001ea0:	0b7f      	lsrs	r7, r7, #13
10001ea2:	40af      	lsls	r7, r5
10001ea4:	19ff      	adds	r7, r7, r7
10001ea6:	e7e0      	b.n	10001e6a <y64_x48+0xcc>

10001ea8 <y64_x64>:
10001ea8:	2400      	movs	r4, #0
10001eaa:	1c5d      	adds	r5, r3, #1
10001eac:	d007      	beq.n	10001ebe <y64_x64+0x16>
10001eae:	4f14      	ldr	r7, [pc, #80]	@ (10001f00 <y64_x64+0x58>)
10001eb0:	667d      	str	r5, [r7, #100]	@ 0x64
10001eb2:	6639      	str	r1, [r7, #96]	@ 0x60
10001eb4:	e7ff      	b.n	10001eb6 <y64_x64+0xe>
10001eb6:	e7ff      	b.n	10001eb8 <y64_x64+0x10>
10001eb8:	e7ff      	b.n	10001eba <y64_x64+0x12>
10001eba:	e7ff      	b.n	10001ebc <y64_x64+0x14>
10001ebc:	6f3c      	ldr	r4, [r7, #112]	@ 0x70
10001ebe:	b295      	uxth	r5, r2
10001ec0:	b29e      	uxth	r6, r3
10001ec2:	4365      	muls	r5, r4
10001ec4:	4366      	muls	r6, r4
10001ec6:	1b40      	subs	r0, r0, r5
10001ec8:	41b1      	sbcs	r1, r6
10001eca:	0c15      	lsrs	r5, r2, #16
10001ecc:	0c1e      	lsrs	r6, r3, #16
10001ece:	4365      	muls	r5, r4
10001ed0:	4366      	muls	r6, r4
10001ed2:	0436      	lsls	r6, r6, #16
10001ed4:	0c2f      	lsrs	r7, r5, #16
10001ed6:	433e      	orrs	r6, r7
10001ed8:	042d      	lsls	r5, r5, #16
10001eda:	1b40      	subs	r0, r0, r5
10001edc:	41b1      	sbcs	r1, r6
10001ede:	4299      	cmp	r1, r3
10001ee0:	d204      	bcs.n	10001eec <y64_x64+0x44>
10001ee2:	0002      	movs	r2, r0
10001ee4:	000b      	movs	r3, r1
10001ee6:	0020      	movs	r0, r4
10001ee8:	2100      	movs	r1, #0
10001eea:	bdf0      	pop	{r4, r5, r6, r7, pc}
10001eec:	d101      	bne.n	10001ef2 <y64_x64+0x4a>
10001eee:	4290      	cmp	r0, r2
10001ef0:	d3f7      	bcc.n	10001ee2 <y64_x64+0x3a>
10001ef2:	1a80      	subs	r0, r0, r2
10001ef4:	4199      	sbcs	r1, r3
10001ef6:	3401      	adds	r4, #1
10001ef8:	4299      	cmp	r1, r3
10001efa:	d3f2      	bcc.n	10001ee2 <y64_x64+0x3a>
10001efc:	e7f6      	b.n	10001eec <y64_x64+0x44>
10001efe:	0000      	.short	0x0000
10001f00:	d0000000 	.word	0xd0000000
10001f04:	ffffffff 	.word	0xffffffff

10001f08 <__wrap___aeabi_drsub>:
10001f08:	4048      	eors	r0, r1
10001f0a:	4041      	eors	r1, r0
10001f0c:	4048      	eors	r0, r1

10001f0e <__wrap___aeabi_dsub>:
10001f0e:	b418      	push	{r3, r4}
10001f10:	4b13      	ldr	r3, [pc, #76]	@ (10001f60 <__wrap___aeabi_dmul+0xa>)
10001f12:	685b      	ldr	r3, [r3, #4]
10001f14:	9301      	str	r3, [sp, #4]
10001f16:	bd08      	pop	{r3, pc}

10001f18 <__wrap___aeabi_dadd>:
10001f18:	b418      	push	{r3, r4}
10001f1a:	4b11      	ldr	r3, [pc, #68]	@ (10001f60 <__wrap___aeabi_dmul+0xa>)
10001f1c:	681b      	ldr	r3, [r3, #0]
10001f1e:	9301      	str	r3, [sp, #4]
10001f20:	bd08      	pop	{r3, pc}

10001f22 <__wrap___aeabi_ddiv>:
10001f22:	4694      	mov	ip, r2
10001f24:	4a0f      	ldr	r2, [pc, #60]	@ (10001f64 <__wrap___aeabi_dmul+0xe>)
10001f26:	6f92      	ldr	r2, [r2, #120]	@ 0x78
10001f28:	0892      	lsrs	r2, r2, #2
10001f2a:	d205      	bcs.n	10001f38 <ddiv_save_state>
10001f2c:	4662      	mov	r2, ip

10001f2e <ddiv_shim_call>:
10001f2e:	b418      	push	{r3, r4}
10001f30:	4b0b      	ldr	r3, [pc, #44]	@ (10001f60 <__wrap___aeabi_dmul+0xa>)
10001f32:	68db      	ldr	r3, [r3, #12]
10001f34:	9301      	str	r3, [sp, #4]
10001f36:	bd08      	pop	{r3, pc}

10001f38 <ddiv_save_state>:
10001f38:	4a0a      	ldr	r2, [pc, #40]	@ (10001f64 <__wrap___aeabi_dmul+0xe>)
10001f3a:	b5f0      	push	{r4, r5, r6, r7, lr}
10001f3c:	6e14      	ldr	r4, [r2, #96]	@ 0x60
10001f3e:	6e55      	ldr	r5, [r2, #100]	@ 0x64
10001f40:	6f57      	ldr	r7, [r2, #116]	@ 0x74
10001f42:	6f16      	ldr	r6, [r2, #112]	@ 0x70
10001f44:	4662      	mov	r2, ip
10001f46:	f7ff fff2 	bl	10001f2e <ddiv_shim_call>
10001f4a:	4a06      	ldr	r2, [pc, #24]	@ (10001f64 <__wrap___aeabi_dmul+0xe>)
10001f4c:	6614      	str	r4, [r2, #96]	@ 0x60
10001f4e:	6655      	str	r5, [r2, #100]	@ 0x64
10001f50:	6757      	str	r7, [r2, #116]	@ 0x74
10001f52:	6716      	str	r6, [r2, #112]	@ 0x70
10001f54:	bdf0      	pop	{r4, r5, r6, r7, pc}

10001f56 <__wrap___aeabi_dmul>:
10001f56:	b418      	push	{r3, r4}
10001f58:	4b01      	ldr	r3, [pc, #4]	@ (10001f60 <__wrap___aeabi_dmul+0xa>)
10001f5a:	689b      	ldr	r3, [r3, #8]
10001f5c:	9301      	str	r3, [sp, #4]
10001f5e:	bd08      	pop	{r3, pc}
10001f60:	20000738 	.word	0x20000738
10001f64:	d0000000 	.word	0xd0000000

10001f68 <__wrap___aeabi_cdrcmple>:
10001f68:	b5ff      	push	{r0, r1, r2, r3, r4, r5, r6, r7, lr}
10001f6a:	4050      	eors	r0, r2
10001f6c:	4042      	eors	r2, r0
10001f6e:	4050      	eors	r0, r2
10001f70:	4059      	eors	r1, r3
10001f72:	404b      	eors	r3, r1
10001f74:	4059      	eors	r1, r3
10001f76:	e000      	b.n	10001f7a <__aeabi_dfcmple_guts>

10001f78 <__wrap___aeabi_cdcmpeq>:
10001f78:	b5ff      	push	{r0, r1, r2, r3, r4, r5, r6, r7, lr}

10001f7a <__aeabi_dfcmple_guts>:
10001f7a:	4f15      	ldr	r7, [pc, #84]	@ (10001fd0 <__aeabi_dfcmple_guts+0x56>)
10001f7c:	004c      	lsls	r4, r1, #1
10001f7e:	0d64      	lsrs	r4, r4, #21
10001f80:	d003      	beq.n	10001f8a <__aeabi_dfcmple_guts+0x10>
10001f82:	42bc      	cmp	r4, r7
10001f84:	d104      	bne.n	10001f90 <__aeabi_dfcmple_guts+0x16>
10001f86:	030c      	lsls	r4, r1, #12
10001f88:	d814      	bhi.n	10001fb4 <__aeabi_dfcmple_guts+0x3a>
10001f8a:	2000      	movs	r0, #0
10001f8c:	0d09      	lsrs	r1, r1, #20
10001f8e:	0509      	lsls	r1, r1, #20
10001f90:	005c      	lsls	r4, r3, #1
10001f92:	0d64      	lsrs	r4, r4, #21
10001f94:	d003      	beq.n	10001f9e <__aeabi_dfcmple_guts+0x24>
10001f96:	42bc      	cmp	r4, r7
10001f98:	d104      	bne.n	10001fa4 <__aeabi_dfcmple_guts+0x2a>
10001f9a:	031c      	lsls	r4, r3, #12
10001f9c:	d80a      	bhi.n	10001fb4 <__aeabi_dfcmple_guts+0x3a>
10001f9e:	2200      	movs	r2, #0
10001fa0:	0d1b      	lsrs	r3, r3, #20
10001fa2:	051b      	lsls	r3, r3, #20
10001fa4:	2601      	movs	r6, #1
10001fa6:	404b      	eors	r3, r1
10001fa8:	d409      	bmi.n	10001fbe <__aeabi_dfcmple_guts+0x44>
10001faa:	404b      	eors	r3, r1
10001fac:	d503      	bpl.n	10001fb6 <__aeabi_dfcmple_guts+0x3c>
10001fae:	428b      	cmp	r3, r1
10001fb0:	d100      	bne.n	10001fb4 <__aeabi_dfcmple_guts+0x3a>
10001fb2:	4282      	cmp	r2, r0
10001fb4:	bdff      	pop	{r0, r1, r2, r3, r4, r5, r6, r7, pc}
10001fb6:	4299      	cmp	r1, r3
10001fb8:	d1fc      	bne.n	10001fb4 <__aeabi_dfcmple_guts+0x3a>
10001fba:	4290      	cmp	r0, r2
10001fbc:	bdff      	pop	{r0, r1, r2, r3, r4, r5, r6, r7, pc}
10001fbe:	430b      	orrs	r3, r1
10001fc0:	18db      	adds	r3, r3, r3
10001fc2:	4303      	orrs	r3, r0
10001fc4:	4313      	orrs	r3, r2
10001fc6:	d0f5      	beq.n	10001fb4 <__aeabi_dfcmple_guts+0x3a>
10001fc8:	43c9      	mvns	r1, r1
10001fca:	1849      	adds	r1, r1, r1
10001fcc:	bdff      	pop	{r0, r1, r2, r3, r4, r5, r6, r7, pc}
10001fce:	0000      	.short	0x0000
10001fd0:	000007ff 	.word	0x000007ff

10001fd4 <__wrap___aeabi_dcmplt>:
10001fd4:	b500      	push	{lr}
10001fd6:	f7ff ffcf 	bl	10001f78 <__wrap___aeabi_cdcmpeq>
10001fda:	4180      	sbcs	r0, r0
10001fdc:	bd00      	pop	{pc}
10001fde:	46c0      	nop			@ (mov r8, r8)

10001fe0 <__wrap___aeabi_dcmpge>:
10001fe0:	b500      	push	{lr}
10001fe2:	f7ff ffc1 	bl	10001f68 <__wrap___aeabi_cdrcmple>
10001fe6:	d901      	bls.n	10001fec <__wrap___aeabi_dcmpge+0xc>
10001fe8:	2000      	movs	r0, #0
10001fea:	bd00      	pop	{pc}
10001fec:	2001      	movs	r0, #1
10001fee:	bd00      	pop	{pc}

10001ff0 <__wrap___aeabi_dcmpgt>:
10001ff0:	b500      	push	{lr}
10001ff2:	f7ff ffb9 	bl	10001f68 <__wrap___aeabi_cdrcmple>
10001ff6:	4180      	sbcs	r0, r0
10001ff8:	bd00      	pop	{pc}

10001ffa <__wrap___aeabi_dcmpun>:
10001ffa:	2001      	movs	r0, #1
10001ffc:	0540      	lsls	r0, r0, #21
10001ffe:	004a      	lsls	r2, r1, #1
10002000:	1812      	adds	r2, r2, r0
10002002:	d804      	bhi.n	1000200e <__wrap___aeabi_dcmpun+0x14>
10002004:	005a      	lsls	r2, r3, #1
10002006:	1812      	adds	r2, r2, r0
10002008:	d801      	bhi.n	1000200e <__wrap___aeabi_dcmpun+0x14>
1000200a:	2000      	movs	r0, #0
1000200c:	4770      	bx	lr
1000200e:	2001      	movs	r0, #1
10002010:	4770      	bx	lr
	...

10002014 <__wrap___aeabi_ui2d>:
10002014:	2100      	movs	r1, #0
10002016:	2800      	cmp	r0, #0
10002018:	d105      	bne.n	10002026 <__wrap___aeabi_i2d+0xa>
1000201a:	4770      	bx	lr

1000201c <__wrap___aeabi_i2d>:
1000201c:	17c1      	asrs	r1, r0, #31
1000201e:	4048      	eors	r0, r1
10002020:	1a40      	subs	r0, r0, r1
10002022:	d0fa      	beq.n	1000201a <__wrap___aeabi_ui2d+0x6>
10002024:	07c9      	lsls	r1, r1, #31
10002026:	b513      	push	{r0, r1, r4, lr}
10002028:	4b06      	ldr	r3, [pc, #24]	@ (10002044 <__wrap___aeabi_i2d+0x28>)
1000202a:	681b      	ldr	r3, [r3, #0]
1000202c:	4798      	blx	r3
1000202e:	bc0c      	pop	{r2, r3}
10002030:	1c44      	adds	r4, r0, #1
10002032:	40a2      	lsls	r2, r4
10002034:	0510      	lsls	r0, r2, #20
10002036:	0b12      	lsrs	r2, r2, #12
10002038:	4903      	ldr	r1, [pc, #12]	@ (10002048 <__wrap___aeabi_i2d+0x2c>)
1000203a:	1b09      	subs	r1, r1, r4
1000203c:	0509      	lsls	r1, r1, #20
1000203e:	4319      	orrs	r1, r3
10002040:	4311      	orrs	r1, r2
10002042:	bd10      	pop	{r4, pc}
10002044:	200012b0 	.word	0x200012b0
10002048:	0000041f 	.word	0x0000041f

1000204c <__wrap___aeabi_d2iz>:
1000204c:	b510      	push	{r4, lr}
1000204e:	004c      	lsls	r4, r1, #1
10002050:	0d62      	lsrs	r2, r4, #21
10002052:	2380      	movs	r3, #128	@ 0x80
10002054:	18d2      	adds	r2, r2, r3
10002056:	00db      	lsls	r3, r3, #3
10002058:	1ad2      	subs	r2, r2, r3
1000205a:	055b      	lsls	r3, r3, #21
1000205c:	2a7e      	cmp	r2, #126	@ 0x7e
1000205e:	dd10      	ble.n	10002082 <__wrap___aeabi_d2iz+0x36>
10002060:	3a9e      	subs	r2, #158	@ 0x9e
10002062:	da13      	bge.n	1000208c <__wrap___aeabi_d2iz+0x40>
10002064:	17cc      	asrs	r4, r1, #31
10002066:	0309      	lsls	r1, r1, #12
10002068:	0849      	lsrs	r1, r1, #1
1000206a:	4319      	orrs	r1, r3
1000206c:	4252      	negs	r2, r2
1000206e:	40d1      	lsrs	r1, r2
10002070:	0064      	lsls	r4, r4, #1
10002072:	3401      	adds	r4, #1
10002074:	3215      	adds	r2, #21
10002076:	2a20      	cmp	r2, #32
10002078:	da05      	bge.n	10002086 <__wrap___aeabi_d2iz+0x3a>
1000207a:	40d0      	lsrs	r0, r2
1000207c:	4308      	orrs	r0, r1
1000207e:	4360      	muls	r0, r4
10002080:	bd10      	pop	{r4, pc}
10002082:	2000      	movs	r0, #0
10002084:	bd10      	pop	{r4, pc}
10002086:	4608      	mov	r0, r1
10002088:	4360      	muls	r0, r4
1000208a:	bd10      	pop	{r4, pc}
1000208c:	0fc8      	lsrs	r0, r1, #31
1000208e:	18c0      	adds	r0, r0, r3
10002090:	3801      	subs	r0, #1
10002092:	bd10      	pop	{r4, pc}

10002094 <__wrap___aeabi_d2uiz>:
10002094:	b418      	push	{r3, r4}
10002096:	4b02      	ldr	r3, [pc, #8]	@ (100020a0 <__wrap___aeabi_d2uiz+0xc>)
10002098:	6a5b      	ldr	r3, [r3, #36]	@ 0x24
1000209a:	9301      	str	r3, [sp, #4]
1000209c:	bd08      	pop	{r3, pc}
1000209e:	0000      	.short	0x0000
100020a0:	20000738 	.word	0x20000738

100020a4 <missing_double_func_shim>:
100020a4:	b510      	push	{r4, lr}
100020a6:	4801      	ldr	r0, [pc, #4]	@ (100020ac <missing_double_func_shim+0x8>)
100020a8:	f7fe f9b0 	bl	1000040c <panic>
100020ac:	10007c18 	.word	0x10007c18

100020b0 <__aeabi_double_init>:
100020b0:	2313      	movs	r3, #19
100020b2:	b570      	push	{r4, r5, r6, lr}
100020b4:	781d      	ldrb	r5, [r3, #0]
100020b6:	2d01      	cmp	r5, #1
100020b8:	d019      	beq.n	100020ee <__aeabi_double_init+0x3e>
100020ba:	dd14      	ble.n	100020e6 <__aeabi_double_init+0x36>
100020bc:	481d      	ldr	r0, [pc, #116]	@ (10002134 <__aeabi_double_init+0x84>)
100020be:	f7ff fb53 	bl	10001768 <rom_data_lookup>
100020c2:	0006      	movs	r6, r0
100020c4:	481c      	ldr	r0, [pc, #112]	@ (10002138 <__aeabi_double_init+0x88>)
100020c6:	f7ff fb4f 	bl	10001768 <rom_data_lookup>
100020ca:	4c1c      	ldr	r4, [pc, #112]	@ (1000213c <__aeabi_double_init+0x8c>)
100020cc:	2280      	movs	r2, #128	@ 0x80
100020ce:	0031      	movs	r1, r6
100020d0:	0020      	movs	r0, r4
100020d2:	f000 f8af 	bl	10002234 <__wrap___aeabi_memcpy>
100020d6:	2d02      	cmp	r5, #2
100020d8:	d006      	beq.n	100020e8 <__aeabi_double_init+0x38>
100020da:	4819      	ldr	r0, [pc, #100]	@ (10002140 <__aeabi_double_init+0x90>)
100020dc:	f7ff fb3c 	bl	10001758 <rom_func_lookup>
100020e0:	4b18      	ldr	r3, [pc, #96]	@ (10002144 <__aeabi_double_init+0x94>)
100020e2:	6018      	str	r0, [r3, #0]
100020e4:	bd70      	pop	{r4, r5, r6, pc}
100020e6:	4c15      	ldr	r4, [pc, #84]	@ (1000213c <__aeabi_double_init+0x8c>)
100020e8:	4b17      	ldr	r3, [pc, #92]	@ (10002148 <__aeabi_double_init+0x98>)
100020ea:	64a3      	str	r3, [r4, #72]	@ 0x48
100020ec:	e7f5      	b.n	100020da <__aeabi_double_init+0x2a>
100020ee:	4b17      	ldr	r3, [pc, #92]	@ (1000214c <__aeabi_double_init+0x9c>)
100020f0:	4c12      	ldr	r4, [pc, #72]	@ (1000213c <__aeabi_double_init+0x8c>)
100020f2:	6023      	str	r3, [r4, #0]
100020f4:	6063      	str	r3, [r4, #4]
100020f6:	60a3      	str	r3, [r4, #8]
100020f8:	60e3      	str	r3, [r4, #12]
100020fa:	6123      	str	r3, [r4, #16]
100020fc:	6163      	str	r3, [r4, #20]
100020fe:	61a3      	str	r3, [r4, #24]
10002100:	61e3      	str	r3, [r4, #28]
10002102:	6223      	str	r3, [r4, #32]
10002104:	6263      	str	r3, [r4, #36]	@ 0x24
10002106:	62a3      	str	r3, [r4, #40]	@ 0x28
10002108:	62e3      	str	r3, [r4, #44]	@ 0x2c
1000210a:	6323      	str	r3, [r4, #48]	@ 0x30
1000210c:	6363      	str	r3, [r4, #52]	@ 0x34
1000210e:	63a3      	str	r3, [r4, #56]	@ 0x38
10002110:	63e3      	str	r3, [r4, #60]	@ 0x3c
10002112:	6423      	str	r3, [r4, #64]	@ 0x40
10002114:	6463      	str	r3, [r4, #68]	@ 0x44
10002116:	64a3      	str	r3, [r4, #72]	@ 0x48
10002118:	64e3      	str	r3, [r4, #76]	@ 0x4c
1000211a:	6523      	str	r3, [r4, #80]	@ 0x50
1000211c:	6563      	str	r3, [r4, #84]	@ 0x54
1000211e:	65a3      	str	r3, [r4, #88]	@ 0x58
10002120:	65e3      	str	r3, [r4, #92]	@ 0x5c
10002122:	6623      	str	r3, [r4, #96]	@ 0x60
10002124:	6663      	str	r3, [r4, #100]	@ 0x64
10002126:	66a3      	str	r3, [r4, #104]	@ 0x68
10002128:	66e3      	str	r3, [r4, #108]	@ 0x6c
1000212a:	6723      	str	r3, [r4, #112]	@ 0x70
1000212c:	6763      	str	r3, [r4, #116]	@ 0x74
1000212e:	67a3      	str	r3, [r4, #120]	@ 0x78
10002130:	67e3      	str	r3, [r4, #124]	@ 0x7c
10002132:	e7d9      	b.n	100020e8 <__aeabi_double_init+0x38>
10002134:	00004453 	.word	0x00004453
10002138:	00004653 	.word	0x00004653
1000213c:	20000738 	.word	0x20000738
10002140:	0000334c 	.word	0x0000334c
10002144:	200012b0 	.word	0x200012b0
10002148:	10002151 	.word	0x10002151
1000214c:	100020a5 	.word	0x100020a5

10002150 <double_table_shim_on_use_helper>:
10002150:	b507      	push	{r0, r1, r2, lr}
10002152:	4660      	mov	r0, ip
10002154:	8801      	ldrh	r1, [r0, #0]
10002156:	0a0a      	lsrs	r2, r1, #8
10002158:	3002      	adds	r0, #2
1000215a:	2adf      	cmp	r2, #223	@ 0xdf
1000215c:	d1fa      	bne.n	10002154 <double_table_shim_on_use_helper+0x4>
1000215e:	b2c9      	uxtb	r1, r1
10002160:	0882      	lsrs	r2, r0, #2
10002162:	d304      	bcc.n	1000216e <double_table_shim_on_use_helper+0x1e>
10002164:	8802      	ldrh	r2, [r0, #0]
10002166:	8840      	ldrh	r0, [r0, #2]
10002168:	0400      	lsls	r0, r0, #16
1000216a:	4310      	orrs	r0, r2
1000216c:	e000      	b.n	10002170 <double_table_shim_on_use_helper+0x20>
1000216e:	6800      	ldr	r0, [r0, #0]
10002170:	4a01      	ldr	r2, [pc, #4]	@ (10002178 <double_table_shim_on_use_helper+0x28>)
10002172:	5050      	str	r0, [r2, r1]
10002174:	9003      	str	r0, [sp, #12]
10002176:	bd07      	pop	{r0, r1, r2, pc}
10002178:	20000738 	.word	0x20000738

1000217c <__wrap___aeabi_lmul>:
1000217c:	4351      	muls	r1, r2
1000217e:	4343      	muls	r3, r0
10002180:	18c9      	adds	r1, r1, r3
10002182:	468c      	mov	ip, r1
10002184:	0c11      	lsrs	r1, r2, #16
10002186:	b283      	uxth	r3, r0
10002188:	434b      	muls	r3, r1
1000218a:	b410      	push	{r4}
1000218c:	0c04      	lsrs	r4, r0, #16
1000218e:	4361      	muls	r1, r4
10002190:	b292      	uxth	r2, r2
10002192:	b280      	uxth	r0, r0
10002194:	4350      	muls	r0, r2
10002196:	4362      	muls	r2, r4
10002198:	041c      	lsls	r4, r3, #16
1000219a:	0c1b      	lsrs	r3, r3, #16
1000219c:	1900      	adds	r0, r0, r4
1000219e:	bc10      	pop	{r4}
100021a0:	4159      	adcs	r1, r3
100021a2:	0413      	lsls	r3, r2, #16
100021a4:	0c12      	lsrs	r2, r2, #16
100021a6:	18c0      	adds	r0, r0, r3
100021a8:	4151      	adcs	r1, r2
100021aa:	4461      	add	r1, ip
100021ac:	4770      	bx	lr
	...

100021b0 <missing_float_func_shim>:
100021b0:	b510      	push	{r4, lr}
100021b2:	4801      	ldr	r0, [pc, #4]	@ (100021b8 <missing_float_func_shim+0x8>)
100021b4:	f7fe f92a 	bl	1000040c <panic>
100021b8:	10007f74 	.word	0x10007f74

100021bc <__aeabi_float_init>:
100021bc:	2313      	movs	r3, #19
100021be:	b510      	push	{r4, lr}
100021c0:	4810      	ldr	r0, [pc, #64]	@ (10002204 <__aeabi_float_init+0x48>)
100021c2:	781c      	ldrb	r4, [r3, #0]
100021c4:	f7ff fad0 	bl	10001768 <rom_data_lookup>
100021c8:	0001      	movs	r1, r0
100021ca:	2c01      	cmp	r4, #1
100021cc:	d00a      	beq.n	100021e4 <__aeabi_float_init+0x28>
100021ce:	dd03      	ble.n	100021d8 <__aeabi_float_init+0x1c>
100021d0:	2280      	movs	r2, #128	@ 0x80
100021d2:	480d      	ldr	r0, [pc, #52]	@ (10002208 <__aeabi_float_init+0x4c>)
100021d4:	f000 f82e 	bl	10002234 <__wrap___aeabi_memcpy>
100021d8:	480c      	ldr	r0, [pc, #48]	@ (1000220c <__aeabi_float_init+0x50>)
100021da:	f7ff fabd 	bl	10001758 <rom_func_lookup>
100021de:	4b0c      	ldr	r3, [pc, #48]	@ (10002210 <__aeabi_float_init+0x54>)
100021e0:	6018      	str	r0, [r3, #0]
100021e2:	bd10      	pop	{r4, pc}
100021e4:	4c08      	ldr	r4, [pc, #32]	@ (10002208 <__aeabi_float_init+0x4c>)
100021e6:	2254      	movs	r2, #84	@ 0x54
100021e8:	0020      	movs	r0, r4
100021ea:	f000 f823 	bl	10002234 <__wrap___aeabi_memcpy>
100021ee:	0022      	movs	r2, r4
100021f0:	4908      	ldr	r1, [pc, #32]	@ (10002214 <__aeabi_float_init+0x58>)
100021f2:	3280      	adds	r2, #128	@ 0x80
100021f4:	6823      	ldr	r3, [r4, #0]
100021f6:	2b00      	cmp	r3, #0
100021f8:	d100      	bne.n	100021fc <__aeabi_float_init+0x40>
100021fa:	6021      	str	r1, [r4, #0]
100021fc:	3404      	adds	r4, #4
100021fe:	4294      	cmp	r4, r2
10002200:	d1f8      	bne.n	100021f4 <__aeabi_float_init+0x38>
10002202:	e7e9      	b.n	100021d8 <__aeabi_float_init+0x1c>
10002204:	00004653 	.word	0x00004653
10002208:	200012b4 	.word	0x200012b4
1000220c:	0000334c 	.word	0x0000334c
10002210:	200012b0 	.word	0x200012b0
10002214:	100021b1 	.word	0x100021b1

10002218 <__aeabi_mem_init>:
10002218:	4801      	ldr	r0, [pc, #4]	@ (10002220 <__aeabi_mem_init+0x8>)
1000221a:	2104      	movs	r1, #4
1000221c:	4b01      	ldr	r3, [pc, #4]	@ (10002224 <__aeabi_mem_init+0xc>)
1000221e:	4718      	bx	r3
10002220:	20000530 	.word	0x20000530
10002224:	10001779 	.word	0x10001779

10002228 <__wrap_memset>:
10002228:	4b01      	ldr	r3, [pc, #4]	@ (10002230 <__wrap_memset+0x8>)
1000222a:	681b      	ldr	r3, [r3, #0]
1000222c:	4718      	bx	r3
1000222e:	0000      	.short	0x0000
10002230:	20000530 	.word	0x20000530

10002234 <__wrap___aeabi_memcpy>:
10002234:	4b01      	ldr	r3, [pc, #4]	@ (1000223c <__wrap___aeabi_memcpy+0x8>)
10002236:	685b      	ldr	r3, [r3, #4]
10002238:	4718      	bx	r3
1000223a:	0000      	.short	0x0000
1000223c:	20000530 	.word	0x20000530

10002240 <_out_null>:
10002240:	4770      	bx	lr
10002242:	46c0      	nop			@ (mov r8, r8)

10002244 <_out_rev>:
10002244:	b5f8      	push	{r3, r4, r5, r6, r7, lr}
10002246:	4657      	mov	r7, sl
10002248:	4645      	mov	r5, r8
1000224a:	46de      	mov	lr, fp
1000224c:	464e      	mov	r6, r9
1000224e:	b5e0      	push	{r5, r6, r7, lr}
10002250:	4698      	mov	r8, r3
10002252:	9b0a      	ldr	r3, [sp, #40]	@ 0x28
10002254:	0006      	movs	r6, r0
10002256:	469a      	mov	sl, r3
10002258:	9b0d      	ldr	r3, [sp, #52]	@ 0x34
1000225a:	000f      	movs	r7, r1
1000225c:	4693      	mov	fp, r2
1000225e:	0015      	movs	r5, r2
10002260:	079b      	lsls	r3, r3, #30
10002262:	d110      	bne.n	10002286 <_out_rev+0x42>
10002264:	9b0b      	ldr	r3, [sp, #44]	@ 0x2c
10002266:	9a0c      	ldr	r2, [sp, #48]	@ 0x30
10002268:	4293      	cmp	r3, r2
1000226a:	d20c      	bcs.n	10002286 <_out_rev+0x42>
1000226c:	0013      	movs	r3, r2
1000226e:	465c      	mov	r4, fp
10002270:	9a0b      	ldr	r2, [sp, #44]	@ 0x2c
10002272:	1a9d      	subs	r5, r3, r2
10002274:	445d      	add	r5, fp
10002276:	0022      	movs	r2, r4
10002278:	4643      	mov	r3, r8
1000227a:	3401      	adds	r4, #1
1000227c:	0039      	movs	r1, r7
1000227e:	2020      	movs	r0, #32
10002280:	47b0      	blx	r6
10002282:	42a5      	cmp	r5, r4
10002284:	d1f7      	bne.n	10002276 <_out_rev+0x32>
10002286:	9c0b      	ldr	r4, [sp, #44]	@ 0x2c
10002288:	1963      	adds	r3, r4, r5
1000228a:	2c00      	cmp	r4, #0
1000228c:	d009      	beq.n	100022a2 <_out_rev+0x5e>
1000228e:	001d      	movs	r5, r3
10002290:	4653      	mov	r3, sl
10002292:	1b2a      	subs	r2, r5, r4
10002294:	3c01      	subs	r4, #1
10002296:	5d18      	ldrb	r0, [r3, r4]
10002298:	0039      	movs	r1, r7
1000229a:	4643      	mov	r3, r8
1000229c:	47b0      	blx	r6
1000229e:	2c00      	cmp	r4, #0
100022a0:	d1f6      	bne.n	10002290 <_out_rev+0x4c>
100022a2:	9b0d      	ldr	r3, [sp, #52]	@ 0x34
100022a4:	079b      	lsls	r3, r3, #30
100022a6:	d50e      	bpl.n	100022c6 <_out_rev+0x82>
100022a8:	465b      	mov	r3, fp
100022aa:	1aec      	subs	r4, r5, r3
100022ac:	9b0c      	ldr	r3, [sp, #48]	@ 0x30
100022ae:	42a3      	cmp	r3, r4
100022b0:	d909      	bls.n	100022c6 <_out_rev+0x82>
100022b2:	4699      	mov	r9, r3
100022b4:	002a      	movs	r2, r5
100022b6:	4643      	mov	r3, r8
100022b8:	0039      	movs	r1, r7
100022ba:	2020      	movs	r0, #32
100022bc:	3401      	adds	r4, #1
100022be:	47b0      	blx	r6
100022c0:	3501      	adds	r5, #1
100022c2:	45a1      	cmp	r9, r4
100022c4:	d8f6      	bhi.n	100022b4 <_out_rev+0x70>
100022c6:	0028      	movs	r0, r5
100022c8:	bcf0      	pop	{r4, r5, r6, r7}
100022ca:	46bb      	mov	fp, r7
100022cc:	46b2      	mov	sl, r6
100022ce:	46a9      	mov	r9, r5
100022d0:	46a0      	mov	r8, r4
100022d2:	bdf8      	pop	{r3, r4, r5, r6, r7, pc}

100022d4 <_ntoa_format>:
100022d4:	b5f0      	push	{r4, r5, r6, r7, lr}
100022d6:	464f      	mov	r7, r9
100022d8:	4646      	mov	r6, r8
100022da:	46d6      	mov	lr, sl
100022dc:	b5c0      	push	{r6, r7, lr}
100022de:	b084      	sub	sp, #16
100022e0:	4698      	mov	r8, r3
100022e2:	ab0e      	add	r3, sp, #56	@ 0x38
100022e4:	781b      	ldrb	r3, [r3, #0]
100022e6:	4694      	mov	ip, r2
100022e8:	4699      	mov	r9, r3
100022ea:	9b12      	ldr	r3, [sp, #72]	@ 0x48
100022ec:	9c0d      	ldr	r4, [sp, #52]	@ 0x34
100022ee:	9f10      	ldr	r7, [sp, #64]	@ 0x40
100022f0:	9e11      	ldr	r6, [sp, #68]	@ 0x44
100022f2:	079a      	lsls	r2, r3, #30
100022f4:	d424      	bmi.n	10002340 <_ntoa_format+0x6c>
100022f6:	2e00      	cmp	r6, #0
100022f8:	d16a      	bne.n	100023d0 <_ntoa_format+0xfc>
100022fa:	42bc      	cmp	r4, r7
100022fc:	d220      	bcs.n	10002340 <_ntoa_format+0x6c>
100022fe:	2201      	movs	r2, #1
10002300:	401a      	ands	r2, r3
10002302:	4692      	mov	sl, r2
10002304:	2c20      	cmp	r4, #32
10002306:	d100      	bne.n	1000230a <_ntoa_format+0x36>
10002308:	e0cb      	b.n	100024a2 <_ntoa_format+0x1ce>
1000230a:	9a0c      	ldr	r2, [sp, #48]	@ 0x30
1000230c:	1e55      	subs	r5, r2, #1
1000230e:	2230      	movs	r2, #48	@ 0x30
10002310:	e001      	b.n	10002316 <_ntoa_format+0x42>
10002312:	2c20      	cmp	r4, #32
10002314:	d030      	beq.n	10002378 <_ntoa_format+0xa4>
10002316:	3401      	adds	r4, #1
10002318:	552a      	strb	r2, [r5, r4]
1000231a:	42a7      	cmp	r7, r4
1000231c:	d8f9      	bhi.n	10002312 <_ntoa_format+0x3e>
1000231e:	4652      	mov	r2, sl
10002320:	2a00      	cmp	r2, #0
10002322:	d00d      	beq.n	10002340 <_ntoa_format+0x6c>
10002324:	42b4      	cmp	r4, r6
10002326:	d20b      	bcs.n	10002340 <_ntoa_format+0x6c>
10002328:	9a0c      	ldr	r2, [sp, #48]	@ 0x30
1000232a:	1e55      	subs	r5, r2, #1
1000232c:	2230      	movs	r2, #48	@ 0x30
1000232e:	2c20      	cmp	r4, #32
10002330:	d102      	bne.n	10002338 <_ntoa_format+0x64>
10002332:	e026      	b.n	10002382 <_ntoa_format+0xae>
10002334:	2c20      	cmp	r4, #32
10002336:	d061      	beq.n	100023fc <_ntoa_format+0x128>
10002338:	3401      	adds	r4, #1
1000233a:	552a      	strb	r2, [r5, r4]
1000233c:	42b4      	cmp	r4, r6
1000233e:	d1f9      	bne.n	10002334 <_ntoa_format+0x60>
10002340:	06da      	lsls	r2, r3, #27
10002342:	d534      	bpl.n	100023ae <_ntoa_format+0xda>
10002344:	055a      	lsls	r2, r3, #21
10002346:	d462      	bmi.n	1000240e <_ntoa_format+0x13a>
10002348:	2c00      	cmp	r4, #0
1000234a:	d15c      	bne.n	10002406 <_ntoa_format+0x132>
1000234c:	9a0f      	ldr	r2, [sp, #60]	@ 0x3c
1000234e:	2a10      	cmp	r2, #16
10002350:	d100      	bne.n	10002354 <_ntoa_format+0x80>
10002352:	e091      	b.n	10002478 <_ntoa_format+0x1a4>
10002354:	2a02      	cmp	r2, #2
10002356:	d100      	bne.n	1000235a <_ntoa_format+0x86>
10002358:	e0a1      	b.n	1000249e <_ntoa_format+0x1ca>
1000235a:	2230      	movs	r2, #48	@ 0x30
1000235c:	9c0c      	ldr	r4, [sp, #48]	@ 0x30
1000235e:	7022      	strb	r2, [r4, #0]
10002360:	2401      	movs	r4, #1
10002362:	464a      	mov	r2, r9
10002364:	2a00      	cmp	r2, #0
10002366:	d15c      	bne.n	10002422 <_ntoa_format+0x14e>
10002368:	075a      	lsls	r2, r3, #29
1000236a:	d400      	bmi.n	1000236e <_ntoa_format+0x9a>
1000236c:	e07d      	b.n	1000246a <_ntoa_format+0x196>
1000236e:	222b      	movs	r2, #43	@ 0x2b
10002370:	9d0c      	ldr	r5, [sp, #48]	@ 0x30
10002372:	552a      	strb	r2, [r5, r4]
10002374:	3401      	adds	r4, #1
10002376:	e01c      	b.n	100023b2 <_ntoa_format+0xde>
10002378:	4652      	mov	r2, sl
1000237a:	2a00      	cmp	r2, #0
1000237c:	d002      	beq.n	10002384 <_ntoa_format+0xb0>
1000237e:	2e20      	cmp	r6, #32
10002380:	d93c      	bls.n	100023fc <_ntoa_format+0x128>
10002382:	2420      	movs	r4, #32
10002384:	06da      	lsls	r2, r3, #27
10002386:	d514      	bpl.n	100023b2 <_ntoa_format+0xde>
10002388:	055a      	lsls	r2, r3, #21
1000238a:	d412      	bmi.n	100023b2 <_ntoa_format+0xde>
1000238c:	2f20      	cmp	r7, #32
1000238e:	d100      	bne.n	10002392 <_ntoa_format+0xbe>
10002390:	e097      	b.n	100024c2 <_ntoa_format+0x1ee>
10002392:	2e20      	cmp	r6, #32
10002394:	d13b      	bne.n	1000240e <_ntoa_format+0x13a>
10002396:	2620      	movs	r6, #32
10002398:	221f      	movs	r2, #31
1000239a:	0034      	movs	r4, r6
1000239c:	9d0f      	ldr	r5, [sp, #60]	@ 0x3c
1000239e:	2d10      	cmp	r5, #16
100023a0:	d100      	bne.n	100023a4 <_ntoa_format+0xd0>
100023a2:	e081      	b.n	100024a8 <_ntoa_format+0x1d4>
100023a4:	2d02      	cmp	r5, #2
100023a6:	d04c      	beq.n	10002442 <_ntoa_format+0x16e>
100023a8:	2530      	movs	r5, #48	@ 0x30
100023aa:	9f0c      	ldr	r7, [sp, #48]	@ 0x30
100023ac:	54bd      	strb	r5, [r7, r2]
100023ae:	2c20      	cmp	r4, #32
100023b0:	d1d7      	bne.n	10002362 <_ntoa_format+0x8e>
100023b2:	9303      	str	r3, [sp, #12]
100023b4:	9b0c      	ldr	r3, [sp, #48]	@ 0x30
100023b6:	4662      	mov	r2, ip
100023b8:	9300      	str	r3, [sp, #0]
100023ba:	9602      	str	r6, [sp, #8]
100023bc:	4643      	mov	r3, r8
100023be:	9401      	str	r4, [sp, #4]
100023c0:	f7ff ff40 	bl	10002244 <_out_rev>
100023c4:	b004      	add	sp, #16
100023c6:	bce0      	pop	{r5, r6, r7}
100023c8:	46ba      	mov	sl, r7
100023ca:	46b1      	mov	r9, r6
100023cc:	46a8      	mov	r8, r5
100023ce:	bdf0      	pop	{r4, r5, r6, r7, pc}
100023d0:	2201      	movs	r2, #1
100023d2:	0015      	movs	r5, r2
100023d4:	401d      	ands	r5, r3
100023d6:	46aa      	mov	sl, r5
100023d8:	421a      	tst	r2, r3
100023da:	d027      	beq.n	1000242c <_ntoa_format+0x158>
100023dc:	464a      	mov	r2, r9
100023de:	2a00      	cmp	r2, #0
100023e0:	d133      	bne.n	1000244a <_ntoa_format+0x176>
100023e2:	320c      	adds	r2, #12
100023e4:	421a      	tst	r2, r3
100023e6:	d130      	bne.n	1000244a <_ntoa_format+0x176>
100023e8:	42bc      	cmp	r4, r7
100023ea:	d29b      	bcs.n	10002324 <_ntoa_format+0x50>
100023ec:	2c20      	cmp	r4, #32
100023ee:	d000      	beq.n	100023f2 <_ntoa_format+0x11e>
100023f0:	e78b      	b.n	1000230a <_ntoa_format+0x36>
100023f2:	2e20      	cmp	r6, #32
100023f4:	d8c5      	bhi.n	10002382 <_ntoa_format+0xae>
100023f6:	06da      	lsls	r2, r3, #27
100023f8:	d4a4      	bmi.n	10002344 <_ntoa_format+0x70>
100023fa:	e7da      	b.n	100023b2 <_ntoa_format+0xde>
100023fc:	2420      	movs	r4, #32
100023fe:	06da      	lsls	r2, r3, #27
10002400:	d5d7      	bpl.n	100023b2 <_ntoa_format+0xde>
10002402:	055a      	lsls	r2, r3, #21
10002404:	d403      	bmi.n	1000240e <_ntoa_format+0x13a>
10002406:	42a7      	cmp	r7, r4
10002408:	d021      	beq.n	1000244e <_ntoa_format+0x17a>
1000240a:	42b4      	cmp	r4, r6
1000240c:	d01f      	beq.n	1000244e <_ntoa_format+0x17a>
1000240e:	9a0f      	ldr	r2, [sp, #60]	@ 0x3c
10002410:	2a10      	cmp	r2, #16
10002412:	d021      	beq.n	10002458 <_ntoa_format+0x184>
10002414:	2a02      	cmp	r2, #2
10002416:	d010      	beq.n	1000243a <_ntoa_format+0x166>
10002418:	2c20      	cmp	r4, #32
1000241a:	d0ca      	beq.n	100023b2 <_ntoa_format+0xde>
1000241c:	0022      	movs	r2, r4
1000241e:	3401      	adds	r4, #1
10002420:	e7c2      	b.n	100023a8 <_ntoa_format+0xd4>
10002422:	222d      	movs	r2, #45	@ 0x2d
10002424:	9d0c      	ldr	r5, [sp, #48]	@ 0x30
10002426:	552a      	strb	r2, [r5, r4]
10002428:	3401      	adds	r4, #1
1000242a:	e7c2      	b.n	100023b2 <_ntoa_format+0xde>
1000242c:	42bc      	cmp	r4, r7
1000242e:	d300      	bcc.n	10002432 <_ntoa_format+0x15e>
10002430:	e786      	b.n	10002340 <_ntoa_format+0x6c>
10002432:	2c20      	cmp	r4, #32
10002434:	d000      	beq.n	10002438 <_ntoa_format+0x164>
10002436:	e768      	b.n	1000230a <_ntoa_format+0x36>
10002438:	e7e1      	b.n	100023fe <_ntoa_format+0x12a>
1000243a:	2c20      	cmp	r4, #32
1000243c:	d0b9      	beq.n	100023b2 <_ntoa_format+0xde>
1000243e:	0022      	movs	r2, r4
10002440:	3401      	adds	r4, #1
10002442:	2562      	movs	r5, #98	@ 0x62
10002444:	9f0c      	ldr	r7, [sp, #48]	@ 0x30
10002446:	54bd      	strb	r5, [r7, r2]
10002448:	e7e6      	b.n	10002418 <_ntoa_format+0x144>
1000244a:	3e01      	subs	r6, #1
1000244c:	e7cc      	b.n	100023e8 <_ntoa_format+0x114>
1000244e:	1e62      	subs	r2, r4, #1
10002450:	2c01      	cmp	r4, #1
10002452:	d100      	bne.n	10002456 <_ntoa_format+0x182>
10002454:	e77a      	b.n	1000234c <_ntoa_format+0x78>
10002456:	e7a1      	b.n	1000239c <_ntoa_format+0xc8>
10002458:	069a      	lsls	r2, r3, #26
1000245a:	d416      	bmi.n	1000248a <_ntoa_format+0x1b6>
1000245c:	2c20      	cmp	r4, #32
1000245e:	d0a8      	beq.n	100023b2 <_ntoa_format+0xde>
10002460:	2278      	movs	r2, #120	@ 0x78
10002462:	9d0c      	ldr	r5, [sp, #48]	@ 0x30
10002464:	552a      	strb	r2, [r5, r4]
10002466:	3401      	adds	r4, #1
10002468:	e7d6      	b.n	10002418 <_ntoa_format+0x144>
1000246a:	071a      	lsls	r2, r3, #28
1000246c:	d5a1      	bpl.n	100023b2 <_ntoa_format+0xde>
1000246e:	2220      	movs	r2, #32
10002470:	9d0c      	ldr	r5, [sp, #48]	@ 0x30
10002472:	552a      	strb	r2, [r5, r4]
10002474:	3401      	adds	r4, #1
10002476:	e79c      	b.n	100023b2 <_ntoa_format+0xde>
10002478:	069a      	lsls	r2, r3, #26
1000247a:	d40e      	bmi.n	1000249a <_ntoa_format+0x1c6>
1000247c:	2278      	movs	r2, #120	@ 0x78
1000247e:	9c0c      	ldr	r4, [sp, #48]	@ 0x30
10002480:	7022      	strb	r2, [r4, #0]
10002482:	2230      	movs	r2, #48	@ 0x30
10002484:	7062      	strb	r2, [r4, #1]
10002486:	2402      	movs	r4, #2
10002488:	e76b      	b.n	10002362 <_ntoa_format+0x8e>
1000248a:	2c20      	cmp	r4, #32
1000248c:	d091      	beq.n	100023b2 <_ntoa_format+0xde>
1000248e:	2558      	movs	r5, #88	@ 0x58
10002490:	9a0c      	ldr	r2, [sp, #48]	@ 0x30
10002492:	1912      	adds	r2, r2, r4
10002494:	7015      	strb	r5, [r2, #0]
10002496:	3401      	adds	r4, #1
10002498:	e7be      	b.n	10002418 <_ntoa_format+0x144>
1000249a:	2258      	movs	r2, #88	@ 0x58
1000249c:	e7ef      	b.n	1000247e <_ntoa_format+0x1aa>
1000249e:	2262      	movs	r2, #98	@ 0x62
100024a0:	e7ed      	b.n	1000247e <_ntoa_format+0x1aa>
100024a2:	2a00      	cmp	r2, #0
100024a4:	d1a7      	bne.n	100023f6 <_ntoa_format+0x122>
100024a6:	e7aa      	b.n	100023fe <_ntoa_format+0x12a>
100024a8:	3c02      	subs	r4, #2
100024aa:	069d      	lsls	r5, r3, #26
100024ac:	d404      	bmi.n	100024b8 <_ntoa_format+0x1e4>
100024ae:	2578      	movs	r5, #120	@ 0x78
100024b0:	9f0c      	ldr	r7, [sp, #48]	@ 0x30
100024b2:	553d      	strb	r5, [r7, r4]
100024b4:	0014      	movs	r4, r2
100024b6:	e7b1      	b.n	1000241c <_ntoa_format+0x148>
100024b8:	2558      	movs	r5, #88	@ 0x58
100024ba:	9f0c      	ldr	r7, [sp, #48]	@ 0x30
100024bc:	553d      	strb	r5, [r7, r4]
100024be:	0014      	movs	r4, r2
100024c0:	e7ac      	b.n	1000241c <_ntoa_format+0x148>
100024c2:	221f      	movs	r2, #31
100024c4:	e76a      	b.n	1000239c <_ntoa_format+0xc8>
100024c6:	46c0      	nop			@ (mov r8, r8)

100024c8 <_out_char>:
100024c8:	b510      	push	{r4, lr}
100024ca:	2800      	cmp	r0, #0
100024cc:	d100      	bne.n	100024d0 <_out_char+0x8>
100024ce:	bd10      	pop	{r4, pc}
100024d0:	f001 fb00 	bl	10003ad4 <__wrap_putchar>
100024d4:	e7fb      	b.n	100024ce <_out_char+0x6>
100024d6:	46c0      	nop			@ (mov r8, r8)

100024d8 <_out_fct>:
100024d8:	000b      	movs	r3, r1
100024da:	b510      	push	{r4, lr}
100024dc:	2800      	cmp	r0, #0
100024de:	d002      	beq.n	100024e6 <_out_fct+0xe>
100024e0:	6849      	ldr	r1, [r1, #4]
100024e2:	681b      	ldr	r3, [r3, #0]
100024e4:	4798      	blx	r3
100024e6:	bd10      	pop	{r4, pc}

100024e8 <_etoa>:
100024e8:	b5f0      	push	{r4, r5, r6, r7, lr}
100024ea:	4657      	mov	r7, sl
100024ec:	464e      	mov	r6, r9
100024ee:	4645      	mov	r5, r8
100024f0:	46de      	mov	lr, fp
100024f2:	b5e0      	push	{r5, r6, r7, lr}
100024f4:	b099      	sub	sp, #100	@ 0x64
100024f6:	4682      	mov	sl, r0
100024f8:	4689      	mov	r9, r1
100024fa:	4690      	mov	r8, r2
100024fc:	9309      	str	r3, [sp, #36]	@ 0x24
100024fe:	9a22      	ldr	r2, [sp, #136]	@ 0x88
10002500:	9b23      	ldr	r3, [sp, #140]	@ 0x8c
10002502:	0010      	movs	r0, r2
10002504:	0019      	movs	r1, r3
10002506:	f7ff fd78 	bl	10001ffa <__wrap___aeabi_dcmpun>
1000250a:	2800      	cmp	r0, #0
1000250c:	d000      	beq.n	10002510 <_etoa+0x28>
1000250e:	e0c8      	b.n	100026a2 <_etoa+0x1ba>
10002510:	9822      	ldr	r0, [sp, #136]	@ 0x88
10002512:	9923      	ldr	r1, [sp, #140]	@ 0x8c
10002514:	2201      	movs	r2, #1
10002516:	4bd5      	ldr	r3, [pc, #852]	@ (1000286c <_etoa+0x384>)
10002518:	4252      	negs	r2, r2
1000251a:	f7ff fd69 	bl	10001ff0 <__wrap___aeabi_dcmpgt>
1000251e:	2800      	cmp	r0, #0
10002520:	d000      	beq.n	10002524 <_etoa+0x3c>
10002522:	e0be      	b.n	100026a2 <_etoa+0x1ba>
10002524:	9822      	ldr	r0, [sp, #136]	@ 0x88
10002526:	9923      	ldr	r1, [sp, #140]	@ 0x8c
10002528:	2201      	movs	r2, #1
1000252a:	4bd1      	ldr	r3, [pc, #836]	@ (10002870 <_etoa+0x388>)
1000252c:	4252      	negs	r2, r2
1000252e:	f7ff fd51 	bl	10001fd4 <__wrap___aeabi_dcmplt>
10002532:	2800      	cmp	r0, #0
10002534:	d000      	beq.n	10002538 <_etoa+0x50>
10002536:	e0b4      	b.n	100026a2 <_etoa+0x1ba>
10002538:	9822      	ldr	r0, [sp, #136]	@ 0x88
1000253a:	9923      	ldr	r1, [sp, #140]	@ 0x8c
1000253c:	2200      	movs	r2, #0
1000253e:	2300      	movs	r3, #0
10002540:	f7ff fd48 	bl	10001fd4 <__wrap___aeabi_dcmplt>
10002544:	2800      	cmp	r0, #0
10002546:	d000      	beq.n	1000254a <_etoa+0x62>
10002548:	e1e9      	b.n	1000291e <_etoa+0x436>
1000254a:	9e22      	ldr	r6, [sp, #136]	@ 0x88
1000254c:	9f23      	ldr	r7, [sp, #140]	@ 0x8c
1000254e:	2380      	movs	r3, #128	@ 0x80
10002550:	9a26      	ldr	r2, [sp, #152]	@ 0x98
10002552:	00db      	lsls	r3, r3, #3
10002554:	401a      	ands	r2, r3
10002556:	920d      	str	r2, [sp, #52]	@ 0x34
10002558:	9a26      	ldr	r2, [sp, #152]	@ 0x98
1000255a:	421a      	tst	r2, r3
1000255c:	d101      	bne.n	10002562 <_etoa+0x7a>
1000255e:	2306      	movs	r3, #6
10002560:	9324      	str	r3, [sp, #144]	@ 0x90
10002562:	003b      	movs	r3, r7
10002564:	4333      	orrs	r3, r6
10002566:	d000      	beq.n	1000256a <_etoa+0x82>
10002568:	e0b4      	b.n	100026d4 <_etoa+0x1ec>
1000256a:	9b26      	ldr	r3, [sp, #152]	@ 0x98
1000256c:	051b      	lsls	r3, r3, #20
1000256e:	d500      	bpl.n	10002572 <_etoa+0x8a>
10002570:	e1bf      	b.n	100028f2 <_etoa+0x40a>
10002572:	2300      	movs	r3, #0
10002574:	2400      	movs	r4, #0
10002576:	930a      	str	r3, [sp, #40]	@ 0x28
10002578:	940b      	str	r4, [sp, #44]	@ 0x2c
1000257a:	2300      	movs	r3, #0
1000257c:	2504      	movs	r5, #4
1000257e:	930c      	str	r3, [sp, #48]	@ 0x30
10002580:	9b25      	ldr	r3, [sp, #148]	@ 0x94
10002582:	2400      	movs	r4, #0
10002584:	42ab      	cmp	r3, r5
10002586:	d900      	bls.n	1000258a <_etoa+0xa2>
10002588:	1b5c      	subs	r4, r3, r5
1000258a:	2302      	movs	r3, #2
1000258c:	9a26      	ldr	r2, [sp, #152]	@ 0x98
1000258e:	401a      	ands	r2, r3
10002590:	920d      	str	r2, [sp, #52]	@ 0x34
10002592:	9a26      	ldr	r2, [sp, #152]	@ 0x98
10002594:	4213      	tst	r3, r2
10002596:	d003      	beq.n	100025a0 <_etoa+0xb8>
10002598:	426b      	negs	r3, r5
1000259a:	416b      	adcs	r3, r5
1000259c:	425b      	negs	r3, r3
1000259e:	401c      	ands	r4, r3
100025a0:	9b0c      	ldr	r3, [sp, #48]	@ 0x30
100025a2:	2b00      	cmp	r3, #0
100025a4:	d007      	beq.n	100025b6 <_etoa+0xce>
100025a6:	9a0a      	ldr	r2, [sp, #40]	@ 0x28
100025a8:	9b0b      	ldr	r3, [sp, #44]	@ 0x2c
100025aa:	0030      	movs	r0, r6
100025ac:	0039      	movs	r1, r7
100025ae:	f7ff fcb8 	bl	10001f22 <__wrap___aeabi_ddiv>
100025b2:	0006      	movs	r6, r0
100025b4:	000f      	movs	r7, r1
100025b6:	9822      	ldr	r0, [sp, #136]	@ 0x88
100025b8:	9923      	ldr	r1, [sp, #140]	@ 0x8c
100025ba:	2200      	movs	r2, #0
100025bc:	2300      	movs	r3, #0
100025be:	f7ff fd09 	bl	10001fd4 <__wrap___aeabi_dcmplt>
100025c2:	2800      	cmp	r0, #0
100025c4:	d003      	beq.n	100025ce <_etoa+0xe6>
100025c6:	2180      	movs	r1, #128	@ 0x80
100025c8:	0609      	lsls	r1, r1, #24
100025ca:	187b      	adds	r3, r7, r1
100025cc:	001f      	movs	r7, r3
100025ce:	9a26      	ldr	r2, [sp, #152]	@ 0x98
100025d0:	4ba8      	ldr	r3, [pc, #672]	@ (10002874 <_etoa+0x38c>)
100025d2:	9600      	str	r6, [sp, #0]
100025d4:	9701      	str	r7, [sp, #4]
100025d6:	4013      	ands	r3, r2
100025d8:	9e09      	ldr	r6, [sp, #36]	@ 0x24
100025da:	9304      	str	r3, [sp, #16]
100025dc:	9b24      	ldr	r3, [sp, #144]	@ 0x90
100025de:	9403      	str	r4, [sp, #12]
100025e0:	9302      	str	r3, [sp, #8]
100025e2:	4642      	mov	r2, r8
100025e4:	0033      	movs	r3, r6
100025e6:	4649      	mov	r1, r9
100025e8:	4650      	mov	r0, sl
100025ea:	f000 f9a7 	bl	1000293c <_ftoa>
100025ee:	0004      	movs	r4, r0
100025f0:	2d00      	cmp	r5, #0
100025f2:	d067      	beq.n	100026c4 <_etoa+0x1dc>
100025f4:	2020      	movs	r0, #32
100025f6:	9a26      	ldr	r2, [sp, #152]	@ 0x98
100025f8:	4649      	mov	r1, r9
100025fa:	4002      	ands	r2, r0
100025fc:	0013      	movs	r3, r2
100025fe:	425a      	negs	r2, r3
10002600:	4153      	adcs	r3, r2
10002602:	425b      	negs	r3, r3
10002604:	1c62      	adds	r2, r4, #1
10002606:	4018      	ands	r0, r3
10002608:	920a      	str	r2, [sp, #40]	@ 0x28
1000260a:	0033      	movs	r3, r6
1000260c:	0022      	movs	r2, r4
1000260e:	3045      	adds	r0, #69	@ 0x45
10002610:	47d0      	blx	sl
10002612:	9a0c      	ldr	r2, [sp, #48]	@ 0x30
10002614:	1e6f      	subs	r7, r5, #1
10002616:	17d3      	asrs	r3, r2, #31
10002618:	18d4      	adds	r4, r2, r3
1000261a:	405c      	eors	r4, r3
1000261c:	0fd3      	lsrs	r3, r2, #31
1000261e:	469b      	mov	fp, r3
10002620:	2500      	movs	r5, #0
10002622:	e001      	b.n	10002628 <_etoa+0x140>
10002624:	2d20      	cmp	r5, #32
10002626:	d013      	beq.n	10002650 <_etoa+0x168>
10002628:	aa08      	add	r2, sp, #32
1000262a:	4694      	mov	ip, r2
1000262c:	231f      	movs	r3, #31
1000262e:	0020      	movs	r0, r4
10002630:	4463      	add	r3, ip
10002632:	210a      	movs	r1, #10
10002634:	3501      	adds	r5, #1
10002636:	195e      	adds	r6, r3, r5
10002638:	f7ff fa2e 	bl	10001a98 <__wrap___aeabi_uidiv>
1000263c:	3130      	adds	r1, #48	@ 0x30
1000263e:	7031      	strb	r1, [r6, #0]
10002640:	0020      	movs	r0, r4
10002642:	210a      	movs	r1, #10
10002644:	f7ff fa28 	bl	10001a98 <__wrap___aeabi_uidiv>
10002648:	0026      	movs	r6, r4
1000264a:	0004      	movs	r4, r0
1000264c:	2e09      	cmp	r6, #9
1000264e:	d8e9      	bhi.n	10002624 <_etoa+0x13c>
10002650:	2305      	movs	r3, #5
10002652:	9306      	str	r3, [sp, #24]
10002654:	2300      	movs	r3, #0
10002656:	9304      	str	r3, [sp, #16]
10002658:	330a      	adds	r3, #10
1000265a:	9303      	str	r3, [sp, #12]
1000265c:	465b      	mov	r3, fp
1000265e:	9e09      	ldr	r6, [sp, #36]	@ 0x24
10002660:	9302      	str	r3, [sp, #8]
10002662:	ab10      	add	r3, sp, #64	@ 0x40
10002664:	9a0a      	ldr	r2, [sp, #40]	@ 0x28
10002666:	9300      	str	r3, [sp, #0]
10002668:	4649      	mov	r1, r9
1000266a:	0033      	movs	r3, r6
1000266c:	4650      	mov	r0, sl
1000266e:	9705      	str	r7, [sp, #20]
10002670:	9501      	str	r5, [sp, #4]
10002672:	f7ff fe2f 	bl	100022d4 <_ntoa_format>
10002676:	9a0d      	ldr	r2, [sp, #52]	@ 0x34
10002678:	0004      	movs	r4, r0
1000267a:	2a00      	cmp	r2, #0
1000267c:	d022      	beq.n	100026c4 <_etoa+0x1dc>
1000267e:	4642      	mov	r2, r8
10002680:	1a85      	subs	r5, r0, r2
10002682:	9a25      	ldr	r2, [sp, #148]	@ 0x94
10002684:	42aa      	cmp	r2, r5
10002686:	d91d      	bls.n	100026c4 <_etoa+0x1dc>
10002688:	46b0      	mov	r8, r6
1000268a:	4657      	mov	r7, sl
1000268c:	0016      	movs	r6, r2
1000268e:	0022      	movs	r2, r4
10002690:	4643      	mov	r3, r8
10002692:	4649      	mov	r1, r9
10002694:	2020      	movs	r0, #32
10002696:	3501      	adds	r5, #1
10002698:	47b8      	blx	r7
1000269a:	3401      	adds	r4, #1
1000269c:	42ae      	cmp	r6, r5
1000269e:	d8f6      	bhi.n	1000268e <_etoa+0x1a6>
100026a0:	e010      	b.n	100026c4 <_etoa+0x1dc>
100026a2:	9b26      	ldr	r3, [sp, #152]	@ 0x98
100026a4:	4642      	mov	r2, r8
100026a6:	9304      	str	r3, [sp, #16]
100026a8:	9b25      	ldr	r3, [sp, #148]	@ 0x94
100026aa:	4649      	mov	r1, r9
100026ac:	9303      	str	r3, [sp, #12]
100026ae:	9b24      	ldr	r3, [sp, #144]	@ 0x90
100026b0:	4650      	mov	r0, sl
100026b2:	9302      	str	r3, [sp, #8]
100026b4:	9b22      	ldr	r3, [sp, #136]	@ 0x88
100026b6:	9c23      	ldr	r4, [sp, #140]	@ 0x8c
100026b8:	9300      	str	r3, [sp, #0]
100026ba:	9401      	str	r4, [sp, #4]
100026bc:	9b09      	ldr	r3, [sp, #36]	@ 0x24
100026be:	f000 f93d 	bl	1000293c <_ftoa>
100026c2:	0004      	movs	r4, r0
100026c4:	0020      	movs	r0, r4
100026c6:	b019      	add	sp, #100	@ 0x64
100026c8:	bcf0      	pop	{r4, r5, r6, r7}
100026ca:	46bb      	mov	fp, r7
100026cc:	46b2      	mov	sl, r6
100026ce:	46a9      	mov	r9, r5
100026d0:	46a0      	mov	r8, r4
100026d2:	bdf0      	pop	{r4, r5, r6, r7, pc}
100026d4:	4b68      	ldr	r3, [pc, #416]	@ (10002878 <_etoa+0x390>)
100026d6:	0078      	lsls	r0, r7, #1
100026d8:	469c      	mov	ip, r3
100026da:	0d40      	lsrs	r0, r0, #21
100026dc:	4460      	add	r0, ip
100026de:	f7ff fc9d 	bl	1000201c <__wrap___aeabi_i2d>
100026e2:	4a66      	ldr	r2, [pc, #408]	@ (1000287c <_etoa+0x394>)
100026e4:	4b66      	ldr	r3, [pc, #408]	@ (10002880 <_etoa+0x398>)
100026e6:	f7ff fc36 	bl	10001f56 <__wrap___aeabi_dmul>
100026ea:	4a66      	ldr	r2, [pc, #408]	@ (10002884 <_etoa+0x39c>)
100026ec:	4b66      	ldr	r3, [pc, #408]	@ (10002888 <_etoa+0x3a0>)
100026ee:	f7ff fc13 	bl	10001f18 <__wrap___aeabi_dadd>
100026f2:	4a66      	ldr	r2, [pc, #408]	@ (1000288c <_etoa+0x3a4>)
100026f4:	033b      	lsls	r3, r7, #12
100026f6:	0b1b      	lsrs	r3, r3, #12
100026f8:	431a      	orrs	r2, r3
100026fa:	0004      	movs	r4, r0
100026fc:	000d      	movs	r5, r1
100026fe:	4b64      	ldr	r3, [pc, #400]	@ (10002890 <_etoa+0x3a8>)
10002700:	0011      	movs	r1, r2
10002702:	0030      	movs	r0, r6
10002704:	2200      	movs	r2, #0
10002706:	f7ff fc02 	bl	10001f0e <__wrap___aeabi_dsub>
1000270a:	4a62      	ldr	r2, [pc, #392]	@ (10002894 <_etoa+0x3ac>)
1000270c:	4b62      	ldr	r3, [pc, #392]	@ (10002898 <_etoa+0x3b0>)
1000270e:	f7ff fc22 	bl	10001f56 <__wrap___aeabi_dmul>
10002712:	0002      	movs	r2, r0
10002714:	000b      	movs	r3, r1
10002716:	0020      	movs	r0, r4
10002718:	0029      	movs	r1, r5
1000271a:	f7ff fbfd 	bl	10001f18 <__wrap___aeabi_dadd>
1000271e:	f7ff fc95 	bl	1000204c <__wrap___aeabi_d2iz>
10002722:	900c      	str	r0, [sp, #48]	@ 0x30
10002724:	f7ff fc7a 	bl	1000201c <__wrap___aeabi_i2d>
10002728:	4a5c      	ldr	r2, [pc, #368]	@ (1000289c <_etoa+0x3b4>)
1000272a:	4b5d      	ldr	r3, [pc, #372]	@ (100028a0 <_etoa+0x3b8>)
1000272c:	0004      	movs	r4, r0
1000272e:	000d      	movs	r5, r1
10002730:	f7ff fc11 	bl	10001f56 <__wrap___aeabi_dmul>
10002734:	2200      	movs	r2, #0
10002736:	4b5b      	ldr	r3, [pc, #364]	@ (100028a4 <_etoa+0x3bc>)
10002738:	f7ff fbee 	bl	10001f18 <__wrap___aeabi_dadd>
1000273c:	f7ff fc86 	bl	1000204c <__wrap___aeabi_d2iz>
10002740:	4a59      	ldr	r2, [pc, #356]	@ (100028a8 <_etoa+0x3c0>)
10002742:	4683      	mov	fp, r0
10002744:	4b59      	ldr	r3, [pc, #356]	@ (100028ac <_etoa+0x3c4>)
10002746:	0020      	movs	r0, r4
10002748:	0029      	movs	r1, r5
1000274a:	f7ff fc04 	bl	10001f56 <__wrap___aeabi_dmul>
1000274e:	0004      	movs	r4, r0
10002750:	4658      	mov	r0, fp
10002752:	000d      	movs	r5, r1
10002754:	f7ff fc62 	bl	1000201c <__wrap___aeabi_i2d>
10002758:	4a55      	ldr	r2, [pc, #340]	@ (100028b0 <_etoa+0x3c8>)
1000275a:	4b56      	ldr	r3, [pc, #344]	@ (100028b4 <_etoa+0x3cc>)
1000275c:	f7ff fbfb 	bl	10001f56 <__wrap___aeabi_dmul>
10002760:	0002      	movs	r2, r0
10002762:	000b      	movs	r3, r1
10002764:	0020      	movs	r0, r4
10002766:	0029      	movs	r1, r5
10002768:	f7ff fbd1 	bl	10001f0e <__wrap___aeabi_dsub>
1000276c:	0002      	movs	r2, r0
1000276e:	000b      	movs	r3, r1
10002770:	900a      	str	r0, [sp, #40]	@ 0x28
10002772:	910b      	str	r1, [sp, #44]	@ 0x2c
10002774:	f7ff fbef 	bl	10001f56 <__wrap___aeabi_dmul>
10002778:	0004      	movs	r4, r0
1000277a:	000d      	movs	r5, r1
1000277c:	980a      	ldr	r0, [sp, #40]	@ 0x28
1000277e:	990b      	ldr	r1, [sp, #44]	@ 0x2c
10002780:	0002      	movs	r2, r0
10002782:	000b      	movs	r3, r1
10002784:	f7ff fbc8 	bl	10001f18 <__wrap___aeabi_dadd>
10002788:	2200      	movs	r2, #0
1000278a:	900e      	str	r0, [sp, #56]	@ 0x38
1000278c:	910f      	str	r1, [sp, #60]	@ 0x3c
1000278e:	4b4a      	ldr	r3, [pc, #296]	@ (100028b8 <_etoa+0x3d0>)
10002790:	0020      	movs	r0, r4
10002792:	0029      	movs	r1, r5
10002794:	f7ff fbc5 	bl	10001f22 <__wrap___aeabi_ddiv>
10002798:	2200      	movs	r2, #0
1000279a:	4b48      	ldr	r3, [pc, #288]	@ (100028bc <_etoa+0x3d4>)
1000279c:	f7ff fbbc 	bl	10001f18 <__wrap___aeabi_dadd>
100027a0:	0002      	movs	r2, r0
100027a2:	000b      	movs	r3, r1
100027a4:	0020      	movs	r0, r4
100027a6:	0029      	movs	r1, r5
100027a8:	f7ff fbbb 	bl	10001f22 <__wrap___aeabi_ddiv>
100027ac:	2200      	movs	r2, #0
100027ae:	4b44      	ldr	r3, [pc, #272]	@ (100028c0 <_etoa+0x3d8>)
100027b0:	f7ff fbb2 	bl	10001f18 <__wrap___aeabi_dadd>
100027b4:	0002      	movs	r2, r0
100027b6:	000b      	movs	r3, r1
100027b8:	0020      	movs	r0, r4
100027ba:	0029      	movs	r1, r5
100027bc:	f7ff fbb1 	bl	10001f22 <__wrap___aeabi_ddiv>
100027c0:	9a0a      	ldr	r2, [sp, #40]	@ 0x28
100027c2:	9b0b      	ldr	r3, [sp, #44]	@ 0x2c
100027c4:	000d      	movs	r5, r1
100027c6:	2180      	movs	r1, #128	@ 0x80
100027c8:	0004      	movs	r4, r0
100027ca:	05c9      	lsls	r1, r1, #23
100027cc:	2000      	movs	r0, #0
100027ce:	f7ff fb9e 	bl	10001f0e <__wrap___aeabi_dsub>
100027d2:	0002      	movs	r2, r0
100027d4:	000b      	movs	r3, r1
100027d6:	0020      	movs	r0, r4
100027d8:	0029      	movs	r1, r5
100027da:	f7ff fb9d 	bl	10001f18 <__wrap___aeabi_dadd>
100027de:	4c39      	ldr	r4, [pc, #228]	@ (100028c4 <_etoa+0x3dc>)
100027e0:	0002      	movs	r2, r0
100027e2:	000b      	movs	r3, r1
100027e4:	980e      	ldr	r0, [sp, #56]	@ 0x38
100027e6:	990f      	ldr	r1, [sp, #60]	@ 0x3c
100027e8:	f7ff fb9b 	bl	10001f22 <__wrap___aeabi_ddiv>
100027ec:	445c      	add	r4, fp
100027ee:	2200      	movs	r2, #0
100027f0:	4b26      	ldr	r3, [pc, #152]	@ (1000288c <_etoa+0x3a4>)
100027f2:	f7ff fb91 	bl	10001f18 <__wrap___aeabi_dadd>
100027f6:	0523      	lsls	r3, r4, #20
100027f8:	2200      	movs	r2, #0
100027fa:	f7ff fbac 	bl	10001f56 <__wrap___aeabi_dmul>
100027fe:	0004      	movs	r4, r0
10002800:	000d      	movs	r5, r1
10002802:	0002      	movs	r2, r0
10002804:	000b      	movs	r3, r1
10002806:	0030      	movs	r0, r6
10002808:	0039      	movs	r1, r7
1000280a:	940a      	str	r4, [sp, #40]	@ 0x28
1000280c:	950b      	str	r5, [sp, #44]	@ 0x2c
1000280e:	f7ff fbe1 	bl	10001fd4 <__wrap___aeabi_dcmplt>
10002812:	2800      	cmp	r0, #0
10002814:	d15e      	bne.n	100028d4 <_etoa+0x3ec>
10002816:	0023      	movs	r3, r4
10002818:	002a      	movs	r2, r5
1000281a:	25c6      	movs	r5, #198	@ 0xc6
1000281c:	990c      	ldr	r1, [sp, #48]	@ 0x30
1000281e:	3163      	adds	r1, #99	@ 0x63
10002820:	428d      	cmp	r5, r1
10002822:	41ad      	sbcs	r5, r5
10002824:	9926      	ldr	r1, [sp, #152]	@ 0x98
10002826:	426d      	negs	r5, r5
10002828:	3504      	adds	r5, #4
1000282a:	0509      	lsls	r1, r1, #20
1000282c:	d400      	bmi.n	10002830 <_etoa+0x348>
1000282e:	e6a7      	b.n	10002580 <_etoa+0x98>
10002830:	4313      	orrs	r3, r2
10002832:	d064      	beq.n	100028fe <_etoa+0x416>
10002834:	0030      	movs	r0, r6
10002836:	0039      	movs	r1, r7
10002838:	4a23      	ldr	r2, [pc, #140]	@ (100028c8 <_etoa+0x3e0>)
1000283a:	4b24      	ldr	r3, [pc, #144]	@ (100028cc <_etoa+0x3e4>)
1000283c:	f7ff fbd0 	bl	10001fe0 <__wrap___aeabi_dcmpge>
10002840:	2800      	cmp	r0, #0
10002842:	d007      	beq.n	10002854 <_etoa+0x36c>
10002844:	2200      	movs	r2, #0
10002846:	0030      	movs	r0, r6
10002848:	0039      	movs	r1, r7
1000284a:	4b21      	ldr	r3, [pc, #132]	@ (100028d0 <_etoa+0x3e8>)
1000284c:	f7ff fbc2 	bl	10001fd4 <__wrap___aeabi_dcmplt>
10002850:	2800      	cmp	r0, #0
10002852:	d154      	bne.n	100028fe <_etoa+0x416>
10002854:	9b24      	ldr	r3, [sp, #144]	@ 0x90
10002856:	2b00      	cmp	r3, #0
10002858:	d100      	bne.n	1000285c <_etoa+0x374>
1000285a:	e691      	b.n	10002580 <_etoa+0x98>
1000285c:	9b0d      	ldr	r3, [sp, #52]	@ 0x34
1000285e:	1e5a      	subs	r2, r3, #1
10002860:	4193      	sbcs	r3, r2
10002862:	9a24      	ldr	r2, [sp, #144]	@ 0x90
10002864:	1ad3      	subs	r3, r2, r3
10002866:	9324      	str	r3, [sp, #144]	@ 0x90
10002868:	e68a      	b.n	10002580 <_etoa+0x98>
1000286a:	46c0      	nop			@ (mov r8, r8)
1000286c:	7fefffff 	.word	0x7fefffff
10002870:	ffefffff 	.word	0xffefffff
10002874:	fffff7ff 	.word	0xfffff7ff
10002878:	fffffc01 	.word	0xfffffc01
1000287c:	509f79fb 	.word	0x509f79fb
10002880:	3fd34413 	.word	0x3fd34413
10002884:	8b60c8b3 	.word	0x8b60c8b3
10002888:	3fc68a28 	.word	0x3fc68a28
1000288c:	3ff00000 	.word	0x3ff00000
10002890:	3ff80000 	.word	0x3ff80000
10002894:	636f4361 	.word	0x636f4361
10002898:	3fd287a7 	.word	0x3fd287a7
1000289c:	0979a371 	.word	0x0979a371
100028a0:	400a934f 	.word	0x400a934f
100028a4:	3fe00000 	.word	0x3fe00000
100028a8:	bbb55516 	.word	0xbbb55516
100028ac:	40026bb1 	.word	0x40026bb1
100028b0:	fefa39ef 	.word	0xfefa39ef
100028b4:	3fe62e42 	.word	0x3fe62e42
100028b8:	402c0000 	.word	0x402c0000
100028bc:	40240000 	.word	0x40240000
100028c0:	40180000 	.word	0x40180000
100028c4:	000003ff 	.word	0x000003ff
100028c8:	eb1c432d 	.word	0xeb1c432d
100028cc:	3f1a36e2 	.word	0x3f1a36e2
100028d0:	412e8480 	.word	0x412e8480
100028d4:	9b0c      	ldr	r3, [sp, #48]	@ 0x30
100028d6:	2200      	movs	r2, #0
100028d8:	3b01      	subs	r3, #1
100028da:	930c      	str	r3, [sp, #48]	@ 0x30
100028dc:	0020      	movs	r0, r4
100028de:	4b16      	ldr	r3, [pc, #88]	@ (10002938 <_etoa+0x450>)
100028e0:	0029      	movs	r1, r5
100028e2:	f7ff fb1e 	bl	10001f22 <__wrap___aeabi_ddiv>
100028e6:	000a      	movs	r2, r1
100028e8:	0001      	movs	r1, r0
100028ea:	0003      	movs	r3, r0
100028ec:	910a      	str	r1, [sp, #40]	@ 0x28
100028ee:	920b      	str	r2, [sp, #44]	@ 0x2c
100028f0:	e793      	b.n	1000281a <_etoa+0x332>
100028f2:	2300      	movs	r3, #0
100028f4:	2400      	movs	r4, #0
100028f6:	930a      	str	r3, [sp, #40]	@ 0x28
100028f8:	940b      	str	r4, [sp, #44]	@ 0x2c
100028fa:	2300      	movs	r3, #0
100028fc:	930c      	str	r3, [sp, #48]	@ 0x30
100028fe:	9a24      	ldr	r2, [sp, #144]	@ 0x90
10002900:	9b0c      	ldr	r3, [sp, #48]	@ 0x30
10002902:	429a      	cmp	r2, r3
10002904:	dd14      	ble.n	10002930 <_etoa+0x448>
10002906:	1ad3      	subs	r3, r2, r3
10002908:	3b01      	subs	r3, #1
1000290a:	9324      	str	r3, [sp, #144]	@ 0x90
1000290c:	2380      	movs	r3, #128	@ 0x80
1000290e:	9a26      	ldr	r2, [sp, #152]	@ 0x98
10002910:	00db      	lsls	r3, r3, #3
10002912:	431a      	orrs	r2, r3
10002914:	2300      	movs	r3, #0
10002916:	2500      	movs	r5, #0
10002918:	9226      	str	r2, [sp, #152]	@ 0x98
1000291a:	930c      	str	r3, [sp, #48]	@ 0x30
1000291c:	e630      	b.n	10002580 <_etoa+0x98>
1000291e:	2280      	movs	r2, #128	@ 0x80
10002920:	0612      	lsls	r2, r2, #24
10002922:	4694      	mov	ip, r2
10002924:	9b22      	ldr	r3, [sp, #136]	@ 0x88
10002926:	001e      	movs	r6, r3
10002928:	9b23      	ldr	r3, [sp, #140]	@ 0x8c
1000292a:	4463      	add	r3, ip
1000292c:	001f      	movs	r7, r3
1000292e:	e60e      	b.n	1000254e <_etoa+0x66>
10002930:	2300      	movs	r3, #0
10002932:	9324      	str	r3, [sp, #144]	@ 0x90
10002934:	e7ea      	b.n	1000290c <_etoa+0x424>
10002936:	46c0      	nop			@ (mov r8, r8)
10002938:	40240000 	.word	0x40240000

1000293c <_ftoa>:
1000293c:	b5f0      	push	{r4, r5, r6, r7, lr}
1000293e:	4645      	mov	r5, r8
10002940:	46de      	mov	lr, fp
10002942:	464e      	mov	r6, r9
10002944:	4657      	mov	r7, sl
10002946:	b5e0      	push	{r5, r6, r7, lr}
10002948:	b095      	sub	sp, #84	@ 0x54
1000294a:	468b      	mov	fp, r1
1000294c:	4690      	mov	r8, r2
1000294e:	4699      	mov	r9, r3
10002950:	9a1e      	ldr	r2, [sp, #120]	@ 0x78
10002952:	9b1f      	ldr	r3, [sp, #124]	@ 0x7c
10002954:	900a      	str	r0, [sp, #40]	@ 0x28
10002956:	0019      	movs	r1, r3
10002958:	0010      	movs	r0, r2
1000295a:	9d20      	ldr	r5, [sp, #128]	@ 0x80
1000295c:	f7ff fb4d 	bl	10001ffa <__wrap___aeabi_dcmpun>
10002960:	2800      	cmp	r0, #0
10002962:	d000      	beq.n	10002966 <_ftoa+0x2a>
10002964:	e1b0      	b.n	10002cc8 <_ftoa+0x38c>
10002966:	981e      	ldr	r0, [sp, #120]	@ 0x78
10002968:	991f      	ldr	r1, [sp, #124]	@ 0x7c
1000296a:	2201      	movs	r2, #1
1000296c:	4bc7      	ldr	r3, [pc, #796]	@ (10002c8c <_ftoa+0x350>)
1000296e:	4252      	negs	r2, r2
10002970:	f7ff fb30 	bl	10001fd4 <__wrap___aeabi_dcmplt>
10002974:	2800      	cmp	r0, #0
10002976:	d000      	beq.n	1000297a <_ftoa+0x3e>
10002978:	e137      	b.n	10002bea <_ftoa+0x2ae>
1000297a:	981e      	ldr	r0, [sp, #120]	@ 0x78
1000297c:	991f      	ldr	r1, [sp, #124]	@ 0x7c
1000297e:	2201      	movs	r2, #1
10002980:	4bc3      	ldr	r3, [pc, #780]	@ (10002c90 <_ftoa+0x354>)
10002982:	4252      	negs	r2, r2
10002984:	f7ff fb34 	bl	10001ff0 <__wrap___aeabi_dcmpgt>
10002988:	2800      	cmp	r0, #0
1000298a:	d000      	beq.n	1000298e <_ftoa+0x52>
1000298c:	e0a7      	b.n	10002ade <_ftoa+0x1a2>
1000298e:	981e      	ldr	r0, [sp, #120]	@ 0x78
10002990:	991f      	ldr	r1, [sp, #124]	@ 0x7c
10002992:	2200      	movs	r2, #0
10002994:	4bbf      	ldr	r3, [pc, #764]	@ (10002c94 <_ftoa+0x358>)
10002996:	f7ff fb2b 	bl	10001ff0 <__wrap___aeabi_dcmpgt>
1000299a:	2800      	cmp	r0, #0
1000299c:	d000      	beq.n	100029a0 <_ftoa+0x64>
1000299e:	e088      	b.n	10002ab2 <_ftoa+0x176>
100029a0:	981e      	ldr	r0, [sp, #120]	@ 0x78
100029a2:	991f      	ldr	r1, [sp, #124]	@ 0x7c
100029a4:	2200      	movs	r2, #0
100029a6:	4bbc      	ldr	r3, [pc, #752]	@ (10002c98 <_ftoa+0x35c>)
100029a8:	f7ff fb14 	bl	10001fd4 <__wrap___aeabi_dcmplt>
100029ac:	2800      	cmp	r0, #0
100029ae:	d000      	beq.n	100029b2 <_ftoa+0x76>
100029b0:	e07f      	b.n	10002ab2 <_ftoa+0x176>
100029b2:	981e      	ldr	r0, [sp, #120]	@ 0x78
100029b4:	991f      	ldr	r1, [sp, #124]	@ 0x7c
100029b6:	2200      	movs	r2, #0
100029b8:	2300      	movs	r3, #0
100029ba:	f7ff fb0b 	bl	10001fd4 <__wrap___aeabi_dcmplt>
100029be:	2800      	cmp	r0, #0
100029c0:	d000      	beq.n	100029c4 <_ftoa+0x88>
100029c2:	e0fa      	b.n	10002bba <_ftoa+0x27e>
100029c4:	2300      	movs	r3, #0
100029c6:	930b      	str	r3, [sp, #44]	@ 0x2c
100029c8:	2380      	movs	r3, #128	@ 0x80
100029ca:	9c22      	ldr	r4, [sp, #136]	@ 0x88
100029cc:	9a22      	ldr	r2, [sp, #136]	@ 0x88
100029ce:	00db      	lsls	r3, r3, #3
100029d0:	401c      	ands	r4, r3
100029d2:	421a      	tst	r2, r3
100029d4:	d100      	bne.n	100029d8 <_ftoa+0x9c>
100029d6:	e102      	b.n	10002bde <_ftoa+0x2a2>
100029d8:	2d09      	cmp	r5, #9
100029da:	d800      	bhi.n	100029de <_ftoa+0xa2>
100029dc:	e17e      	b.n	10002cdc <_ftoa+0x3a0>
100029de:	a906      	add	r1, sp, #24
100029e0:	468c      	mov	ip, r1
100029e2:	002c      	movs	r4, r5
100029e4:	2217      	movs	r2, #23
100029e6:	2300      	movs	r3, #0
100029e8:	2130      	movs	r1, #48	@ 0x30
100029ea:	3c09      	subs	r4, #9
100029ec:	4462      	add	r2, ip
100029ee:	3301      	adds	r3, #1
100029f0:	54d1      	strb	r1, [r2, r3]
100029f2:	1aef      	subs	r7, r5, r3
100029f4:	2b20      	cmp	r3, #32
100029f6:	d100      	bne.n	100029fa <_ftoa+0xbe>
100029f8:	e132      	b.n	10002c60 <_ftoa+0x324>
100029fa:	42a3      	cmp	r3, r4
100029fc:	d1f7      	bne.n	100029ee <_ftoa+0xb2>
100029fe:	2200      	movs	r2, #0
10002a00:	4ba4      	ldr	r3, [pc, #656]	@ (10002c94 <_ftoa+0x358>)
10002a02:	9206      	str	r2, [sp, #24]
10002a04:	9307      	str	r3, [sp, #28]
10002a06:	981e      	ldr	r0, [sp, #120]	@ 0x78
10002a08:	991f      	ldr	r1, [sp, #124]	@ 0x7c
10002a0a:	f7ff fb1f 	bl	1000204c <__wrap___aeabi_d2iz>
10002a0e:	0005      	movs	r5, r0
10002a10:	f7ff fb04 	bl	1000201c <__wrap___aeabi_i2d>
10002a14:	0002      	movs	r2, r0
10002a16:	000b      	movs	r3, r1
10002a18:	981e      	ldr	r0, [sp, #120]	@ 0x78
10002a1a:	991f      	ldr	r1, [sp, #124]	@ 0x7c
10002a1c:	f7ff fa77 	bl	10001f0e <__wrap___aeabi_dsub>
10002a20:	9a06      	ldr	r2, [sp, #24]
10002a22:	9b07      	ldr	r3, [sp, #28]
10002a24:	f7ff fa97 	bl	10001f56 <__wrap___aeabi_dmul>
10002a28:	9008      	str	r0, [sp, #32]
10002a2a:	9109      	str	r1, [sp, #36]	@ 0x24
10002a2c:	f7ff fb32 	bl	10002094 <__wrap___aeabi_d2uiz>
10002a30:	0006      	movs	r6, r0
10002a32:	f7ff faef 	bl	10002014 <__wrap___aeabi_ui2d>
10002a36:	0002      	movs	r2, r0
10002a38:	000b      	movs	r3, r1
10002a3a:	9808      	ldr	r0, [sp, #32]
10002a3c:	9909      	ldr	r1, [sp, #36]	@ 0x24
10002a3e:	f7ff fa66 	bl	10001f0e <__wrap___aeabi_dsub>
10002a42:	2200      	movs	r2, #0
10002a44:	4b95      	ldr	r3, [pc, #596]	@ (10002c9c <_ftoa+0x360>)
10002a46:	9008      	str	r0, [sp, #32]
10002a48:	9109      	str	r1, [sp, #36]	@ 0x24
10002a4a:	f7ff fad1 	bl	10001ff0 <__wrap___aeabi_dcmpgt>
10002a4e:	2800      	cmp	r0, #0
10002a50:	d100      	bne.n	10002a54 <_ftoa+0x118>
10002a52:	e0d2      	b.n	10002bfa <_ftoa+0x2be>
10002a54:	3601      	adds	r6, #1
10002a56:	0030      	movs	r0, r6
10002a58:	f7ff fadc 	bl	10002014 <__wrap___aeabi_ui2d>
10002a5c:	9a06      	ldr	r2, [sp, #24]
10002a5e:	9b07      	ldr	r3, [sp, #28]
10002a60:	f7ff fabe 	bl	10001fe0 <__wrap___aeabi_dcmpge>
10002a64:	2800      	cmp	r0, #0
10002a66:	d001      	beq.n	10002a6c <_ftoa+0x130>
10002a68:	2600      	movs	r6, #0
10002a6a:	3501      	adds	r5, #1
10002a6c:	46aa      	mov	sl, r5
10002a6e:	2f00      	cmp	r7, #0
10002a70:	d000      	beq.n	10002a74 <_ftoa+0x138>
10002a72:	e098      	b.n	10002ba6 <_ftoa+0x26a>
10002a74:	0028      	movs	r0, r5
10002a76:	f7ff fad1 	bl	1000201c <__wrap___aeabi_i2d>
10002a7a:	0002      	movs	r2, r0
10002a7c:	000b      	movs	r3, r1
10002a7e:	981e      	ldr	r0, [sp, #120]	@ 0x78
10002a80:	991f      	ldr	r1, [sp, #124]	@ 0x7c
10002a82:	f7ff fa44 	bl	10001f0e <__wrap___aeabi_dsub>
10002a86:	4b85      	ldr	r3, [pc, #532]	@ (10002c9c <_ftoa+0x360>)
10002a88:	2200      	movs	r2, #0
10002a8a:	0006      	movs	r6, r0
10002a8c:	000f      	movs	r7, r1
10002a8e:	f7ff faa1 	bl	10001fd4 <__wrap___aeabi_dcmplt>
10002a92:	ab0c      	add	r3, sp, #48	@ 0x30
10002a94:	469a      	mov	sl, r3
10002a96:	2800      	cmp	r0, #0
10002a98:	d145      	bne.n	10002b26 <_ftoa+0x1ea>
10002a9a:	2200      	movs	r2, #0
10002a9c:	0030      	movs	r0, r6
10002a9e:	0039      	movs	r1, r7
10002aa0:	4b7e      	ldr	r3, [pc, #504]	@ (10002c9c <_ftoa+0x360>)
10002aa2:	f7ff faa5 	bl	10001ff0 <__wrap___aeabi_dcmpgt>
10002aa6:	2800      	cmp	r0, #0
10002aa8:	d13d      	bne.n	10002b26 <_ftoa+0x1ea>
10002aaa:	07eb      	lsls	r3, r5, #31
10002aac:	d53b      	bpl.n	10002b26 <_ftoa+0x1ea>
10002aae:	3501      	adds	r5, #1
10002ab0:	e039      	b.n	10002b26 <_ftoa+0x1ea>
10002ab2:	9b22      	ldr	r3, [sp, #136]	@ 0x88
10002ab4:	4642      	mov	r2, r8
10002ab6:	9304      	str	r3, [sp, #16]
10002ab8:	9b21      	ldr	r3, [sp, #132]	@ 0x84
10002aba:	4659      	mov	r1, fp
10002abc:	9303      	str	r3, [sp, #12]
10002abe:	980a      	ldr	r0, [sp, #40]	@ 0x28
10002ac0:	9b1e      	ldr	r3, [sp, #120]	@ 0x78
10002ac2:	9c1f      	ldr	r4, [sp, #124]	@ 0x7c
10002ac4:	9502      	str	r5, [sp, #8]
10002ac6:	9300      	str	r3, [sp, #0]
10002ac8:	9401      	str	r4, [sp, #4]
10002aca:	464b      	mov	r3, r9
10002acc:	f7ff fd0c 	bl	100024e8 <_etoa>
10002ad0:	b015      	add	sp, #84	@ 0x54
10002ad2:	bcf0      	pop	{r4, r5, r6, r7}
10002ad4:	46bb      	mov	fp, r7
10002ad6:	46b2      	mov	sl, r6
10002ad8:	46a9      	mov	r9, r5
10002ada:	46a0      	mov	r8, r4
10002adc:	bdf0      	pop	{r4, r5, r6, r7, pc}
10002ade:	9b22      	ldr	r3, [sp, #136]	@ 0x88
10002ae0:	075b      	lsls	r3, r3, #29
10002ae2:	d467      	bmi.n	10002bb4 <_ftoa+0x278>
10002ae4:	2203      	movs	r2, #3
10002ae6:	4b6e      	ldr	r3, [pc, #440]	@ (10002ca0 <_ftoa+0x364>)
10002ae8:	9922      	ldr	r1, [sp, #136]	@ 0x88
10002aea:	9201      	str	r2, [sp, #4]
10002aec:	9103      	str	r1, [sp, #12]
10002aee:	9921      	ldr	r1, [sp, #132]	@ 0x84
10002af0:	9102      	str	r1, [sp, #8]
10002af2:	9300      	str	r3, [sp, #0]
10002af4:	4642      	mov	r2, r8
10002af6:	464b      	mov	r3, r9
10002af8:	4659      	mov	r1, fp
10002afa:	980a      	ldr	r0, [sp, #40]	@ 0x28
10002afc:	f7ff fba2 	bl	10002244 <_out_rev>
10002b00:	e7e6      	b.n	10002ad0 <_ftoa+0x194>
10002b02:	aa06      	add	r2, sp, #24
10002b04:	4694      	mov	ip, r2
10002b06:	2317      	movs	r3, #23
10002b08:	0028      	movs	r0, r5
10002b0a:	4463      	add	r3, ip
10002b0c:	210a      	movs	r1, #10
10002b0e:	3401      	adds	r4, #1
10002b10:	191e      	adds	r6, r3, r4
10002b12:	f7fe ff99 	bl	10001a48 <__wrap___aeabi_idiv>
10002b16:	3130      	adds	r1, #48	@ 0x30
10002b18:	0028      	movs	r0, r5
10002b1a:	7031      	strb	r1, [r6, #0]
10002b1c:	210a      	movs	r1, #10
10002b1e:	f7fe ff93 	bl	10001a48 <__wrap___aeabi_idiv>
10002b22:	1e05      	subs	r5, r0, #0
10002b24:	d076      	beq.n	10002c14 <_ftoa+0x2d8>
10002b26:	2c20      	cmp	r4, #32
10002b28:	d1eb      	bne.n	10002b02 <_ftoa+0x1c6>
10002b2a:	2303      	movs	r3, #3
10002b2c:	9a22      	ldr	r2, [sp, #136]	@ 0x88
10002b2e:	4013      	ands	r3, r2
10002b30:	2b01      	cmp	r3, #1
10002b32:	d11d      	bne.n	10002b70 <_ftoa+0x234>
10002b34:	9b21      	ldr	r3, [sp, #132]	@ 0x84
10002b36:	2b00      	cmp	r3, #0
10002b38:	d01a      	beq.n	10002b70 <_ftoa+0x234>
10002b3a:	9b0b      	ldr	r3, [sp, #44]	@ 0x2c
10002b3c:	2b00      	cmp	r3, #0
10002b3e:	d000      	beq.n	10002b42 <_ftoa+0x206>
10002b40:	e0bb      	b.n	10002cba <_ftoa+0x37e>
10002b42:	9a22      	ldr	r2, [sp, #136]	@ 0x88
10002b44:	330c      	adds	r3, #12
10002b46:	4213      	tst	r3, r2
10002b48:	d000      	beq.n	10002b4c <_ftoa+0x210>
10002b4a:	e0b6      	b.n	10002cba <_ftoa+0x37e>
10002b4c:	9b21      	ldr	r3, [sp, #132]	@ 0x84
10002b4e:	42a3      	cmp	r3, r4
10002b50:	d800      	bhi.n	10002b54 <_ftoa+0x218>
10002b52:	e087      	b.n	10002c64 <_ftoa+0x328>
10002b54:	ab06      	add	r3, sp, #24
10002b56:	469c      	mov	ip, r3
10002b58:	2217      	movs	r2, #23
10002b5a:	2330      	movs	r3, #48	@ 0x30
10002b5c:	4462      	add	r2, ip
10002b5e:	e004      	b.n	10002b6a <_ftoa+0x22e>
10002b60:	9921      	ldr	r1, [sp, #132]	@ 0x84
10002b62:	3401      	adds	r4, #1
10002b64:	5513      	strb	r3, [r2, r4]
10002b66:	428c      	cmp	r4, r1
10002b68:	d059      	beq.n	10002c1e <_ftoa+0x2e2>
10002b6a:	2c20      	cmp	r4, #32
10002b6c:	d1f8      	bne.n	10002b60 <_ftoa+0x224>
10002b6e:	2420      	movs	r4, #32
10002b70:	9b22      	ldr	r3, [sp, #136]	@ 0x88
10002b72:	9401      	str	r4, [sp, #4]
10002b74:	9303      	str	r3, [sp, #12]
10002b76:	9b21      	ldr	r3, [sp, #132]	@ 0x84
10002b78:	9302      	str	r3, [sp, #8]
10002b7a:	4653      	mov	r3, sl
10002b7c:	e7b9      	b.n	10002af2 <_ftoa+0x1b6>
10002b7e:	aa06      	add	r2, sp, #24
10002b80:	4694      	mov	ip, r2
10002b82:	2317      	movs	r3, #23
10002b84:	210a      	movs	r1, #10
10002b86:	4463      	add	r3, ip
10002b88:	0030      	movs	r0, r6
10002b8a:	3401      	adds	r4, #1
10002b8c:	191d      	adds	r5, r3, r4
10002b8e:	f7fe ff83 	bl	10001a98 <__wrap___aeabi_uidiv>
10002b92:	3130      	adds	r1, #48	@ 0x30
10002b94:	7029      	strb	r1, [r5, #0]
10002b96:	0030      	movs	r0, r6
10002b98:	210a      	movs	r1, #10
10002b9a:	3f01      	subs	r7, #1
10002b9c:	f7fe ff7c 	bl	10001a98 <__wrap___aeabi_uidiv>
10002ba0:	2e09      	cmp	r6, #9
10002ba2:	d946      	bls.n	10002c32 <_ftoa+0x2f6>
10002ba4:	0006      	movs	r6, r0
10002ba6:	2c20      	cmp	r4, #32
10002ba8:	d1e9      	bne.n	10002b7e <_ftoa+0x242>
10002baa:	4655      	mov	r5, sl
10002bac:	ab0c      	add	r3, sp, #48	@ 0x30
10002bae:	2420      	movs	r4, #32
10002bb0:	469a      	mov	sl, r3
10002bb2:	e7b8      	b.n	10002b26 <_ftoa+0x1ea>
10002bb4:	2204      	movs	r2, #4
10002bb6:	4b3b      	ldr	r3, [pc, #236]	@ (10002ca4 <_ftoa+0x368>)
10002bb8:	e796      	b.n	10002ae8 <_ftoa+0x1ac>
10002bba:	9a1e      	ldr	r2, [sp, #120]	@ 0x78
10002bbc:	9b1f      	ldr	r3, [sp, #124]	@ 0x7c
10002bbe:	2000      	movs	r0, #0
10002bc0:	2100      	movs	r1, #0
10002bc2:	f7ff f9a4 	bl	10001f0e <__wrap___aeabi_dsub>
10002bc6:	2301      	movs	r3, #1
10002bc8:	930b      	str	r3, [sp, #44]	@ 0x2c
10002bca:	2380      	movs	r3, #128	@ 0x80
10002bcc:	9c22      	ldr	r4, [sp, #136]	@ 0x88
10002bce:	9a22      	ldr	r2, [sp, #136]	@ 0x88
10002bd0:	00db      	lsls	r3, r3, #3
10002bd2:	901e      	str	r0, [sp, #120]	@ 0x78
10002bd4:	911f      	str	r1, [sp, #124]	@ 0x7c
10002bd6:	401c      	ands	r4, r3
10002bd8:	421a      	tst	r2, r3
10002bda:	d000      	beq.n	10002bde <_ftoa+0x2a2>
10002bdc:	e6fc      	b.n	100029d8 <_ftoa+0x9c>
10002bde:	2200      	movs	r2, #0
10002be0:	4b31      	ldr	r3, [pc, #196]	@ (10002ca8 <_ftoa+0x36c>)
10002be2:	2706      	movs	r7, #6
10002be4:	9206      	str	r2, [sp, #24]
10002be6:	9307      	str	r3, [sp, #28]
10002be8:	e70d      	b.n	10002a06 <_ftoa+0xca>
10002bea:	9b22      	ldr	r3, [sp, #136]	@ 0x88
10002bec:	9303      	str	r3, [sp, #12]
10002bee:	9b21      	ldr	r3, [sp, #132]	@ 0x84
10002bf0:	9302      	str	r3, [sp, #8]
10002bf2:	2304      	movs	r3, #4
10002bf4:	9301      	str	r3, [sp, #4]
10002bf6:	4b2d      	ldr	r3, [pc, #180]	@ (10002cac <_ftoa+0x370>)
10002bf8:	e77b      	b.n	10002af2 <_ftoa+0x1b6>
10002bfa:	2200      	movs	r2, #0
10002bfc:	9808      	ldr	r0, [sp, #32]
10002bfe:	9909      	ldr	r1, [sp, #36]	@ 0x24
10002c00:	4b26      	ldr	r3, [pc, #152]	@ (10002c9c <_ftoa+0x360>)
10002c02:	f7ff f9e7 	bl	10001fd4 <__wrap___aeabi_dcmplt>
10002c06:	2800      	cmp	r0, #0
10002c08:	d000      	beq.n	10002c0c <_ftoa+0x2d0>
10002c0a:	e72f      	b.n	10002a6c <_ftoa+0x130>
10002c0c:	2e00      	cmp	r6, #0
10002c0e:	d14f      	bne.n	10002cb0 <_ftoa+0x374>
10002c10:	3601      	adds	r6, #1
10002c12:	e72b      	b.n	10002a6c <_ftoa+0x130>
10002c14:	2303      	movs	r3, #3
10002c16:	9a22      	ldr	r2, [sp, #136]	@ 0x88
10002c18:	4013      	ands	r3, r2
10002c1a:	2b01      	cmp	r3, #1
10002c1c:	d068      	beq.n	10002cf0 <_ftoa+0x3b4>
10002c1e:	2c20      	cmp	r4, #32
10002c20:	d0a6      	beq.n	10002b70 <_ftoa+0x234>
10002c22:	9b0b      	ldr	r3, [sp, #44]	@ 0x2c
10002c24:	2b00      	cmp	r3, #0
10002c26:	d01f      	beq.n	10002c68 <_ftoa+0x32c>
10002c28:	232d      	movs	r3, #45	@ 0x2d
10002c2a:	4652      	mov	r2, sl
10002c2c:	5513      	strb	r3, [r2, r4]
10002c2e:	3401      	adds	r4, #1
10002c30:	e79e      	b.n	10002b70 <_ftoa+0x234>
10002c32:	4655      	mov	r5, sl
10002c34:	2c20      	cmp	r4, #32
10002c36:	d0b9      	beq.n	10002bac <_ftoa+0x270>
10002c38:	2230      	movs	r2, #48	@ 0x30
10002c3a:	193b      	adds	r3, r7, r4
10002c3c:	2f00      	cmp	r7, #0
10002c3e:	d04b      	beq.n	10002cd8 <_ftoa+0x39c>
10002c40:	2017      	movs	r0, #23
10002c42:	a906      	add	r1, sp, #24
10002c44:	3401      	adds	r4, #1
10002c46:	1809      	adds	r1, r1, r0
10002c48:	550a      	strb	r2, [r1, r4]
10002c4a:	2c20      	cmp	r4, #32
10002c4c:	d0ae      	beq.n	10002bac <_ftoa+0x270>
10002c4e:	429c      	cmp	r4, r3
10002c50:	d1f6      	bne.n	10002c40 <_ftoa+0x304>
10002c52:	aa0c      	add	r2, sp, #48	@ 0x30
10002c54:	4692      	mov	sl, r2
10002c56:	222e      	movs	r2, #46	@ 0x2e
10002c58:	4651      	mov	r1, sl
10002c5a:	1c5c      	adds	r4, r3, #1
10002c5c:	54ca      	strb	r2, [r1, r3]
10002c5e:	e762      	b.n	10002b26 <_ftoa+0x1ea>
10002c60:	2420      	movs	r4, #32
10002c62:	e6cc      	b.n	100029fe <_ftoa+0xc2>
10002c64:	2c20      	cmp	r4, #32
10002c66:	d083      	beq.n	10002b70 <_ftoa+0x234>
10002c68:	9b22      	ldr	r3, [sp, #136]	@ 0x88
10002c6a:	075b      	lsls	r3, r3, #29
10002c6c:	d408      	bmi.n	10002c80 <_ftoa+0x344>
10002c6e:	9b22      	ldr	r3, [sp, #136]	@ 0x88
10002c70:	071b      	lsls	r3, r3, #28
10002c72:	d400      	bmi.n	10002c76 <_ftoa+0x33a>
10002c74:	e77c      	b.n	10002b70 <_ftoa+0x234>
10002c76:	2320      	movs	r3, #32
10002c78:	4652      	mov	r2, sl
10002c7a:	5513      	strb	r3, [r2, r4]
10002c7c:	3401      	adds	r4, #1
10002c7e:	e777      	b.n	10002b70 <_ftoa+0x234>
10002c80:	232b      	movs	r3, #43	@ 0x2b
10002c82:	4652      	mov	r2, sl
10002c84:	5513      	strb	r3, [r2, r4]
10002c86:	3401      	adds	r4, #1
10002c88:	e772      	b.n	10002b70 <_ftoa+0x234>
10002c8a:	46c0      	nop			@ (mov r8, r8)
10002c8c:	ffefffff 	.word	0xffefffff
10002c90:	7fefffff 	.word	0x7fefffff
10002c94:	41cdcd65 	.word	0x41cdcd65
10002c98:	c1cdcd65 	.word	0xc1cdcd65
10002c9c:	3fe00000 	.word	0x3fe00000
10002ca0:	10007cc8 	.word	0x10007cc8
10002ca4:	10007cc0 	.word	0x10007cc0
10002ca8:	412e8480 	.word	0x412e8480
10002cac:	10007cd0 	.word	0x10007cd0
10002cb0:	07f3      	lsls	r3, r6, #31
10002cb2:	d400      	bmi.n	10002cb6 <_ftoa+0x37a>
10002cb4:	e6da      	b.n	10002a6c <_ftoa+0x130>
10002cb6:	3601      	adds	r6, #1
10002cb8:	e6d8      	b.n	10002a6c <_ftoa+0x130>
10002cba:	9b21      	ldr	r3, [sp, #132]	@ 0x84
10002cbc:	3b01      	subs	r3, #1
10002cbe:	9321      	str	r3, [sp, #132]	@ 0x84
10002cc0:	42a3      	cmp	r3, r4
10002cc2:	d900      	bls.n	10002cc6 <_ftoa+0x38a>
10002cc4:	e746      	b.n	10002b54 <_ftoa+0x218>
10002cc6:	e7aa      	b.n	10002c1e <_ftoa+0x2e2>
10002cc8:	9b22      	ldr	r3, [sp, #136]	@ 0x88
10002cca:	9303      	str	r3, [sp, #12]
10002ccc:	9b21      	ldr	r3, [sp, #132]	@ 0x84
10002cce:	9302      	str	r3, [sp, #8]
10002cd0:	2303      	movs	r3, #3
10002cd2:	9301      	str	r3, [sp, #4]
10002cd4:	4b08      	ldr	r3, [pc, #32]	@ (10002cf8 <_ftoa+0x3bc>)
10002cd6:	e70c      	b.n	10002af2 <_ftoa+0x1b6>
10002cd8:	0023      	movs	r3, r4
10002cda:	e7ba      	b.n	10002c52 <_ftoa+0x316>
10002cdc:	4b07      	ldr	r3, [pc, #28]	@ (10002cfc <_ftoa+0x3c0>)
10002cde:	00ea      	lsls	r2, r5, #3
10002ce0:	189b      	adds	r3, r3, r2
10002ce2:	685c      	ldr	r4, [r3, #4]
10002ce4:	681b      	ldr	r3, [r3, #0]
10002ce6:	002f      	movs	r7, r5
10002ce8:	9306      	str	r3, [sp, #24]
10002cea:	9407      	str	r4, [sp, #28]
10002cec:	2400      	movs	r4, #0
10002cee:	e68a      	b.n	10002a06 <_ftoa+0xca>
10002cf0:	9b21      	ldr	r3, [sp, #132]	@ 0x84
10002cf2:	2b00      	cmp	r3, #0
10002cf4:	d093      	beq.n	10002c1e <_ftoa+0x2e2>
10002cf6:	e720      	b.n	10002b3a <_ftoa+0x1fe>
10002cf8:	10007ccc 	.word	0x10007ccc
10002cfc:	10007e78 	.word	0x10007e78

10002d00 <_vsnprintf>:
10002d00:	b5f0      	push	{r4, r5, r6, r7, lr}
10002d02:	46de      	mov	lr, fp
10002d04:	4657      	mov	r7, sl
10002d06:	464e      	mov	r6, r9
10002d08:	4645      	mov	r5, r8
10002d0a:	b5e0      	push	{r5, r6, r7, lr}
10002d0c:	b09f      	sub	sp, #124	@ 0x7c
10002d0e:	001c      	movs	r4, r3
10002d10:	9b28      	ldr	r3, [sp, #160]	@ 0xa0
10002d12:	4693      	mov	fp, r2
10002d14:	930a      	str	r3, [sp, #40]	@ 0x28
10002d16:	4acc      	ldr	r2, [pc, #816]	@ (10003048 <_vsnprintf+0x348>)
10002d18:	4bcc      	ldr	r3, [pc, #816]	@ (1000304c <_vsnprintf+0x34c>)
10002d1a:	468a      	mov	sl, r1
10002d1c:	9009      	str	r0, [sp, #36]	@ 0x24
10002d1e:	601a      	str	r2, [r3, #0]
10002d20:	2900      	cmp	r1, #0
10002d22:	d100      	bne.n	10002d26 <_vsnprintf+0x26>
10002d24:	e14d      	b.n	10002fc2 <_vsnprintf+0x2c2>
10002d26:	2300      	movs	r3, #0
10002d28:	7820      	ldrb	r0, [r4, #0]
10002d2a:	4699      	mov	r9, r3
10002d2c:	2800      	cmp	r0, #0
10002d2e:	d100      	bne.n	10002d32 <_vsnprintf+0x32>
10002d30:	e14f      	b.n	10002fd2 <_vsnprintf+0x2d2>
10002d32:	4bc7      	ldr	r3, [pc, #796]	@ (10003050 <_vsnprintf+0x350>)
10002d34:	464d      	mov	r5, r9
10002d36:	9308      	str	r3, [sp, #32]
10002d38:	4bc6      	ldr	r3, [pc, #792]	@ (10003054 <_vsnprintf+0x354>)
10002d3a:	930d      	str	r3, [sp, #52]	@ 0x34
10002d3c:	e00a      	b.n	10002d54 <_vsnprintf+0x54>
10002d3e:	002a      	movs	r2, r5
10002d40:	1c6e      	adds	r6, r5, #1
10002d42:	465b      	mov	r3, fp
10002d44:	9d09      	ldr	r5, [sp, #36]	@ 0x24
10002d46:	4651      	mov	r1, sl
10002d48:	47a8      	blx	r5
10002d4a:	0035      	movs	r5, r6
10002d4c:	3401      	adds	r4, #1
10002d4e:	7820      	ldrb	r0, [r4, #0]
10002d50:	2800      	cmp	r0, #0
10002d52:	d072      	beq.n	10002e3a <_vsnprintf+0x13a>
10002d54:	2825      	cmp	r0, #37	@ 0x25
10002d56:	d1f2      	bne.n	10002d3e <_vsnprintf+0x3e>
10002d58:	2310      	movs	r3, #16
10002d5a:	4699      	mov	r9, r3
10002d5c:	3b08      	subs	r3, #8
10002d5e:	4698      	mov	r8, r3
10002d60:	3b04      	subs	r3, #4
10002d62:	2100      	movs	r1, #0
10002d64:	469c      	mov	ip, r3
10002d66:	2702      	movs	r7, #2
10002d68:	3401      	adds	r4, #1
10002d6a:	7820      	ldrb	r0, [r4, #0]
10002d6c:	0026      	movs	r6, r4
10002d6e:	0003      	movs	r3, r0
10002d70:	3b20      	subs	r3, #32
10002d72:	b2db      	uxtb	r3, r3
10002d74:	2b10      	cmp	r3, #16
10002d76:	d803      	bhi.n	10002d80 <_vsnprintf+0x80>
10002d78:	9a08      	ldr	r2, [sp, #32]
10002d7a:	009b      	lsls	r3, r3, #2
10002d7c:	58d3      	ldr	r3, [r2, r3]
10002d7e:	469f      	mov	pc, r3
10002d80:	0003      	movs	r3, r0
10002d82:	3b30      	subs	r3, #48	@ 0x30
10002d84:	2b09      	cmp	r3, #9
10002d86:	d96e      	bls.n	10002e66 <_vsnprintf+0x166>
10002d88:	2700      	movs	r7, #0
10002d8a:	282a      	cmp	r0, #42	@ 0x2a
10002d8c:	d100      	bne.n	10002d90 <_vsnprintf+0x90>
10002d8e:	e08a      	b.n	10002ea6 <_vsnprintf+0x1a6>
10002d90:	2300      	movs	r3, #0
10002d92:	930b      	str	r3, [sp, #44]	@ 0x2c
10002d94:	282e      	cmp	r0, #46	@ 0x2e
10002d96:	d100      	bne.n	10002d9a <_vsnprintf+0x9a>
10002d98:	e076      	b.n	10002e88 <_vsnprintf+0x188>
10002d9a:	0003      	movs	r3, r0
10002d9c:	3b68      	subs	r3, #104	@ 0x68
10002d9e:	b2db      	uxtb	r3, r3
10002da0:	2b12      	cmp	r3, #18
10002da2:	d81b      	bhi.n	10002ddc <_vsnprintf+0xdc>
10002da4:	4cac      	ldr	r4, [pc, #688]	@ (10003058 <_vsnprintf+0x358>)
10002da6:	009b      	lsls	r3, r3, #2
10002da8:	58e3      	ldr	r3, [r4, r3]
10002daa:	469f      	mov	pc, r3
10002dac:	2301      	movs	r3, #1
10002dae:	3401      	adds	r4, #1
10002db0:	4319      	orrs	r1, r3
10002db2:	e7da      	b.n	10002d6a <_vsnprintf+0x6a>
10002db4:	4339      	orrs	r1, r7
10002db6:	3401      	adds	r4, #1
10002db8:	e7d7      	b.n	10002d6a <_vsnprintf+0x6a>
10002dba:	4663      	mov	r3, ip
10002dbc:	3401      	adds	r4, #1
10002dbe:	4319      	orrs	r1, r3
10002dc0:	e7d3      	b.n	10002d6a <_vsnprintf+0x6a>
10002dc2:	464b      	mov	r3, r9
10002dc4:	3401      	adds	r4, #1
10002dc6:	4319      	orrs	r1, r3
10002dc8:	e7cf      	b.n	10002d6a <_vsnprintf+0x6a>
10002dca:	4643      	mov	r3, r8
10002dcc:	3401      	adds	r4, #1
10002dce:	4319      	orrs	r1, r3
10002dd0:	e7cb      	b.n	10002d6a <_vsnprintf+0x6a>
10002dd2:	2380      	movs	r3, #128	@ 0x80
10002dd4:	005b      	lsls	r3, r3, #1
10002dd6:	7870      	ldrb	r0, [r6, #1]
10002dd8:	4319      	orrs	r1, r3
10002dda:	3601      	adds	r6, #1
10002ddc:	2867      	cmp	r0, #103	@ 0x67
10002dde:	d80a      	bhi.n	10002df6 <_vsnprintf+0xf6>
10002de0:	2824      	cmp	r0, #36	@ 0x24
10002de2:	d91f      	bls.n	10002e24 <_vsnprintf+0x124>
10002de4:	0003      	movs	r3, r0
10002de6:	3b25      	subs	r3, #37	@ 0x25
10002de8:	b2db      	uxtb	r3, r3
10002dea:	2b42      	cmp	r3, #66	@ 0x42
10002dec:	d81a      	bhi.n	10002e24 <_vsnprintf+0x124>
10002dee:	9a0d      	ldr	r2, [sp, #52]	@ 0x34
10002df0:	009b      	lsls	r3, r3, #2
10002df2:	58d3      	ldr	r3, [r2, r3]
10002df4:	469f      	mov	pc, r3
10002df6:	0003      	movs	r3, r0
10002df8:	3b69      	subs	r3, #105	@ 0x69
10002dfa:	b2db      	uxtb	r3, r3
10002dfc:	2b0f      	cmp	r3, #15
10002dfe:	d811      	bhi.n	10002e24 <_vsnprintf+0x124>
10002e00:	2401      	movs	r4, #1
10002e02:	409c      	lsls	r4, r3
10002e04:	4a95      	ldr	r2, [pc, #596]	@ (1000305c <_vsnprintf+0x35c>)
10002e06:	46a4      	mov	ip, r4
10002e08:	4690      	mov	r8, r2
10002e0a:	4014      	ands	r4, r2
10002e0c:	940c      	str	r4, [sp, #48]	@ 0x30
10002e0e:	4662      	mov	r2, ip
10002e10:	4644      	mov	r4, r8
10002e12:	4222      	tst	r2, r4
10002e14:	d000      	beq.n	10002e18 <_vsnprintf+0x118>
10002e16:	e225      	b.n	10003264 <_vsnprintf+0x564>
10002e18:	2b0a      	cmp	r3, #10
10002e1a:	d100      	bne.n	10002e1e <_vsnprintf+0x11e>
10002e1c:	e101      	b.n	10003022 <_vsnprintf+0x322>
10002e1e:	2b07      	cmp	r3, #7
10002e20:	d100      	bne.n	10002e24 <_vsnprintf+0x124>
10002e22:	e0d8      	b.n	10002fd6 <_vsnprintf+0x2d6>
10002e24:	9c09      	ldr	r4, [sp, #36]	@ 0x24
10002e26:	002a      	movs	r2, r5
10002e28:	465b      	mov	r3, fp
10002e2a:	4651      	mov	r1, sl
10002e2c:	47a0      	blx	r4
10002e2e:	7870      	ldrb	r0, [r6, #1]
10002e30:	1c6f      	adds	r7, r5, #1
10002e32:	1c74      	adds	r4, r6, #1
10002e34:	003d      	movs	r5, r7
10002e36:	2800      	cmp	r0, #0
10002e38:	d18c      	bne.n	10002d54 <_vsnprintf+0x54>
10002e3a:	46a9      	mov	r9, r5
10002e3c:	002c      	movs	r4, r5
10002e3e:	45cb      	cmp	fp, r9
10002e40:	d803      	bhi.n	10002e4a <_vsnprintf+0x14a>
10002e42:	2301      	movs	r3, #1
10002e44:	425b      	negs	r3, r3
10002e46:	445b      	add	r3, fp
10002e48:	4699      	mov	r9, r3
10002e4a:	465b      	mov	r3, fp
10002e4c:	464a      	mov	r2, r9
10002e4e:	4651      	mov	r1, sl
10002e50:	2000      	movs	r0, #0
10002e52:	9d09      	ldr	r5, [sp, #36]	@ 0x24
10002e54:	47a8      	blx	r5
10002e56:	0020      	movs	r0, r4
10002e58:	b01f      	add	sp, #124	@ 0x7c
10002e5a:	bcf0      	pop	{r4, r5, r6, r7}
10002e5c:	46bb      	mov	fp, r7
10002e5e:	46b2      	mov	sl, r6
10002e60:	46a9      	mov	r9, r5
10002e62:	46a0      	mov	r8, r4
10002e64:	bdf0      	pop	{r4, r5, r6, r7, pc}
10002e66:	2700      	movs	r7, #0
10002e68:	00bb      	lsls	r3, r7, #2
10002e6a:	19df      	adds	r7, r3, r7
10002e6c:	3601      	adds	r6, #1
10002e6e:	007f      	lsls	r7, r7, #1
10002e70:	183f      	adds	r7, r7, r0
10002e72:	7830      	ldrb	r0, [r6, #0]
10002e74:	3f30      	subs	r7, #48	@ 0x30
10002e76:	0003      	movs	r3, r0
10002e78:	3b30      	subs	r3, #48	@ 0x30
10002e7a:	2b09      	cmp	r3, #9
10002e7c:	d9f4      	bls.n	10002e68 <_vsnprintf+0x168>
10002e7e:	2300      	movs	r3, #0
10002e80:	930b      	str	r3, [sp, #44]	@ 0x2c
10002e82:	282e      	cmp	r0, #46	@ 0x2e
10002e84:	d000      	beq.n	10002e88 <_vsnprintf+0x188>
10002e86:	e788      	b.n	10002d9a <_vsnprintf+0x9a>
10002e88:	2380      	movs	r3, #128	@ 0x80
10002e8a:	7870      	ldrb	r0, [r6, #1]
10002e8c:	00db      	lsls	r3, r3, #3
10002e8e:	4319      	orrs	r1, r3
10002e90:	0003      	movs	r3, r0
10002e92:	3b30      	subs	r3, #48	@ 0x30
10002e94:	1c74      	adds	r4, r6, #1
10002e96:	2b09      	cmp	r3, #9
10002e98:	d800      	bhi.n	10002e9c <_vsnprintf+0x19c>
10002e9a:	e12c      	b.n	100030f6 <_vsnprintf+0x3f6>
10002e9c:	282a      	cmp	r0, #42	@ 0x2a
10002e9e:	d100      	bne.n	10002ea2 <_vsnprintf+0x1a2>
10002ea0:	e138      	b.n	10003114 <_vsnprintf+0x414>
10002ea2:	0026      	movs	r6, r4
10002ea4:	e779      	b.n	10002d9a <_vsnprintf+0x9a>
10002ea6:	9b0a      	ldr	r3, [sp, #40]	@ 0x28
10002ea8:	cb80      	ldmia	r3!, {r7}
10002eaa:	2f00      	cmp	r7, #0
10002eac:	db03      	blt.n	10002eb6 <_vsnprintf+0x1b6>
10002eae:	7860      	ldrb	r0, [r4, #1]
10002eb0:	930a      	str	r3, [sp, #40]	@ 0x28
10002eb2:	1c66      	adds	r6, r4, #1
10002eb4:	e76c      	b.n	10002d90 <_vsnprintf+0x90>
10002eb6:	2202      	movs	r2, #2
10002eb8:	7860      	ldrb	r0, [r4, #1]
10002eba:	4311      	orrs	r1, r2
10002ebc:	427f      	negs	r7, r7
10002ebe:	930a      	str	r3, [sp, #40]	@ 0x28
10002ec0:	1c66      	adds	r6, r4, #1
10002ec2:	e765      	b.n	10002d90 <_vsnprintf+0x90>
10002ec4:	2867      	cmp	r0, #103	@ 0x67
10002ec6:	d100      	bne.n	10002eca <_vsnprintf+0x1ca>
10002ec8:	e1c8      	b.n	1000325c <_vsnprintf+0x55c>
10002eca:	2847      	cmp	r0, #71	@ 0x47
10002ecc:	d100      	bne.n	10002ed0 <_vsnprintf+0x1d0>
10002ece:	e204      	b.n	100032da <_vsnprintf+0x5da>
10002ed0:	2845      	cmp	r0, #69	@ 0x45
10002ed2:	d100      	bne.n	10002ed6 <_vsnprintf+0x1d6>
10002ed4:	e204      	b.n	100032e0 <_vsnprintf+0x5e0>
10002ed6:	2007      	movs	r0, #7
10002ed8:	9b0a      	ldr	r3, [sp, #40]	@ 0x28
10002eda:	9104      	str	r1, [sp, #16]
10002edc:	3307      	adds	r3, #7
10002ede:	4383      	bics	r3, r0
10002ee0:	0019      	movs	r1, r3
10002ee2:	9a0b      	ldr	r2, [sp, #44]	@ 0x2c
10002ee4:	9703      	str	r7, [sp, #12]
10002ee6:	9202      	str	r2, [sp, #8]
10002ee8:	c90c      	ldmia	r1!, {r2, r3}
10002eea:	9809      	ldr	r0, [sp, #36]	@ 0x24
10002eec:	9200      	str	r2, [sp, #0]
10002eee:	9301      	str	r3, [sp, #4]
10002ef0:	910a      	str	r1, [sp, #40]	@ 0x28
10002ef2:	002a      	movs	r2, r5
10002ef4:	465b      	mov	r3, fp
10002ef6:	4651      	mov	r1, sl
10002ef8:	f7ff faf6 	bl	100024e8 <_etoa>
10002efc:	1c74      	adds	r4, r6, #1
10002efe:	0005      	movs	r5, r0
10002f00:	e725      	b.n	10002d4e <_vsnprintf+0x4e>
10002f02:	7870      	ldrb	r0, [r6, #1]
10002f04:	286c      	cmp	r0, #108	@ 0x6c
10002f06:	d100      	bne.n	10002f0a <_vsnprintf+0x20a>
10002f08:	e20d      	b.n	10003326 <_vsnprintf+0x626>
10002f0a:	2380      	movs	r3, #128	@ 0x80
10002f0c:	005b      	lsls	r3, r3, #1
10002f0e:	4319      	orrs	r1, r3
10002f10:	3601      	adds	r6, #1
10002f12:	e763      	b.n	10002ddc <_vsnprintf+0xdc>
10002f14:	2380      	movs	r3, #128	@ 0x80
10002f16:	009b      	lsls	r3, r3, #2
10002f18:	7870      	ldrb	r0, [r6, #1]
10002f1a:	4319      	orrs	r1, r3
10002f1c:	3601      	adds	r6, #1
10002f1e:	e75d      	b.n	10002ddc <_vsnprintf+0xdc>
10002f20:	7870      	ldrb	r0, [r6, #1]
10002f22:	2868      	cmp	r0, #104	@ 0x68
10002f24:	d100      	bne.n	10002f28 <_vsnprintf+0x228>
10002f26:	e1f9      	b.n	1000331c <_vsnprintf+0x61c>
10002f28:	2380      	movs	r3, #128	@ 0x80
10002f2a:	3601      	adds	r6, #1
10002f2c:	4319      	orrs	r1, r3
10002f2e:	e755      	b.n	10002ddc <_vsnprintf+0xdc>
10002f30:	2846      	cmp	r0, #70	@ 0x46
10002f32:	d100      	bne.n	10002f36 <_vsnprintf+0x236>
10002f34:	e18f      	b.n	10003256 <_vsnprintf+0x556>
10002f36:	2007      	movs	r0, #7
10002f38:	9b0a      	ldr	r3, [sp, #40]	@ 0x28
10002f3a:	9104      	str	r1, [sp, #16]
10002f3c:	3307      	adds	r3, #7
10002f3e:	4383      	bics	r3, r0
10002f40:	0019      	movs	r1, r3
10002f42:	9a0b      	ldr	r2, [sp, #44]	@ 0x2c
10002f44:	9703      	str	r7, [sp, #12]
10002f46:	9202      	str	r2, [sp, #8]
10002f48:	c90c      	ldmia	r1!, {r2, r3}
10002f4a:	9809      	ldr	r0, [sp, #36]	@ 0x24
10002f4c:	9200      	str	r2, [sp, #0]
10002f4e:	9301      	str	r3, [sp, #4]
10002f50:	910a      	str	r1, [sp, #40]	@ 0x28
10002f52:	002a      	movs	r2, r5
10002f54:	465b      	mov	r3, fp
10002f56:	4651      	mov	r1, sl
10002f58:	f7ff fcf0 	bl	1000293c <_ftoa>
10002f5c:	1c74      	adds	r4, r6, #1
10002f5e:	0005      	movs	r5, r0
10002f60:	e6f5      	b.n	10002d4e <_vsnprintf+0x4e>
10002f62:	002a      	movs	r2, r5
10002f64:	9c09      	ldr	r4, [sp, #36]	@ 0x24
10002f66:	465b      	mov	r3, fp
10002f68:	4651      	mov	r1, sl
10002f6a:	2025      	movs	r0, #37	@ 0x25
10002f6c:	1c6f      	adds	r7, r5, #1
10002f6e:	47a0      	blx	r4
10002f70:	003d      	movs	r5, r7
10002f72:	1c74      	adds	r4, r6, #1
10002f74:	e6eb      	b.n	10002d4e <_vsnprintf+0x4e>
10002f76:	0789      	lsls	r1, r1, #30
10002f78:	d400      	bmi.n	10002f7c <_vsnprintf+0x27c>
10002f7a:	e1de      	b.n	1000333a <_vsnprintf+0x63a>
10002f7c:	9b0a      	ldr	r3, [sp, #40]	@ 0x28
10002f7e:	002a      	movs	r2, r5
10002f80:	4698      	mov	r8, r3
10002f82:	1c6b      	adds	r3, r5, #1
10002f84:	4699      	mov	r9, r3
10002f86:	4643      	mov	r3, r8
10002f88:	cb01      	ldmia	r3!, {r0}
10002f8a:	4651      	mov	r1, sl
10002f8c:	4698      	mov	r8, r3
10002f8e:	9c09      	ldr	r4, [sp, #36]	@ 0x24
10002f90:	465b      	mov	r3, fp
10002f92:	b2c0      	uxtb	r0, r0
10002f94:	47a0      	blx	r4
10002f96:	19ed      	adds	r5, r5, r7
10002f98:	2f01      	cmp	r7, #1
10002f9a:	d800      	bhi.n	10002f9e <_vsnprintf+0x29e>
10002f9c:	e293      	b.n	100034c6 <_vsnprintf+0x7c6>
10002f9e:	464c      	mov	r4, r9
10002fa0:	46b1      	mov	r9, r6
10002fa2:	4656      	mov	r6, sl
10002fa4:	9f09      	ldr	r7, [sp, #36]	@ 0x24
10002fa6:	0022      	movs	r2, r4
10002fa8:	465b      	mov	r3, fp
10002faa:	3401      	adds	r4, #1
10002fac:	0031      	movs	r1, r6
10002fae:	2020      	movs	r0, #32
10002fb0:	47b8      	blx	r7
10002fb2:	42ac      	cmp	r4, r5
10002fb4:	d1f7      	bne.n	10002fa6 <_vsnprintf+0x2a6>
10002fb6:	46b2      	mov	sl, r6
10002fb8:	4643      	mov	r3, r8
10002fba:	464e      	mov	r6, r9
10002fbc:	930a      	str	r3, [sp, #40]	@ 0x28
10002fbe:	1c74      	adds	r4, r6, #1
10002fc0:	e6c5      	b.n	10002d4e <_vsnprintf+0x4e>
10002fc2:	4b27      	ldr	r3, [pc, #156]	@ (10003060 <_vsnprintf+0x360>)
10002fc4:	7820      	ldrb	r0, [r4, #0]
10002fc6:	9309      	str	r3, [sp, #36]	@ 0x24
10002fc8:	2300      	movs	r3, #0
10002fca:	4699      	mov	r9, r3
10002fcc:	2800      	cmp	r0, #0
10002fce:	d000      	beq.n	10002fd2 <_vsnprintf+0x2d2>
10002fd0:	e6af      	b.n	10002d32 <_vsnprintf+0x32>
10002fd2:	2400      	movs	r4, #0
10002fd4:	e733      	b.n	10002e3e <_vsnprintf+0x13e>
10002fd6:	9b0a      	ldr	r3, [sp, #40]	@ 0x28
10002fd8:	001a      	movs	r2, r3
10002fda:	ca08      	ldmia	r2!, {r3}
10002fdc:	4690      	mov	r8, r2
10002fde:	2b00      	cmp	r3, #0
10002fe0:	d100      	bne.n	10002fe4 <_vsnprintf+0x2e4>
10002fe2:	e0a7      	b.n	10003134 <_vsnprintf+0x434>
10002fe4:	2021      	movs	r0, #33	@ 0x21
10002fe6:	4308      	orrs	r0, r1
10002fe8:	a90e      	add	r1, sp, #56	@ 0x38
10002fea:	468c      	mov	ip, r1
10002fec:	221f      	movs	r2, #31
10002fee:	4462      	add	r2, ip
10002ff0:	270f      	movs	r7, #15
10002ff2:	46ac      	mov	ip, r5
10002ff4:	4681      	mov	r9, r0
10002ff6:	0015      	movs	r5, r2
10002ff8:	9c0c      	ldr	r4, [sp, #48]	@ 0x30
10002ffa:	e002      	b.n	10003002 <_vsnprintf+0x302>
10002ffc:	2c20      	cmp	r4, #32
10002ffe:	d00c      	beq.n	1000301a <_vsnprintf+0x31a>
10003000:	0013      	movs	r3, r2
10003002:	0038      	movs	r0, r7
10003004:	4018      	ands	r0, r3
10003006:	0001      	movs	r1, r0
10003008:	3137      	adds	r1, #55	@ 0x37
1000300a:	2809      	cmp	r0, #9
1000300c:	d800      	bhi.n	10003010 <_vsnprintf+0x310>
1000300e:	3907      	subs	r1, #7
10003010:	3401      	adds	r4, #1
10003012:	5529      	strb	r1, [r5, r4]
10003014:	091a      	lsrs	r2, r3, #4
10003016:	2b0f      	cmp	r3, #15
10003018:	d8f0      	bhi.n	10002ffc <_vsnprintf+0x2fc>
1000301a:	4665      	mov	r5, ip
1000301c:	4648      	mov	r0, r9
1000301e:	940c      	str	r4, [sp, #48]	@ 0x30
10003020:	e094      	b.n	1000314c <_vsnprintf+0x44c>
10003022:	9b0a      	ldr	r3, [sp, #40]	@ 0x28
10003024:	001a      	movs	r2, r3
10003026:	ca08      	ldmia	r2!, {r3}
10003028:	9212      	str	r2, [sp, #72]	@ 0x48
1000302a:	9a0b      	ldr	r2, [sp, #44]	@ 0x2c
1000302c:	2a00      	cmp	r2, #0
1000302e:	d17b      	bne.n	10003128 <_vsnprintf+0x428>
10003030:	2402      	movs	r4, #2
10003032:	781a      	ldrb	r2, [r3, #0]
10003034:	4264      	negs	r4, r4
10003036:	2a00      	cmp	r2, #0
10003038:	d01d      	beq.n	10003076 <_vsnprintf+0x376>
1000303a:	3401      	adds	r4, #1
1000303c:	1918      	adds	r0, r3, r4
1000303e:	469c      	mov	ip, r3
10003040:	001c      	movs	r4, r3
10003042:	0003      	movs	r3, r0
10003044:	e010      	b.n	10003068 <_vsnprintf+0x368>
10003046:	46c0      	nop			@ (mov r8, r8)
10003048:	10002d01 	.word	0x10002d01
1000304c:	2000128c 	.word	0x2000128c
10003050:	10007cd8 	.word	0x10007cd8
10003054:	10007d68 	.word	0x10007d68
10003058:	10007d1c 	.word	0x10007d1c
1000305c:	00009041 	.word	0x00009041
10003060:	10002241 	.word	0x10002241
10003064:	429c      	cmp	r4, r3
10003066:	d003      	beq.n	10003070 <_vsnprintf+0x370>
10003068:	7860      	ldrb	r0, [r4, #1]
1000306a:	3401      	adds	r4, #1
1000306c:	2800      	cmp	r0, #0
1000306e:	d1f9      	bne.n	10003064 <_vsnprintf+0x364>
10003070:	4663      	mov	r3, ip
10003072:	1ae0      	subs	r0, r4, r3
10003074:	900c      	str	r0, [sp, #48]	@ 0x30
10003076:	2080      	movs	r0, #128	@ 0x80
10003078:	00c0      	lsls	r0, r0, #3
1000307a:	4684      	mov	ip, r0
1000307c:	4008      	ands	r0, r1
1000307e:	4680      	mov	r8, r0
10003080:	4660      	mov	r0, ip
10003082:	4201      	tst	r1, r0
10003084:	d004      	beq.n	10003090 <_vsnprintf+0x390>
10003086:	980b      	ldr	r0, [sp, #44]	@ 0x2c
10003088:	9c0c      	ldr	r4, [sp, #48]	@ 0x30
1000308a:	4284      	cmp	r4, r0
1000308c:	d900      	bls.n	10003090 <_vsnprintf+0x390>
1000308e:	900c      	str	r0, [sp, #48]	@ 0x30
10003090:	2002      	movs	r0, #2
10003092:	4684      	mov	ip, r0
10003094:	4008      	ands	r0, r1
10003096:	900a      	str	r0, [sp, #40]	@ 0x28
10003098:	4660      	mov	r0, ip
1000309a:	4208      	tst	r0, r1
1000309c:	d100      	bne.n	100030a0 <_vsnprintf+0x3a0>
1000309e:	e189      	b.n	100033b4 <_vsnprintf+0x6b4>
100030a0:	1e10      	subs	r0, r2, #0
100030a2:	d100      	bne.n	100030a6 <_vsnprintf+0x3a6>
100030a4:	e170      	b.n	10003388 <_vsnprintf+0x688>
100030a6:	4642      	mov	r2, r8
100030a8:	2a00      	cmp	r2, #0
100030aa:	d100      	bne.n	100030ae <_vsnprintf+0x3ae>
100030ac:	e11b      	b.n	100032e6 <_vsnprintf+0x5e6>
100030ae:	9a0b      	ldr	r2, [sp, #44]	@ 0x2c
100030b0:	1b5b      	subs	r3, r3, r5
100030b2:	4690      	mov	r8, r2
100030b4:	44a8      	add	r8, r5
100030b6:	4644      	mov	r4, r8
100030b8:	002a      	movs	r2, r5
100030ba:	46b8      	mov	r8, r7
100030bc:	4699      	mov	r9, r3
100030be:	4657      	mov	r7, sl
100030c0:	46b2      	mov	sl, r6
100030c2:	9e09      	ldr	r6, [sp, #36]	@ 0x24
100030c4:	e009      	b.n	100030da <_vsnprintf+0x3da>
100030c6:	465b      	mov	r3, fp
100030c8:	0039      	movs	r1, r7
100030ca:	1c55      	adds	r5, r2, #1
100030cc:	47b0      	blx	r6
100030ce:	464b      	mov	r3, r9
100030d0:	5d58      	ldrb	r0, [r3, r5]
100030d2:	2800      	cmp	r0, #0
100030d4:	d100      	bne.n	100030d8 <_vsnprintf+0x3d8>
100030d6:	e12c      	b.n	10003332 <_vsnprintf+0x632>
100030d8:	002a      	movs	r2, r5
100030da:	4294      	cmp	r4, r2
100030dc:	d1f3      	bne.n	100030c6 <_vsnprintf+0x3c6>
100030de:	4656      	mov	r6, sl
100030e0:	0025      	movs	r5, r4
100030e2:	46ba      	mov	sl, r7
100030e4:	4647      	mov	r7, r8
100030e6:	9b0a      	ldr	r3, [sp, #40]	@ 0x28
100030e8:	2b00      	cmp	r3, #0
100030ea:	d000      	beq.n	100030ee <_vsnprintf+0x3ee>
100030ec:	e14c      	b.n	10003388 <_vsnprintf+0x688>
100030ee:	9b12      	ldr	r3, [sp, #72]	@ 0x48
100030f0:	1c74      	adds	r4, r6, #1
100030f2:	930a      	str	r3, [sp, #40]	@ 0x28
100030f4:	e62b      	b.n	10002d4e <_vsnprintf+0x4e>
100030f6:	2200      	movs	r2, #0
100030f8:	0093      	lsls	r3, r2, #2
100030fa:	189b      	adds	r3, r3, r2
100030fc:	005b      	lsls	r3, r3, #1
100030fe:	3401      	adds	r4, #1
10003100:	181a      	adds	r2, r3, r0
10003102:	7820      	ldrb	r0, [r4, #0]
10003104:	3a30      	subs	r2, #48	@ 0x30
10003106:	0003      	movs	r3, r0
10003108:	3b30      	subs	r3, #48	@ 0x30
1000310a:	2b09      	cmp	r3, #9
1000310c:	d9f4      	bls.n	100030f8 <_vsnprintf+0x3f8>
1000310e:	0026      	movs	r6, r4
10003110:	920b      	str	r2, [sp, #44]	@ 0x2c
10003112:	e642      	b.n	10002d9a <_vsnprintf+0x9a>
10003114:	9b0a      	ldr	r3, [sp, #40]	@ 0x28
10003116:	3602      	adds	r6, #2
10003118:	cb04      	ldmia	r3!, {r2}
1000311a:	43d0      	mvns	r0, r2
1000311c:	17c0      	asrs	r0, r0, #31
1000311e:	4002      	ands	r2, r0
10003120:	920b      	str	r2, [sp, #44]	@ 0x2c
10003122:	7830      	ldrb	r0, [r6, #0]
10003124:	930a      	str	r3, [sp, #40]	@ 0x28
10003126:	e638      	b.n	10002d9a <_vsnprintf+0x9a>
10003128:	781a      	ldrb	r2, [r3, #0]
1000312a:	2a00      	cmp	r2, #0
1000312c:	d0a3      	beq.n	10003076 <_vsnprintf+0x376>
1000312e:	980b      	ldr	r0, [sp, #44]	@ 0x2c
10003130:	1e44      	subs	r4, r0, #1
10003132:	e782      	b.n	1000303a <_vsnprintf+0x33a>
10003134:	2310      	movs	r3, #16
10003136:	0008      	movs	r0, r1
10003138:	2780      	movs	r7, #128	@ 0x80
1000313a:	4398      	bics	r0, r3
1000313c:	3311      	adds	r3, #17
1000313e:	4318      	orrs	r0, r3
10003140:	000b      	movs	r3, r1
10003142:	00ff      	lsls	r7, r7, #3
10003144:	403b      	ands	r3, r7
10003146:	4239      	tst	r1, r7
10003148:	d100      	bne.n	1000314c <_vsnprintf+0x44c>
1000314a:	e74d      	b.n	10002fe8 <_vsnprintf+0x2e8>
1000314c:	2308      	movs	r3, #8
1000314e:	9305      	str	r3, [sp, #20]
10003150:	9b0b      	ldr	r3, [sp, #44]	@ 0x2c
10003152:	002a      	movs	r2, r5
10003154:	9304      	str	r3, [sp, #16]
10003156:	2310      	movs	r3, #16
10003158:	9303      	str	r3, [sp, #12]
1000315a:	2300      	movs	r3, #0
1000315c:	9302      	str	r3, [sp, #8]
1000315e:	9b0c      	ldr	r3, [sp, #48]	@ 0x30
10003160:	9006      	str	r0, [sp, #24]
10003162:	9301      	str	r3, [sp, #4]
10003164:	ab16      	add	r3, sp, #88	@ 0x58
10003166:	9300      	str	r3, [sp, #0]
10003168:	4651      	mov	r1, sl
1000316a:	465b      	mov	r3, fp
1000316c:	9809      	ldr	r0, [sp, #36]	@ 0x24
1000316e:	f7ff f8b1 	bl	100022d4 <_ntoa_format>
10003172:	4643      	mov	r3, r8
10003174:	0005      	movs	r5, r0
10003176:	1c74      	adds	r4, r6, #1
10003178:	930a      	str	r3, [sp, #40]	@ 0x28
1000317a:	e5e8      	b.n	10002d4e <_vsnprintf+0x4e>
1000317c:	2862      	cmp	r0, #98	@ 0x62
1000317e:	d100      	bne.n	10003182 <_vsnprintf+0x482>
10003180:	e1a6      	b.n	100034d0 <_vsnprintf+0x7d0>
10003182:	2858      	cmp	r0, #88	@ 0x58
10003184:	d100      	bne.n	10003188 <_vsnprintf+0x488>
10003186:	e1b1      	b.n	100034ec <_vsnprintf+0x7ec>
10003188:	2380      	movs	r3, #128	@ 0x80
1000318a:	000a      	movs	r2, r1
1000318c:	00db      	lsls	r3, r3, #3
1000318e:	401a      	ands	r2, r3
10003190:	4690      	mov	r8, r2
10003192:	4219      	tst	r1, r3
10003194:	d100      	bne.n	10003198 <_vsnprintf+0x498>
10003196:	e189      	b.n	100034ac <_vsnprintf+0x7ac>
10003198:	2311      	movs	r3, #17
1000319a:	4399      	bics	r1, r3
1000319c:	468c      	mov	ip, r1
1000319e:	2380      	movs	r3, #128	@ 0x80
100031a0:	4662      	mov	r2, ip
100031a2:	009b      	lsls	r3, r3, #2
100031a4:	401a      	ands	r2, r3
100031a6:	0010      	movs	r0, r2
100031a8:	4662      	mov	r2, ip
100031aa:	421a      	tst	r2, r3
100031ac:	d000      	beq.n	100031b0 <_vsnprintf+0x4b0>
100031ae:	e123      	b.n	100033f8 <_vsnprintf+0x6f8>
100031b0:	2380      	movs	r3, #128	@ 0x80
100031b2:	4664      	mov	r4, ip
100031b4:	005b      	lsls	r3, r3, #1
100031b6:	401c      	ands	r4, r3
100031b8:	421a      	tst	r2, r3
100031ba:	d000      	beq.n	100031be <_vsnprintf+0x4be>
100031bc:	e232      	b.n	10003624 <_vsnprintf+0x924>
100031be:	4663      	mov	r3, ip
100031c0:	065b      	lsls	r3, r3, #25
100031c2:	d500      	bpl.n	100031c6 <_vsnprintf+0x4c6>
100031c4:	e16b      	b.n	1000349e <_vsnprintf+0x79e>
100031c6:	4663      	mov	r3, ip
100031c8:	990a      	ldr	r1, [sp, #40]	@ 0x28
100031ca:	061b      	lsls	r3, r3, #24
100031cc:	d400      	bmi.n	100031d0 <_vsnprintf+0x4d0>
100031ce:	e2db      	b.n	10003788 <_vsnprintf+0xa88>
100031d0:	c908      	ldmia	r1!, {r3}
100031d2:	b21b      	sxth	r3, r3
100031d4:	17da      	asrs	r2, r3, #31
100031d6:	1898      	adds	r0, r3, r2
100031d8:	4050      	eors	r0, r2
100031da:	b280      	uxth	r0, r0
100031dc:	910a      	str	r1, [sp, #40]	@ 0x28
100031de:	0fda      	lsrs	r2, r3, #31
100031e0:	920c      	str	r2, [sp, #48]	@ 0x30
100031e2:	2b00      	cmp	r3, #0
100031e4:	d100      	bne.n	100031e8 <_vsnprintf+0x4e8>
100031e6:	e218      	b.n	1000361a <_vsnprintf+0x91a>
100031e8:	4680      	mov	r8, r0
100031ea:	aa0e      	add	r2, sp, #56	@ 0x38
100031ec:	4691      	mov	r9, r2
100031ee:	231f      	movs	r3, #31
100031f0:	444b      	add	r3, r9
100031f2:	9513      	str	r5, [sp, #76]	@ 0x4c
100031f4:	46e1      	mov	r9, ip
100031f6:	4645      	mov	r5, r8
100031f8:	9712      	str	r7, [sp, #72]	@ 0x48
100031fa:	46b0      	mov	r8, r6
100031fc:	001e      	movs	r6, r3
100031fe:	e001      	b.n	10003204 <_vsnprintf+0x504>
10003200:	2c20      	cmp	r4, #32
10003202:	d00f      	beq.n	10003224 <_vsnprintf+0x524>
10003204:	0028      	movs	r0, r5
10003206:	210a      	movs	r1, #10
10003208:	f7fe fc46 	bl	10001a98 <__wrap___aeabi_uidiv>
1000320c:	3401      	adds	r4, #1
1000320e:	1937      	adds	r7, r6, r4
10003210:	3130      	adds	r1, #48	@ 0x30
10003212:	7039      	strb	r1, [r7, #0]
10003214:	0028      	movs	r0, r5
10003216:	210a      	movs	r1, #10
10003218:	f7fe fc3e 	bl	10001a98 <__wrap___aeabi_uidiv>
1000321c:	002f      	movs	r7, r5
1000321e:	0005      	movs	r5, r0
10003220:	2f09      	cmp	r7, #9
10003222:	d8ed      	bhi.n	10003200 <_vsnprintf+0x500>
10003224:	4646      	mov	r6, r8
10003226:	46cc      	mov	ip, r9
10003228:	9f12      	ldr	r7, [sp, #72]	@ 0x48
1000322a:	9d13      	ldr	r5, [sp, #76]	@ 0x4c
1000322c:	4663      	mov	r3, ip
1000322e:	9306      	str	r3, [sp, #24]
10003230:	9b0b      	ldr	r3, [sp, #44]	@ 0x2c
10003232:	9705      	str	r7, [sp, #20]
10003234:	9304      	str	r3, [sp, #16]
10003236:	230a      	movs	r3, #10
10003238:	9303      	str	r3, [sp, #12]
1000323a:	9b0c      	ldr	r3, [sp, #48]	@ 0x30
1000323c:	9302      	str	r3, [sp, #8]
1000323e:	ab16      	add	r3, sp, #88	@ 0x58
10003240:	002a      	movs	r2, r5
10003242:	9401      	str	r4, [sp, #4]
10003244:	9300      	str	r3, [sp, #0]
10003246:	4651      	mov	r1, sl
10003248:	465b      	mov	r3, fp
1000324a:	9809      	ldr	r0, [sp, #36]	@ 0x24
1000324c:	f7ff f842 	bl	100022d4 <_ntoa_format>
10003250:	1c74      	adds	r4, r6, #1
10003252:	0005      	movs	r5, r0
10003254:	e57b      	b.n	10002d4e <_vsnprintf+0x4e>
10003256:	2320      	movs	r3, #32
10003258:	4319      	orrs	r1, r3
1000325a:	e66c      	b.n	10002f36 <_vsnprintf+0x236>
1000325c:	2380      	movs	r3, #128	@ 0x80
1000325e:	011b      	lsls	r3, r3, #4
10003260:	4319      	orrs	r1, r3
10003262:	e638      	b.n	10002ed6 <_vsnprintf+0x1d6>
10003264:	2878      	cmp	r0, #120	@ 0x78
10003266:	d000      	beq.n	1000326a <_vsnprintf+0x56a>
10003268:	e17c      	b.n	10003564 <_vsnprintf+0x864>
1000326a:	2380      	movs	r3, #128	@ 0x80
1000326c:	000a      	movs	r2, r1
1000326e:	00db      	lsls	r3, r3, #3
10003270:	401a      	ands	r2, r3
10003272:	4691      	mov	r9, r2
10003274:	4219      	tst	r1, r3
10003276:	d100      	bne.n	1000327a <_vsnprintf+0x57a>
10003278:	e2a5      	b.n	100037c6 <_vsnprintf+0xac6>
1000327a:	230d      	movs	r3, #13
1000327c:	4399      	bics	r1, r3
1000327e:	0008      	movs	r0, r1
10003280:	3303      	adds	r3, #3
10003282:	930c      	str	r3, [sp, #48]	@ 0x30
10003284:	2380      	movs	r3, #128	@ 0x80
10003286:	0002      	movs	r2, r0
10003288:	009b      	lsls	r3, r3, #2
1000328a:	401a      	ands	r2, r3
1000328c:	4690      	mov	r8, r2
1000328e:	4218      	tst	r0, r3
10003290:	d000      	beq.n	10003294 <_vsnprintf+0x594>
10003292:	e178      	b.n	10003586 <_vsnprintf+0x886>
10003294:	2380      	movs	r3, #128	@ 0x80
10003296:	0004      	movs	r4, r0
10003298:	005b      	lsls	r3, r3, #1
1000329a:	401c      	ands	r4, r3
1000329c:	4218      	tst	r0, r3
1000329e:	d000      	beq.n	100032a2 <_vsnprintf+0x5a2>
100032a0:	e207      	b.n	100036b2 <_vsnprintf+0x9b2>
100032a2:	0643      	lsls	r3, r0, #25
100032a4:	d400      	bmi.n	100032a8 <_vsnprintf+0x5a8>
100032a6:	e253      	b.n	10003750 <_vsnprintf+0xa50>
100032a8:	21ff      	movs	r1, #255	@ 0xff
100032aa:	9b0a      	ldr	r3, [sp, #40]	@ 0x28
100032ac:	cb04      	ldmia	r3!, {r2}
100032ae:	400a      	ands	r2, r1
100032b0:	4690      	mov	r8, r2
100032b2:	930a      	str	r3, [sp, #40]	@ 0x28
100032b4:	4643      	mov	r3, r8
100032b6:	2b00      	cmp	r3, #0
100032b8:	d000      	beq.n	100032bc <_vsnprintf+0x5bc>
100032ba:	e126      	b.n	1000350a <_vsnprintf+0x80a>
100032bc:	3310      	adds	r3, #16
100032be:	4398      	bics	r0, r3
100032c0:	464b      	mov	r3, r9
100032c2:	2b00      	cmp	r3, #0
100032c4:	d100      	bne.n	100032c8 <_vsnprintf+0x5c8>
100032c6:	e120      	b.n	1000350a <_vsnprintf+0x80a>
100032c8:	2400      	movs	r4, #0
100032ca:	9b0b      	ldr	r3, [sp, #44]	@ 0x2c
100032cc:	9006      	str	r0, [sp, #24]
100032ce:	9304      	str	r3, [sp, #16]
100032d0:	9b0c      	ldr	r3, [sp, #48]	@ 0x30
100032d2:	9705      	str	r7, [sp, #20]
100032d4:	9303      	str	r3, [sp, #12]
100032d6:	2300      	movs	r3, #0
100032d8:	e7b0      	b.n	1000323c <_vsnprintf+0x53c>
100032da:	2380      	movs	r3, #128	@ 0x80
100032dc:	011b      	lsls	r3, r3, #4
100032de:	4319      	orrs	r1, r3
100032e0:	2320      	movs	r3, #32
100032e2:	4319      	orrs	r1, r3
100032e4:	e5f7      	b.n	10002ed6 <_vsnprintf+0x1d6>
100032e6:	1b5b      	subs	r3, r3, r5
100032e8:	4699      	mov	r9, r3
100032ea:	9b0c      	ldr	r3, [sp, #48]	@ 0x30
100032ec:	9c09      	ldr	r4, [sp, #36]	@ 0x24
100032ee:	4698      	mov	r8, r3
100032f0:	465b      	mov	r3, fp
100032f2:	46b3      	mov	fp, r6
100032f4:	4656      	mov	r6, sl
100032f6:	46ba      	mov	sl, r7
100032f8:	001f      	movs	r7, r3
100032fa:	002a      	movs	r2, r5
100032fc:	003b      	movs	r3, r7
100032fe:	0031      	movs	r1, r6
10003300:	47a0      	blx	r4
10003302:	464b      	mov	r3, r9
10003304:	3501      	adds	r5, #1
10003306:	5d58      	ldrb	r0, [r3, r5]
10003308:	2800      	cmp	r0, #0
1000330a:	d1f6      	bne.n	100032fa <_vsnprintf+0x5fa>
1000330c:	4643      	mov	r3, r8
1000330e:	930c      	str	r3, [sp, #48]	@ 0x30
10003310:	003b      	movs	r3, r7
10003312:	4657      	mov	r7, sl
10003314:	46b2      	mov	sl, r6
10003316:	465e      	mov	r6, fp
10003318:	469b      	mov	fp, r3
1000331a:	e6e4      	b.n	100030e6 <_vsnprintf+0x3e6>
1000331c:	23c0      	movs	r3, #192	@ 0xc0
1000331e:	78b0      	ldrb	r0, [r6, #2]
10003320:	4319      	orrs	r1, r3
10003322:	3602      	adds	r6, #2
10003324:	e55a      	b.n	10002ddc <_vsnprintf+0xdc>
10003326:	23c0      	movs	r3, #192	@ 0xc0
10003328:	009b      	lsls	r3, r3, #2
1000332a:	78b0      	ldrb	r0, [r6, #2]
1000332c:	4319      	orrs	r1, r3
1000332e:	3602      	adds	r6, #2
10003330:	e554      	b.n	10002ddc <_vsnprintf+0xdc>
10003332:	4656      	mov	r6, sl
10003334:	46ba      	mov	sl, r7
10003336:	4647      	mov	r7, r8
10003338:	e6d5      	b.n	100030e6 <_vsnprintf+0x3e6>
1000333a:	2f01      	cmp	r7, #1
1000333c:	d800      	bhi.n	10003340 <_vsnprintf+0x640>
1000333e:	e232      	b.n	100037a6 <_vsnprintf+0xaa6>
10003340:	1e6b      	subs	r3, r5, #1
10003342:	4698      	mov	r8, r3
10003344:	44b8      	add	r8, r7
10003346:	002c      	movs	r4, r5
10003348:	46a9      	mov	r9, r5
1000334a:	4645      	mov	r5, r8
1000334c:	46b8      	mov	r8, r7
1000334e:	4657      	mov	r7, sl
10003350:	46b2      	mov	sl, r6
10003352:	9e09      	ldr	r6, [sp, #36]	@ 0x24
10003354:	0022      	movs	r2, r4
10003356:	465b      	mov	r3, fp
10003358:	3401      	adds	r4, #1
1000335a:	0039      	movs	r1, r7
1000335c:	2020      	movs	r0, #32
1000335e:	47b0      	blx	r6
10003360:	42ac      	cmp	r4, r5
10003362:	d1f7      	bne.n	10003354 <_vsnprintf+0x654>
10003364:	9b0a      	ldr	r3, [sp, #40]	@ 0x28
10003366:	4656      	mov	r6, sl
10003368:	cb01      	ldmia	r3!, {r0}
1000336a:	46ba      	mov	sl, r7
1000336c:	4647      	mov	r7, r8
1000336e:	4698      	mov	r8, r3
10003370:	0022      	movs	r2, r4
10003372:	465b      	mov	r3, fp
10003374:	9c09      	ldr	r4, [sp, #36]	@ 0x24
10003376:	4651      	mov	r1, sl
10003378:	b2c0      	uxtb	r0, r0
1000337a:	47a0      	blx	r4
1000337c:	464d      	mov	r5, r9
1000337e:	4643      	mov	r3, r8
10003380:	19ed      	adds	r5, r5, r7
10003382:	930a      	str	r3, [sp, #40]	@ 0x28
10003384:	1c74      	adds	r4, r6, #1
10003386:	e4e2      	b.n	10002d4e <_vsnprintf+0x4e>
10003388:	9b0c      	ldr	r3, [sp, #48]	@ 0x30
1000338a:	46a8      	mov	r8, r5
1000338c:	429f      	cmp	r7, r3
1000338e:	d800      	bhi.n	10003392 <_vsnprintf+0x692>
10003390:	e6ad      	b.n	100030ee <_vsnprintf+0x3ee>
10003392:	4644      	mov	r4, r8
10003394:	46b0      	mov	r8, r6
10003396:	4656      	mov	r6, sl
10003398:	197d      	adds	r5, r7, r5
1000339a:	9f09      	ldr	r7, [sp, #36]	@ 0x24
1000339c:	1aed      	subs	r5, r5, r3
1000339e:	0022      	movs	r2, r4
100033a0:	465b      	mov	r3, fp
100033a2:	3401      	adds	r4, #1
100033a4:	0031      	movs	r1, r6
100033a6:	2020      	movs	r0, #32
100033a8:	47b8      	blx	r7
100033aa:	42ac      	cmp	r4, r5
100033ac:	d1f7      	bne.n	1000339e <_vsnprintf+0x69e>
100033ae:	46b2      	mov	sl, r6
100033b0:	4646      	mov	r6, r8
100033b2:	e69c      	b.n	100030ee <_vsnprintf+0x3ee>
100033b4:	980c      	ldr	r0, [sp, #48]	@ 0x30
100033b6:	4287      	cmp	r7, r0
100033b8:	d800      	bhi.n	100033bc <_vsnprintf+0x6bc>
100033ba:	e1f0      	b.n	1000379e <_vsnprintf+0xa9e>
100033bc:	4642      	mov	r2, r8
100033be:	4698      	mov	r8, r3
100033c0:	1979      	adds	r1, r7, r5
100033c2:	46b9      	mov	r9, r7
100033c4:	4657      	mov	r7, sl
100033c6:	46b2      	mov	sl, r6
100033c8:	9e09      	ldr	r6, [sp, #36]	@ 0x24
100033ca:	1a0c      	subs	r4, r1, r0
100033cc:	920c      	str	r2, [sp, #48]	@ 0x30
100033ce:	002a      	movs	r2, r5
100033d0:	465b      	mov	r3, fp
100033d2:	3501      	adds	r5, #1
100033d4:	0039      	movs	r1, r7
100033d6:	2020      	movs	r0, #32
100033d8:	47b0      	blx	r6
100033da:	42a5      	cmp	r5, r4
100033dc:	d1f7      	bne.n	100033ce <_vsnprintf+0x6ce>
100033de:	4656      	mov	r6, sl
100033e0:	46ba      	mov	sl, r7
100033e2:	464f      	mov	r7, r9
100033e4:	4643      	mov	r3, r8
100033e6:	9a0c      	ldr	r2, [sp, #48]	@ 0x30
100033e8:	4690      	mov	r8, r2
100033ea:	1c7a      	adds	r2, r7, #1
100033ec:	920c      	str	r2, [sp, #48]	@ 0x30
100033ee:	781a      	ldrb	r2, [r3, #0]
100033f0:	1e10      	subs	r0, r2, #0
100033f2:	d000      	beq.n	100033f6 <_vsnprintf+0x6f6>
100033f4:	e657      	b.n	100030a6 <_vsnprintf+0x3a6>
100033f6:	e67a      	b.n	100030ee <_vsnprintf+0x3ee>
100033f8:	2208      	movs	r2, #8
100033fa:	2107      	movs	r1, #7
100033fc:	4691      	mov	r9, r2
100033fe:	9b0a      	ldr	r3, [sp, #40]	@ 0x28
10003400:	3307      	adds	r3, #7
10003402:	438b      	bics	r3, r1
10003404:	4499      	add	r9, r3
10003406:	464a      	mov	r2, r9
10003408:	cb0a      	ldmia	r3, {r1, r3}
1000340a:	000c      	movs	r4, r1
1000340c:	920a      	str	r2, [sp, #40]	@ 0x28
1000340e:	431c      	orrs	r4, r3
10003410:	0fda      	lsrs	r2, r3, #31
10003412:	2c00      	cmp	r4, #0
10003414:	d04e      	beq.n	100034b4 <_vsnprintf+0x7b4>
10003416:	17d8      	asrs	r0, r3, #31
10003418:	0004      	movs	r4, r0
1000341a:	9010      	str	r0, [sp, #64]	@ 0x40
1000341c:	404c      	eors	r4, r1
1000341e:	9011      	str	r0, [sp, #68]	@ 0x44
10003420:	940e      	str	r4, [sp, #56]	@ 0x38
10003422:	9810      	ldr	r0, [sp, #64]	@ 0x40
10003424:	9911      	ldr	r1, [sp, #68]	@ 0x44
10003426:	000c      	movs	r4, r1
10003428:	405c      	eors	r4, r3
1000342a:	940f      	str	r4, [sp, #60]	@ 0x3c
1000342c:	9b0e      	ldr	r3, [sp, #56]	@ 0x38
1000342e:	9c0f      	ldr	r4, [sp, #60]	@ 0x3c
10003430:	1a1b      	subs	r3, r3, r0
10003432:	418c      	sbcs	r4, r1
10003434:	930e      	str	r3, [sp, #56]	@ 0x38
10003436:	940f      	str	r4, [sp, #60]	@ 0x3c
10003438:	a90e      	add	r1, sp, #56	@ 0x38
1000343a:	4688      	mov	r8, r1
1000343c:	231f      	movs	r3, #31
1000343e:	2400      	movs	r4, #0
10003440:	4443      	add	r3, r8
10003442:	9712      	str	r7, [sp, #72]	@ 0x48
10003444:	46b0      	mov	r8, r6
10003446:	0027      	movs	r7, r4
10003448:	9513      	str	r5, [sp, #76]	@ 0x4c
1000344a:	001e      	movs	r6, r3
1000344c:	9c0e      	ldr	r4, [sp, #56]	@ 0x38
1000344e:	9d0f      	ldr	r5, [sp, #60]	@ 0x3c
10003450:	46e1      	mov	r9, ip
10003452:	920c      	str	r2, [sp, #48]	@ 0x30
10003454:	e001      	b.n	1000345a <_vsnprintf+0x75a>
10003456:	2f20      	cmp	r7, #32
10003458:	d010      	beq.n	1000347c <_vsnprintf+0x77c>
1000345a:	0020      	movs	r0, r4
1000345c:	0029      	movs	r1, r5
1000345e:	220a      	movs	r2, #10
10003460:	2300      	movs	r3, #0
10003462:	f7fe fb57 	bl	10001b14 <__wrap___aeabi_uldivmod>
10003466:	3701      	adds	r7, #1
10003468:	3230      	adds	r2, #48	@ 0x30
1000346a:	002b      	movs	r3, r5
1000346c:	55f2      	strb	r2, [r6, r7]
1000346e:	000d      	movs	r5, r1
10003470:	0022      	movs	r2, r4
10003472:	0004      	movs	r4, r0
10003474:	2b00      	cmp	r3, #0
10003476:	d1ee      	bne.n	10003456 <_vsnprintf+0x756>
10003478:	2a09      	cmp	r2, #9
1000347a:	d8ec      	bhi.n	10003456 <_vsnprintf+0x756>
1000347c:	4646      	mov	r6, r8
1000347e:	46cc      	mov	ip, r9
10003480:	940e      	str	r4, [sp, #56]	@ 0x38
10003482:	950f      	str	r5, [sp, #60]	@ 0x3c
10003484:	9a0c      	ldr	r2, [sp, #48]	@ 0x30
10003486:	003c      	movs	r4, r7
10003488:	9d13      	ldr	r5, [sp, #76]	@ 0x4c
1000348a:	9f12      	ldr	r7, [sp, #72]	@ 0x48
1000348c:	4663      	mov	r3, ip
1000348e:	9306      	str	r3, [sp, #24]
10003490:	9b0b      	ldr	r3, [sp, #44]	@ 0x2c
10003492:	9705      	str	r7, [sp, #20]
10003494:	9304      	str	r3, [sp, #16]
10003496:	230a      	movs	r3, #10
10003498:	9202      	str	r2, [sp, #8]
1000349a:	9303      	str	r3, [sp, #12]
1000349c:	e6cf      	b.n	1000323e <_vsnprintf+0x53e>
1000349e:	23ff      	movs	r3, #255	@ 0xff
100034a0:	990a      	ldr	r1, [sp, #40]	@ 0x28
100034a2:	c904      	ldmia	r1!, {r2}
100034a4:	4013      	ands	r3, r2
100034a6:	0018      	movs	r0, r3
100034a8:	910a      	str	r1, [sp, #40]	@ 0x28
100034aa:	e698      	b.n	100031de <_vsnprintf+0x4de>
100034ac:	2310      	movs	r3, #16
100034ae:	4399      	bics	r1, r3
100034b0:	468c      	mov	ip, r1
100034b2:	e674      	b.n	1000319e <_vsnprintf+0x49e>
100034b4:	4643      	mov	r3, r8
100034b6:	2400      	movs	r4, #0
100034b8:	2b00      	cmp	r3, #0
100034ba:	d1e7      	bne.n	1000348c <_vsnprintf+0x78c>
100034bc:	2300      	movs	r3, #0
100034be:	2400      	movs	r4, #0
100034c0:	930e      	str	r3, [sp, #56]	@ 0x38
100034c2:	940f      	str	r4, [sp, #60]	@ 0x3c
100034c4:	e7b8      	b.n	10003438 <_vsnprintf+0x738>
100034c6:	4643      	mov	r3, r8
100034c8:	464d      	mov	r5, r9
100034ca:	930a      	str	r3, [sp, #40]	@ 0x28
100034cc:	1c74      	adds	r4, r6, #1
100034ce:	e43e      	b.n	10002d4e <_vsnprintf+0x4e>
100034d0:	2380      	movs	r3, #128	@ 0x80
100034d2:	000a      	movs	r2, r1
100034d4:	00db      	lsls	r3, r3, #3
100034d6:	401a      	ands	r2, r3
100034d8:	4691      	mov	r9, r2
100034da:	4219      	tst	r1, r3
100034dc:	d100      	bne.n	100034e0 <_vsnprintf+0x7e0>
100034de:	e140      	b.n	10003762 <_vsnprintf+0xa62>
100034e0:	230d      	movs	r3, #13
100034e2:	4399      	bics	r1, r3
100034e4:	3b0b      	subs	r3, #11
100034e6:	0008      	movs	r0, r1
100034e8:	930c      	str	r3, [sp, #48]	@ 0x30
100034ea:	e6cb      	b.n	10003284 <_vsnprintf+0x584>
100034ec:	2380      	movs	r3, #128	@ 0x80
100034ee:	000a      	movs	r2, r1
100034f0:	00db      	lsls	r3, r3, #3
100034f2:	401a      	ands	r2, r3
100034f4:	4691      	mov	r9, r2
100034f6:	4219      	tst	r1, r3
100034f8:	d100      	bne.n	100034fc <_vsnprintf+0x7fc>
100034fa:	e162      	b.n	100037c2 <_vsnprintf+0xac2>
100034fc:	230d      	movs	r3, #13
100034fe:	2020      	movs	r0, #32
10003500:	4399      	bics	r1, r3
10003502:	3303      	adds	r3, #3
10003504:	4308      	orrs	r0, r1
10003506:	930c      	str	r3, [sp, #48]	@ 0x30
10003508:	e6bc      	b.n	10003284 <_vsnprintf+0x584>
1000350a:	2361      	movs	r3, #97	@ 0x61
1000350c:	0681      	lsls	r1, r0, #26
1000350e:	d500      	bpl.n	10003512 <_vsnprintf+0x812>
10003510:	2341      	movs	r3, #65	@ 0x41
10003512:	a90e      	add	r1, sp, #56	@ 0x38
10003514:	221f      	movs	r2, #31
10003516:	468c      	mov	ip, r1
10003518:	b2db      	uxtb	r3, r3
1000351a:	4462      	add	r2, ip
1000351c:	3b0a      	subs	r3, #10
1000351e:	9713      	str	r7, [sp, #76]	@ 0x4c
10003520:	9514      	str	r5, [sp, #80]	@ 0x50
10003522:	4681      	mov	r9, r0
10003524:	4645      	mov	r5, r8
10003526:	9f0c      	ldr	r7, [sp, #48]	@ 0x30
10003528:	46b0      	mov	r8, r6
1000352a:	9312      	str	r3, [sp, #72]	@ 0x48
1000352c:	0016      	movs	r6, r2
1000352e:	e008      	b.n	10003542 <_vsnprintf+0x842>
10003530:	3330      	adds	r3, #48	@ 0x30
10003532:	b2db      	uxtb	r3, r3
10003534:	3401      	adds	r4, #1
10003536:	5533      	strb	r3, [r6, r4]
10003538:	42bd      	cmp	r5, r7
1000353a:	d30e      	bcc.n	1000355a <_vsnprintf+0x85a>
1000353c:	2c20      	cmp	r4, #32
1000353e:	d00c      	beq.n	1000355a <_vsnprintf+0x85a>
10003540:	0005      	movs	r5, r0
10003542:	0039      	movs	r1, r7
10003544:	0028      	movs	r0, r5
10003546:	f7fe faa7 	bl	10001a98 <__wrap___aeabi_uidiv>
1000354a:	b2cb      	uxtb	r3, r1
1000354c:	2909      	cmp	r1, #9
1000354e:	d9ef      	bls.n	10003530 <_vsnprintf+0x830>
10003550:	9a12      	ldr	r2, [sp, #72]	@ 0x48
10003552:	4694      	mov	ip, r2
10003554:	4463      	add	r3, ip
10003556:	b2db      	uxtb	r3, r3
10003558:	e7ec      	b.n	10003534 <_vsnprintf+0x834>
1000355a:	4646      	mov	r6, r8
1000355c:	4648      	mov	r0, r9
1000355e:	9f13      	ldr	r7, [sp, #76]	@ 0x4c
10003560:	9d14      	ldr	r5, [sp, #80]	@ 0x50
10003562:	e6b2      	b.n	100032ca <_vsnprintf+0x5ca>
10003564:	286f      	cmp	r0, #111	@ 0x6f
10003566:	d000      	beq.n	1000356a <_vsnprintf+0x86a>
10003568:	e13c      	b.n	100037e4 <_vsnprintf+0xae4>
1000356a:	230c      	movs	r3, #12
1000356c:	0008      	movs	r0, r1
1000356e:	4398      	bics	r0, r3
10003570:	2380      	movs	r3, #128	@ 0x80
10003572:	000a      	movs	r2, r1
10003574:	00db      	lsls	r3, r3, #3
10003576:	401a      	ands	r2, r3
10003578:	4691      	mov	r9, r2
1000357a:	4219      	tst	r1, r3
1000357c:	d000      	beq.n	10003580 <_vsnprintf+0x880>
1000357e:	e12a      	b.n	100037d6 <_vsnprintf+0xad6>
10003580:	2308      	movs	r3, #8
10003582:	930c      	str	r3, [sp, #48]	@ 0x30
10003584:	e67e      	b.n	10003284 <_vsnprintf+0x584>
10003586:	990a      	ldr	r1, [sp, #40]	@ 0x28
10003588:	3bfa      	subs	r3, #250	@ 0xfa
1000358a:	3bff      	subs	r3, #255	@ 0xff
1000358c:	3107      	adds	r1, #7
1000358e:	4399      	bics	r1, r3
10003590:	3301      	adds	r3, #1
10003592:	469c      	mov	ip, r3
10003594:	448c      	add	ip, r1
10003596:	4663      	mov	r3, ip
10003598:	684a      	ldr	r2, [r1, #4]
1000359a:	930a      	str	r3, [sp, #40]	@ 0x28
1000359c:	680b      	ldr	r3, [r1, #0]
1000359e:	4690      	mov	r8, r2
100035a0:	469c      	mov	ip, r3
100035a2:	4313      	orrs	r3, r2
100035a4:	1e19      	subs	r1, r3, #0
100035a6:	d106      	bne.n	100035b6 <_vsnprintf+0x8b6>
100035a8:	464b      	mov	r3, r9
100035aa:	3110      	adds	r1, #16
100035ac:	2400      	movs	r4, #0
100035ae:	4388      	bics	r0, r1
100035b0:	2b00      	cmp	r3, #0
100035b2:	d000      	beq.n	100035b6 <_vsnprintf+0x8b6>
100035b4:	e689      	b.n	100032ca <_vsnprintf+0x5ca>
100035b6:	2161      	movs	r1, #97	@ 0x61
100035b8:	0683      	lsls	r3, r0, #26
100035ba:	d500      	bpl.n	100035be <_vsnprintf+0x8be>
100035bc:	2141      	movs	r1, #65	@ 0x41
100035be:	aa0e      	add	r2, sp, #56	@ 0x38
100035c0:	4691      	mov	r9, r2
100035c2:	231f      	movs	r3, #31
100035c4:	444b      	add	r3, r9
100035c6:	4699      	mov	r9, r3
100035c8:	b2c9      	uxtb	r1, r1
100035ca:	9b0c      	ldr	r3, [sp, #48]	@ 0x30
100035cc:	390a      	subs	r1, #10
100035ce:	9713      	str	r7, [sp, #76]	@ 0x4c
100035d0:	9514      	str	r5, [sp, #80]	@ 0x50
100035d2:	9615      	str	r6, [sp, #84]	@ 0x54
100035d4:	4645      	mov	r5, r8
100035d6:	464e      	mov	r6, r9
100035d8:	2400      	movs	r4, #0
100035da:	4667      	mov	r7, ip
100035dc:	4698      	mov	r8, r3
100035de:	4681      	mov	r9, r0
100035e0:	9112      	str	r1, [sp, #72]	@ 0x48
100035e2:	e00c      	b.n	100035fe <_vsnprintf+0x8fe>
100035e4:	3230      	adds	r2, #48	@ 0x30
100035e6:	b2d2      	uxtb	r2, r2
100035e8:	2300      	movs	r3, #0
100035ea:	3401      	adds	r4, #1
100035ec:	5532      	strb	r2, [r6, r4]
100035ee:	42ab      	cmp	r3, r5
100035f0:	d100      	bne.n	100035f4 <_vsnprintf+0x8f4>
100035f2:	e0bc      	b.n	1000376e <_vsnprintf+0xa6e>
100035f4:	2c20      	cmp	r4, #32
100035f6:	d100      	bne.n	100035fa <_vsnprintf+0x8fa>
100035f8:	e0bc      	b.n	10003774 <_vsnprintf+0xa74>
100035fa:	0007      	movs	r7, r0
100035fc:	000d      	movs	r5, r1
100035fe:	4642      	mov	r2, r8
10003600:	2300      	movs	r3, #0
10003602:	0038      	movs	r0, r7
10003604:	0029      	movs	r1, r5
10003606:	f7fe fa85 	bl	10001b14 <__wrap___aeabi_uldivmod>
1000360a:	b2d2      	uxtb	r2, r2
1000360c:	2a09      	cmp	r2, #9
1000360e:	d9e9      	bls.n	100035e4 <_vsnprintf+0x8e4>
10003610:	9b12      	ldr	r3, [sp, #72]	@ 0x48
10003612:	469c      	mov	ip, r3
10003614:	4462      	add	r2, ip
10003616:	b2d2      	uxtb	r2, r2
10003618:	e7e6      	b.n	100035e8 <_vsnprintf+0x8e8>
1000361a:	4643      	mov	r3, r8
1000361c:	2b00      	cmp	r3, #0
1000361e:	d000      	beq.n	10003622 <_vsnprintf+0x922>
10003620:	e604      	b.n	1000322c <_vsnprintf+0x52c>
10003622:	e5e2      	b.n	100031ea <_vsnprintf+0x4ea>
10003624:	9c0a      	ldr	r4, [sp, #40]	@ 0x28
10003626:	cc08      	ldmia	r4!, {r3}
10003628:	0fda      	lsrs	r2, r3, #31
1000362a:	9213      	str	r2, [sp, #76]	@ 0x4c
1000362c:	2b00      	cmp	r3, #0
1000362e:	d100      	bne.n	10003632 <_vsnprintf+0x932>
10003630:	e0a5      	b.n	1000377e <_vsnprintf+0xa7e>
10003632:	17d9      	asrs	r1, r3, #31
10003634:	185b      	adds	r3, r3, r1
10003636:	404b      	eors	r3, r1
10003638:	4698      	mov	r8, r3
1000363a:	aa0e      	add	r2, sp, #56	@ 0x38
1000363c:	4691      	mov	r9, r2
1000363e:	231f      	movs	r3, #31
10003640:	444b      	add	r3, r9
10003642:	950c      	str	r5, [sp, #48]	@ 0x30
10003644:	46a1      	mov	r9, r4
10003646:	4645      	mov	r5, r8
10003648:	9612      	str	r6, [sp, #72]	@ 0x48
1000364a:	46e0      	mov	r8, ip
1000364c:	0006      	movs	r6, r0
1000364e:	001c      	movs	r4, r3
10003650:	970a      	str	r7, [sp, #40]	@ 0x28
10003652:	e001      	b.n	10003658 <_vsnprintf+0x958>
10003654:	2e20      	cmp	r6, #32
10003656:	d00f      	beq.n	10003678 <_vsnprintf+0x978>
10003658:	0028      	movs	r0, r5
1000365a:	210a      	movs	r1, #10
1000365c:	f7fe fa1c 	bl	10001a98 <__wrap___aeabi_uidiv>
10003660:	3601      	adds	r6, #1
10003662:	19a7      	adds	r7, r4, r6
10003664:	3130      	adds	r1, #48	@ 0x30
10003666:	7039      	strb	r1, [r7, #0]
10003668:	0028      	movs	r0, r5
1000366a:	210a      	movs	r1, #10
1000366c:	f7fe fa14 	bl	10001a98 <__wrap___aeabi_uidiv>
10003670:	002f      	movs	r7, r5
10003672:	0005      	movs	r5, r0
10003674:	2f09      	cmp	r7, #9
10003676:	d8ed      	bhi.n	10003654 <_vsnprintf+0x954>
10003678:	46c4      	mov	ip, r8
1000367a:	464c      	mov	r4, r9
1000367c:	0030      	movs	r0, r6
1000367e:	9f0a      	ldr	r7, [sp, #40]	@ 0x28
10003680:	9d0c      	ldr	r5, [sp, #48]	@ 0x30
10003682:	9e12      	ldr	r6, [sp, #72]	@ 0x48
10003684:	4663      	mov	r3, ip
10003686:	9306      	str	r3, [sp, #24]
10003688:	9b0b      	ldr	r3, [sp, #44]	@ 0x2c
1000368a:	002a      	movs	r2, r5
1000368c:	9304      	str	r3, [sp, #16]
1000368e:	230a      	movs	r3, #10
10003690:	9303      	str	r3, [sp, #12]
10003692:	9b13      	ldr	r3, [sp, #76]	@ 0x4c
10003694:	9001      	str	r0, [sp, #4]
10003696:	9302      	str	r3, [sp, #8]
10003698:	ab16      	add	r3, sp, #88	@ 0x58
1000369a:	9300      	str	r3, [sp, #0]
1000369c:	4651      	mov	r1, sl
1000369e:	465b      	mov	r3, fp
100036a0:	9809      	ldr	r0, [sp, #36]	@ 0x24
100036a2:	9705      	str	r7, [sp, #20]
100036a4:	f7fe fe16 	bl	100022d4 <_ntoa_format>
100036a8:	940a      	str	r4, [sp, #40]	@ 0x28
100036aa:	0005      	movs	r5, r0
100036ac:	1c74      	adds	r4, r6, #1
100036ae:	f7ff fb4e 	bl	10002d4e <_vsnprintf+0x4e>
100036b2:	9b0a      	ldr	r3, [sp, #40]	@ 0x28
100036b4:	cb10      	ldmia	r3!, {r4}
100036b6:	9314      	str	r3, [sp, #80]	@ 0x50
100036b8:	2c00      	cmp	r4, #0
100036ba:	d104      	bne.n	100036c6 <_vsnprintf+0x9c6>
100036bc:	2310      	movs	r3, #16
100036be:	4398      	bics	r0, r3
100036c0:	464b      	mov	r3, r9
100036c2:	2b00      	cmp	r3, #0
100036c4:	d12c      	bne.n	10003720 <_vsnprintf+0xa20>
100036c6:	2361      	movs	r3, #97	@ 0x61
100036c8:	0681      	lsls	r1, r0, #26
100036ca:	d500      	bpl.n	100036ce <_vsnprintf+0x9ce>
100036cc:	2341      	movs	r3, #65	@ 0x41
100036ce:	a90e      	add	r1, sp, #56	@ 0x38
100036d0:	221f      	movs	r2, #31
100036d2:	468c      	mov	ip, r1
100036d4:	b2db      	uxtb	r3, r3
100036d6:	4462      	add	r2, ip
100036d8:	3b0a      	subs	r3, #10
100036da:	9712      	str	r7, [sp, #72]	@ 0x48
100036dc:	9513      	str	r5, [sp, #76]	@ 0x4c
100036de:	4681      	mov	r9, r0
100036e0:	4645      	mov	r5, r8
100036e2:	9f0c      	ldr	r7, [sp, #48]	@ 0x30
100036e4:	46b0      	mov	r8, r6
100036e6:	930a      	str	r3, [sp, #40]	@ 0x28
100036e8:	0016      	movs	r6, r2
100036ea:	e008      	b.n	100036fe <_vsnprintf+0x9fe>
100036ec:	3330      	adds	r3, #48	@ 0x30
100036ee:	b2db      	uxtb	r3, r3
100036f0:	3501      	adds	r5, #1
100036f2:	5573      	strb	r3, [r6, r5]
100036f4:	42bc      	cmp	r4, r7
100036f6:	d30e      	bcc.n	10003716 <_vsnprintf+0xa16>
100036f8:	2d20      	cmp	r5, #32
100036fa:	d00c      	beq.n	10003716 <_vsnprintf+0xa16>
100036fc:	0004      	movs	r4, r0
100036fe:	0039      	movs	r1, r7
10003700:	0020      	movs	r0, r4
10003702:	f7fe f9c9 	bl	10001a98 <__wrap___aeabi_uidiv>
10003706:	b2cb      	uxtb	r3, r1
10003708:	2909      	cmp	r1, #9
1000370a:	d9ef      	bls.n	100036ec <_vsnprintf+0x9ec>
1000370c:	9a0a      	ldr	r2, [sp, #40]	@ 0x28
1000370e:	4694      	mov	ip, r2
10003710:	4463      	add	r3, ip
10003712:	b2db      	uxtb	r3, r3
10003714:	e7ec      	b.n	100036f0 <_vsnprintf+0x9f0>
10003716:	4648      	mov	r0, r9
10003718:	4646      	mov	r6, r8
1000371a:	9f12      	ldr	r7, [sp, #72]	@ 0x48
1000371c:	46a8      	mov	r8, r5
1000371e:	9d13      	ldr	r5, [sp, #76]	@ 0x4c
10003720:	9b0b      	ldr	r3, [sp, #44]	@ 0x2c
10003722:	002a      	movs	r2, r5
10003724:	9304      	str	r3, [sp, #16]
10003726:	9b0c      	ldr	r3, [sp, #48]	@ 0x30
10003728:	9006      	str	r0, [sp, #24]
1000372a:	9303      	str	r3, [sp, #12]
1000372c:	2300      	movs	r3, #0
1000372e:	9302      	str	r3, [sp, #8]
10003730:	4643      	mov	r3, r8
10003732:	9301      	str	r3, [sp, #4]
10003734:	ab16      	add	r3, sp, #88	@ 0x58
10003736:	9300      	str	r3, [sp, #0]
10003738:	4651      	mov	r1, sl
1000373a:	465b      	mov	r3, fp
1000373c:	9809      	ldr	r0, [sp, #36]	@ 0x24
1000373e:	9705      	str	r7, [sp, #20]
10003740:	f7fe fdc8 	bl	100022d4 <_ntoa_format>
10003744:	9b14      	ldr	r3, [sp, #80]	@ 0x50
10003746:	0005      	movs	r5, r0
10003748:	930a      	str	r3, [sp, #40]	@ 0x28
1000374a:	1c74      	adds	r4, r6, #1
1000374c:	f7ff faff 	bl	10002d4e <_vsnprintf+0x4e>
10003750:	0603      	lsls	r3, r0, #24
10003752:	d51f      	bpl.n	10003794 <_vsnprintf+0xa94>
10003754:	9b0a      	ldr	r3, [sp, #40]	@ 0x28
10003756:	cb02      	ldmia	r3!, {r1}
10003758:	0409      	lsls	r1, r1, #16
1000375a:	0c0a      	lsrs	r2, r1, #16
1000375c:	4690      	mov	r8, r2
1000375e:	930a      	str	r3, [sp, #40]	@ 0x28
10003760:	e5a8      	b.n	100032b4 <_vsnprintf+0x5b4>
10003762:	230c      	movs	r3, #12
10003764:	4399      	bics	r1, r3
10003766:	3b0a      	subs	r3, #10
10003768:	0008      	movs	r0, r1
1000376a:	930c      	str	r3, [sp, #48]	@ 0x30
1000376c:	e58a      	b.n	10003284 <_vsnprintf+0x584>
1000376e:	45b8      	cmp	r8, r7
10003770:	d800      	bhi.n	10003774 <_vsnprintf+0xa74>
10003772:	e73f      	b.n	100035f4 <_vsnprintf+0x8f4>
10003774:	4648      	mov	r0, r9
10003776:	9f13      	ldr	r7, [sp, #76]	@ 0x4c
10003778:	9d14      	ldr	r5, [sp, #80]	@ 0x50
1000377a:	9e15      	ldr	r6, [sp, #84]	@ 0x54
1000377c:	e5a5      	b.n	100032ca <_vsnprintf+0x5ca>
1000377e:	4643      	mov	r3, r8
10003780:	2b00      	cmp	r3, #0
10003782:	d000      	beq.n	10003786 <_vsnprintf+0xa86>
10003784:	e77e      	b.n	10003684 <_vsnprintf+0x984>
10003786:	e758      	b.n	1000363a <_vsnprintf+0x93a>
10003788:	c908      	ldmia	r1!, {r3}
1000378a:	17da      	asrs	r2, r3, #31
1000378c:	1898      	adds	r0, r3, r2
1000378e:	4050      	eors	r0, r2
10003790:	910a      	str	r1, [sp, #40]	@ 0x28
10003792:	e524      	b.n	100031de <_vsnprintf+0x4de>
10003794:	9b0a      	ldr	r3, [sp, #40]	@ 0x28
10003796:	cb04      	ldmia	r3!, {r2}
10003798:	4690      	mov	r8, r2
1000379a:	930a      	str	r3, [sp, #40]	@ 0x28
1000379c:	e58a      	b.n	100032b4 <_vsnprintf+0x5b4>
1000379e:	0001      	movs	r1, r0
100037a0:	3101      	adds	r1, #1
100037a2:	910c      	str	r1, [sp, #48]	@ 0x30
100037a4:	e624      	b.n	100033f0 <_vsnprintf+0x6f0>
100037a6:	9f0a      	ldr	r7, [sp, #40]	@ 0x28
100037a8:	1c6c      	adds	r4, r5, #1
100037aa:	cf01      	ldmia	r7!, {r0}
100037ac:	002a      	movs	r2, r5
100037ae:	465b      	mov	r3, fp
100037b0:	9d09      	ldr	r5, [sp, #36]	@ 0x24
100037b2:	4651      	mov	r1, sl
100037b4:	b2c0      	uxtb	r0, r0
100037b6:	47a8      	blx	r5
100037b8:	0025      	movs	r5, r4
100037ba:	970a      	str	r7, [sp, #40]	@ 0x28
100037bc:	1c74      	adds	r4, r6, #1
100037be:	f7ff fac6 	bl	10002d4e <_vsnprintf+0x4e>
100037c2:	2320      	movs	r3, #32
100037c4:	4319      	orrs	r1, r3
100037c6:	230c      	movs	r3, #12
100037c8:	4399      	bics	r1, r3
100037ca:	2300      	movs	r3, #0
100037cc:	4699      	mov	r9, r3
100037ce:	3310      	adds	r3, #16
100037d0:	0008      	movs	r0, r1
100037d2:	930c      	str	r3, [sp, #48]	@ 0x30
100037d4:	e556      	b.n	10003284 <_vsnprintf+0x584>
100037d6:	2308      	movs	r3, #8
100037d8:	468c      	mov	ip, r1
100037da:	930c      	str	r3, [sp, #48]	@ 0x30
100037dc:	230d      	movs	r3, #13
100037de:	4660      	mov	r0, ip
100037e0:	4398      	bics	r0, r3
100037e2:	e54f      	b.n	10003284 <_vsnprintf+0x584>
100037e4:	2310      	movs	r3, #16
100037e6:	000a      	movs	r2, r1
100037e8:	439a      	bics	r2, r3
100037ea:	4694      	mov	ip, r2
100037ec:	2869      	cmp	r0, #105	@ 0x69
100037ee:	d108      	bne.n	10003802 <_vsnprintf+0xb02>
100037f0:	2380      	movs	r3, #128	@ 0x80
100037f2:	000a      	movs	r2, r1
100037f4:	00db      	lsls	r3, r3, #3
100037f6:	401a      	ands	r2, r3
100037f8:	4690      	mov	r8, r2
100037fa:	4219      	tst	r1, r3
100037fc:	d100      	bne.n	10003800 <_vsnprintf+0xb00>
100037fe:	e4ce      	b.n	1000319e <_vsnprintf+0x49e>
10003800:	e4ca      	b.n	10003198 <_vsnprintf+0x498>
10003802:	231c      	movs	r3, #28
10003804:	0008      	movs	r0, r1
10003806:	4398      	bics	r0, r3
10003808:	2380      	movs	r3, #128	@ 0x80
1000380a:	000a      	movs	r2, r1
1000380c:	00db      	lsls	r3, r3, #3
1000380e:	401a      	ands	r2, r3
10003810:	4691      	mov	r9, r2
10003812:	4219      	tst	r1, r3
10003814:	d102      	bne.n	1000381c <_vsnprintf+0xb1c>
10003816:	230a      	movs	r3, #10
10003818:	930c      	str	r3, [sp, #48]	@ 0x30
1000381a:	e533      	b.n	10003284 <_vsnprintf+0x584>
1000381c:	230a      	movs	r3, #10
1000381e:	930c      	str	r3, [sp, #48]	@ 0x30
10003820:	e7dc      	b.n	100037dc <_vsnprintf+0xadc>
10003822:	46c0      	nop			@ (mov r8, r8)

10003824 <vfctprintf>:
10003824:	b500      	push	{lr}
10003826:	b085      	sub	sp, #20
10003828:	9103      	str	r1, [sp, #12]
1000382a:	2101      	movs	r1, #1
1000382c:	9002      	str	r0, [sp, #8]
1000382e:	9300      	str	r3, [sp, #0]
10003830:	4803      	ldr	r0, [pc, #12]	@ (10003840 <vfctprintf+0x1c>)
10003832:	0013      	movs	r3, r2
10003834:	424a      	negs	r2, r1
10003836:	a902      	add	r1, sp, #8
10003838:	f7ff fa62 	bl	10002d00 <_vsnprintf>
1000383c:	b005      	add	sp, #20
1000383e:	bd00      	pop	{pc}
10003840:	100024d9 	.word	0x100024d9

10003844 <weak_raw_vprintf>:
10003844:	b510      	push	{r4, lr}
10003846:	4a09      	ldr	r2, [pc, #36]	@ (1000386c <weak_raw_vprintf+0x28>)
10003848:	0003      	movs	r3, r0
1000384a:	6814      	ldr	r4, [r2, #0]
1000384c:	b084      	sub	sp, #16
1000384e:	2c00      	cmp	r4, #0
10003850:	d008      	beq.n	10003864 <weak_raw_vprintf+0x20>
10003852:	2201      	movs	r2, #1
10003854:	9100      	str	r1, [sp, #0]
10003856:	4806      	ldr	r0, [pc, #24]	@ (10003870 <weak_raw_vprintf+0x2c>)
10003858:	4252      	negs	r2, r2
1000385a:	a903      	add	r1, sp, #12
1000385c:	47a0      	blx	r4
1000385e:	2001      	movs	r0, #1
10003860:	b004      	add	sp, #16
10003862:	bd10      	pop	{r4, pc}
10003864:	f000 f982 	bl	10003b6c <__wrap_puts>
10003868:	2000      	movs	r0, #0
1000386a:	e7f9      	b.n	10003860 <weak_raw_vprintf+0x1c>
1000386c:	2000128c 	.word	0x2000128c
10003870:	100024c9 	.word	0x100024c9

10003874 <_exit>:
10003874:	be00      	bkpt	0x0000
10003876:	e7fd      	b.n	10003874 <_exit>

10003878 <_fini>:
10003878:	4770      	bx	lr
1000387a:	46c0      	nop			@ (mov r8, r8)

1000387c <exit>:
1000387c:	b510      	push	{r4, lr}
1000387e:	f7ff fff9 	bl	10003874 <_exit>
10003882:	46c0      	nop			@ (mov r8, r8)

10003884 <runtime_init>:
10003884:	b570      	push	{r4, r5, r6, lr}
10003886:	f7fd ffb5 	bl	100017f4 <runtime_run_initializers>
1000388a:	4d07      	ldr	r5, [pc, #28]	@ (100038a8 <runtime_init+0x24>)
1000388c:	4e07      	ldr	r6, [pc, #28]	@ (100038ac <runtime_init+0x28>)
1000388e:	42b5      	cmp	r5, r6
10003890:	d209      	bcs.n	100038a6 <runtime_init+0x22>
10003892:	2400      	movs	r4, #0
10003894:	3e01      	subs	r6, #1
10003896:	1b76      	subs	r6, r6, r5
10003898:	08b6      	lsrs	r6, r6, #2
1000389a:	cd08      	ldmia	r5!, {r3}
1000389c:	4798      	blx	r3
1000389e:	0023      	movs	r3, r4
100038a0:	3401      	adds	r4, #1
100038a2:	42b3      	cmp	r3, r6
100038a4:	d1f9      	bne.n	1000389a <runtime_init+0x16>
100038a6:	bd70      	pop	{r4, r5, r6, pc}
100038a8:	10007bac 	.word	0x10007bac
100038ac:	10007bb0 	.word	0x10007bb0

100038b0 <stdio_out_chars_no_crlf>:
100038b0:	0003      	movs	r3, r0
100038b2:	b510      	push	{r4, lr}
100038b4:	0008      	movs	r0, r1
100038b6:	0011      	movs	r1, r2
100038b8:	681b      	ldr	r3, [r3, #0]
100038ba:	4798      	blx	r3
100038bc:	bd10      	pop	{r4, pc}
100038be:	46c0      	nop			@ (mov r8, r8)

100038c0 <stdio_out_chars_crlf>:
100038c0:	b5f0      	push	{r4, r5, r6, r7, lr}
100038c2:	4646      	mov	r6, r8
100038c4:	464f      	mov	r7, r9
100038c6:	46d6      	mov	lr, sl
100038c8:	b5c0      	push	{r6, r7, lr}
100038ca:	7d43      	ldrb	r3, [r0, #21]
100038cc:	4680      	mov	r8, r0
100038ce:	000e      	movs	r6, r1
100038d0:	0017      	movs	r7, r2
100038d2:	2b00      	cmp	r3, #0
100038d4:	d04b      	beq.n	1000396e <stdio_out_chars_crlf+0xae>
100038d6:	2a00      	cmp	r2, #0
100038d8:	dd32      	ble.n	10003940 <stdio_out_chars_crlf+0x80>
100038da:	4b27      	ldr	r3, [pc, #156]	@ (10003978 <stdio_out_chars_crlf+0xb8>)
100038dc:	2501      	movs	r5, #1
100038de:	469a      	mov	sl, r3
100038e0:	1e4b      	subs	r3, r1, #1
100038e2:	2400      	movs	r4, #0
100038e4:	2000      	movs	r0, #0
100038e6:	4699      	mov	r9, r3
100038e8:	e007      	b.n	100038fa <stdio_out_chars_crlf+0x3a>
100038ea:	5d33      	ldrb	r3, [r6, r4]
100038ec:	2b0a      	cmp	r3, #10
100038ee:	d02c      	beq.n	1000394a <stdio_out_chars_crlf+0x8a>
100038f0:	002b      	movs	r3, r5
100038f2:	3401      	adds	r4, #1
100038f4:	3501      	adds	r5, #1
100038f6:	42bb      	cmp	r3, r7
100038f8:	da13      	bge.n	10003922 <stdio_out_chars_crlf+0x62>
100038fa:	2c00      	cmp	r4, #0
100038fc:	d1f5      	bne.n	100038ea <stdio_out_chars_crlf+0x2a>
100038fe:	7833      	ldrb	r3, [r6, #0]
10003900:	2b0a      	cmp	r3, #10
10003902:	d1f5      	bne.n	100038f0 <stdio_out_chars_crlf+0x30>
10003904:	4643      	mov	r3, r8
10003906:	7d1b      	ldrb	r3, [r3, #20]
10003908:	2b00      	cmp	r3, #0
1000390a:	d1f1      	bne.n	100038f0 <stdio_out_chars_crlf+0x30>
1000390c:	4643      	mov	r3, r8
1000390e:	4650      	mov	r0, sl
10003910:	2102      	movs	r1, #2
10003912:	681b      	ldr	r3, [r3, #0]
10003914:	4798      	blx	r3
10003916:	0028      	movs	r0, r5
10003918:	002b      	movs	r3, r5
1000391a:	3401      	adds	r4, #1
1000391c:	3501      	adds	r5, #1
1000391e:	42bb      	cmp	r3, r7
10003920:	dbeb      	blt.n	100038fa <stdio_out_chars_crlf+0x3a>
10003922:	4287      	cmp	r7, r0
10003924:	dd04      	ble.n	10003930 <stdio_out_chars_crlf+0x70>
10003926:	4643      	mov	r3, r8
10003928:	1a39      	subs	r1, r7, r0
1000392a:	681b      	ldr	r3, [r3, #0]
1000392c:	1830      	adds	r0, r6, r0
1000392e:	4798      	blx	r3
10003930:	19f6      	adds	r6, r6, r7
10003932:	3e01      	subs	r6, #1
10003934:	7833      	ldrb	r3, [r6, #0]
10003936:	3b0d      	subs	r3, #13
10003938:	425a      	negs	r2, r3
1000393a:	4153      	adcs	r3, r2
1000393c:	4642      	mov	r2, r8
1000393e:	7513      	strb	r3, [r2, #20]
10003940:	bce0      	pop	{r5, r6, r7}
10003942:	46ba      	mov	sl, r7
10003944:	46b1      	mov	r9, r6
10003946:	46a8      	mov	r8, r5
10003948:	bdf0      	pop	{r4, r5, r6, r7, pc}
1000394a:	464b      	mov	r3, r9
1000394c:	5d1b      	ldrb	r3, [r3, r4]
1000394e:	2b0d      	cmp	r3, #13
10003950:	d0ce      	beq.n	100038f0 <stdio_out_chars_crlf+0x30>
10003952:	42a0      	cmp	r0, r4
10003954:	dada      	bge.n	1000390c <stdio_out_chars_crlf+0x4c>
10003956:	4643      	mov	r3, r8
10003958:	1a21      	subs	r1, r4, r0
1000395a:	681b      	ldr	r3, [r3, #0]
1000395c:	1830      	adds	r0, r6, r0
1000395e:	4798      	blx	r3
10003960:	4643      	mov	r3, r8
10003962:	4650      	mov	r0, sl
10003964:	2102      	movs	r1, #2
10003966:	681b      	ldr	r3, [r3, #0]
10003968:	4798      	blx	r3
1000396a:	0028      	movs	r0, r5
1000396c:	e7d4      	b.n	10003918 <stdio_out_chars_crlf+0x58>
1000396e:	6803      	ldr	r3, [r0, #0]
10003970:	0011      	movs	r1, r2
10003972:	0030      	movs	r0, r6
10003974:	4798      	blx	r3
10003976:	e7e3      	b.n	10003940 <stdio_out_chars_crlf+0x80>
10003978:	10007ec8 	.word	0x10007ec8

1000397c <stdio_buffered_printer>:
1000397c:	b5f8      	push	{r3, r4, r5, r6, r7, lr}
1000397e:	680b      	ldr	r3, [r1, #0]
10003980:	000d      	movs	r5, r1
10003982:	1c5a      	adds	r2, r3, #1
10003984:	18cb      	adds	r3, r1, r3
10003986:	600a      	str	r2, [r1, #0]
10003988:	7118      	strb	r0, [r3, #4]
1000398a:	2a80      	cmp	r2, #128	@ 0x80
1000398c:	d000      	beq.n	10003990 <stdio_buffered_printer+0x14>
1000398e:	bdf8      	pop	{r3, r4, r5, r6, r7, pc}
10003990:	4b0e      	ldr	r3, [pc, #56]	@ (100039cc <stdio_buffered_printer+0x50>)
10003992:	681c      	ldr	r4, [r3, #0]
10003994:	2c00      	cmp	r4, #0
10003996:	d015      	beq.n	100039c4 <stdio_buffered_printer+0x48>
10003998:	4e0d      	ldr	r6, [pc, #52]	@ (100039d0 <stdio_buffered_printer+0x54>)
1000399a:	1d0f      	adds	r7, r1, #4
1000399c:	e002      	b.n	100039a4 <stdio_buffered_printer+0x28>
1000399e:	6924      	ldr	r4, [r4, #16]
100039a0:	2c00      	cmp	r4, #0
100039a2:	d00f      	beq.n	100039c4 <stdio_buffered_printer+0x48>
100039a4:	6823      	ldr	r3, [r4, #0]
100039a6:	2b00      	cmp	r3, #0
100039a8:	d0f9      	beq.n	1000399e <stdio_buffered_printer+0x22>
100039aa:	6833      	ldr	r3, [r6, #0]
100039ac:	2b00      	cmp	r3, #0
100039ae:	d001      	beq.n	100039b4 <stdio_buffered_printer+0x38>
100039b0:	42a3      	cmp	r3, r4
100039b2:	d1f4      	bne.n	1000399e <stdio_buffered_printer+0x22>
100039b4:	0020      	movs	r0, r4
100039b6:	0039      	movs	r1, r7
100039b8:	682a      	ldr	r2, [r5, #0]
100039ba:	f7ff ff81 	bl	100038c0 <stdio_out_chars_crlf>
100039be:	6924      	ldr	r4, [r4, #16]
100039c0:	2c00      	cmp	r4, #0
100039c2:	d1ef      	bne.n	100039a4 <stdio_buffered_printer+0x28>
100039c4:	2300      	movs	r3, #0
100039c6:	602b      	str	r3, [r5, #0]
100039c8:	e7e1      	b.n	1000398e <stdio_buffered_printer+0x12>
100039ca:	46c0      	nop			@ (mov r8, r8)
100039cc:	20001284 	.word	0x20001284
100039d0:	20001288 	.word	0x20001288

100039d4 <stdio_put_string>:
100039d4:	b5f0      	push	{r4, r5, r6, r7, lr}
100039d6:	46de      	mov	lr, fp
100039d8:	4657      	mov	r7, sl
100039da:	464e      	mov	r6, r9
100039dc:	4645      	mov	r5, r8
100039de:	b5e0      	push	{r5, r6, r7, lr}
100039e0:	b085      	sub	sp, #20
100039e2:	0017      	movs	r7, r2
100039e4:	001c      	movs	r4, r3
100039e6:	0006      	movs	r6, r0
100039e8:	000d      	movs	r5, r1
100039ea:	f7fd fd4f 	bl	1000148c <time_us_64>
100039ee:	2300      	movs	r3, #0
100039f0:	4a31      	ldr	r2, [pc, #196]	@ (10003ab8 <stdio_put_string+0xe4>)
100039f2:	1812      	adds	r2, r2, r0
100039f4:	414b      	adcs	r3, r1
100039f6:	2180      	movs	r1, #128	@ 0x80
100039f8:	0609      	lsls	r1, r1, #24
100039fa:	428b      	cmp	r3, r1
100039fc:	d302      	bcc.n	10003a04 <stdio_put_string+0x30>
100039fe:	2201      	movs	r2, #1
10003a00:	4b2e      	ldr	r3, [pc, #184]	@ (10003abc <stdio_put_string+0xe8>)
10003a02:	4252      	negs	r2, r2
10003a04:	492e      	ldr	r1, [pc, #184]	@ (10003ac0 <stdio_put_string+0xec>)
10003a06:	0008      	movs	r0, r1
10003a08:	468a      	mov	sl, r1
10003a0a:	f004 f891 	bl	10007b30 <__mutex_try_enter_block_until_veneer>
10003a0e:	9001      	str	r0, [sp, #4]
10003a10:	1c6b      	adds	r3, r5, #1
10003a12:	d103      	bne.n	10003a1c <stdio_put_string+0x48>
10003a14:	0030      	movs	r0, r6
10003a16:	f003 fff9 	bl	10007a0c <strlen>
10003a1a:	0005      	movs	r5, r0
10003a1c:	2c00      	cmp	r4, #0
10003a1e:	d026      	beq.n	10003a6e <stdio_put_string+0x9a>
10003a20:	4b28      	ldr	r3, [pc, #160]	@ (10003ac4 <stdio_put_string+0xf0>)
10003a22:	4698      	mov	r8, r3
10003a24:	4b28      	ldr	r3, [pc, #160]	@ (10003ac8 <stdio_put_string+0xf4>)
10003a26:	681c      	ldr	r4, [r3, #0]
10003a28:	2c00      	cmp	r4, #0
10003a2a:	d015      	beq.n	10003a58 <stdio_put_string+0x84>
10003a2c:	2f00      	cmp	r7, #0
10003a2e:	d121      	bne.n	10003a74 <stdio_put_string+0xa0>
10003a30:	4f26      	ldr	r7, [pc, #152]	@ (10003acc <stdio_put_string+0xf8>)
10003a32:	e002      	b.n	10003a3a <stdio_put_string+0x66>
10003a34:	6924      	ldr	r4, [r4, #16]
10003a36:	2c00      	cmp	r4, #0
10003a38:	d00e      	beq.n	10003a58 <stdio_put_string+0x84>
10003a3a:	6823      	ldr	r3, [r4, #0]
10003a3c:	2b00      	cmp	r3, #0
10003a3e:	d0f9      	beq.n	10003a34 <stdio_put_string+0x60>
10003a40:	683b      	ldr	r3, [r7, #0]
10003a42:	2b00      	cmp	r3, #0
10003a44:	d001      	beq.n	10003a4a <stdio_put_string+0x76>
10003a46:	42a3      	cmp	r3, r4
10003a48:	d1f4      	bne.n	10003a34 <stdio_put_string+0x60>
10003a4a:	0020      	movs	r0, r4
10003a4c:	002a      	movs	r2, r5
10003a4e:	0031      	movs	r1, r6
10003a50:	47c0      	blx	r8
10003a52:	6924      	ldr	r4, [r4, #16]
10003a54:	2c00      	cmp	r4, #0
10003a56:	d1f0      	bne.n	10003a3a <stdio_put_string+0x66>
10003a58:	9b01      	ldr	r3, [sp, #4]
10003a5a:	2b00      	cmp	r3, #0
10003a5c:	d128      	bne.n	10003ab0 <stdio_put_string+0xdc>
10003a5e:	0028      	movs	r0, r5
10003a60:	b005      	add	sp, #20
10003a62:	bcf0      	pop	{r4, r5, r6, r7}
10003a64:	46bb      	mov	fp, r7
10003a66:	46b2      	mov	sl, r6
10003a68:	46a9      	mov	r9, r5
10003a6a:	46a0      	mov	r8, r4
10003a6c:	bdf0      	pop	{r4, r5, r6, r7, pc}
10003a6e:	4b18      	ldr	r3, [pc, #96]	@ (10003ad0 <stdio_put_string+0xfc>)
10003a70:	4698      	mov	r8, r3
10003a72:	e7d7      	b.n	10003a24 <stdio_put_string+0x50>
10003a74:	4b15      	ldr	r3, [pc, #84]	@ (10003acc <stdio_put_string+0xf8>)
10003a76:	4699      	mov	r9, r3
10003a78:	ab02      	add	r3, sp, #8
10003a7a:	1ddf      	adds	r7, r3, #7
10003a7c:	230a      	movs	r3, #10
10003a7e:	469b      	mov	fp, r3
10003a80:	e002      	b.n	10003a88 <stdio_put_string+0xb4>
10003a82:	6924      	ldr	r4, [r4, #16]
10003a84:	2c00      	cmp	r4, #0
10003a86:	d0e7      	beq.n	10003a58 <stdio_put_string+0x84>
10003a88:	6823      	ldr	r3, [r4, #0]
10003a8a:	2b00      	cmp	r3, #0
10003a8c:	d0f9      	beq.n	10003a82 <stdio_put_string+0xae>
10003a8e:	464b      	mov	r3, r9
10003a90:	681b      	ldr	r3, [r3, #0]
10003a92:	2b00      	cmp	r3, #0
10003a94:	d001      	beq.n	10003a9a <stdio_put_string+0xc6>
10003a96:	42a3      	cmp	r3, r4
10003a98:	d1f3      	bne.n	10003a82 <stdio_put_string+0xae>
10003a9a:	002a      	movs	r2, r5
10003a9c:	0031      	movs	r1, r6
10003a9e:	0020      	movs	r0, r4
10003aa0:	47c0      	blx	r8
10003aa2:	465b      	mov	r3, fp
10003aa4:	2201      	movs	r2, #1
10003aa6:	0039      	movs	r1, r7
10003aa8:	0020      	movs	r0, r4
10003aaa:	703b      	strb	r3, [r7, #0]
10003aac:	47c0      	blx	r8
10003aae:	e7e8      	b.n	10003a82 <stdio_put_string+0xae>
10003ab0:	4650      	mov	r0, sl
10003ab2:	f004 f855 	bl	10007b60 <__mutex_exit_veneer>
10003ab6:	e7d2      	b.n	10003a5e <stdio_put_string+0x8a>
10003ab8:	000f4240 	.word	0x000f4240
10003abc:	7fffffff 	.word	0x7fffffff
10003ac0:	20000568 	.word	0x20000568
10003ac4:	100038c1 	.word	0x100038c1
10003ac8:	20001284 	.word	0x20001284
10003acc:	20001288 	.word	0x20001288
10003ad0:	100038b1 	.word	0x100038b1

10003ad4 <__wrap_putchar>:
10003ad4:	b5f0      	push	{r4, r5, r6, r7, lr}
10003ad6:	46ce      	mov	lr, r9
10003ad8:	4647      	mov	r7, r8
10003ada:	b580      	push	{r7, lr}
10003adc:	b083      	sub	sp, #12
10003ade:	466b      	mov	r3, sp
10003ae0:	0006      	movs	r6, r0
10003ae2:	1ddd      	adds	r5, r3, #7
10003ae4:	7028      	strb	r0, [r5, #0]
10003ae6:	f7fd fcd1 	bl	1000148c <time_us_64>
10003aea:	2300      	movs	r3, #0
10003aec:	4a1a      	ldr	r2, [pc, #104]	@ (10003b58 <__wrap_putchar+0x84>)
10003aee:	1812      	adds	r2, r2, r0
10003af0:	414b      	adcs	r3, r1
10003af2:	2180      	movs	r1, #128	@ 0x80
10003af4:	0609      	lsls	r1, r1, #24
10003af6:	428b      	cmp	r3, r1
10003af8:	d302      	bcc.n	10003b00 <__wrap_putchar+0x2c>
10003afa:	2201      	movs	r2, #1
10003afc:	4b17      	ldr	r3, [pc, #92]	@ (10003b5c <__wrap_putchar+0x88>)
10003afe:	4252      	negs	r2, r2
10003b00:	4917      	ldr	r1, [pc, #92]	@ (10003b60 <__wrap_putchar+0x8c>)
10003b02:	0008      	movs	r0, r1
10003b04:	4688      	mov	r8, r1
10003b06:	f004 f813 	bl	10007b30 <__mutex_try_enter_block_until_veneer>
10003b0a:	4b16      	ldr	r3, [pc, #88]	@ (10003b64 <__wrap_putchar+0x90>)
10003b0c:	4681      	mov	r9, r0
10003b0e:	681c      	ldr	r4, [r3, #0]
10003b10:	2c00      	cmp	r4, #0
10003b12:	d014      	beq.n	10003b3e <__wrap_putchar+0x6a>
10003b14:	4f14      	ldr	r7, [pc, #80]	@ (10003b68 <__wrap_putchar+0x94>)
10003b16:	e002      	b.n	10003b1e <__wrap_putchar+0x4a>
10003b18:	6924      	ldr	r4, [r4, #16]
10003b1a:	2c00      	cmp	r4, #0
10003b1c:	d00f      	beq.n	10003b3e <__wrap_putchar+0x6a>
10003b1e:	6823      	ldr	r3, [r4, #0]
10003b20:	2b00      	cmp	r3, #0
10003b22:	d0f9      	beq.n	10003b18 <__wrap_putchar+0x44>
10003b24:	683b      	ldr	r3, [r7, #0]
10003b26:	2b00      	cmp	r3, #0
10003b28:	d001      	beq.n	10003b2e <__wrap_putchar+0x5a>
10003b2a:	42a3      	cmp	r3, r4
10003b2c:	d1f4      	bne.n	10003b18 <__wrap_putchar+0x44>
10003b2e:	0020      	movs	r0, r4
10003b30:	2201      	movs	r2, #1
10003b32:	0029      	movs	r1, r5
10003b34:	f7ff fec4 	bl	100038c0 <stdio_out_chars_crlf>
10003b38:	6924      	ldr	r4, [r4, #16]
10003b3a:	2c00      	cmp	r4, #0
10003b3c:	d1ef      	bne.n	10003b1e <__wrap_putchar+0x4a>
10003b3e:	464b      	mov	r3, r9
10003b40:	2b00      	cmp	r3, #0
10003b42:	d105      	bne.n	10003b50 <__wrap_putchar+0x7c>
10003b44:	0030      	movs	r0, r6
10003b46:	b003      	add	sp, #12
10003b48:	bcc0      	pop	{r6, r7}
10003b4a:	46b9      	mov	r9, r7
10003b4c:	46b0      	mov	r8, r6
10003b4e:	bdf0      	pop	{r4, r5, r6, r7, pc}
10003b50:	4640      	mov	r0, r8
10003b52:	f004 f805 	bl	10007b60 <__mutex_exit_veneer>
10003b56:	e7f5      	b.n	10003b44 <__wrap_putchar+0x70>
10003b58:	000f4240 	.word	0x000f4240
10003b5c:	7fffffff 	.word	0x7fffffff
10003b60:	20000568 	.word	0x20000568
10003b64:	20001284 	.word	0x20001284
10003b68:	20001288 	.word	0x20001288

10003b6c <__wrap_puts>:
10003b6c:	b570      	push	{r4, r5, r6, lr}
10003b6e:	0004      	movs	r4, r0
10003b70:	f003 ff4c 	bl	10007a0c <strlen>
10003b74:	2301      	movs	r3, #1
10003b76:	0001      	movs	r1, r0
10003b78:	0005      	movs	r5, r0
10003b7a:	2201      	movs	r2, #1
10003b7c:	0020      	movs	r0, r4
10003b7e:	f7ff ff29 	bl	100039d4 <stdio_put_string>
10003b82:	4b08      	ldr	r3, [pc, #32]	@ (10003ba4 <__wrap_puts+0x38>)
10003b84:	681c      	ldr	r4, [r3, #0]
10003b86:	2c00      	cmp	r4, #0
10003b88:	d006      	beq.n	10003b98 <__wrap_puts+0x2c>
10003b8a:	6863      	ldr	r3, [r4, #4]
10003b8c:	2b00      	cmp	r3, #0
10003b8e:	d005      	beq.n	10003b9c <__wrap_puts+0x30>
10003b90:	4798      	blx	r3
10003b92:	6924      	ldr	r4, [r4, #16]
10003b94:	2c00      	cmp	r4, #0
10003b96:	d1f8      	bne.n	10003b8a <__wrap_puts+0x1e>
10003b98:	0028      	movs	r0, r5
10003b9a:	bd70      	pop	{r4, r5, r6, pc}
10003b9c:	6924      	ldr	r4, [r4, #16]
10003b9e:	2c00      	cmp	r4, #0
10003ba0:	d1f3      	bne.n	10003b8a <__wrap_puts+0x1e>
10003ba2:	e7f9      	b.n	10003b98 <__wrap_puts+0x2c>
10003ba4:	20001284 	.word	0x20001284

10003ba8 <__wrap_vprintf>:
10003ba8:	b5f0      	push	{r4, r5, r6, r7, lr}
10003baa:	46ce      	mov	lr, r9
10003bac:	4647      	mov	r7, r8
10003bae:	b580      	push	{r7, lr}
10003bb0:	b0a3      	sub	sp, #140	@ 0x8c
10003bb2:	0004      	movs	r4, r0
10003bb4:	000d      	movs	r5, r1
10003bb6:	f7fd fc69 	bl	1000148c <time_us_64>
10003bba:	2300      	movs	r3, #0
10003bbc:	4a29      	ldr	r2, [pc, #164]	@ (10003c64 <__wrap_vprintf+0xbc>)
10003bbe:	1812      	adds	r2, r2, r0
10003bc0:	414b      	adcs	r3, r1
10003bc2:	2180      	movs	r1, #128	@ 0x80
10003bc4:	0609      	lsls	r1, r1, #24
10003bc6:	428b      	cmp	r3, r1
10003bc8:	d302      	bcc.n	10003bd0 <__wrap_vprintf+0x28>
10003bca:	2201      	movs	r2, #1
10003bcc:	4b26      	ldr	r3, [pc, #152]	@ (10003c68 <__wrap_vprintf+0xc0>)
10003bce:	4252      	negs	r2, r2
10003bd0:	4f26      	ldr	r7, [pc, #152]	@ (10003c6c <__wrap_vprintf+0xc4>)
10003bd2:	0038      	movs	r0, r7
10003bd4:	f003 ffac 	bl	10007b30 <__mutex_try_enter_block_until_veneer>
10003bd8:	2300      	movs	r3, #0
10003bda:	0006      	movs	r6, r0
10003bdc:	9301      	str	r3, [sp, #4]
10003bde:	0022      	movs	r2, r4
10003be0:	002b      	movs	r3, r5
10003be2:	4823      	ldr	r0, [pc, #140]	@ (10003c70 <__wrap_vprintf+0xc8>)
10003be4:	a901      	add	r1, sp, #4
10003be6:	f7ff fe1d 	bl	10003824 <vfctprintf>
10003bea:	9b01      	ldr	r3, [sp, #4]
10003bec:	4680      	mov	r8, r0
10003bee:	2b00      	cmp	r3, #0
10003bf0:	d114      	bne.n	10003c1c <__wrap_vprintf+0x74>
10003bf2:	4b20      	ldr	r3, [pc, #128]	@ (10003c74 <__wrap_vprintf+0xcc>)
10003bf4:	681c      	ldr	r4, [r3, #0]
10003bf6:	2c00      	cmp	r4, #0
10003bf8:	d006      	beq.n	10003c08 <__wrap_vprintf+0x60>
10003bfa:	6863      	ldr	r3, [r4, #4]
10003bfc:	2b00      	cmp	r3, #0
10003bfe:	d00b      	beq.n	10003c18 <__wrap_vprintf+0x70>
10003c00:	4798      	blx	r3
10003c02:	6924      	ldr	r4, [r4, #16]
10003c04:	2c00      	cmp	r4, #0
10003c06:	d1f8      	bne.n	10003bfa <__wrap_vprintf+0x52>
10003c08:	2e00      	cmp	r6, #0
10003c0a:	d125      	bne.n	10003c58 <__wrap_vprintf+0xb0>
10003c0c:	4640      	mov	r0, r8
10003c0e:	b023      	add	sp, #140	@ 0x8c
10003c10:	bcc0      	pop	{r6, r7}
10003c12:	46b9      	mov	r9, r7
10003c14:	46b0      	mov	r8, r6
10003c16:	bdf0      	pop	{r4, r5, r6, r7, pc}
10003c18:	6924      	ldr	r4, [r4, #16]
10003c1a:	e7ec      	b.n	10003bf6 <__wrap_vprintf+0x4e>
10003c1c:	4b15      	ldr	r3, [pc, #84]	@ (10003c74 <__wrap_vprintf+0xcc>)
10003c1e:	681d      	ldr	r5, [r3, #0]
10003c20:	4699      	mov	r9, r3
10003c22:	2d00      	cmp	r5, #0
10003c24:	d01c      	beq.n	10003c60 <__wrap_vprintf+0xb8>
10003c26:	4c14      	ldr	r4, [pc, #80]	@ (10003c78 <__wrap_vprintf+0xd0>)
10003c28:	e002      	b.n	10003c30 <__wrap_vprintf+0x88>
10003c2a:	692d      	ldr	r5, [r5, #16]
10003c2c:	2d00      	cmp	r5, #0
10003c2e:	d00f      	beq.n	10003c50 <__wrap_vprintf+0xa8>
10003c30:	682b      	ldr	r3, [r5, #0]
10003c32:	2b00      	cmp	r3, #0
10003c34:	d0f9      	beq.n	10003c2a <__wrap_vprintf+0x82>
10003c36:	6823      	ldr	r3, [r4, #0]
10003c38:	2b00      	cmp	r3, #0
10003c3a:	d001      	beq.n	10003c40 <__wrap_vprintf+0x98>
10003c3c:	42ab      	cmp	r3, r5
10003c3e:	d1f4      	bne.n	10003c2a <__wrap_vprintf+0x82>
10003c40:	0028      	movs	r0, r5
10003c42:	9a01      	ldr	r2, [sp, #4]
10003c44:	a902      	add	r1, sp, #8
10003c46:	f7ff fe3b 	bl	100038c0 <stdio_out_chars_crlf>
10003c4a:	692d      	ldr	r5, [r5, #16]
10003c4c:	2d00      	cmp	r5, #0
10003c4e:	d1ef      	bne.n	10003c30 <__wrap_vprintf+0x88>
10003c50:	464b      	mov	r3, r9
10003c52:	9501      	str	r5, [sp, #4]
10003c54:	681c      	ldr	r4, [r3, #0]
10003c56:	e7ce      	b.n	10003bf6 <__wrap_vprintf+0x4e>
10003c58:	0038      	movs	r0, r7
10003c5a:	f003 ff81 	bl	10007b60 <__mutex_exit_veneer>
10003c5e:	e7d5      	b.n	10003c0c <__wrap_vprintf+0x64>
10003c60:	9501      	str	r5, [sp, #4]
10003c62:	e7d1      	b.n	10003c08 <__wrap_vprintf+0x60>
10003c64:	000f4240 	.word	0x000f4240
10003c68:	7fffffff 	.word	0x7fffffff
10003c6c:	20000568 	.word	0x20000568
10003c70:	1000397d 	.word	0x1000397d
10003c74:	20001284 	.word	0x20001284
10003c78:	20001288 	.word	0x20001288

10003c7c <__wrap_printf>:
10003c7c:	b40f      	push	{r0, r1, r2, r3}
10003c7e:	b500      	push	{lr}
10003c80:	b083      	sub	sp, #12
10003c82:	a904      	add	r1, sp, #16
10003c84:	c901      	ldmia	r1!, {r0}
10003c86:	9101      	str	r1, [sp, #4]
10003c88:	f7ff ff8e 	bl	10003ba8 <__wrap_vprintf>
10003c8c:	b003      	add	sp, #12
10003c8e:	bc08      	pop	{r3}
10003c90:	b004      	add	sp, #16
10003c92:	4718      	bx	r3

10003c94 <cyw43_arch_set_async_context>:
10003c94:	4b01      	ldr	r3, [pc, #4]	@ (10003c9c <cyw43_arch_set_async_context+0x8>)
10003c96:	6018      	str	r0, [r3, #0]
10003c98:	4770      	bx	lr
10003c9a:	46c0      	nop			@ (mov r8, r8)
10003c9c:	20000840 	.word	0x20000840

10003ca0 <cyw43_arch_gpio_put>:
10003ca0:	b510      	push	{r4, lr}
10003ca2:	4b03      	ldr	r3, [pc, #12]	@ (10003cb0 <cyw43_arch_gpio_put+0x10>)
10003ca4:	000a      	movs	r2, r1
10003ca6:	0001      	movs	r1, r0
10003ca8:	0018      	movs	r0, r3
10003caa:	f003 f81b 	bl	10006ce4 <cyw43_gpio_set>
10003cae:	bd10      	pop	{r4, pc}
10003cb0:	200009a8 	.word	0x200009a8

10003cb4 <cyw43_arch_async_context>:
10003cb4:	4b01      	ldr	r3, [pc, #4]	@ (10003cbc <cyw43_arch_async_context+0x8>)
10003cb6:	6818      	ldr	r0, [r3, #0]
10003cb8:	4770      	bx	lr
10003cba:	46c0      	nop			@ (mov r8, r8)
10003cbc:	20000840 	.word	0x20000840

10003cc0 <cyw43_arch_init>:
10003cc0:	b510      	push	{r4, lr}
10003cc2:	b082      	sub	sp, #8
10003cc4:	f7ff fff6 	bl	10003cb4 <cyw43_arch_async_context>
10003cc8:	2800      	cmp	r0, #0
10003cca:	d007      	beq.n	10003cdc <cyw43_arch_init+0x1c>
10003ccc:	f003 fad0 	bl	10007270 <cyw43_driver_init>
10003cd0:	0003      	movs	r3, r0
10003cd2:	2000      	movs	r0, #0
10003cd4:	2b00      	cmp	r3, #0
10003cd6:	d010      	beq.n	10003cfa <cyw43_arch_init+0x3a>
10003cd8:	b002      	add	sp, #8
10003cda:	bd10      	pop	{r4, pc}
10003cdc:	4668      	mov	r0, sp
10003cde:	f003 fd27 	bl	10007730 <async_context_threadsafe_background_default_config>
10003ce2:	4c0f      	ldr	r4, [pc, #60]	@ (10003d20 <cyw43_arch_init+0x60>)
10003ce4:	4669      	mov	r1, sp
10003ce6:	0020      	movs	r0, r4
10003ce8:	f003 fd28 	bl	1000773c <async_context_threadsafe_background_init>
10003cec:	2800      	cmp	r0, #0
10003cee:	d013      	beq.n	10003d18 <cyw43_arch_init+0x58>
10003cf0:	0020      	movs	r0, r4
10003cf2:	f7ff ffcf 	bl	10003c94 <cyw43_arch_set_async_context>
10003cf6:	0020      	movs	r0, r4
10003cf8:	e7e8      	b.n	10003ccc <cyw43_arch_init+0xc>
10003cfa:	f7ff ffdb 	bl	10003cb4 <cyw43_arch_async_context>
10003cfe:	0004      	movs	r4, r0
10003d00:	f003 fad2 	bl	100072a8 <cyw43_driver_deinit>
10003d04:	4b06      	ldr	r3, [pc, #24]	@ (10003d20 <cyw43_arch_init+0x60>)
10003d06:	429c      	cmp	r4, r3
10003d08:	d106      	bne.n	10003d18 <cyw43_arch_init+0x58>
10003d0a:	6823      	ldr	r3, [r4, #0]
10003d0c:	0020      	movs	r0, r4
10003d0e:	6b5b      	ldr	r3, [r3, #52]	@ 0x34
10003d10:	4798      	blx	r3
10003d12:	2000      	movs	r0, #0
10003d14:	f7ff ffbe 	bl	10003c94 <cyw43_arch_set_async_context>
10003d18:	2001      	movs	r0, #1
10003d1a:	4240      	negs	r0, r0
10003d1c:	e7dc      	b.n	10003cd8 <cyw43_arch_init+0x18>
10003d1e:	46c0      	nop			@ (mov r8, r8)
10003d20:	20000570 	.word	0x20000570

10003d24 <_retrieve_unique_id_on_boot>:
10003d24:	b510      	push	{r4, lr}
10003d26:	4802      	ldr	r0, [pc, #8]	@ (10003d30 <_retrieve_unique_id_on_boot+0xc>)
10003d28:	f000 f80c 	bl	10003d44 <flash_get_unique_id>
10003d2c:	bd10      	pop	{r4, pc}
10003d2e:	46c0      	nop			@ (mov r8, r8)
10003d30:	200012a8 	.word	0x200012a8

10003d34 <pico_get_unique_board_id>:
10003d34:	b510      	push	{r4, lr}
10003d36:	2208      	movs	r2, #8
10003d38:	4901      	ldr	r1, [pc, #4]	@ (10003d40 <pico_get_unique_board_id+0xc>)
10003d3a:	f7fe fa7b 	bl	10002234 <__wrap___aeabi_memcpy>
10003d3e:	bd10      	pop	{r4, pc}
10003d40:	200012a8 	.word	0x200012a8

10003d44 <flash_get_unique_id>:
10003d44:	b530      	push	{r4, r5, lr}
10003d46:	2500      	movs	r5, #0
10003d48:	b089      	sub	sp, #36	@ 0x24
10003d4a:	0004      	movs	r4, r0
10003d4c:	2209      	movs	r2, #9
10003d4e:	2100      	movs	r1, #0
10003d50:	a801      	add	r0, sp, #4
10003d52:	9500      	str	r5, [sp, #0]
10003d54:	f7fe fa68 	bl	10002228 <__wrap_memset>
10003d58:	2209      	movs	r2, #9
10003d5a:	2100      	movs	r1, #0
10003d5c:	a805      	add	r0, sp, #20
10003d5e:	9504      	str	r5, [sp, #16]
10003d60:	f7fe fa62 	bl	10002228 <__wrap_memset>
10003d64:	466a      	mov	r2, sp
10003d66:	234b      	movs	r3, #75	@ 0x4b
10003d68:	4668      	mov	r0, sp
10003d6a:	7013      	strb	r3, [r2, #0]
10003d6c:	a904      	add	r1, sp, #16
10003d6e:	2300      	movs	r3, #0
10003d70:	220d      	movs	r2, #13
10003d72:	f003 feb5 	bl	10007ae0 <__flash_do_cmd_cs_veneer>
10003d76:	2115      	movs	r1, #21
10003d78:	2208      	movs	r2, #8
10003d7a:	0020      	movs	r0, r4
10003d7c:	4469      	add	r1, sp
10003d7e:	f7fe fa59 	bl	10002234 <__wrap___aeabi_memcpy>
10003d82:	b009      	add	sp, #36	@ 0x24
10003d84:	bd30      	pop	{r4, r5, pc}
10003d86:	46c0      	nop			@ (mov r8, r8)

10003d88 <ns_delay.constprop.0>:
10003d88:	b510      	push	{r4, lr}
10003d8a:	2005      	movs	r0, #5
10003d8c:	f7fd fc86 	bl	1000169c <clock_get_hz>
10003d90:	0c03      	lsrs	r3, r0, #16
10003d92:	2064      	movs	r0, #100	@ 0x64
10003d94:	4903      	ldr	r1, [pc, #12]	@ (10003da4 <ns_delay.constprop.0+0x1c>)
10003d96:	4358      	muls	r0, r3
10003d98:	f7fd fe7e 	bl	10001a98 <__wrap___aeabi_uidiv>
10003d9c:	3803      	subs	r0, #3
10003d9e:	d2fd      	bcs.n	10003d9c <ns_delay.constprop.0+0x14>
10003da0:	bd10      	pop	{r4, pc}
10003da2:	46c0      	nop			@ (mov r8, r8)
10003da4:	00003b9a 	.word	0x00003b9a

10003da8 <cyw43_spi_deinit>:
10003da8:	4b18      	ldr	r3, [pc, #96]	@ (10003e0c <cyw43_spi_deinit+0x64>)
10003daa:	b570      	push	{r4, r5, r6, lr}
10003dac:	58c4      	ldr	r4, [r0, r3]
10003dae:	0005      	movs	r5, r0
10003db0:	2c00      	cmp	r4, #0
10003db2:	d014      	beq.n	10003dde <cyw43_spi_deinit+0x36>
10003db4:	6821      	ldr	r1, [r4, #0]
10003db6:	2900      	cmp	r1, #0
10003db8:	d006      	beq.n	10003dc8 <cyw43_spi_deinit+0x20>
10003dba:	6863      	ldr	r3, [r4, #4]
10003dbc:	68a2      	ldr	r2, [r4, #8]
10003dbe:	4814      	ldr	r0, [pc, #80]	@ (10003e10 <cyw43_spi_deinit+0x68>)
10003dc0:	f003 f950 	bl	10007064 <pio_remove_program_and_unclaim_sm>
10003dc4:	2300      	movs	r3, #0
10003dc6:	6023      	str	r3, [r4, #0]
10003dc8:	200c      	movs	r0, #12
10003dca:	5620      	ldrsb	r0, [r4, r0]
10003dcc:	2800      	cmp	r0, #0
10003dce:	da10      	bge.n	10003df2 <cyw43_spi_deinit+0x4a>
10003dd0:	200d      	movs	r0, #13
10003dd2:	5620      	ldrsb	r0, [r4, r0]
10003dd4:	2800      	cmp	r0, #0
10003dd6:	da03      	bge.n	10003de0 <cyw43_spi_deinit+0x38>
10003dd8:	2200      	movs	r2, #0
10003dda:	4b0c      	ldr	r3, [pc, #48]	@ (10003e0c <cyw43_spi_deinit+0x64>)
10003ddc:	50ea      	str	r2, [r5, r3]
10003dde:	bd70      	pop	{r4, r5, r6, pc}
10003de0:	f003 f97c 	bl	100070dc <dma_channel_cleanup>
10003de4:	200d      	movs	r0, #13
10003de6:	5620      	ldrsb	r0, [r4, r0]
10003de8:	f003 f95c 	bl	100070a4 <dma_channel_unclaim>
10003dec:	23ff      	movs	r3, #255	@ 0xff
10003dee:	7363      	strb	r3, [r4, #13]
10003df0:	e7f2      	b.n	10003dd8 <cyw43_spi_deinit+0x30>
10003df2:	f003 f973 	bl	100070dc <dma_channel_cleanup>
10003df6:	200c      	movs	r0, #12
10003df8:	5620      	ldrsb	r0, [r4, r0]
10003dfa:	f003 f953 	bl	100070a4 <dma_channel_unclaim>
10003dfe:	23ff      	movs	r3, #255	@ 0xff
10003e00:	200d      	movs	r0, #13
10003e02:	7323      	strb	r3, [r4, #12]
10003e04:	5620      	ldrsb	r0, [r4, r0]
10003e06:	2800      	cmp	r0, #0
10003e08:	dbe6      	blt.n	10003dd8 <cyw43_spi_deinit+0x30>
10003e0a:	e7e9      	b.n	10003de0 <cyw43_spi_deinit+0x38>
10003e0c:	0000084c 	.word	0x0000084c
10003e10:	10007ee8 	.word	0x10007ee8

10003e14 <cyw43_spi_init>:
10003e14:	b5f0      	push	{r4, r5, r6, r7, lr}
10003e16:	46c6      	mov	lr, r8
10003e18:	4c3f      	ldr	r4, [pc, #252]	@ (10003f18 <cyw43_spi_init+0x104>)
10003e1a:	4b40      	ldr	r3, [pc, #256]	@ (10003f1c <cyw43_spi_init+0x108>)
10003e1c:	b500      	push	{lr}
10003e1e:	50c4      	str	r4, [r0, r3]
10003e20:	2300      	movs	r3, #0
10003e22:	2106      	movs	r1, #6
10003e24:	0022      	movs	r2, r4
10003e26:	2601      	movs	r6, #1
10003e28:	b084      	sub	sp, #16
10003e2a:	6023      	str	r3, [r4, #0]
10003e2c:	3b01      	subs	r3, #1
10003e2e:	81a3      	strh	r3, [r4, #12]
10003e30:	9101      	str	r1, [sp, #4]
10003e32:	3112      	adds	r1, #18
10003e34:	0005      	movs	r5, r0
10003e36:	9100      	str	r1, [sp, #0]
10003e38:	4839      	ldr	r0, [pc, #228]	@ (10003f20 <cyw43_spi_init+0x10c>)
10003e3a:	0021      	movs	r1, r4
10003e3c:	1d23      	adds	r3, r4, #4
10003e3e:	3208      	adds	r2, #8
10003e40:	9602      	str	r6, [sp, #8]
10003e42:	f003 f901 	bl	10007048 <pio_claim_free_sm_and_add_program_for_gpio_range>
10003e46:	2800      	cmp	r0, #0
10003e48:	d060      	beq.n	10003f0c <cyw43_spi_init+0xf8>
10003e4a:	6863      	ldr	r3, [r4, #4]
10003e4c:	4935      	ldr	r1, [pc, #212]	@ (10003f24 <cyw43_spi_init+0x110>)
10003e4e:	1d5f      	adds	r7, r3, #5
10003e50:	033f      	lsls	r7, r7, #12
10003e52:	01db      	lsls	r3, r3, #7
10003e54:	431f      	orrs	r7, r3
10003e56:	4b34      	ldr	r3, [pc, #208]	@ (10003f28 <cyw43_spi_init+0x114>)
10003e58:	680a      	ldr	r2, [r1, #0]
10003e5a:	401f      	ands	r7, r3
10003e5c:	2330      	movs	r3, #48	@ 0x30
10003e5e:	4393      	bics	r3, r2
10003e60:	4a32      	ldr	r2, [pc, #200]	@ (10003f2c <cyw43_spi_init+0x118>)
10003e62:	6820      	ldr	r0, [r4, #0]
10003e64:	6013      	str	r3, [r2, #0]
10003e66:	680b      	ldr	r3, [r1, #0]
10003e68:	0031      	movs	r1, r6
10003e6a:	4399      	bics	r1, r3
10003e6c:	6011      	str	r1, [r2, #0]
10003e6e:	2280      	movs	r2, #128	@ 0x80
10003e70:	2300      	movs	r3, #0
10003e72:	0452      	lsls	r2, r2, #17
10003e74:	9200      	str	r2, [sp, #0]
10003e76:	9301      	str	r3, [sp, #4]
10003e78:	f002 ffda 	bl	10006e30 <pio_set_input_sync_bypass_with_mask64>
10003e7c:	68a1      	ldr	r1, [r4, #8]
10003e7e:	6820      	ldr	r0, [r4, #0]
10003e80:	004b      	lsls	r3, r1, #1
10003e82:	185b      	adds	r3, r3, r1
10003e84:	00db      	lsls	r3, r3, #3
10003e86:	18c3      	adds	r3, r0, r3
10003e88:	46b8      	mov	r8, r7
10003e8a:	001a      	movs	r2, r3
10003e8c:	2780      	movs	r7, #128	@ 0x80
10003e8e:	32c8      	adds	r2, #200	@ 0xc8
10003e90:	02bf      	lsls	r7, r7, #10
10003e92:	6017      	str	r7, [r2, #0]
10003e94:	27c0      	movs	r7, #192	@ 0xc0
10003e96:	02bf      	lsls	r7, r7, #10
10003e98:	6097      	str	r7, [r2, #8]
10003e9a:	4647      	mov	r7, r8
10003e9c:	3204      	adds	r2, #4
10003e9e:	6017      	str	r7, [r2, #0]
10003ea0:	4a23      	ldr	r2, [pc, #140]	@ (10003f30 <cyw43_spi_init+0x11c>)
10003ea2:	33dc      	adds	r3, #220	@ 0xdc
10003ea4:	601a      	str	r2, [r3, #0]
10003ea6:	221d      	movs	r2, #29
10003ea8:	2301      	movs	r3, #1
10003eaa:	9600      	str	r6, [sp, #0]
10003eac:	f002 ffcc 	bl	10006e48 <pio_sm_set_consecutive_pindirs>
10003eb0:	4b20      	ldr	r3, [pc, #128]	@ (10003f34 <cyw43_spi_init+0x120>)
10003eb2:	6821      	ldr	r1, [r4, #0]
10003eb4:	469c      	mov	ip, r3
10003eb6:	4461      	add	r1, ip
10003eb8:	0d09      	lsrs	r1, r1, #20
10003eba:	3106      	adds	r1, #6
10003ebc:	2018      	movs	r0, #24
10003ebe:	b2c9      	uxtb	r1, r1
10003ec0:	f7fc f9f8 	bl	100002b4 <gpio_set_function>
10003ec4:	2201      	movs	r2, #1
10003ec6:	2100      	movs	r1, #0
10003ec8:	2018      	movs	r0, #24
10003eca:	f7fc fa0d 	bl	100002e8 <gpio_set_pulls>
10003ece:	2101      	movs	r1, #1
10003ed0:	2018      	movs	r0, #24
10003ed2:	f7fc fa1d 	bl	10000310 <gpio_set_input_hysteresis_enabled>
10003ed6:	68a1      	ldr	r1, [r4, #8]
10003ed8:	6823      	ldr	r3, [r4, #0]
10003eda:	004a      	lsls	r2, r1, #1
10003edc:	1852      	adds	r2, r2, r1
10003ede:	00d2      	lsls	r2, r2, #3
10003ee0:	189b      	adds	r3, r3, r2
10003ee2:	4a15      	ldr	r2, [pc, #84]	@ (10003f38 <cyw43_spi_init+0x124>)
10003ee4:	33d8      	adds	r3, #216	@ 0xd8
10003ee6:	601a      	str	r2, [r3, #0]
10003ee8:	2000      	movs	r0, #0
10003eea:	f003 f8e5 	bl	100070b8 <dma_claim_unused_channel>
10003eee:	7320      	strb	r0, [r4, #12]
10003ef0:	2000      	movs	r0, #0
10003ef2:	f003 f8e1 	bl	100070b8 <dma_claim_unused_channel>
10003ef6:	7b23      	ldrb	r3, [r4, #12]
10003ef8:	b240      	sxtb	r0, r0
10003efa:	7360      	strb	r0, [r4, #13]
10003efc:	4318      	orrs	r0, r3
10003efe:	0600      	lsls	r0, r0, #24
10003f00:	d404      	bmi.n	10003f0c <cyw43_spi_init+0xf8>
10003f02:	2000      	movs	r0, #0
10003f04:	b004      	add	sp, #16
10003f06:	bc80      	pop	{r7}
10003f08:	46b8      	mov	r8, r7
10003f0a:	bdf0      	pop	{r4, r5, r6, r7, pc}
10003f0c:	0028      	movs	r0, r5
10003f0e:	f7ff ff4b 	bl	10003da8 <cyw43_spi_deinit>
10003f12:	2006      	movs	r0, #6
10003f14:	4240      	negs	r0, r0
10003f16:	e7f5      	b.n	10003f04 <cyw43_spi_init+0xf0>
10003f18:	2000095c 	.word	0x2000095c
10003f1c:	0000084c 	.word	0x0000084c
10003f20:	10007ee8 	.word	0x10007ee8
10003f24:	4001c078 	.word	0x4001c078
10003f28:	9fffffff 	.word	0x9fffffff
10003f2c:	4001d078 	.word	0x4001d078
10003f30:	241c7718 	.word	0x241c7718
10003f34:	afe00000 	.word	0xafe00000
10003f38:	0000e001 	.word	0x0000e001

10003f3c <cyw43_spi_transfer>:
10003f3c:	b5f0      	push	{r4, r5, r6, r7, lr}
10003f3e:	464e      	mov	r6, r9
10003f40:	4645      	mov	r5, r8
10003f42:	46de      	mov	lr, fp
10003f44:	4657      	mov	r7, sl
10003f46:	b5e0      	push	{r5, r6, r7, lr}
10003f48:	4689      	mov	r9, r1
10003f4a:	0016      	movs	r6, r2
10003f4c:	4698      	mov	r8, r3
10003f4e:	b089      	sub	sp, #36	@ 0x24
10003f50:	2900      	cmp	r1, #0
10003f52:	d100      	bne.n	10003f56 <cyw43_spi_transfer+0x1a>
10003f54:	e124      	b.n	100041a0 <cyw43_spi_transfer+0x264>
10003f56:	4b96      	ldr	r3, [pc, #600]	@ (100041b0 <cyw43_spi_transfer+0x274>)
10003f58:	58c4      	ldr	r4, [r0, r3]
10003f5a:	4b96      	ldr	r3, [pc, #600]	@ (100041b4 <cyw43_spi_transfer+0x278>)
10003f5c:	6821      	ldr	r1, [r4, #0]
10003f5e:	469c      	mov	ip, r3
10003f60:	4461      	add	r1, ip
10003f62:	0d09      	lsrs	r1, r1, #20
10003f64:	3106      	adds	r1, #6
10003f66:	2018      	movs	r0, #24
10003f68:	b2c9      	uxtb	r1, r1
10003f6a:	f7fc f9a3 	bl	100002b4 <gpio_set_function>
10003f6e:	4b91      	ldr	r3, [pc, #580]	@ (100041b4 <cyw43_spi_transfer+0x278>)
10003f70:	6821      	ldr	r1, [r4, #0]
10003f72:	469c      	mov	ip, r3
10003f74:	4461      	add	r1, ip
10003f76:	0d09      	lsrs	r1, r1, #20
10003f78:	3106      	adds	r1, #6
10003f7a:	201d      	movs	r0, #29
10003f7c:	b2c9      	uxtb	r1, r1
10003f7e:	f7fc f999 	bl	100002b4 <gpio_set_function>
10003f82:	2201      	movs	r2, #1
10003f84:	2100      	movs	r1, #0
10003f86:	201d      	movs	r0, #29
10003f88:	f7fc f9ae 	bl	100002e8 <gpio_set_pulls>
10003f8c:	23d0      	movs	r3, #208	@ 0xd0
10003f8e:	2280      	movs	r2, #128	@ 0x80
10003f90:	061b      	lsls	r3, r3, #24
10003f92:	0492      	lsls	r2, r2, #18
10003f94:	619a      	str	r2, [r3, #24]
10003f96:	4643      	mov	r3, r8
10003f98:	2b00      	cmp	r3, #0
10003f9a:	d100      	bne.n	10003f9e <cyw43_spi_transfer+0x62>
10003f9c:	e122      	b.n	100041e4 <cyw43_spi_transfer+0x2a8>
10003f9e:	464b      	mov	r3, r9
10003fa0:	2b00      	cmp	r3, #0
10003fa2:	d100      	bne.n	10003fa6 <cyw43_spi_transfer+0x6a>
10003fa4:	e0fa      	b.n	1000419c <cyw43_spi_transfer+0x260>
10003fa6:	2501      	movs	r5, #1
10003fa8:	002a      	movs	r2, r5
10003faa:	68a1      	ldr	r1, [r4, #8]
10003fac:	6820      	ldr	r0, [r4, #0]
10003fae:	408a      	lsls	r2, r1
10003fb0:	6803      	ldr	r3, [r0, #0]
10003fb2:	4393      	bics	r3, r2
10003fb4:	6003      	str	r3, [r0, #0]
10003fb6:	6863      	ldr	r3, [r4, #4]
10003fb8:	469c      	mov	ip, r3
10003fba:	004b      	lsls	r3, r1, #1
10003fbc:	185b      	adds	r3, r3, r1
10003fbe:	00db      	lsls	r3, r3, #3
10003fc0:	18c7      	adds	r7, r0, r3
10003fc2:	37cc      	adds	r7, #204	@ 0xcc
10003fc4:	9303      	str	r3, [sp, #12]
10003fc6:	683b      	ldr	r3, [r7, #0]
10003fc8:	469a      	mov	sl, r3
10003fca:	4663      	mov	r3, ip
10003fcc:	1d5a      	adds	r2, r3, #5
10003fce:	4b7a      	ldr	r3, [pc, #488]	@ (100041b8 <cyw43_spi_transfer+0x27c>)
10003fd0:	0312      	lsls	r2, r2, #12
10003fd2:	469b      	mov	fp, r3
10003fd4:	9204      	str	r2, [sp, #16]
10003fd6:	4653      	mov	r3, sl
10003fd8:	465a      	mov	r2, fp
10003fda:	4013      	ands	r3, r2
10003fdc:	9a04      	ldr	r2, [sp, #16]
10003fde:	431a      	orrs	r2, r3
10003fe0:	4663      	mov	r3, ip
10003fe2:	01db      	lsls	r3, r3, #7
10003fe4:	431a      	orrs	r2, r3
10003fe6:	603a      	str	r2, [r7, #0]
10003fe8:	4a74      	ldr	r2, [pc, #464]	@ (100041bc <cyw43_spi_transfer+0x280>)
10003fea:	9b03      	ldr	r3, [sp, #12]
10003fec:	4694      	mov	ip, r2
10003fee:	2280      	movs	r2, #128	@ 0x80
10003ff0:	18c3      	adds	r3, r0, r3
10003ff2:	4463      	add	r3, ip
10003ff4:	0612      	lsls	r2, r2, #24
10003ff6:	601a      	str	r2, [r3, #0]
10003ff8:	601a      	str	r2, [r3, #0]
10003ffa:	2280      	movs	r2, #128	@ 0x80
10003ffc:	2300      	movs	r3, #0
10003ffe:	0452      	lsls	r2, r2, #17
10004000:	9200      	str	r2, [sp, #0]
10004002:	9301      	str	r3, [sp, #4]
10004004:	f002 febe 	bl	10006d84 <pio_sm_set_pindirs_with_mask64>
10004008:	0029      	movs	r1, r5
1000400a:	68a3      	ldr	r3, [r4, #8]
1000400c:	6827      	ldr	r7, [r4, #0]
1000400e:	1d1a      	adds	r2, r3, #4
10004010:	4091      	lsls	r1, r2
10004012:	4694      	mov	ip, r2
10004014:	2280      	movs	r2, #128	@ 0x80
10004016:	0192      	lsls	r2, r2, #6
10004018:	18ba      	adds	r2, r7, r2
1000401a:	6011      	str	r1, [r2, #0]
1000401c:	0019      	movs	r1, r3
1000401e:	0028      	movs	r0, r5
10004020:	3108      	adds	r1, #8
10004022:	4088      	lsls	r0, r1
10004024:	0099      	lsls	r1, r3, #2
10004026:	6010      	str	r0, [r2, #0]
10004028:	00f2      	lsls	r2, r6, #3
1000402a:	1879      	adds	r1, r7, r1
1000402c:	3a01      	subs	r2, #1
1000402e:	610a      	str	r2, [r1, #16]
10004030:	005a      	lsls	r2, r3, #1
10004032:	18d2      	adds	r2, r2, r3
10004034:	00d2      	lsls	r2, r2, #3
10004036:	4862      	ldr	r0, [pc, #392]	@ (100041c0 <cyw43_spi_transfer+0x284>)
10004038:	18ba      	adds	r2, r7, r2
1000403a:	32d8      	adds	r2, #216	@ 0xd8
1000403c:	6010      	str	r0, [r2, #0]
1000403e:	9812      	ldr	r0, [sp, #72]	@ 0x48
10004040:	1b80      	subs	r0, r0, r6
10004042:	00c0      	lsls	r0, r0, #3
10004044:	3801      	subs	r0, #1
10004046:	6108      	str	r0, [r1, #16]
10004048:	201f      	movs	r0, #31
1000404a:	495e      	ldr	r1, [pc, #376]	@ (100041c4 <cyw43_spi_transfer+0x288>)
1000404c:	6011      	str	r1, [r2, #0]
1000404e:	6861      	ldr	r1, [r4, #4]
10004050:	4001      	ands	r1, r0
10004052:	6011      	str	r1, [r2, #0]
10004054:	21a0      	movs	r1, #160	@ 0xa0
10004056:	220c      	movs	r2, #12
10004058:	05c9      	lsls	r1, r1, #23
1000405a:	468a      	mov	sl, r1
1000405c:	56a2      	ldrsb	r2, [r4, r2]
1000405e:	4650      	mov	r0, sl
10004060:	4095      	lsls	r5, r2
10004062:	4959      	ldr	r1, [pc, #356]	@ (100041c8 <cyw43_spi_transfer+0x28c>)
10004064:	5045      	str	r5, [r0, r1]
10004066:	0191      	lsls	r1, r2, #6
10004068:	0008      	movs	r0, r1
1000406a:	2580      	movs	r5, #128	@ 0x80
1000406c:	4683      	mov	fp, r0
1000406e:	9107      	str	r1, [sp, #28]
10004070:	4956      	ldr	r1, [pc, #344]	@ (100041cc <cyw43_spi_transfer+0x290>)
10004072:	046d      	lsls	r5, r5, #17
10004074:	4459      	add	r1, fp
10004076:	6808      	ldr	r0, [r1, #0]
10004078:	4228      	tst	r0, r5
1000407a:	d1fc      	bne.n	10004076 <cyw43_spi_transfer+0x13a>
1000407c:	200d      	movs	r0, #13
1000407e:	2501      	movs	r5, #1
10004080:	5620      	ldrsb	r0, [r4, r0]
10004082:	4951      	ldr	r1, [pc, #324]	@ (100041c8 <cyw43_spi_transfer+0x28c>)
10004084:	4085      	lsls	r5, r0
10004086:	9003      	str	r0, [sp, #12]
10004088:	4650      	mov	r0, sl
1000408a:	5045      	str	r5, [r0, r1]
1000408c:	21a0      	movs	r1, #160	@ 0xa0
1000408e:	05c9      	lsls	r1, r1, #23
10004090:	468a      	mov	sl, r1
10004092:	494e      	ldr	r1, [pc, #312]	@ (100041cc <cyw43_spi_transfer+0x290>)
10004094:	9803      	ldr	r0, [sp, #12]
10004096:	468b      	mov	fp, r1
10004098:	0185      	lsls	r5, r0, #6
1000409a:	2180      	movs	r1, #128	@ 0x80
1000409c:	44aa      	add	sl, r5
1000409e:	445d      	add	r5, fp
100040a0:	469b      	mov	fp, r3
100040a2:	002b      	movs	r3, r5
100040a4:	0449      	lsls	r1, r1, #17
100040a6:	681d      	ldr	r5, [r3, #0]
100040a8:	420d      	tst	r5, r1
100040aa:	d1fc      	bne.n	100040a6 <cyw43_spi_transfer+0x16a>
100040ac:	465b      	mov	r3, fp
100040ae:	4941      	ldr	r1, [pc, #260]	@ (100041b4 <cyw43_spi_transfer+0x278>)
100040b0:	9003      	str	r0, [sp, #12]
100040b2:	187d      	adds	r5, r7, r1
100040b4:	0d2d      	lsrs	r5, r5, #20
100040b6:	00ed      	lsls	r5, r5, #3
100040b8:	1959      	adds	r1, r3, r5
100040ba:	03c9      	lsls	r1, r1, #15
100040bc:	468b      	mov	fp, r1
100040be:	4658      	mov	r0, fp
100040c0:	4943      	ldr	r1, [pc, #268]	@ (100041d0 <cyw43_spi_transfer+0x294>)
100040c2:	02d2      	lsls	r2, r2, #11
100040c4:	400a      	ands	r2, r1
100040c6:	4302      	orrs	r2, r0
100040c8:	4842      	ldr	r0, [pc, #264]	@ (100041d4 <cyw43_spi_transfer+0x298>)
100040ca:	9506      	str	r5, [sp, #24]
100040cc:	0001      	movs	r1, r0
100040ce:	20a0      	movs	r0, #160	@ 0xa0
100040d0:	4311      	orrs	r1, r2
100040d2:	05c0      	lsls	r0, r0, #23
100040d4:	4662      	mov	r2, ip
100040d6:	4683      	mov	fp, r0
100040d8:	4648      	mov	r0, r9
100040da:	9d07      	ldr	r5, [sp, #28]
100040dc:	0092      	lsls	r2, r2, #2
100040de:	445d      	add	r5, fp
100040e0:	9204      	str	r2, [sp, #16]
100040e2:	6028      	str	r0, [r5, #0]
100040e4:	9804      	ldr	r0, [sp, #16]
100040e6:	46b9      	mov	r9, r7
100040e8:	4683      	mov	fp, r0
100040ea:	44d9      	add	r9, fp
100040ec:	4648      	mov	r0, r9
100040ee:	9105      	str	r1, [sp, #20]
100040f0:	0029      	movs	r1, r5
100040f2:	08b2      	lsrs	r2, r6, #2
100040f4:	6068      	str	r0, [r5, #4]
100040f6:	60aa      	str	r2, [r5, #8]
100040f8:	9d05      	ldr	r5, [sp, #20]
100040fa:	60cd      	str	r5, [r1, #12]
100040fc:	9903      	ldr	r1, [sp, #12]
100040fe:	9d06      	ldr	r5, [sp, #24]
10004100:	02c8      	lsls	r0, r1, #11
10004102:	4933      	ldr	r1, [pc, #204]	@ (100041d0 <cyw43_spi_transfer+0x294>)
10004104:	4465      	add	r5, ip
10004106:	4008      	ands	r0, r1
10004108:	9912      	ldr	r1, [sp, #72]	@ 0x48
1000410a:	03ed      	lsls	r5, r5, #15
1000410c:	0889      	lsrs	r1, r1, #2
1000410e:	4305      	orrs	r5, r0
10004110:	1a8a      	subs	r2, r1, r2
10004112:	4831      	ldr	r0, [pc, #196]	@ (100041d8 <cyw43_spi_transfer+0x29c>)
10004114:	4659      	mov	r1, fp
10004116:	4328      	orrs	r0, r5
10004118:	4655      	mov	r5, sl
1000411a:	3110      	adds	r1, #16
1000411c:	1879      	adds	r1, r7, r1
1000411e:	6029      	str	r1, [r5, #0]
10004120:	4641      	mov	r1, r8
10004122:	1989      	adds	r1, r1, r6
10004124:	6069      	str	r1, [r5, #4]
10004126:	60aa      	str	r2, [r5, #8]
10004128:	2201      	movs	r2, #1
1000412a:	409a      	lsls	r2, r3
1000412c:	0013      	movs	r3, r2
1000412e:	60e8      	str	r0, [r5, #12]
10004130:	6839      	ldr	r1, [r7, #0]
10004132:	430b      	orrs	r3, r1
10004134:	603b      	str	r3, [r7, #0]
10004136:	220c      	movs	r2, #12
10004138:	4b28      	ldr	r3, [pc, #160]	@ (100041dc <cyw43_spi_transfer+0x2a0>)
1000413a:	2180      	movs	r1, #128	@ 0x80
1000413c:	469c      	mov	ip, r3
1000413e:	56a2      	ldrsb	r2, [r4, r2]
10004140:	0449      	lsls	r1, r1, #17
10004142:	0192      	lsls	r2, r2, #6
10004144:	4462      	add	r2, ip
10004146:	6813      	ldr	r3, [r2, #0]
10004148:	420b      	tst	r3, r1
1000414a:	d1fc      	bne.n	10004146 <cyw43_spi_transfer+0x20a>
1000414c:	220d      	movs	r2, #13
1000414e:	4b23      	ldr	r3, [pc, #140]	@ (100041dc <cyw43_spi_transfer+0x2a0>)
10004150:	2180      	movs	r1, #128	@ 0x80
10004152:	469c      	mov	ip, r3
10004154:	56a2      	ldrsb	r2, [r4, r2]
10004156:	0449      	lsls	r1, r1, #17
10004158:	0192      	lsls	r2, r2, #6
1000415a:	4462      	add	r2, ip
1000415c:	6813      	ldr	r3, [r2, #0]
1000415e:	420b      	tst	r3, r1
10004160:	d1fc      	bne.n	1000415c <cyw43_spi_transfer+0x220>
10004162:	2100      	movs	r1, #0
10004164:	0032      	movs	r2, r6
10004166:	4640      	mov	r0, r8
10004168:	f7fe f85e 	bl	10002228 <__wrap_memset>
1000416c:	68a1      	ldr	r1, [r4, #8]
1000416e:	6823      	ldr	r3, [r4, #0]
10004170:	004a      	lsls	r2, r1, #1
10004172:	1852      	adds	r2, r2, r1
10004174:	00d2      	lsls	r2, r2, #3
10004176:	189b      	adds	r3, r3, r2
10004178:	4a19      	ldr	r2, [pc, #100]	@ (100041e0 <cyw43_spi_transfer+0x2a4>)
1000417a:	33d8      	adds	r3, #216	@ 0xd8
1000417c:	601a      	str	r2, [r3, #0]
1000417e:	23d0      	movs	r3, #208	@ 0xd0
10004180:	2280      	movs	r2, #128	@ 0x80
10004182:	061b      	lsls	r3, r3, #24
10004184:	0492      	lsls	r2, r2, #18
10004186:	615a      	str	r2, [r3, #20]
10004188:	f7ff fdfe 	bl	10003d88 <ns_delay.constprop.0>
1000418c:	2000      	movs	r0, #0
1000418e:	b009      	add	sp, #36	@ 0x24
10004190:	bcf0      	pop	{r4, r5, r6, r7}
10004192:	46bb      	mov	fp, r7
10004194:	46b2      	mov	sl, r6
10004196:	46a9      	mov	r9, r5
10004198:	46a0      	mov	r8, r4
1000419a:	bdf0      	pop	{r4, r5, r6, r7, pc}
1000419c:	46c1      	mov	r9, r8
1000419e:	e702      	b.n	10003fa6 <cyw43_spi_transfer+0x6a>
100041a0:	4643      	mov	r3, r8
100041a2:	2b00      	cmp	r3, #0
100041a4:	d000      	beq.n	100041a8 <cyw43_spi_transfer+0x26c>
100041a6:	e6d6      	b.n	10003f56 <cyw43_spi_transfer+0x1a>
100041a8:	2005      	movs	r0, #5
100041aa:	4240      	negs	r0, r0
100041ac:	e7ef      	b.n	1000418e <cyw43_spi_transfer+0x252>
100041ae:	46c0      	nop			@ (mov r8, r8)
100041b0:	0000084c 	.word	0x0000084c
100041b4:	afe00000 	.word	0xafe00000
100041b8:	fffe007f 	.word	0xfffe007f
100041bc:	000010d0 	.word	0x000010d0
100041c0:	00006020 	.word	0x00006020
100041c4:	00006040 	.word	0x00006040
100041c8:	00000444 	.word	0x00000444
100041cc:	5000000c 	.word	0x5000000c
100041d0:	ff007ffd 	.word	0xff007ffd
100041d4:	00400019 	.word	0x00400019
100041d8:	00400029 	.word	0x00400029
100041dc:	50000010 	.word	0x50000010
100041e0:	0000a003 	.word	0x0000a003
100041e4:	464b      	mov	r3, r9
100041e6:	2b00      	cmp	r3, #0
100041e8:	d0c0      	beq.n	1000416c <cyw43_spi_transfer+0x230>
100041ea:	2701      	movs	r7, #1
100041ec:	003a      	movs	r2, r7
100041ee:	68a1      	ldr	r1, [r4, #8]
100041f0:	6820      	ldr	r0, [r4, #0]
100041f2:	408a      	lsls	r2, r1
100041f4:	6803      	ldr	r3, [r0, #0]
100041f6:	4393      	bics	r3, r2
100041f8:	6003      	str	r3, [r0, #0]
100041fa:	6863      	ldr	r3, [r4, #4]
100041fc:	469c      	mov	ip, r3
100041fe:	004b      	lsls	r3, r1, #1
10004200:	185b      	adds	r3, r3, r1
10004202:	00db      	lsls	r3, r3, #3
10004204:	18c5      	adds	r5, r0, r3
10004206:	35cc      	adds	r5, #204	@ 0xcc
10004208:	9303      	str	r3, [sp, #12]
1000420a:	682b      	ldr	r3, [r5, #0]
1000420c:	469a      	mov	sl, r3
1000420e:	4663      	mov	r3, ip
10004210:	1c5a      	adds	r2, r3, #1
10004212:	4b48      	ldr	r3, [pc, #288]	@ (10004334 <cyw43_spi_transfer+0x3f8>)
10004214:	0312      	lsls	r2, r2, #12
10004216:	469b      	mov	fp, r3
10004218:	9204      	str	r2, [sp, #16]
1000421a:	4653      	mov	r3, sl
1000421c:	465a      	mov	r2, fp
1000421e:	4013      	ands	r3, r2
10004220:	9a04      	ldr	r2, [sp, #16]
10004222:	431a      	orrs	r2, r3
10004224:	4663      	mov	r3, ip
10004226:	01db      	lsls	r3, r3, #7
10004228:	431a      	orrs	r2, r3
1000422a:	602a      	str	r2, [r5, #0]
1000422c:	4a42      	ldr	r2, [pc, #264]	@ (10004338 <cyw43_spi_transfer+0x3fc>)
1000422e:	9b03      	ldr	r3, [sp, #12]
10004230:	4694      	mov	ip, r2
10004232:	2280      	movs	r2, #128	@ 0x80
10004234:	18c3      	adds	r3, r0, r3
10004236:	4463      	add	r3, ip
10004238:	0612      	lsls	r2, r2, #24
1000423a:	601a      	str	r2, [r3, #0]
1000423c:	601a      	str	r2, [r3, #0]
1000423e:	2280      	movs	r2, #128	@ 0x80
10004240:	2300      	movs	r3, #0
10004242:	0452      	lsls	r2, r2, #17
10004244:	9200      	str	r2, [sp, #0]
10004246:	9301      	str	r3, [sp, #4]
10004248:	f002 fd9c 	bl	10006d84 <pio_sm_set_pindirs_with_mask64>
1000424c:	003a      	movs	r2, r7
1000424e:	68a0      	ldr	r0, [r4, #8]
10004250:	6821      	ldr	r1, [r4, #0]
10004252:	1d03      	adds	r3, r0, #4
10004254:	409a      	lsls	r2, r3
10004256:	469a      	mov	sl, r3
10004258:	2380      	movs	r3, #128	@ 0x80
1000425a:	019b      	lsls	r3, r3, #6
1000425c:	18cb      	adds	r3, r1, r3
1000425e:	601a      	str	r2, [r3, #0]
10004260:	0002      	movs	r2, r0
10004262:	003d      	movs	r5, r7
10004264:	3208      	adds	r2, #8
10004266:	4095      	lsls	r5, r2
10004268:	0082      	lsls	r2, r0, #2
1000426a:	601d      	str	r5, [r3, #0]
1000426c:	00f3      	lsls	r3, r6, #3
1000426e:	188a      	adds	r2, r1, r2
10004270:	3b01      	subs	r3, #1
10004272:	6113      	str	r3, [r2, #16]
10004274:	0043      	lsls	r3, r0, #1
10004276:	181b      	adds	r3, r3, r0
10004278:	00db      	lsls	r3, r3, #3
1000427a:	4d30      	ldr	r5, [pc, #192]	@ (1000433c <cyw43_spi_transfer+0x400>)
1000427c:	18cb      	adds	r3, r1, r3
1000427e:	33d8      	adds	r3, #216	@ 0xd8
10004280:	601d      	str	r5, [r3, #0]
10004282:	4645      	mov	r5, r8
10004284:	6115      	str	r5, [r2, #16]
10004286:	251f      	movs	r5, #31
10004288:	4a2d      	ldr	r2, [pc, #180]	@ (10004340 <cyw43_spi_transfer+0x404>)
1000428a:	601a      	str	r2, [r3, #0]
1000428c:	6862      	ldr	r2, [r4, #4]
1000428e:	402a      	ands	r2, r5
10004290:	601a      	str	r2, [r3, #0]
10004292:	230c      	movs	r3, #12
10004294:	56e3      	ldrsb	r3, [r4, r3]
10004296:	22a0      	movs	r2, #160	@ 0xa0
10004298:	409f      	lsls	r7, r3
1000429a:	469c      	mov	ip, r3
1000429c:	4b29      	ldr	r3, [pc, #164]	@ (10004344 <cyw43_spi_transfer+0x408>)
1000429e:	05d2      	lsls	r2, r2, #23
100042a0:	50d7      	str	r7, [r2, r3]
100042a2:	4663      	mov	r3, ip
100042a4:	019b      	lsls	r3, r3, #6
100042a6:	469b      	mov	fp, r3
100042a8:	0017      	movs	r7, r2
100042aa:	2580      	movs	r5, #128	@ 0x80
100042ac:	4a26      	ldr	r2, [pc, #152]	@ (10004348 <cyw43_spi_transfer+0x40c>)
100042ae:	445f      	add	r7, fp
100042b0:	445a      	add	r2, fp
100042b2:	046d      	lsls	r5, r5, #17
100042b4:	6813      	ldr	r3, [r2, #0]
100042b6:	422b      	tst	r3, r5
100042b8:	d1fc      	bne.n	100042b4 <cyw43_spi_transfer+0x378>
100042ba:	4662      	mov	r2, ip
100042bc:	02d2      	lsls	r2, r2, #11
100042be:	4694      	mov	ip, r2
100042c0:	4a22      	ldr	r2, [pc, #136]	@ (1000434c <cyw43_spi_transfer+0x410>)
100042c2:	4b23      	ldr	r3, [pc, #140]	@ (10004350 <cyw43_spi_transfer+0x414>)
100042c4:	4690      	mov	r8, r2
100042c6:	4662      	mov	r2, ip
100042c8:	4645      	mov	r5, r8
100042ca:	18cb      	adds	r3, r1, r3
100042cc:	0d1b      	lsrs	r3, r3, #20
100042ce:	00db      	lsls	r3, r3, #3
100042d0:	181b      	adds	r3, r3, r0
100042d2:	402a      	ands	r2, r5
100042d4:	03db      	lsls	r3, r3, #15
100042d6:	4313      	orrs	r3, r2
100042d8:	4a1e      	ldr	r2, [pc, #120]	@ (10004354 <cyw43_spi_transfer+0x418>)
100042da:	08b6      	lsrs	r6, r6, #2
100042dc:	4313      	orrs	r3, r2
100042de:	464a      	mov	r2, r9
100042e0:	603a      	str	r2, [r7, #0]
100042e2:	4652      	mov	r2, sl
100042e4:	0095      	lsls	r5, r2, #2
100042e6:	194d      	adds	r5, r1, r5
100042e8:	607d      	str	r5, [r7, #4]
100042ea:	60be      	str	r6, [r7, #8]
100042ec:	60fb      	str	r3, [r7, #12]
100042ee:	2301      	movs	r3, #1
100042f0:	4083      	lsls	r3, r0
100042f2:	680d      	ldr	r5, [r1, #0]
100042f4:	4a18      	ldr	r2, [pc, #96]	@ (10004358 <cyw43_spi_transfer+0x41c>)
100042f6:	432b      	orrs	r3, r5
100042f8:	600b      	str	r3, [r1, #0]
100042fa:	2180      	movs	r1, #128	@ 0x80
100042fc:	445a      	add	r2, fp
100042fe:	0449      	lsls	r1, r1, #17
10004300:	6813      	ldr	r3, [r2, #0]
10004302:	420b      	tst	r3, r1
10004304:	d1fc      	bne.n	10004300 <cyw43_spi_transfer+0x3c4>
10004306:	2201      	movs	r2, #1
10004308:	68a3      	ldr	r3, [r4, #8]
1000430a:	6821      	ldr	r1, [r4, #0]
1000430c:	3318      	adds	r3, #24
1000430e:	409a      	lsls	r2, r3
10004310:	608a      	str	r2, [r1, #8]
10004312:	688b      	ldr	r3, [r1, #8]
10004314:	421a      	tst	r2, r3
10004316:	d0fc      	beq.n	10004312 <cyw43_spi_transfer+0x3d6>
10004318:	2201      	movs	r2, #1
1000431a:	68a1      	ldr	r1, [r4, #8]
1000431c:	6820      	ldr	r0, [r4, #0]
1000431e:	408a      	lsls	r2, r1
10004320:	6803      	ldr	r3, [r0, #0]
10004322:	4393      	bics	r3, r2
10004324:	6003      	str	r3, [r0, #0]
10004326:	2300      	movs	r3, #0
10004328:	2218      	movs	r2, #24
1000432a:	9300      	str	r3, [sp, #0]
1000432c:	3301      	adds	r3, #1
1000432e:	f002 fd8b 	bl	10006e48 <pio_sm_set_consecutive_pindirs>
10004332:	e71b      	b.n	1000416c <cyw43_spi_transfer+0x230>
10004334:	fffe007f 	.word	0xfffe007f
10004338:	000010d0 	.word	0x000010d0
1000433c:	00006020 	.word	0x00006020
10004340:	00006040 	.word	0x00006040
10004344:	00000444 	.word	0x00000444
10004348:	5000000c 	.word	0x5000000c
1000434c:	ff007ffd 	.word	0xff007ffd
10004350:	afe00000 	.word	0xafe00000
10004354:	00400019 	.word	0x00400019
10004358:	50000010 	.word	0x50000010

1000435c <cyw43_spi_gpio_setup>:
1000435c:	b510      	push	{r4, lr}
1000435e:	2017      	movs	r0, #23
10004360:	f7fc f834 	bl	100003cc <gpio_init>
10004364:	24d0      	movs	r4, #208	@ 0xd0
10004366:	2380      	movs	r3, #128	@ 0x80
10004368:	0624      	lsls	r4, r4, #24
1000436a:	041b      	lsls	r3, r3, #16
1000436c:	2200      	movs	r2, #0
1000436e:	2101      	movs	r1, #1
10004370:	6263      	str	r3, [r4, #36]	@ 0x24
10004372:	2017      	movs	r0, #23
10004374:	f7fb ffb8 	bl	100002e8 <gpio_set_pulls>
10004378:	2018      	movs	r0, #24
1000437a:	f7fc f827 	bl	100003cc <gpio_init>
1000437e:	2380      	movs	r3, #128	@ 0x80
10004380:	045b      	lsls	r3, r3, #17
10004382:	6263      	str	r3, [r4, #36]	@ 0x24
10004384:	2019      	movs	r0, #25
10004386:	61a3      	str	r3, [r4, #24]
10004388:	f7fc f820 	bl	100003cc <gpio_init>
1000438c:	2380      	movs	r3, #128	@ 0x80
1000438e:	049b      	lsls	r3, r3, #18
10004390:	6263      	str	r3, [r4, #36]	@ 0x24
10004392:	6163      	str	r3, [r4, #20]
10004394:	bd10      	pop	{r4, pc}
10004396:	46c0      	nop			@ (mov r8, r8)

10004398 <cyw43_spi_reset>:
10004398:	b570      	push	{r4, r5, r6, lr}
1000439a:	24d0      	movs	r4, #208	@ 0xd0
1000439c:	2580      	movs	r5, #128	@ 0x80
1000439e:	0624      	lsls	r4, r4, #24
100043a0:	042d      	lsls	r5, r5, #16
100043a2:	61a5      	str	r5, [r4, #24]
100043a4:	2014      	movs	r0, #20
100043a6:	f003 f801 	bl	100073ac <cyw43_delay_ms>
100043aa:	6165      	str	r5, [r4, #20]
100043ac:	20fa      	movs	r0, #250	@ 0xfa
100043ae:	f002 fffd 	bl	100073ac <cyw43_delay_ms>
100043b2:	2018      	movs	r0, #24
100043b4:	f7fc f80a 	bl	100003cc <gpio_init>
100043b8:	2380      	movs	r3, #128	@ 0x80
100043ba:	045b      	lsls	r3, r3, #17
100043bc:	62a3      	str	r3, [r4, #40]	@ 0x28
100043be:	bd70      	pop	{r4, r5, r6, pc}

100043c0 <read_reg_u32_swap>:
100043c0:	2300      	movs	r3, #0
100043c2:	b500      	push	{lr}
100043c4:	b085      	sub	sp, #20
100043c6:	9303      	str	r3, [sp, #12]
100043c8:	4b0a      	ldr	r3, [pc, #40]	@ (100043f4 <read_reg_u32_swap+0x34>)
100043ca:	02d2      	lsls	r2, r2, #11
100043cc:	401a      	ands	r2, r3
100043ce:	2308      	movs	r3, #8
100043d0:	0709      	lsls	r1, r1, #28
100043d2:	4311      	orrs	r1, r2
100043d4:	4a08      	ldr	r2, [pc, #32]	@ (100043f8 <read_reg_u32_swap+0x38>)
100043d6:	9300      	str	r3, [sp, #0]
100043d8:	430a      	orrs	r2, r1
100043da:	ab02      	add	r3, sp, #8
100043dc:	ba52      	rev16	r2, r2
100043de:	2100      	movs	r1, #0
100043e0:	9202      	str	r2, [sp, #8]
100043e2:	2204      	movs	r2, #4
100043e4:	f7ff fdaa 	bl	10003f3c <cyw43_spi_transfer>
100043e8:	2800      	cmp	r0, #0
100043ea:	d101      	bne.n	100043f0 <read_reg_u32_swap+0x30>
100043ec:	9803      	ldr	r0, [sp, #12]
100043ee:	ba40      	rev16	r0, r0
100043f0:	b005      	add	sp, #20
100043f2:	bd00      	pop	{pc}
100043f4:	0ffff800 	.word	0x0ffff800
100043f8:	40000004 	.word	0x40000004

100043fc <cyw43_read_reg_u32>:
100043fc:	b510      	push	{r4, lr}
100043fe:	1e4c      	subs	r4, r1, #1
10004400:	4263      	negs	r3, r4
10004402:	415c      	adcs	r4, r3
10004404:	4b10      	ldr	r3, [pc, #64]	@ (10004448 <cyw43_read_reg_u32+0x4c>)
10004406:	02d2      	lsls	r2, r2, #11
10004408:	401a      	ands	r2, r3
1000440a:	0709      	lsls	r1, r1, #28
1000440c:	4b0f      	ldr	r3, [pc, #60]	@ (1000444c <cyw43_read_reg_u32+0x50>)
1000440e:	430a      	orrs	r2, r1
10004410:	b088      	sub	sp, #32
10004412:	4313      	orrs	r3, r2
10004414:	0124      	lsls	r4, r4, #4
10004416:	9302      	str	r3, [sp, #8]
10004418:	0023      	movs	r3, r4
1000441a:	3308      	adds	r3, #8
1000441c:	9300      	str	r3, [sp, #0]
1000441e:	2204      	movs	r2, #4
10004420:	2100      	movs	r1, #0
10004422:	ab02      	add	r3, sp, #8
10004424:	f7ff fd8a 	bl	10003f3c <cyw43_spi_transfer>
10004428:	2800      	cmp	r0, #0
1000442a:	d10a      	bne.n	10004442 <cyw43_read_reg_u32+0x46>
1000442c:	4263      	negs	r3, r4
1000442e:	415c      	adcs	r4, r3
10004430:	2303      	movs	r3, #3
10004432:	4264      	negs	r4, r4
10004434:	439c      	bics	r4, r3
10004436:	2208      	movs	r2, #8
10004438:	466b      	mov	r3, sp
1000443a:	3405      	adds	r4, #5
1000443c:	00a4      	lsls	r4, r4, #2
1000443e:	189b      	adds	r3, r3, r2
10004440:	5918      	ldr	r0, [r3, r4]
10004442:	b008      	add	sp, #32
10004444:	bd10      	pop	{r4, pc}
10004446:	46c0      	nop			@ (mov r8, r8)
10004448:	0ffff800 	.word	0x0ffff800
1000444c:	40000004 	.word	0x40000004

10004450 <cyw43_read_reg_u16>:
10004450:	b510      	push	{r4, lr}
10004452:	1e4c      	subs	r4, r1, #1
10004454:	4263      	negs	r3, r4
10004456:	415c      	adcs	r4, r3
10004458:	4b10      	ldr	r3, [pc, #64]	@ (1000449c <cyw43_read_reg_u16+0x4c>)
1000445a:	02d2      	lsls	r2, r2, #11
1000445c:	401a      	ands	r2, r3
1000445e:	0709      	lsls	r1, r1, #28
10004460:	4b0f      	ldr	r3, [pc, #60]	@ (100044a0 <cyw43_read_reg_u16+0x50>)
10004462:	430a      	orrs	r2, r1
10004464:	b088      	sub	sp, #32
10004466:	4313      	orrs	r3, r2
10004468:	0124      	lsls	r4, r4, #4
1000446a:	9302      	str	r3, [sp, #8]
1000446c:	0023      	movs	r3, r4
1000446e:	3308      	adds	r3, #8
10004470:	9300      	str	r3, [sp, #0]
10004472:	2204      	movs	r2, #4
10004474:	2100      	movs	r1, #0
10004476:	ab02      	add	r3, sp, #8
10004478:	f7ff fd60 	bl	10003f3c <cyw43_spi_transfer>
1000447c:	2800      	cmp	r0, #0
1000447e:	d10a      	bne.n	10004496 <cyw43_read_reg_u16+0x46>
10004480:	4263      	negs	r3, r4
10004482:	415c      	adcs	r4, r3
10004484:	2303      	movs	r3, #3
10004486:	4264      	negs	r4, r4
10004488:	439c      	bics	r4, r3
1000448a:	2208      	movs	r2, #8
1000448c:	466b      	mov	r3, sp
1000448e:	3405      	adds	r4, #5
10004490:	00a4      	lsls	r4, r4, #2
10004492:	189b      	adds	r3, r3, r2
10004494:	5918      	ldr	r0, [r3, r4]
10004496:	b008      	add	sp, #32
10004498:	bd10      	pop	{r4, pc}
1000449a:	46c0      	nop			@ (mov r8, r8)
1000449c:	0ffff800 	.word	0x0ffff800
100044a0:	40000002 	.word	0x40000002

100044a4 <cyw43_read_reg_u8>:
100044a4:	b510      	push	{r4, lr}
100044a6:	1e4c      	subs	r4, r1, #1
100044a8:	4263      	negs	r3, r4
100044aa:	415c      	adcs	r4, r3
100044ac:	4b10      	ldr	r3, [pc, #64]	@ (100044f0 <cyw43_read_reg_u8+0x4c>)
100044ae:	02d2      	lsls	r2, r2, #11
100044b0:	401a      	ands	r2, r3
100044b2:	0709      	lsls	r1, r1, #28
100044b4:	4b0f      	ldr	r3, [pc, #60]	@ (100044f4 <cyw43_read_reg_u8+0x50>)
100044b6:	430a      	orrs	r2, r1
100044b8:	b088      	sub	sp, #32
100044ba:	4313      	orrs	r3, r2
100044bc:	0124      	lsls	r4, r4, #4
100044be:	9302      	str	r3, [sp, #8]
100044c0:	0023      	movs	r3, r4
100044c2:	3308      	adds	r3, #8
100044c4:	9300      	str	r3, [sp, #0]
100044c6:	2204      	movs	r2, #4
100044c8:	2100      	movs	r1, #0
100044ca:	ab02      	add	r3, sp, #8
100044cc:	f7ff fd36 	bl	10003f3c <cyw43_spi_transfer>
100044d0:	2800      	cmp	r0, #0
100044d2:	d10a      	bne.n	100044ea <cyw43_read_reg_u8+0x46>
100044d4:	4263      	negs	r3, r4
100044d6:	415c      	adcs	r4, r3
100044d8:	2303      	movs	r3, #3
100044da:	4264      	negs	r4, r4
100044dc:	439c      	bics	r4, r3
100044de:	2208      	movs	r2, #8
100044e0:	466b      	mov	r3, sp
100044e2:	3405      	adds	r4, #5
100044e4:	00a4      	lsls	r4, r4, #2
100044e6:	189b      	adds	r3, r3, r2
100044e8:	5918      	ldr	r0, [r3, r4]
100044ea:	b008      	add	sp, #32
100044ec:	bd10      	pop	{r4, pc}
100044ee:	46c0      	nop			@ (mov r8, r8)
100044f0:	0ffff800 	.word	0x0ffff800
100044f4:	40000001 	.word	0x40000001

100044f8 <write_reg_u32_swap>:
100044f8:	b5f0      	push	{r4, r5, r6, r7, lr}
100044fa:	ba5b      	rev16	r3, r3
100044fc:	46de      	mov	lr, fp
100044fe:	4657      	mov	r7, sl
10004500:	464e      	mov	r6, r9
10004502:	4645      	mov	r5, r8
10004504:	b5e0      	push	{r5, r6, r7, lr}
10004506:	4c73      	ldr	r4, [pc, #460]	@ (100046d4 <write_reg_u32_swap+0x1dc>)
10004508:	02d2      	lsls	r2, r2, #11
1000450a:	4022      	ands	r2, r4
1000450c:	0709      	lsls	r1, r1, #28
1000450e:	4311      	orrs	r1, r2
10004510:	4a71      	ldr	r2, [pc, #452]	@ (100046d8 <write_reg_u32_swap+0x1e0>)
10004512:	b085      	sub	sp, #20
10004514:	430a      	orrs	r2, r1
10004516:	9303      	str	r3, [sp, #12]
10004518:	4b70      	ldr	r3, [pc, #448]	@ (100046dc <write_reg_u32_swap+0x1e4>)
1000451a:	a902      	add	r1, sp, #8
1000451c:	58c4      	ldr	r4, [r0, r3]
1000451e:	4b70      	ldr	r3, [pc, #448]	@ (100046e0 <write_reg_u32_swap+0x1e8>)
10004520:	468a      	mov	sl, r1
10004522:	ba52      	rev16	r2, r2
10004524:	469c      	mov	ip, r3
10004526:	6821      	ldr	r1, [r4, #0]
10004528:	2018      	movs	r0, #24
1000452a:	4461      	add	r1, ip
1000452c:	0d09      	lsrs	r1, r1, #20
1000452e:	3106      	adds	r1, #6
10004530:	b2c9      	uxtb	r1, r1
10004532:	9202      	str	r2, [sp, #8]
10004534:	f7fb febe 	bl	100002b4 <gpio_set_function>
10004538:	4b69      	ldr	r3, [pc, #420]	@ (100046e0 <write_reg_u32_swap+0x1e8>)
1000453a:	6821      	ldr	r1, [r4, #0]
1000453c:	469c      	mov	ip, r3
1000453e:	4461      	add	r1, ip
10004540:	0d09      	lsrs	r1, r1, #20
10004542:	3106      	adds	r1, #6
10004544:	201d      	movs	r0, #29
10004546:	b2c9      	uxtb	r1, r1
10004548:	f7fb feb4 	bl	100002b4 <gpio_set_function>
1000454c:	2201      	movs	r2, #1
1000454e:	2100      	movs	r1, #0
10004550:	201d      	movs	r0, #29
10004552:	f7fb fec9 	bl	100002e8 <gpio_set_pulls>
10004556:	23d0      	movs	r3, #208	@ 0xd0
10004558:	2280      	movs	r2, #128	@ 0x80
1000455a:	2701      	movs	r7, #1
1000455c:	061b      	lsls	r3, r3, #24
1000455e:	0492      	lsls	r2, r2, #18
10004560:	619a      	str	r2, [r3, #24]
10004562:	003a      	movs	r2, r7
10004564:	68a1      	ldr	r1, [r4, #8]
10004566:	6820      	ldr	r0, [r4, #0]
10004568:	408a      	lsls	r2, r1
1000456a:	6803      	ldr	r3, [r0, #0]
1000456c:	6865      	ldr	r5, [r4, #4]
1000456e:	4393      	bics	r3, r2
10004570:	6003      	str	r3, [r0, #0]
10004572:	004b      	lsls	r3, r1, #1
10004574:	185b      	adds	r3, r3, r1
10004576:	00db      	lsls	r3, r3, #3
10004578:	18c6      	adds	r6, r0, r3
1000457a:	36cc      	adds	r6, #204	@ 0xcc
1000457c:	6832      	ldr	r2, [r6, #0]
1000457e:	469c      	mov	ip, r3
10004580:	4690      	mov	r8, r2
10004582:	1c6a      	adds	r2, r5, #1
10004584:	0313      	lsls	r3, r2, #12
10004586:	4a57      	ldr	r2, [pc, #348]	@ (100046e4 <write_reg_u32_swap+0x1ec>)
10004588:	469b      	mov	fp, r3
1000458a:	4691      	mov	r9, r2
1000458c:	4642      	mov	r2, r8
1000458e:	464b      	mov	r3, r9
10004590:	401a      	ands	r2, r3
10004592:	0013      	movs	r3, r2
10004594:	465a      	mov	r2, fp
10004596:	01ed      	lsls	r5, r5, #7
10004598:	431a      	orrs	r2, r3
1000459a:	432a      	orrs	r2, r5
1000459c:	6032      	str	r2, [r6, #0]
1000459e:	4a52      	ldr	r2, [pc, #328]	@ (100046e8 <write_reg_u32_swap+0x1f0>)
100045a0:	4663      	mov	r3, ip
100045a2:	4694      	mov	ip, r2
100045a4:	2280      	movs	r2, #128	@ 0x80
100045a6:	18c3      	adds	r3, r0, r3
100045a8:	4463      	add	r3, ip
100045aa:	0612      	lsls	r2, r2, #24
100045ac:	601a      	str	r2, [r3, #0]
100045ae:	601a      	str	r2, [r3, #0]
100045b0:	2280      	movs	r2, #128	@ 0x80
100045b2:	2300      	movs	r3, #0
100045b4:	0452      	lsls	r2, r2, #17
100045b6:	9200      	str	r2, [sp, #0]
100045b8:	9301      	str	r3, [sp, #4]
100045ba:	f002 fbe3 	bl	10006d84 <pio_sm_set_pindirs_with_mask64>
100045be:	003a      	movs	r2, r7
100045c0:	68a0      	ldr	r0, [r4, #8]
100045c2:	6821      	ldr	r1, [r4, #0]
100045c4:	1d03      	adds	r3, r0, #4
100045c6:	409a      	lsls	r2, r3
100045c8:	4699      	mov	r9, r3
100045ca:	2380      	movs	r3, #128	@ 0x80
100045cc:	019b      	lsls	r3, r3, #6
100045ce:	18cb      	adds	r3, r1, r3
100045d0:	601a      	str	r2, [r3, #0]
100045d2:	0002      	movs	r2, r0
100045d4:	003d      	movs	r5, r7
100045d6:	3208      	adds	r2, #8
100045d8:	4095      	lsls	r5, r2
100045da:	601d      	str	r5, [r3, #0]
100045dc:	233f      	movs	r3, #63	@ 0x3f
100045de:	0082      	lsls	r2, r0, #2
100045e0:	188a      	adds	r2, r1, r2
100045e2:	6113      	str	r3, [r2, #16]
100045e4:	0043      	lsls	r3, r0, #1
100045e6:	181b      	adds	r3, r3, r0
100045e8:	00db      	lsls	r3, r3, #3
100045ea:	4d40      	ldr	r5, [pc, #256]	@ (100046ec <write_reg_u32_swap+0x1f4>)
100045ec:	18cb      	adds	r3, r1, r3
100045ee:	33d8      	adds	r3, #216	@ 0xd8
100045f0:	601d      	str	r5, [r3, #0]
100045f2:	2500      	movs	r5, #0
100045f4:	6115      	str	r5, [r2, #16]
100045f6:	4a3e      	ldr	r2, [pc, #248]	@ (100046f0 <write_reg_u32_swap+0x1f8>)
100045f8:	351f      	adds	r5, #31
100045fa:	601a      	str	r2, [r3, #0]
100045fc:	6862      	ldr	r2, [r4, #4]
100045fe:	2680      	movs	r6, #128	@ 0x80
10004600:	402a      	ands	r2, r5
10004602:	601a      	str	r2, [r3, #0]
10004604:	230c      	movs	r3, #12
10004606:	56e3      	ldrsb	r3, [r4, r3]
10004608:	22a0      	movs	r2, #160	@ 0xa0
1000460a:	409f      	lsls	r7, r3
1000460c:	469c      	mov	ip, r3
1000460e:	4b39      	ldr	r3, [pc, #228]	@ (100046f4 <write_reg_u32_swap+0x1fc>)
10004610:	05d2      	lsls	r2, r2, #23
10004612:	50d7      	str	r7, [r2, r3]
10004614:	4663      	mov	r3, ip
10004616:	019a      	lsls	r2, r3, #6
10004618:	23a0      	movs	r3, #160	@ 0xa0
1000461a:	05db      	lsls	r3, r3, #23
1000461c:	18d7      	adds	r7, r2, r3
1000461e:	4b36      	ldr	r3, [pc, #216]	@ (100046f8 <write_reg_u32_swap+0x200>)
10004620:	0476      	lsls	r6, r6, #17
10004622:	18d5      	adds	r5, r2, r3
10004624:	682b      	ldr	r3, [r5, #0]
10004626:	4233      	tst	r3, r6
10004628:	d1fc      	bne.n	10004624 <write_reg_u32_swap+0x12c>
1000462a:	4665      	mov	r5, ip
1000462c:	02ed      	lsls	r5, r5, #11
1000462e:	46ac      	mov	ip, r5
10004630:	4d32      	ldr	r5, [pc, #200]	@ (100046fc <write_reg_u32_swap+0x204>)
10004632:	4b2b      	ldr	r3, [pc, #172]	@ (100046e0 <write_reg_u32_swap+0x1e8>)
10004634:	46a8      	mov	r8, r5
10004636:	4665      	mov	r5, ip
10004638:	4646      	mov	r6, r8
1000463a:	18cb      	adds	r3, r1, r3
1000463c:	0d1b      	lsrs	r3, r3, #20
1000463e:	00db      	lsls	r3, r3, #3
10004640:	181b      	adds	r3, r3, r0
10004642:	4035      	ands	r5, r6
10004644:	03db      	lsls	r3, r3, #15
10004646:	432b      	orrs	r3, r5
10004648:	4d2d      	ldr	r5, [pc, #180]	@ (10004700 <write_reg_u32_swap+0x208>)
1000464a:	432b      	orrs	r3, r5
1000464c:	4655      	mov	r5, sl
1000464e:	603d      	str	r5, [r7, #0]
10004650:	464d      	mov	r5, r9
10004652:	00ae      	lsls	r6, r5, #2
10004654:	2502      	movs	r5, #2
10004656:	198e      	adds	r6, r1, r6
10004658:	607e      	str	r6, [r7, #4]
1000465a:	60bd      	str	r5, [r7, #8]
1000465c:	60fb      	str	r3, [r7, #12]
1000465e:	2301      	movs	r3, #1
10004660:	4083      	lsls	r3, r0
10004662:	680d      	ldr	r5, [r1, #0]
10004664:	432b      	orrs	r3, r5
10004666:	600b      	str	r3, [r1, #0]
10004668:	4b26      	ldr	r3, [pc, #152]	@ (10004704 <write_reg_u32_swap+0x20c>)
1000466a:	2180      	movs	r1, #128	@ 0x80
1000466c:	469c      	mov	ip, r3
1000466e:	0449      	lsls	r1, r1, #17
10004670:	4462      	add	r2, ip
10004672:	6813      	ldr	r3, [r2, #0]
10004674:	420b      	tst	r3, r1
10004676:	d1fc      	bne.n	10004672 <write_reg_u32_swap+0x17a>
10004678:	2201      	movs	r2, #1
1000467a:	68a3      	ldr	r3, [r4, #8]
1000467c:	6821      	ldr	r1, [r4, #0]
1000467e:	3318      	adds	r3, #24
10004680:	409a      	lsls	r2, r3
10004682:	608a      	str	r2, [r1, #8]
10004684:	688b      	ldr	r3, [r1, #8]
10004686:	4213      	tst	r3, r2
10004688:	d0fc      	beq.n	10004684 <write_reg_u32_swap+0x18c>
1000468a:	2201      	movs	r2, #1
1000468c:	68a1      	ldr	r1, [r4, #8]
1000468e:	6820      	ldr	r0, [r4, #0]
10004690:	408a      	lsls	r2, r1
10004692:	6803      	ldr	r3, [r0, #0]
10004694:	4393      	bics	r3, r2
10004696:	6003      	str	r3, [r0, #0]
10004698:	2300      	movs	r3, #0
1000469a:	2218      	movs	r2, #24
1000469c:	9300      	str	r3, [sp, #0]
1000469e:	3301      	adds	r3, #1
100046a0:	f002 fbd2 	bl	10006e48 <pio_sm_set_consecutive_pindirs>
100046a4:	68a1      	ldr	r1, [r4, #8]
100046a6:	6823      	ldr	r3, [r4, #0]
100046a8:	004a      	lsls	r2, r1, #1
100046aa:	1852      	adds	r2, r2, r1
100046ac:	00d2      	lsls	r2, r2, #3
100046ae:	189b      	adds	r3, r3, r2
100046b0:	4a15      	ldr	r2, [pc, #84]	@ (10004708 <write_reg_u32_swap+0x210>)
100046b2:	33d8      	adds	r3, #216	@ 0xd8
100046b4:	601a      	str	r2, [r3, #0]
100046b6:	23d0      	movs	r3, #208	@ 0xd0
100046b8:	2280      	movs	r2, #128	@ 0x80
100046ba:	061b      	lsls	r3, r3, #24
100046bc:	0492      	lsls	r2, r2, #18
100046be:	615a      	str	r2, [r3, #20]
100046c0:	f7ff fb62 	bl	10003d88 <ns_delay.constprop.0>
100046c4:	2000      	movs	r0, #0
100046c6:	b005      	add	sp, #20
100046c8:	bcf0      	pop	{r4, r5, r6, r7}
100046ca:	46bb      	mov	fp, r7
100046cc:	46b2      	mov	sl, r6
100046ce:	46a9      	mov	r9, r5
100046d0:	46a0      	mov	r8, r4
100046d2:	bdf0      	pop	{r4, r5, r6, r7, pc}
100046d4:	0ffff800 	.word	0x0ffff800
100046d8:	c0000004 	.word	0xc0000004
100046dc:	0000084c 	.word	0x0000084c
100046e0:	afe00000 	.word	0xafe00000
100046e4:	fffe007f 	.word	0xfffe007f
100046e8:	000010d0 	.word	0x000010d0
100046ec:	00006020 	.word	0x00006020
100046f0:	00006040 	.word	0x00006040
100046f4:	00000444 	.word	0x00000444
100046f8:	5000000c 	.word	0x5000000c
100046fc:	ff007ffd 	.word	0xff007ffd
10004700:	00400019 	.word	0x00400019
10004704:	50000010 	.word	0x50000010
10004708:	0000a003 	.word	0x0000a003

1000470c <cyw43_write_reg_u32>:
1000470c:	b5f0      	push	{r4, r5, r6, r7, lr}
1000470e:	46de      	mov	lr, fp
10004710:	4657      	mov	r7, sl
10004712:	464e      	mov	r6, r9
10004714:	4645      	mov	r5, r8
10004716:	b5e0      	push	{r5, r6, r7, lr}
10004718:	b085      	sub	sp, #20
1000471a:	ac02      	add	r4, sp, #8
1000471c:	46a2      	mov	sl, r4
1000471e:	4c72      	ldr	r4, [pc, #456]	@ (100048e8 <cyw43_write_reg_u32+0x1dc>)
10004720:	02d2      	lsls	r2, r2, #11
10004722:	4022      	ands	r2, r4
10004724:	0709      	lsls	r1, r1, #28
10004726:	430a      	orrs	r2, r1
10004728:	4970      	ldr	r1, [pc, #448]	@ (100048ec <cyw43_write_reg_u32+0x1e0>)
1000472a:	2701      	movs	r7, #1
1000472c:	430a      	orrs	r2, r1
1000472e:	9202      	str	r2, [sp, #8]
10004730:	4652      	mov	r2, sl
10004732:	6053      	str	r3, [r2, #4]
10004734:	4b6e      	ldr	r3, [pc, #440]	@ (100048f0 <cyw43_write_reg_u32+0x1e4>)
10004736:	58c4      	ldr	r4, [r0, r3]
10004738:	4b6e      	ldr	r3, [pc, #440]	@ (100048f4 <cyw43_write_reg_u32+0x1e8>)
1000473a:	6821      	ldr	r1, [r4, #0]
1000473c:	469c      	mov	ip, r3
1000473e:	4461      	add	r1, ip
10004740:	0d09      	lsrs	r1, r1, #20
10004742:	3106      	adds	r1, #6
10004744:	2018      	movs	r0, #24
10004746:	b2c9      	uxtb	r1, r1
10004748:	f7fb fdb4 	bl	100002b4 <gpio_set_function>
1000474c:	4b69      	ldr	r3, [pc, #420]	@ (100048f4 <cyw43_write_reg_u32+0x1e8>)
1000474e:	6821      	ldr	r1, [r4, #0]
10004750:	469c      	mov	ip, r3
10004752:	4461      	add	r1, ip
10004754:	0d09      	lsrs	r1, r1, #20
10004756:	3106      	adds	r1, #6
10004758:	201d      	movs	r0, #29
1000475a:	b2c9      	uxtb	r1, r1
1000475c:	f7fb fdaa 	bl	100002b4 <gpio_set_function>
10004760:	2201      	movs	r2, #1
10004762:	2100      	movs	r1, #0
10004764:	201d      	movs	r0, #29
10004766:	f7fb fdbf 	bl	100002e8 <gpio_set_pulls>
1000476a:	23d0      	movs	r3, #208	@ 0xd0
1000476c:	2280      	movs	r2, #128	@ 0x80
1000476e:	061b      	lsls	r3, r3, #24
10004770:	0492      	lsls	r2, r2, #18
10004772:	619a      	str	r2, [r3, #24]
10004774:	003a      	movs	r2, r7
10004776:	68a1      	ldr	r1, [r4, #8]
10004778:	6820      	ldr	r0, [r4, #0]
1000477a:	408a      	lsls	r2, r1
1000477c:	6803      	ldr	r3, [r0, #0]
1000477e:	6865      	ldr	r5, [r4, #4]
10004780:	4393      	bics	r3, r2
10004782:	6003      	str	r3, [r0, #0]
10004784:	004b      	lsls	r3, r1, #1
10004786:	185b      	adds	r3, r3, r1
10004788:	00db      	lsls	r3, r3, #3
1000478a:	18c6      	adds	r6, r0, r3
1000478c:	36cc      	adds	r6, #204	@ 0xcc
1000478e:	6832      	ldr	r2, [r6, #0]
10004790:	469c      	mov	ip, r3
10004792:	4690      	mov	r8, r2
10004794:	1c6a      	adds	r2, r5, #1
10004796:	0313      	lsls	r3, r2, #12
10004798:	4a57      	ldr	r2, [pc, #348]	@ (100048f8 <cyw43_write_reg_u32+0x1ec>)
1000479a:	469b      	mov	fp, r3
1000479c:	4691      	mov	r9, r2
1000479e:	4642      	mov	r2, r8
100047a0:	464b      	mov	r3, r9
100047a2:	401a      	ands	r2, r3
100047a4:	0013      	movs	r3, r2
100047a6:	465a      	mov	r2, fp
100047a8:	01ed      	lsls	r5, r5, #7
100047aa:	431a      	orrs	r2, r3
100047ac:	432a      	orrs	r2, r5
100047ae:	6032      	str	r2, [r6, #0]
100047b0:	4a52      	ldr	r2, [pc, #328]	@ (100048fc <cyw43_write_reg_u32+0x1f0>)
100047b2:	4663      	mov	r3, ip
100047b4:	4694      	mov	ip, r2
100047b6:	2280      	movs	r2, #128	@ 0x80
100047b8:	18c3      	adds	r3, r0, r3
100047ba:	4463      	add	r3, ip
100047bc:	0612      	lsls	r2, r2, #24
100047be:	601a      	str	r2, [r3, #0]
100047c0:	601a      	str	r2, [r3, #0]
100047c2:	2280      	movs	r2, #128	@ 0x80
100047c4:	2300      	movs	r3, #0
100047c6:	0452      	lsls	r2, r2, #17
100047c8:	9200      	str	r2, [sp, #0]
100047ca:	9301      	str	r3, [sp, #4]
100047cc:	f002 fada 	bl	10006d84 <pio_sm_set_pindirs_with_mask64>
100047d0:	003a      	movs	r2, r7
100047d2:	68a0      	ldr	r0, [r4, #8]
100047d4:	6821      	ldr	r1, [r4, #0]
100047d6:	1d03      	adds	r3, r0, #4
100047d8:	409a      	lsls	r2, r3
100047da:	4699      	mov	r9, r3
100047dc:	2380      	movs	r3, #128	@ 0x80
100047de:	019b      	lsls	r3, r3, #6
100047e0:	18cb      	adds	r3, r1, r3
100047e2:	601a      	str	r2, [r3, #0]
100047e4:	0002      	movs	r2, r0
100047e6:	003d      	movs	r5, r7
100047e8:	3208      	adds	r2, #8
100047ea:	4095      	lsls	r5, r2
100047ec:	601d      	str	r5, [r3, #0]
100047ee:	233f      	movs	r3, #63	@ 0x3f
100047f0:	0082      	lsls	r2, r0, #2
100047f2:	188a      	adds	r2, r1, r2
100047f4:	6113      	str	r3, [r2, #16]
100047f6:	0043      	lsls	r3, r0, #1
100047f8:	181b      	adds	r3, r3, r0
100047fa:	00db      	lsls	r3, r3, #3
100047fc:	4d40      	ldr	r5, [pc, #256]	@ (10004900 <cyw43_write_reg_u32+0x1f4>)
100047fe:	18cb      	adds	r3, r1, r3
10004800:	33d8      	adds	r3, #216	@ 0xd8
10004802:	601d      	str	r5, [r3, #0]
10004804:	2500      	movs	r5, #0
10004806:	6115      	str	r5, [r2, #16]
10004808:	4a3e      	ldr	r2, [pc, #248]	@ (10004904 <cyw43_write_reg_u32+0x1f8>)
1000480a:	351f      	adds	r5, #31
1000480c:	601a      	str	r2, [r3, #0]
1000480e:	6862      	ldr	r2, [r4, #4]
10004810:	2680      	movs	r6, #128	@ 0x80
10004812:	402a      	ands	r2, r5
10004814:	601a      	str	r2, [r3, #0]
10004816:	230c      	movs	r3, #12
10004818:	56e3      	ldrsb	r3, [r4, r3]
1000481a:	22a0      	movs	r2, #160	@ 0xa0
1000481c:	409f      	lsls	r7, r3
1000481e:	469c      	mov	ip, r3
10004820:	4b39      	ldr	r3, [pc, #228]	@ (10004908 <cyw43_write_reg_u32+0x1fc>)
10004822:	05d2      	lsls	r2, r2, #23
10004824:	50d7      	str	r7, [r2, r3]
10004826:	4663      	mov	r3, ip
10004828:	019a      	lsls	r2, r3, #6
1000482a:	23a0      	movs	r3, #160	@ 0xa0
1000482c:	05db      	lsls	r3, r3, #23
1000482e:	18d7      	adds	r7, r2, r3
10004830:	4b36      	ldr	r3, [pc, #216]	@ (1000490c <cyw43_write_reg_u32+0x200>)
10004832:	0476      	lsls	r6, r6, #17
10004834:	18d5      	adds	r5, r2, r3
10004836:	682b      	ldr	r3, [r5, #0]
10004838:	4233      	tst	r3, r6
1000483a:	d1fc      	bne.n	10004836 <cyw43_write_reg_u32+0x12a>
1000483c:	4665      	mov	r5, ip
1000483e:	02ed      	lsls	r5, r5, #11
10004840:	46ac      	mov	ip, r5
10004842:	4d33      	ldr	r5, [pc, #204]	@ (10004910 <cyw43_write_reg_u32+0x204>)
10004844:	4b2b      	ldr	r3, [pc, #172]	@ (100048f4 <cyw43_write_reg_u32+0x1e8>)
10004846:	46a8      	mov	r8, r5
10004848:	4665      	mov	r5, ip
1000484a:	4646      	mov	r6, r8
1000484c:	18cb      	adds	r3, r1, r3
1000484e:	0d1b      	lsrs	r3, r3, #20
10004850:	00db      	lsls	r3, r3, #3
10004852:	181b      	adds	r3, r3, r0
10004854:	4035      	ands	r5, r6
10004856:	03db      	lsls	r3, r3, #15
10004858:	432b      	orrs	r3, r5
1000485a:	4d2e      	ldr	r5, [pc, #184]	@ (10004914 <cyw43_write_reg_u32+0x208>)
1000485c:	432b      	orrs	r3, r5
1000485e:	4655      	mov	r5, sl
10004860:	603d      	str	r5, [r7, #0]
10004862:	464d      	mov	r5, r9
10004864:	00ae      	lsls	r6, r5, #2
10004866:	2502      	movs	r5, #2
10004868:	198e      	adds	r6, r1, r6
1000486a:	607e      	str	r6, [r7, #4]
1000486c:	60bd      	str	r5, [r7, #8]
1000486e:	60fb      	str	r3, [r7, #12]
10004870:	2301      	movs	r3, #1
10004872:	4083      	lsls	r3, r0
10004874:	680d      	ldr	r5, [r1, #0]
10004876:	432b      	orrs	r3, r5
10004878:	600b      	str	r3, [r1, #0]
1000487a:	4b27      	ldr	r3, [pc, #156]	@ (10004918 <cyw43_write_reg_u32+0x20c>)
1000487c:	2180      	movs	r1, #128	@ 0x80
1000487e:	469c      	mov	ip, r3
10004880:	0449      	lsls	r1, r1, #17
10004882:	4462      	add	r2, ip
10004884:	6813      	ldr	r3, [r2, #0]
10004886:	420b      	tst	r3, r1
10004888:	d1fc      	bne.n	10004884 <cyw43_write_reg_u32+0x178>
1000488a:	2201      	movs	r2, #1
1000488c:	68a3      	ldr	r3, [r4, #8]
1000488e:	6821      	ldr	r1, [r4, #0]
10004890:	3318      	adds	r3, #24
10004892:	409a      	lsls	r2, r3
10004894:	608a      	str	r2, [r1, #8]
10004896:	688b      	ldr	r3, [r1, #8]
10004898:	4213      	tst	r3, r2
1000489a:	d0fc      	beq.n	10004896 <cyw43_write_reg_u32+0x18a>
1000489c:	2201      	movs	r2, #1
1000489e:	68a1      	ldr	r1, [r4, #8]
100048a0:	6820      	ldr	r0, [r4, #0]
100048a2:	408a      	lsls	r2, r1
100048a4:	6803      	ldr	r3, [r0, #0]
100048a6:	4393      	bics	r3, r2
100048a8:	6003      	str	r3, [r0, #0]
100048aa:	2300      	movs	r3, #0
100048ac:	2218      	movs	r2, #24
100048ae:	9300      	str	r3, [sp, #0]
100048b0:	3301      	adds	r3, #1
100048b2:	f002 fac9 	bl	10006e48 <pio_sm_set_consecutive_pindirs>
100048b6:	68a1      	ldr	r1, [r4, #8]
100048b8:	6823      	ldr	r3, [r4, #0]
100048ba:	004a      	lsls	r2, r1, #1
100048bc:	1852      	adds	r2, r2, r1
100048be:	00d2      	lsls	r2, r2, #3
100048c0:	189b      	adds	r3, r3, r2
100048c2:	4a16      	ldr	r2, [pc, #88]	@ (1000491c <cyw43_write_reg_u32+0x210>)
100048c4:	33d8      	adds	r3, #216	@ 0xd8
100048c6:	601a      	str	r2, [r3, #0]
100048c8:	23d0      	movs	r3, #208	@ 0xd0
100048ca:	2280      	movs	r2, #128	@ 0x80
100048cc:	061b      	lsls	r3, r3, #24
100048ce:	0492      	lsls	r2, r2, #18
100048d0:	615a      	str	r2, [r3, #20]
100048d2:	f7ff fa59 	bl	10003d88 <ns_delay.constprop.0>
100048d6:	2000      	movs	r0, #0
100048d8:	b005      	add	sp, #20
100048da:	bcf0      	pop	{r4, r5, r6, r7}
100048dc:	46bb      	mov	fp, r7
100048de:	46b2      	mov	sl, r6
100048e0:	46a9      	mov	r9, r5
100048e2:	46a0      	mov	r8, r4
100048e4:	bdf0      	pop	{r4, r5, r6, r7, pc}
100048e6:	46c0      	nop			@ (mov r8, r8)
100048e8:	0ffff800 	.word	0x0ffff800
100048ec:	c0000004 	.word	0xc0000004
100048f0:	0000084c 	.word	0x0000084c
100048f4:	afe00000 	.word	0xafe00000
100048f8:	fffe007f 	.word	0xfffe007f
100048fc:	000010d0 	.word	0x000010d0
10004900:	00006020 	.word	0x00006020
10004904:	00006040 	.word	0x00006040
10004908:	00000444 	.word	0x00000444
1000490c:	5000000c 	.word	0x5000000c
10004910:	ff007ffd 	.word	0xff007ffd
10004914:	00400019 	.word	0x00400019
10004918:	50000010 	.word	0x50000010
1000491c:	0000a003 	.word	0x0000a003

10004920 <cyw43_write_reg_u16>:
10004920:	b5f0      	push	{r4, r5, r6, r7, lr}
10004922:	46de      	mov	lr, fp
10004924:	4657      	mov	r7, sl
10004926:	464e      	mov	r6, r9
10004928:	4645      	mov	r5, r8
1000492a:	b5e0      	push	{r5, r6, r7, lr}
1000492c:	b085      	sub	sp, #20
1000492e:	ac02      	add	r4, sp, #8
10004930:	46a2      	mov	sl, r4
10004932:	4c72      	ldr	r4, [pc, #456]	@ (10004afc <cyw43_write_reg_u16+0x1dc>)
10004934:	02d2      	lsls	r2, r2, #11
10004936:	4022      	ands	r2, r4
10004938:	0709      	lsls	r1, r1, #28
1000493a:	430a      	orrs	r2, r1
1000493c:	4970      	ldr	r1, [pc, #448]	@ (10004b00 <cyw43_write_reg_u16+0x1e0>)
1000493e:	2701      	movs	r7, #1
10004940:	430a      	orrs	r2, r1
10004942:	9202      	str	r2, [sp, #8]
10004944:	4652      	mov	r2, sl
10004946:	6053      	str	r3, [r2, #4]
10004948:	4b6e      	ldr	r3, [pc, #440]	@ (10004b04 <cyw43_write_reg_u16+0x1e4>)
1000494a:	58c4      	ldr	r4, [r0, r3]
1000494c:	4b6e      	ldr	r3, [pc, #440]	@ (10004b08 <cyw43_write_reg_u16+0x1e8>)
1000494e:	6821      	ldr	r1, [r4, #0]
10004950:	469c      	mov	ip, r3
10004952:	4461      	add	r1, ip
10004954:	0d09      	lsrs	r1, r1, #20
10004956:	3106      	adds	r1, #6
10004958:	2018      	movs	r0, #24
1000495a:	b2c9      	uxtb	r1, r1
1000495c:	f7fb fcaa 	bl	100002b4 <gpio_set_function>
10004960:	4b69      	ldr	r3, [pc, #420]	@ (10004b08 <cyw43_write_reg_u16+0x1e8>)
10004962:	6821      	ldr	r1, [r4, #0]
10004964:	469c      	mov	ip, r3
10004966:	4461      	add	r1, ip
10004968:	0d09      	lsrs	r1, r1, #20
1000496a:	3106      	adds	r1, #6
1000496c:	201d      	movs	r0, #29
1000496e:	b2c9      	uxtb	r1, r1
10004970:	f7fb fca0 	bl	100002b4 <gpio_set_function>
10004974:	2201      	movs	r2, #1
10004976:	2100      	movs	r1, #0
10004978:	201d      	movs	r0, #29
1000497a:	f7fb fcb5 	bl	100002e8 <gpio_set_pulls>
1000497e:	23d0      	movs	r3, #208	@ 0xd0
10004980:	2280      	movs	r2, #128	@ 0x80
10004982:	061b      	lsls	r3, r3, #24
10004984:	0492      	lsls	r2, r2, #18
10004986:	619a      	str	r2, [r3, #24]
10004988:	003a      	movs	r2, r7
1000498a:	68a1      	ldr	r1, [r4, #8]
1000498c:	6820      	ldr	r0, [r4, #0]
1000498e:	408a      	lsls	r2, r1
10004990:	6803      	ldr	r3, [r0, #0]
10004992:	6865      	ldr	r5, [r4, #4]
10004994:	4393      	bics	r3, r2
10004996:	6003      	str	r3, [r0, #0]
10004998:	004b      	lsls	r3, r1, #1
1000499a:	185b      	adds	r3, r3, r1
1000499c:	00db      	lsls	r3, r3, #3
1000499e:	18c6      	adds	r6, r0, r3
100049a0:	36cc      	adds	r6, #204	@ 0xcc
100049a2:	6832      	ldr	r2, [r6, #0]
100049a4:	469c      	mov	ip, r3
100049a6:	4690      	mov	r8, r2
100049a8:	1c6a      	adds	r2, r5, #1
100049aa:	0313      	lsls	r3, r2, #12
100049ac:	4a57      	ldr	r2, [pc, #348]	@ (10004b0c <cyw43_write_reg_u16+0x1ec>)
100049ae:	469b      	mov	fp, r3
100049b0:	4691      	mov	r9, r2
100049b2:	4642      	mov	r2, r8
100049b4:	464b      	mov	r3, r9
100049b6:	401a      	ands	r2, r3
100049b8:	0013      	movs	r3, r2
100049ba:	465a      	mov	r2, fp
100049bc:	01ed      	lsls	r5, r5, #7
100049be:	431a      	orrs	r2, r3
100049c0:	432a      	orrs	r2, r5
100049c2:	6032      	str	r2, [r6, #0]
100049c4:	4a52      	ldr	r2, [pc, #328]	@ (10004b10 <cyw43_write_reg_u16+0x1f0>)
100049c6:	4663      	mov	r3, ip
100049c8:	4694      	mov	ip, r2
100049ca:	2280      	movs	r2, #128	@ 0x80
100049cc:	18c3      	adds	r3, r0, r3
100049ce:	4463      	add	r3, ip
100049d0:	0612      	lsls	r2, r2, #24
100049d2:	601a      	str	r2, [r3, #0]
100049d4:	601a      	str	r2, [r3, #0]
100049d6:	2280      	movs	r2, #128	@ 0x80
100049d8:	2300      	movs	r3, #0
100049da:	0452      	lsls	r2, r2, #17
100049dc:	9200      	str	r2, [sp, #0]
100049de:	9301      	str	r3, [sp, #4]
100049e0:	f002 f9d0 	bl	10006d84 <pio_sm_set_pindirs_with_mask64>
100049e4:	003a      	movs	r2, r7
100049e6:	68a0      	ldr	r0, [r4, #8]
100049e8:	6821      	ldr	r1, [r4, #0]
100049ea:	1d03      	adds	r3, r0, #4
100049ec:	409a      	lsls	r2, r3
100049ee:	4699      	mov	r9, r3
100049f0:	2380      	movs	r3, #128	@ 0x80
100049f2:	019b      	lsls	r3, r3, #6
100049f4:	18cb      	adds	r3, r1, r3
100049f6:	601a      	str	r2, [r3, #0]
100049f8:	0002      	movs	r2, r0
100049fa:	003d      	movs	r5, r7
100049fc:	3208      	adds	r2, #8
100049fe:	4095      	lsls	r5, r2
10004a00:	601d      	str	r5, [r3, #0]
10004a02:	233f      	movs	r3, #63	@ 0x3f
10004a04:	0082      	lsls	r2, r0, #2
10004a06:	188a      	adds	r2, r1, r2
10004a08:	6113      	str	r3, [r2, #16]
10004a0a:	0043      	lsls	r3, r0, #1
10004a0c:	181b      	adds	r3, r3, r0
10004a0e:	00db      	lsls	r3, r3, #3
10004a10:	4d40      	ldr	r5, [pc, #256]	@ (10004b14 <cyw43_write_reg_u16+0x1f4>)
10004a12:	18cb      	adds	r3, r1, r3
10004a14:	33d8      	adds	r3, #216	@ 0xd8
10004a16:	601d      	str	r5, [r3, #0]
10004a18:	2500      	movs	r5, #0
10004a1a:	6115      	str	r5, [r2, #16]
10004a1c:	4a3e      	ldr	r2, [pc, #248]	@ (10004b18 <cyw43_write_reg_u16+0x1f8>)
10004a1e:	351f      	adds	r5, #31
10004a20:	601a      	str	r2, [r3, #0]
10004a22:	6862      	ldr	r2, [r4, #4]
10004a24:	2680      	movs	r6, #128	@ 0x80
10004a26:	402a      	ands	r2, r5
10004a28:	601a      	str	r2, [r3, #0]
10004a2a:	230c      	movs	r3, #12
10004a2c:	56e3      	ldrsb	r3, [r4, r3]
10004a2e:	22a0      	movs	r2, #160	@ 0xa0
10004a30:	409f      	lsls	r7, r3
10004a32:	469c      	mov	ip, r3
10004a34:	4b39      	ldr	r3, [pc, #228]	@ (10004b1c <cyw43_write_reg_u16+0x1fc>)
10004a36:	05d2      	lsls	r2, r2, #23
10004a38:	50d7      	str	r7, [r2, r3]
10004a3a:	4663      	mov	r3, ip
10004a3c:	019a      	lsls	r2, r3, #6
10004a3e:	23a0      	movs	r3, #160	@ 0xa0
10004a40:	05db      	lsls	r3, r3, #23
10004a42:	18d7      	adds	r7, r2, r3
10004a44:	4b36      	ldr	r3, [pc, #216]	@ (10004b20 <cyw43_write_reg_u16+0x200>)
10004a46:	0476      	lsls	r6, r6, #17
10004a48:	18d5      	adds	r5, r2, r3
10004a4a:	682b      	ldr	r3, [r5, #0]
10004a4c:	4233      	tst	r3, r6
10004a4e:	d1fc      	bne.n	10004a4a <cyw43_write_reg_u16+0x12a>
10004a50:	4665      	mov	r5, ip
10004a52:	02ed      	lsls	r5, r5, #11
10004a54:	46ac      	mov	ip, r5
10004a56:	4d33      	ldr	r5, [pc, #204]	@ (10004b24 <cyw43_write_reg_u16+0x204>)
10004a58:	4b2b      	ldr	r3, [pc, #172]	@ (10004b08 <cyw43_write_reg_u16+0x1e8>)
10004a5a:	46a8      	mov	r8, r5
10004a5c:	4665      	mov	r5, ip
10004a5e:	4646      	mov	r6, r8
10004a60:	18cb      	adds	r3, r1, r3
10004a62:	0d1b      	lsrs	r3, r3, #20
10004a64:	00db      	lsls	r3, r3, #3
10004a66:	181b      	adds	r3, r3, r0
10004a68:	4035      	ands	r5, r6
10004a6a:	03db      	lsls	r3, r3, #15
10004a6c:	432b      	orrs	r3, r5
10004a6e:	4d2e      	ldr	r5, [pc, #184]	@ (10004b28 <cyw43_write_reg_u16+0x208>)
10004a70:	432b      	orrs	r3, r5
10004a72:	4655      	mov	r5, sl
10004a74:	603d      	str	r5, [r7, #0]
10004a76:	464d      	mov	r5, r9
10004a78:	00ae      	lsls	r6, r5, #2
10004a7a:	2502      	movs	r5, #2
10004a7c:	198e      	adds	r6, r1, r6
10004a7e:	607e      	str	r6, [r7, #4]
10004a80:	60bd      	str	r5, [r7, #8]
10004a82:	60fb      	str	r3, [r7, #12]
10004a84:	2301      	movs	r3, #1
10004a86:	4083      	lsls	r3, r0
10004a88:	680d      	ldr	r5, [r1, #0]
10004a8a:	432b      	orrs	r3, r5
10004a8c:	600b      	str	r3, [r1, #0]
10004a8e:	4b27      	ldr	r3, [pc, #156]	@ (10004b2c <cyw43_write_reg_u16+0x20c>)
10004a90:	2180      	movs	r1, #128	@ 0x80
10004a92:	469c      	mov	ip, r3
10004a94:	0449      	lsls	r1, r1, #17
10004a96:	4462      	add	r2, ip
10004a98:	6813      	ldr	r3, [r2, #0]
10004a9a:	420b      	tst	r3, r1
10004a9c:	d1fc      	bne.n	10004a98 <cyw43_write_reg_u16+0x178>
10004a9e:	2201      	movs	r2, #1
10004aa0:	68a3      	ldr	r3, [r4, #8]
10004aa2:	6821      	ldr	r1, [r4, #0]
10004aa4:	3318      	adds	r3, #24
10004aa6:	409a      	lsls	r2, r3
10004aa8:	608a      	str	r2, [r1, #8]
10004aaa:	688b      	ldr	r3, [r1, #8]
10004aac:	4213      	tst	r3, r2
10004aae:	d0fc      	beq.n	10004aaa <cyw43_write_reg_u16+0x18a>
10004ab0:	2201      	movs	r2, #1
10004ab2:	68a1      	ldr	r1, [r4, #8]
10004ab4:	6820      	ldr	r0, [r4, #0]
10004ab6:	408a      	lsls	r2, r1
10004ab8:	6803      	ldr	r3, [r0, #0]
10004aba:	4393      	bics	r3, r2
10004abc:	6003      	str	r3, [r0, #0]
10004abe:	2300      	movs	r3, #0
10004ac0:	2218      	movs	r2, #24
10004ac2:	9300      	str	r3, [sp, #0]
10004ac4:	3301      	adds	r3, #1
10004ac6:	f002 f9bf 	bl	10006e48 <pio_sm_set_consecutive_pindirs>
10004aca:	68a1      	ldr	r1, [r4, #8]
10004acc:	6823      	ldr	r3, [r4, #0]
10004ace:	004a      	lsls	r2, r1, #1
10004ad0:	1852      	adds	r2, r2, r1
10004ad2:	00d2      	lsls	r2, r2, #3
10004ad4:	189b      	adds	r3, r3, r2
10004ad6:	4a16      	ldr	r2, [pc, #88]	@ (10004b30 <cyw43_write_reg_u16+0x210>)
10004ad8:	33d8      	adds	r3, #216	@ 0xd8
10004ada:	601a      	str	r2, [r3, #0]
10004adc:	23d0      	movs	r3, #208	@ 0xd0
10004ade:	2280      	movs	r2, #128	@ 0x80
10004ae0:	061b      	lsls	r3, r3, #24
10004ae2:	0492      	lsls	r2, r2, #18
10004ae4:	615a      	str	r2, [r3, #20]
10004ae6:	f7ff f94f 	bl	10003d88 <ns_delay.constprop.0>
10004aea:	2000      	movs	r0, #0
10004aec:	b005      	add	sp, #20
10004aee:	bcf0      	pop	{r4, r5, r6, r7}
10004af0:	46bb      	mov	fp, r7
10004af2:	46b2      	mov	sl, r6
10004af4:	46a9      	mov	r9, r5
10004af6:	46a0      	mov	r8, r4
10004af8:	bdf0      	pop	{r4, r5, r6, r7, pc}
10004afa:	46c0      	nop			@ (mov r8, r8)
10004afc:	0ffff800 	.word	0x0ffff800
10004b00:	c0000002 	.word	0xc0000002
10004b04:	0000084c 	.word	0x0000084c
10004b08:	afe00000 	.word	0xafe00000
10004b0c:	fffe007f 	.word	0xfffe007f
10004b10:	000010d0 	.word	0x000010d0
10004b14:	00006020 	.word	0x00006020
10004b18:	00006040 	.word	0x00006040
10004b1c:	00000444 	.word	0x00000444
10004b20:	5000000c 	.word	0x5000000c
10004b24:	ff007ffd 	.word	0xff007ffd
10004b28:	00400019 	.word	0x00400019
10004b2c:	50000010 	.word	0x50000010
10004b30:	0000a003 	.word	0x0000a003

10004b34 <cyw43_write_reg_u8>:
10004b34:	b5f0      	push	{r4, r5, r6, r7, lr}
10004b36:	46de      	mov	lr, fp
10004b38:	4657      	mov	r7, sl
10004b3a:	464e      	mov	r6, r9
10004b3c:	4645      	mov	r5, r8
10004b3e:	b5e0      	push	{r5, r6, r7, lr}
10004b40:	b085      	sub	sp, #20
10004b42:	ac02      	add	r4, sp, #8
10004b44:	46a2      	mov	sl, r4
10004b46:	4c72      	ldr	r4, [pc, #456]	@ (10004d10 <cyw43_write_reg_u8+0x1dc>)
10004b48:	02d2      	lsls	r2, r2, #11
10004b4a:	4022      	ands	r2, r4
10004b4c:	0709      	lsls	r1, r1, #28
10004b4e:	430a      	orrs	r2, r1
10004b50:	4970      	ldr	r1, [pc, #448]	@ (10004d14 <cyw43_write_reg_u8+0x1e0>)
10004b52:	2701      	movs	r7, #1
10004b54:	430a      	orrs	r2, r1
10004b56:	9202      	str	r2, [sp, #8]
10004b58:	4652      	mov	r2, sl
10004b5a:	6053      	str	r3, [r2, #4]
10004b5c:	4b6e      	ldr	r3, [pc, #440]	@ (10004d18 <cyw43_write_reg_u8+0x1e4>)
10004b5e:	58c4      	ldr	r4, [r0, r3]
10004b60:	4b6e      	ldr	r3, [pc, #440]	@ (10004d1c <cyw43_write_reg_u8+0x1e8>)
10004b62:	6821      	ldr	r1, [r4, #0]
10004b64:	469c      	mov	ip, r3
10004b66:	4461      	add	r1, ip
10004b68:	0d09      	lsrs	r1, r1, #20
10004b6a:	3106      	adds	r1, #6
10004b6c:	2018      	movs	r0, #24
10004b6e:	b2c9      	uxtb	r1, r1
10004b70:	f7fb fba0 	bl	100002b4 <gpio_set_function>
10004b74:	4b69      	ldr	r3, [pc, #420]	@ (10004d1c <cyw43_write_reg_u8+0x1e8>)
10004b76:	6821      	ldr	r1, [r4, #0]
10004b78:	469c      	mov	ip, r3
10004b7a:	4461      	add	r1, ip
10004b7c:	0d09      	lsrs	r1, r1, #20
10004b7e:	3106      	adds	r1, #6
10004b80:	201d      	movs	r0, #29
10004b82:	b2c9      	uxtb	r1, r1
10004b84:	f7fb fb96 	bl	100002b4 <gpio_set_function>
10004b88:	2201      	movs	r2, #1
10004b8a:	2100      	movs	r1, #0
10004b8c:	201d      	movs	r0, #29
10004b8e:	f7fb fbab 	bl	100002e8 <gpio_set_pulls>
10004b92:	23d0      	movs	r3, #208	@ 0xd0
10004b94:	2280      	movs	r2, #128	@ 0x80
10004b96:	061b      	lsls	r3, r3, #24
10004b98:	0492      	lsls	r2, r2, #18
10004b9a:	619a      	str	r2, [r3, #24]
10004b9c:	003a      	movs	r2, r7
10004b9e:	68a1      	ldr	r1, [r4, #8]
10004ba0:	6820      	ldr	r0, [r4, #0]
10004ba2:	408a      	lsls	r2, r1
10004ba4:	6803      	ldr	r3, [r0, #0]
10004ba6:	6865      	ldr	r5, [r4, #4]
10004ba8:	4393      	bics	r3, r2
10004baa:	6003      	str	r3, [r0, #0]
10004bac:	004b      	lsls	r3, r1, #1
10004bae:	185b      	adds	r3, r3, r1
10004bb0:	00db      	lsls	r3, r3, #3
10004bb2:	18c6      	adds	r6, r0, r3
10004bb4:	36cc      	adds	r6, #204	@ 0xcc
10004bb6:	6832      	ldr	r2, [r6, #0]
10004bb8:	469c      	mov	ip, r3
10004bba:	4690      	mov	r8, r2
10004bbc:	1c6a      	adds	r2, r5, #1
10004bbe:	0313      	lsls	r3, r2, #12
10004bc0:	4a57      	ldr	r2, [pc, #348]	@ (10004d20 <cyw43_write_reg_u8+0x1ec>)
10004bc2:	469b      	mov	fp, r3
10004bc4:	4691      	mov	r9, r2
10004bc6:	4642      	mov	r2, r8
10004bc8:	464b      	mov	r3, r9
10004bca:	401a      	ands	r2, r3
10004bcc:	0013      	movs	r3, r2
10004bce:	465a      	mov	r2, fp
10004bd0:	01ed      	lsls	r5, r5, #7
10004bd2:	431a      	orrs	r2, r3
10004bd4:	432a      	orrs	r2, r5
10004bd6:	6032      	str	r2, [r6, #0]
10004bd8:	4a52      	ldr	r2, [pc, #328]	@ (10004d24 <cyw43_write_reg_u8+0x1f0>)
10004bda:	4663      	mov	r3, ip
10004bdc:	4694      	mov	ip, r2
10004bde:	2280      	movs	r2, #128	@ 0x80
10004be0:	18c3      	adds	r3, r0, r3
10004be2:	4463      	add	r3, ip
10004be4:	0612      	lsls	r2, r2, #24
10004be6:	601a      	str	r2, [r3, #0]
10004be8:	601a      	str	r2, [r3, #0]
10004bea:	2280      	movs	r2, #128	@ 0x80
10004bec:	2300      	movs	r3, #0
10004bee:	0452      	lsls	r2, r2, #17
10004bf0:	9200      	str	r2, [sp, #0]
10004bf2:	9301      	str	r3, [sp, #4]
10004bf4:	f002 f8c6 	bl	10006d84 <pio_sm_set_pindirs_with_mask64>
10004bf8:	003a      	movs	r2, r7
10004bfa:	68a0      	ldr	r0, [r4, #8]
10004bfc:	6821      	ldr	r1, [r4, #0]
10004bfe:	1d03      	adds	r3, r0, #4
10004c00:	409a      	lsls	r2, r3
10004c02:	4699      	mov	r9, r3
10004c04:	2380      	movs	r3, #128	@ 0x80
10004c06:	019b      	lsls	r3, r3, #6
10004c08:	18cb      	adds	r3, r1, r3
10004c0a:	601a      	str	r2, [r3, #0]
10004c0c:	0002      	movs	r2, r0
10004c0e:	003d      	movs	r5, r7
10004c10:	3208      	adds	r2, #8
10004c12:	4095      	lsls	r5, r2
10004c14:	601d      	str	r5, [r3, #0]
10004c16:	233f      	movs	r3, #63	@ 0x3f
10004c18:	0082      	lsls	r2, r0, #2
10004c1a:	188a      	adds	r2, r1, r2
10004c1c:	6113      	str	r3, [r2, #16]
10004c1e:	0043      	lsls	r3, r0, #1
10004c20:	181b      	adds	r3, r3, r0
10004c22:	00db      	lsls	r3, r3, #3
10004c24:	4d40      	ldr	r5, [pc, #256]	@ (10004d28 <cyw43_write_reg_u8+0x1f4>)
10004c26:	18cb      	adds	r3, r1, r3
10004c28:	33d8      	adds	r3, #216	@ 0xd8
10004c2a:	601d      	str	r5, [r3, #0]
10004c2c:	2500      	movs	r5, #0
10004c2e:	6115      	str	r5, [r2, #16]
10004c30:	4a3e      	ldr	r2, [pc, #248]	@ (10004d2c <cyw43_write_reg_u8+0x1f8>)
10004c32:	351f      	adds	r5, #31
10004c34:	601a      	str	r2, [r3, #0]
10004c36:	6862      	ldr	r2, [r4, #4]
10004c38:	2680      	movs	r6, #128	@ 0x80
10004c3a:	402a      	ands	r2, r5
10004c3c:	601a      	str	r2, [r3, #0]
10004c3e:	230c      	movs	r3, #12
10004c40:	56e3      	ldrsb	r3, [r4, r3]
10004c42:	22a0      	movs	r2, #160	@ 0xa0
10004c44:	409f      	lsls	r7, r3
10004c46:	469c      	mov	ip, r3
10004c48:	4b39      	ldr	r3, [pc, #228]	@ (10004d30 <cyw43_write_reg_u8+0x1fc>)
10004c4a:	05d2      	lsls	r2, r2, #23
10004c4c:	50d7      	str	r7, [r2, r3]
10004c4e:	4663      	mov	r3, ip
10004c50:	019a      	lsls	r2, r3, #6
10004c52:	23a0      	movs	r3, #160	@ 0xa0
10004c54:	05db      	lsls	r3, r3, #23
10004c56:	18d7      	adds	r7, r2, r3
10004c58:	4b36      	ldr	r3, [pc, #216]	@ (10004d34 <cyw43_write_reg_u8+0x200>)
10004c5a:	0476      	lsls	r6, r6, #17
10004c5c:	18d5      	adds	r5, r2, r3
10004c5e:	682b      	ldr	r3, [r5, #0]
10004c60:	4233      	tst	r3, r6
10004c62:	d1fc      	bne.n	10004c5e <cyw43_write_reg_u8+0x12a>
10004c64:	4665      	mov	r5, ip
10004c66:	02ed      	lsls	r5, r5, #11
10004c68:	46ac      	mov	ip, r5
10004c6a:	4d33      	ldr	r5, [pc, #204]	@ (10004d38 <cyw43_write_reg_u8+0x204>)
10004c6c:	4b2b      	ldr	r3, [pc, #172]	@ (10004d1c <cyw43_write_reg_u8+0x1e8>)
10004c6e:	46a8      	mov	r8, r5
10004c70:	4665      	mov	r5, ip
10004c72:	4646      	mov	r6, r8
10004c74:	18cb      	adds	r3, r1, r3
10004c76:	0d1b      	lsrs	r3, r3, #20
10004c78:	00db      	lsls	r3, r3, #3
10004c7a:	181b      	adds	r3, r3, r0
10004c7c:	4035      	ands	r5, r6
10004c7e:	03db      	lsls	r3, r3, #15
10004c80:	432b      	orrs	r3, r5
10004c82:	4d2e      	ldr	r5, [pc, #184]	@ (10004d3c <cyw43_write_reg_u8+0x208>)
10004c84:	432b      	orrs	r3, r5
10004c86:	4655      	mov	r5, sl
10004c88:	603d      	str	r5, [r7, #0]
10004c8a:	464d      	mov	r5, r9
10004c8c:	00ae      	lsls	r6, r5, #2
10004c8e:	2502      	movs	r5, #2
10004c90:	198e      	adds	r6, r1, r6
10004c92:	607e      	str	r6, [r7, #4]
10004c94:	60bd      	str	r5, [r7, #8]
10004c96:	60fb      	str	r3, [r7, #12]
10004c98:	2301      	movs	r3, #1
10004c9a:	4083      	lsls	r3, r0
10004c9c:	680d      	ldr	r5, [r1, #0]
10004c9e:	432b      	orrs	r3, r5
10004ca0:	600b      	str	r3, [r1, #0]
10004ca2:	4b27      	ldr	r3, [pc, #156]	@ (10004d40 <cyw43_write_reg_u8+0x20c>)
10004ca4:	2180      	movs	r1, #128	@ 0x80
10004ca6:	469c      	mov	ip, r3
10004ca8:	0449      	lsls	r1, r1, #17
10004caa:	4462      	add	r2, ip
10004cac:	6813      	ldr	r3, [r2, #0]
10004cae:	420b      	tst	r3, r1
10004cb0:	d1fc      	bne.n	10004cac <cyw43_write_reg_u8+0x178>
10004cb2:	2201      	movs	r2, #1
10004cb4:	68a3      	ldr	r3, [r4, #8]
10004cb6:	6821      	ldr	r1, [r4, #0]
10004cb8:	3318      	adds	r3, #24
10004cba:	409a      	lsls	r2, r3
10004cbc:	608a      	str	r2, [r1, #8]
10004cbe:	688b      	ldr	r3, [r1, #8]
10004cc0:	4213      	tst	r3, r2
10004cc2:	d0fc      	beq.n	10004cbe <cyw43_write_reg_u8+0x18a>
10004cc4:	2201      	movs	r2, #1
10004cc6:	68a1      	ldr	r1, [r4, #8]
10004cc8:	6820      	ldr	r0, [r4, #0]
10004cca:	408a      	lsls	r2, r1
10004ccc:	6803      	ldr	r3, [r0, #0]
10004cce:	4393      	bics	r3, r2
10004cd0:	6003      	str	r3, [r0, #0]
10004cd2:	2300      	movs	r3, #0
10004cd4:	2218      	movs	r2, #24
10004cd6:	9300      	str	r3, [sp, #0]
10004cd8:	3301      	adds	r3, #1
10004cda:	f002 f8b5 	bl	10006e48 <pio_sm_set_consecutive_pindirs>
10004cde:	68a1      	ldr	r1, [r4, #8]
10004ce0:	6823      	ldr	r3, [r4, #0]
10004ce2:	004a      	lsls	r2, r1, #1
10004ce4:	1852      	adds	r2, r2, r1
10004ce6:	00d2      	lsls	r2, r2, #3
10004ce8:	189b      	adds	r3, r3, r2
10004cea:	4a16      	ldr	r2, [pc, #88]	@ (10004d44 <cyw43_write_reg_u8+0x210>)
10004cec:	33d8      	adds	r3, #216	@ 0xd8
10004cee:	601a      	str	r2, [r3, #0]
10004cf0:	23d0      	movs	r3, #208	@ 0xd0
10004cf2:	2280      	movs	r2, #128	@ 0x80
10004cf4:	061b      	lsls	r3, r3, #24
10004cf6:	0492      	lsls	r2, r2, #18
10004cf8:	615a      	str	r2, [r3, #20]
10004cfa:	f7ff f845 	bl	10003d88 <ns_delay.constprop.0>
10004cfe:	2000      	movs	r0, #0
10004d00:	b005      	add	sp, #20
10004d02:	bcf0      	pop	{r4, r5, r6, r7}
10004d04:	46bb      	mov	fp, r7
10004d06:	46b2      	mov	sl, r6
10004d08:	46a9      	mov	r9, r5
10004d0a:	46a0      	mov	r8, r4
10004d0c:	bdf0      	pop	{r4, r5, r6, r7, pc}
10004d0e:	46c0      	nop			@ (mov r8, r8)
10004d10:	0ffff800 	.word	0x0ffff800
10004d14:	c0000001 	.word	0xc0000001
10004d18:	0000084c 	.word	0x0000084c
10004d1c:	afe00000 	.word	0xafe00000
10004d20:	fffe007f 	.word	0xfffe007f
10004d24:	000010d0 	.word	0x000010d0
10004d28:	00006020 	.word	0x00006020
10004d2c:	00006040 	.word	0x00006040
10004d30:	00000444 	.word	0x00000444
10004d34:	5000000c 	.word	0x5000000c
10004d38:	ff007ffd 	.word	0xff007ffd
10004d3c:	00400019 	.word	0x00400019
10004d40:	50000010 	.word	0x50000010
10004d44:	0000a003 	.word	0x0000a003

10004d48 <cyw43_read_bytes>:
10004d48:	b5f0      	push	{r4, r5, r6, r7, lr}
10004d4a:	1cde      	adds	r6, r3, #3
10004d4c:	001d      	movs	r5, r3
10004d4e:	2303      	movs	r3, #3
10004d50:	0004      	movs	r4, r0
10004d52:	b083      	sub	sp, #12
10004d54:	439e      	bics	r6, r3
10004d56:	2901      	cmp	r1, #1
10004d58:	d024      	beq.n	10004da4 <cyw43_read_bytes+0x5c>
10004d5a:	2004      	movs	r0, #4
10004d5c:	3321      	adds	r3, #33	@ 0x21
10004d5e:	4f16      	ldr	r7, [pc, #88]	@ (10004db8 <cyw43_read_bytes+0x70>)
10004d60:	02d2      	lsls	r2, r2, #11
10004d62:	403a      	ands	r2, r7
10004d64:	0709      	lsls	r1, r1, #28
10004d66:	432a      	orrs	r2, r5
10004d68:	430a      	orrs	r2, r1
10004d6a:	2180      	movs	r1, #128	@ 0x80
10004d6c:	3004      	adds	r0, #4
10004d6e:	05c9      	lsls	r1, r1, #23
10004d70:	0080      	lsls	r0, r0, #2
10004d72:	430a      	orrs	r2, r1
10004d74:	1820      	adds	r0, r4, r0
10004d76:	3604      	adds	r6, #4
10004d78:	6042      	str	r2, [r0, #4]
10004d7a:	2100      	movs	r1, #0
10004d7c:	9600      	str	r6, [sp, #0]
10004d7e:	2204      	movs	r2, #4
10004d80:	0020      	movs	r0, r4
10004d82:	18e3      	adds	r3, r4, r3
10004d84:	f7ff f8da 	bl	10003f3c <cyw43_spi_transfer>
10004d88:	1e06      	subs	r6, r0, #0
10004d8a:	d10f      	bne.n	10004dac <cyw43_read_bytes+0x64>
10004d8c:	0021      	movs	r1, r4
10004d8e:	9b08      	ldr	r3, [sp, #32]
10004d90:	3128      	adds	r1, #40	@ 0x28
10004d92:	4299      	cmp	r1, r3
10004d94:	d003      	beq.n	10004d9e <cyw43_read_bytes+0x56>
10004d96:	002a      	movs	r2, r5
10004d98:	0018      	movs	r0, r3
10004d9a:	f7fd fa4b 	bl	10002234 <__wrap___aeabi_memcpy>
10004d9e:	0030      	movs	r0, r6
10004da0:	b003      	add	sp, #12
10004da2:	bdf0      	pop	{r4, r5, r6, r7, pc}
10004da4:	2000      	movs	r0, #0
10004da6:	3610      	adds	r6, #16
10004da8:	3311      	adds	r3, #17
10004daa:	e7d8      	b.n	10004d5e <cyw43_read_bytes+0x16>
10004dac:	0031      	movs	r1, r6
10004dae:	4803      	ldr	r0, [pc, #12]	@ (10004dbc <cyw43_read_bytes+0x74>)
10004db0:	f7fe ff64 	bl	10003c7c <__wrap_printf>
10004db4:	e7f3      	b.n	10004d9e <cyw43_read_bytes+0x56>
10004db6:	46c0      	nop			@ (mov r8, r8)
10004db8:	0ffff800 	.word	0x0ffff800
10004dbc:	10007ecc 	.word	0x10007ecc

10004dc0 <cyw43_write_bytes>:
10004dc0:	b5f0      	push	{r4, r5, r6, r7, lr}
10004dc2:	4657      	mov	r7, sl
10004dc4:	4645      	mov	r5, r8
10004dc6:	46de      	mov	lr, fp
10004dc8:	464e      	mov	r6, r9
10004dca:	4692      	mov	sl, r2
10004dcc:	001a      	movs	r2, r3
10004dce:	3303      	adds	r3, #3
10004dd0:	b5e0      	push	{r5, r6, r7, lr}
10004dd2:	0005      	movs	r5, r0
10004dd4:	0018      	movs	r0, r3
10004dd6:	2303      	movs	r3, #3
10004dd8:	b08b      	sub	sp, #44	@ 0x2c
10004dda:	4398      	bics	r0, r3
10004ddc:	4680      	mov	r8, r0
10004dde:	af02      	add	r7, sp, #8
10004de0:	2902      	cmp	r1, #2
10004de2:	d023      	beq.n	10004e2c <cyw43_write_bytes+0x6c>
10004de4:	0028      	movs	r0, r5
10004de6:	6cbb      	ldr	r3, [r7, #72]	@ 0x48
10004de8:	3028      	adds	r0, #40	@ 0x28
10004dea:	4298      	cmp	r0, r3
10004dec:	d044      	beq.n	10004e78 <cyw43_write_bytes+0xb8>
10004dee:	4653      	mov	r3, sl
10004df0:	4c27      	ldr	r4, [pc, #156]	@ (10004e90 <cyw43_write_bytes+0xd0>)
10004df2:	02db      	lsls	r3, r3, #11
10004df4:	0709      	lsls	r1, r1, #28
10004df6:	4023      	ands	r3, r4
10004df8:	4311      	orrs	r1, r2
10004dfa:	4319      	orrs	r1, r3
10004dfc:	23c0      	movs	r3, #192	@ 0xc0
10004dfe:	061b      	lsls	r3, r3, #24
10004e00:	430b      	orrs	r3, r1
10004e02:	626b      	str	r3, [r5, #36]	@ 0x24
10004e04:	6cb9      	ldr	r1, [r7, #72]	@ 0x48
10004e06:	f7fd fa15 	bl	10002234 <__wrap___aeabi_memcpy>
10004e0a:	4642      	mov	r2, r8
10004e0c:	0029      	movs	r1, r5
10004e0e:	2300      	movs	r3, #0
10004e10:	0028      	movs	r0, r5
10004e12:	3204      	adds	r2, #4
10004e14:	3124      	adds	r1, #36	@ 0x24
10004e16:	9300      	str	r3, [sp, #0]
10004e18:	f7ff f890 	bl	10003f3c <cyw43_spi_transfer>
10004e1c:	46bd      	mov	sp, r7
10004e1e:	b009      	add	sp, #36	@ 0x24
10004e20:	bcf0      	pop	{r4, r5, r6, r7}
10004e22:	46bb      	mov	fp, r7
10004e24:	46b2      	mov	sl, r6
10004e26:	46a9      	mov	r9, r5
10004e28:	46a0      	mov	r8, r4
10004e2a:	bdf0      	pop	{r4, r5, r6, r7, pc}
10004e2c:	4b19      	ldr	r3, [pc, #100]	@ (10004e94 <cyw43_write_bytes+0xd4>)
10004e2e:	24fa      	movs	r4, #250	@ 0xfa
10004e30:	4699      	mov	r9, r3
10004e32:	4688      	mov	r8, r1
10004e34:	4693      	mov	fp, r2
10004e36:	00a4      	lsls	r4, r4, #2
10004e38:	6078      	str	r0, [r7, #4]
10004e3a:	3c01      	subs	r4, #1
10004e3c:	d316      	bcc.n	10004e6c <cyw43_write_bytes+0xac>
10004e3e:	464b      	mov	r3, r9
10004e40:	60bb      	str	r3, [r7, #8]
10004e42:	2308      	movs	r3, #8
10004e44:	2204      	movs	r2, #4
10004e46:	9300      	str	r3, [sp, #0]
10004e48:	2100      	movs	r1, #0
10004e4a:	0028      	movs	r0, r5
10004e4c:	18fb      	adds	r3, r7, r3
10004e4e:	466e      	mov	r6, sp
10004e50:	f7ff f874 	bl	10003f3c <cyw43_spi_transfer>
10004e54:	2800      	cmp	r0, #0
10004e56:	d100      	bne.n	10004e5a <cyw43_write_bytes+0x9a>
10004e58:	68f8      	ldr	r0, [r7, #12]
10004e5a:	46b5      	mov	sp, r6
10004e5c:	0680      	lsls	r0, r0, #26
10004e5e:	d5ec      	bpl.n	10004e3a <cyw43_write_bytes+0x7a>
10004e60:	687b      	ldr	r3, [r7, #4]
10004e62:	4641      	mov	r1, r8
10004e64:	465a      	mov	r2, fp
10004e66:	4698      	mov	r8, r3
10004e68:	2c00      	cmp	r4, #0
10004e6a:	d1bb      	bne.n	10004de4 <cyw43_write_bytes+0x24>
10004e6c:	480a      	ldr	r0, [pc, #40]	@ (10004e98 <cyw43_write_bytes+0xd8>)
10004e6e:	f7fe fe7d 	bl	10003b6c <__wrap_puts>
10004e72:	2006      	movs	r0, #6
10004e74:	4240      	negs	r0, r0
10004e76:	e7d1      	b.n	10004e1c <cyw43_write_bytes+0x5c>
10004e78:	4653      	mov	r3, sl
10004e7a:	0709      	lsls	r1, r1, #28
10004e7c:	4311      	orrs	r1, r2
10004e7e:	22c0      	movs	r2, #192	@ 0xc0
10004e80:	4803      	ldr	r0, [pc, #12]	@ (10004e90 <cyw43_write_bytes+0xd0>)
10004e82:	02db      	lsls	r3, r3, #11
10004e84:	4003      	ands	r3, r0
10004e86:	430b      	orrs	r3, r1
10004e88:	0612      	lsls	r2, r2, #24
10004e8a:	4313      	orrs	r3, r2
10004e8c:	626b      	str	r3, [r5, #36]	@ 0x24
10004e8e:	e7bc      	b.n	10004e0a <cyw43_write_bytes+0x4a>
10004e90:	0ffff800 	.word	0x0ffff800
10004e94:	40004004 	.word	0x40004004
10004e98:	10008114 	.word	0x10008114

10004e9c <cyw43_set_backplane_window>:
10004e9c:	6883      	ldr	r3, [r0, #8]
10004e9e:	b570      	push	{r4, r5, r6, lr}
10004ea0:	0bcc      	lsrs	r4, r1, #15
10004ea2:	0005      	movs	r5, r0
10004ea4:	03e4      	lsls	r4, r4, #15
10004ea6:	42a3      	cmp	r3, r4
10004ea8:	d00d      	beq.n	10004ec6 <cyw43_set_backplane_window+0x2a>
10004eaa:	2280      	movs	r2, #128	@ 0x80
10004eac:	4063      	eors	r3, r4
10004eae:	0452      	lsls	r2, r2, #17
10004eb0:	4293      	cmp	r3, r2
10004eb2:	d219      	bcs.n	10004ee8 <cyw43_set_backplane_window+0x4c>
10004eb4:	22ff      	movs	r2, #255	@ 0xff
10004eb6:	0412      	lsls	r2, r2, #16
10004eb8:	4213      	tst	r3, r2
10004eba:	d10c      	bne.n	10004ed6 <cyw43_set_backplane_window+0x3a>
10004ebc:	22ff      	movs	r2, #255	@ 0xff
10004ebe:	0212      	lsls	r2, r2, #8
10004ec0:	4213      	tst	r3, r2
10004ec2:	d101      	bne.n	10004ec8 <cyw43_set_backplane_window+0x2c>
10004ec4:	60ac      	str	r4, [r5, #8]
10004ec6:	bd70      	pop	{r4, r5, r6, pc}
10004ec8:	2101      	movs	r1, #1
10004eca:	0028      	movs	r0, r5
10004ecc:	4a0a      	ldr	r2, [pc, #40]	@ (10004ef8 <cyw43_set_backplane_window+0x5c>)
10004ece:	0a23      	lsrs	r3, r4, #8
10004ed0:	f7ff fe30 	bl	10004b34 <cyw43_write_reg_u8>
10004ed4:	e7f6      	b.n	10004ec4 <cyw43_set_backplane_window+0x28>
10004ed6:	0c23      	lsrs	r3, r4, #16
10004ed8:	2101      	movs	r1, #1
10004eda:	0028      	movs	r0, r5
10004edc:	4a07      	ldr	r2, [pc, #28]	@ (10004efc <cyw43_set_backplane_window+0x60>)
10004ede:	f7ff fe29 	bl	10004b34 <cyw43_write_reg_u8>
10004ee2:	68ab      	ldr	r3, [r5, #8]
10004ee4:	4063      	eors	r3, r4
10004ee6:	e7e9      	b.n	10004ebc <cyw43_set_backplane_window+0x20>
10004ee8:	0e23      	lsrs	r3, r4, #24
10004eea:	2101      	movs	r1, #1
10004eec:	4a04      	ldr	r2, [pc, #16]	@ (10004f00 <cyw43_set_backplane_window+0x64>)
10004eee:	f7ff fe21 	bl	10004b34 <cyw43_write_reg_u8>
10004ef2:	68ab      	ldr	r3, [r5, #8]
10004ef4:	4063      	eors	r3, r4
10004ef6:	e7dd      	b.n	10004eb4 <cyw43_set_backplane_window+0x18>
10004ef8:	0001000a 	.word	0x0001000a
10004efc:	0001000b 	.word	0x0001000b
10004f00:	0001000c 	.word	0x0001000c

10004f04 <cyw43_ll_parse_async_event>:
10004f04:	b5f0      	push	{r4, r5, r6, r7, lr}
10004f06:	46c6      	mov	lr, r8
10004f08:	3003      	adds	r0, #3
10004f0a:	b500      	push	{lr}
10004f0c:	1e8e      	subs	r6, r1, #2
10004f0e:	0884      	lsrs	r4, r0, #2
10004f10:	d010      	beq.n	10004f34 <cyw43_ll_parse_async_event+0x30>
10004f12:	1e63      	subs	r3, r4, #1
10004f14:	2b07      	cmp	r3, #7
10004f16:	d903      	bls.n	10004f20 <cyw43_ll_parse_async_event+0x1c>
10004f18:	000b      	movs	r3, r1
10004f1a:	4333      	orrs	r3, r6
10004f1c:	075b      	lsls	r3, r3, #29
10004f1e:	d021      	beq.n	10004f64 <cyw43_ll_parse_async_event+0x60>
10004f20:	0032      	movs	r2, r6
10004f22:	00a4      	lsls	r4, r4, #2
10004f24:	1934      	adds	r4, r6, r4
10004f26:	8893      	ldrh	r3, [r2, #4]
10004f28:	8855      	ldrh	r5, [r2, #2]
10004f2a:	041b      	lsls	r3, r3, #16
10004f2c:	432b      	orrs	r3, r5
10004f2e:	c208      	stmia	r2!, {r3}
10004f30:	42a2      	cmp	r2, r4
10004f32:	d1f8      	bne.n	10004f26 <cyw43_ll_parse_async_event+0x22>
10004f34:	880b      	ldrh	r3, [r1, #0]
10004f36:	ba5b      	rev16	r3, r3
10004f38:	8073      	strh	r3, [r6, #2]
10004f3a:	1c8b      	adds	r3, r1, #2
10004f3c:	681a      	ldr	r2, [r3, #0]
10004f3e:	ba13      	rev	r3, r2
10004f40:	6073      	str	r3, [r6, #4]
10004f42:	1d8b      	adds	r3, r1, #6
10004f44:	6818      	ldr	r0, [r3, #0]
10004f46:	ba03      	rev	r3, r0
10004f48:	60b3      	str	r3, [r6, #8]
10004f4a:	000b      	movs	r3, r1
10004f4c:	330a      	adds	r3, #10
10004f4e:	681b      	ldr	r3, [r3, #0]
10004f50:	ba1b      	rev	r3, r3
10004f52:	60f3      	str	r3, [r6, #12]
10004f54:	238a      	movs	r3, #138	@ 0x8a
10004f56:	05db      	lsls	r3, r3, #23
10004f58:	429a      	cmp	r2, r3
10004f5a:	d01b      	beq.n	10004f94 <cyw43_ll_parse_async_event+0x90>
10004f5c:	0030      	movs	r0, r6
10004f5e:	bc80      	pop	{r7}
10004f60:	46b8      	mov	r8, r7
10004f62:	bdf0      	pop	{r4, r5, r6, r7, pc}
10004f64:	08c3      	lsrs	r3, r0, #3
10004f66:	469c      	mov	ip, r3
10004f68:	00db      	lsls	r3, r3, #3
10004f6a:	0030      	movs	r0, r6
10004f6c:	000d      	movs	r5, r1
10004f6e:	4698      	mov	r8, r3
10004f70:	18cf      	adds	r7, r1, r3
10004f72:	cd0c      	ldmia	r5!, {r2, r3}
10004f74:	c00c      	stmia	r0!, {r2, r3}
10004f76:	42bd      	cmp	r5, r7
10004f78:	d1fb      	bne.n	10004f72 <cyw43_ll_parse_async_event+0x6e>
10004f7a:	4663      	mov	r3, ip
10004f7c:	005f      	lsls	r7, r3, #1
10004f7e:	4643      	mov	r3, r8
10004f80:	18f5      	adds	r5, r6, r3
10004f82:	18c8      	adds	r0, r1, r3
10004f84:	42bc      	cmp	r4, r7
10004f86:	d0d5      	beq.n	10004f34 <cyw43_ll_parse_async_event+0x30>
10004f88:	8843      	ldrh	r3, [r0, #2]
10004f8a:	8802      	ldrh	r2, [r0, #0]
10004f8c:	041b      	lsls	r3, r3, #16
10004f8e:	4313      	orrs	r3, r2
10004f90:	602b      	str	r3, [r5, #0]
10004f92:	e7cf      	b.n	10004f34 <cyw43_ll_parse_async_event+0x30>
10004f94:	2380      	movs	r3, #128	@ 0x80
10004f96:	051b      	lsls	r3, r3, #20
10004f98:	4298      	cmp	r0, r3
10004f9a:	d1df      	bne.n	10004f5c <cyw43_ll_parse_async_event+0x58>
10004f9c:	000b      	movs	r3, r1
10004f9e:	000a      	movs	r2, r1
10004fa0:	000d      	movs	r5, r1
10004fa2:	32b2      	adds	r2, #178	@ 0xb2
10004fa4:	33ae      	adds	r3, #174	@ 0xae
10004fa6:	6810      	ldr	r0, [r2, #0]
10004fa8:	881b      	ldrh	r3, [r3, #0]
10004faa:	352e      	adds	r5, #46	@ 0x2e
10004fac:	692a      	ldr	r2, [r5, #16]
10004fae:	181c      	adds	r4, r3, r0
10004fb0:	4294      	cmp	r4, r2
10004fb2:	d816      	bhi.n	10004fe2 <cyw43_ll_parse_async_event+0xde>
10004fb4:	313a      	adds	r1, #58	@ 0x3a
10004fb6:	18c9      	adds	r1, r1, r3
10004fb8:	1808      	adds	r0, r1, r0
10004fba:	4281      	cmp	r1, r0
10004fbc:	d23a      	bcs.n	10005034 <cyw43_ll_parse_async_event+0x130>
10004fbe:	2700      	movs	r7, #0
10004fc0:	2400      	movs	r4, #0
10004fc2:	e004      	b.n	10004fce <cyw43_ll_parse_async_event+0xca>
10004fc4:	2add      	cmp	r2, #221	@ 0xdd
10004fc6:	d010      	beq.n	10004fea <cyw43_ll_parse_async_event+0xe6>
10004fc8:	18c9      	adds	r1, r1, r3
10004fca:	4288      	cmp	r0, r1
10004fcc:	d920      	bls.n	10005010 <cyw43_ll_parse_async_event+0x10c>
10004fce:	784b      	ldrb	r3, [r1, #1]
10004fd0:	3302      	adds	r3, #2
10004fd2:	18ca      	adds	r2, r1, r3
10004fd4:	4290      	cmp	r0, r2
10004fd6:	d3f7      	bcc.n	10004fc8 <cyw43_ll_parse_async_event+0xc4>
10004fd8:	780a      	ldrb	r2, [r1, #0]
10004fda:	2a30      	cmp	r2, #48	@ 0x30
10004fdc:	d1f2      	bne.n	10004fc4 <cyw43_ll_parse_async_event+0xc0>
10004fde:	000c      	movs	r4, r1
10004fe0:	e7f2      	b.n	10004fc8 <cyw43_ll_parse_async_event+0xc4>
10004fe2:	2301      	movs	r3, #1
10004fe4:	425b      	negs	r3, r3
10004fe6:	60b3      	str	r3, [r6, #8]
10004fe8:	e7b8      	b.n	10004f5c <cyw43_ll_parse_async_event+0x58>
10004fea:	1c8a      	adds	r2, r1, #2
10004fec:	4690      	mov	r8, r2
10004fee:	788a      	ldrb	r2, [r1, #2]
10004ff0:	2a00      	cmp	r2, #0
10004ff2:	d1e9      	bne.n	10004fc8 <cyw43_ll_parse_async_event+0xc4>
10004ff4:	4642      	mov	r2, r8
10004ff6:	7852      	ldrb	r2, [r2, #1]
10004ff8:	2a50      	cmp	r2, #80	@ 0x50
10004ffa:	d1e5      	bne.n	10004fc8 <cyw43_ll_parse_async_event+0xc4>
10004ffc:	4642      	mov	r2, r8
10004ffe:	7892      	ldrb	r2, [r2, #2]
10005000:	2af2      	cmp	r2, #242	@ 0xf2
10005002:	d1e1      	bne.n	10004fc8 <cyw43_ll_parse_async_event+0xc4>
10005004:	4642      	mov	r2, r8
10005006:	78d2      	ldrb	r2, [r2, #3]
10005008:	2a01      	cmp	r2, #1
1000500a:	d1dd      	bne.n	10004fc8 <cyw43_ll_parse_async_event+0xc4>
1000500c:	000f      	movs	r7, r1
1000500e:	e7db      	b.n	10004fc8 <cyw43_ll_parse_async_event+0xc4>
10005010:	1e63      	subs	r3, r4, #1
10005012:	419c      	sbcs	r4, r3
10005014:	00a4      	lsls	r4, r4, #2
10005016:	2f00      	cmp	r7, #0
10005018:	d001      	beq.n	1000501e <cyw43_ll_parse_async_event+0x11a>
1000501a:	2202      	movs	r2, #2
1000501c:	4314      	orrs	r4, r2
1000501e:	8baa      	ldrh	r2, [r5, #28]
10005020:	06d2      	lsls	r2, r2, #27
10005022:	d501      	bpl.n	10005028 <cyw43_ll_parse_async_event+0x124>
10005024:	2201      	movs	r2, #1
10005026:	4314      	orrs	r4, r2
10005028:	2284      	movs	r2, #132	@ 0x84
1000502a:	5cb1      	ldrb	r1, [r6, r2]
1000502c:	52b1      	strh	r1, [r6, r2]
1000502e:	3204      	adds	r2, #4
10005030:	54b4      	strb	r4, [r6, r2]
10005032:	e793      	b.n	10004f5c <cyw43_ll_parse_async_event+0x58>
10005034:	2400      	movs	r4, #0
10005036:	e7f2      	b.n	1000501e <cyw43_ll_parse_async_event+0x11a>

10005038 <cyw43_kso_set>:
10005038:	b5f0      	push	{r4, r5, r6, r7, lr}
1000503a:	46c6      	mov	lr, r8
1000503c:	000e      	movs	r6, r1
1000503e:	0005      	movs	r5, r0
10005040:	000b      	movs	r3, r1
10005042:	b500      	push	{lr}
10005044:	2101      	movs	r1, #1
10005046:	4a1a      	ldr	r2, [pc, #104]	@ (100050b0 <cyw43_kso_set+0x78>)
10005048:	f7ff fd74 	bl	10004b34 <cyw43_write_reg_u8>
1000504c:	0033      	movs	r3, r6
1000504e:	2101      	movs	r1, #1
10005050:	0028      	movs	r0, r5
10005052:	4a17      	ldr	r2, [pc, #92]	@ (100050b0 <cyw43_kso_set+0x78>)
10005054:	f7ff fd6e 	bl	10004b34 <cyw43_write_reg_u8>
10005058:	2e00      	cmp	r6, #0
1000505a:	d125      	bne.n	100050a8 <cyw43_kso_set+0x70>
1000505c:	2301      	movs	r3, #1
1000505e:	2700      	movs	r7, #0
10005060:	4698      	mov	r8, r3
10005062:	2440      	movs	r4, #64	@ 0x40
10005064:	e00b      	b.n	1000507e <cyw43_kso_set+0x46>
10005066:	2001      	movs	r0, #1
10005068:	f002 f9a0 	bl	100073ac <cyw43_delay_ms>
1000506c:	3c01      	subs	r4, #1
1000506e:	0033      	movs	r3, r6
10005070:	2101      	movs	r1, #1
10005072:	0028      	movs	r0, r5
10005074:	4a0e      	ldr	r2, [pc, #56]	@ (100050b0 <cyw43_kso_set+0x78>)
10005076:	f7ff fd5d 	bl	10004b34 <cyw43_write_reg_u8>
1000507a:	2c00      	cmp	r4, #0
1000507c:	d00f      	beq.n	1000509e <cyw43_kso_set+0x66>
1000507e:	2101      	movs	r1, #1
10005080:	0028      	movs	r0, r5
10005082:	4a0b      	ldr	r2, [pc, #44]	@ (100050b0 <cyw43_kso_set+0x78>)
10005084:	f7ff fa0e 	bl	100044a4 <cyw43_read_reg_u8>
10005088:	2800      	cmp	r0, #0
1000508a:	dbec      	blt.n	10005066 <cyw43_kso_set+0x2e>
1000508c:	4642      	mov	r2, r8
1000508e:	4002      	ands	r2, r0
10005090:	42ba      	cmp	r2, r7
10005092:	d1e8      	bne.n	10005066 <cyw43_kso_set+0x2e>
10005094:	28ff      	cmp	r0, #255	@ 0xff
10005096:	d0e6      	beq.n	10005066 <cyw43_kso_set+0x2e>
10005098:	bc80      	pop	{r7}
1000509a:	46b8      	mov	r8, r7
1000509c:	bdf0      	pop	{r4, r5, r6, r7, pc}
1000509e:	0031      	movs	r1, r6
100050a0:	4804      	ldr	r0, [pc, #16]	@ (100050b4 <cyw43_kso_set+0x7c>)
100050a2:	f7fe fdeb 	bl	10003c7c <__wrap_printf>
100050a6:	e7f7      	b.n	10005098 <cyw43_kso_set+0x60>
100050a8:	2303      	movs	r3, #3
100050aa:	2703      	movs	r7, #3
100050ac:	4698      	mov	r8, r3
100050ae:	e7d8      	b.n	10005062 <cyw43_kso_set+0x2a>
100050b0:	0001001f 	.word	0x0001001f
100050b4:	10007efc 	.word	0x10007efc

100050b8 <cyw43_ll_sdpcm_poll_device>:
100050b8:	b5f0      	push	{r4, r5, r6, r7, lr}
100050ba:	46d6      	mov	lr, sl
100050bc:	464f      	mov	r7, r9
100050be:	4646      	mov	r6, r8
100050c0:	b5c0      	push	{r6, r7, lr}
100050c2:	7cc3      	ldrb	r3, [r0, #19]
100050c4:	0005      	movs	r5, r0
100050c6:	468a      	mov	sl, r1
100050c8:	0017      	movs	r7, r2
100050ca:	b082      	sub	sp, #8
100050cc:	2b00      	cmp	r3, #0
100050ce:	d105      	bne.n	100050dc <cyw43_ll_sdpcm_poll_device+0x24>
100050d0:	6800      	ldr	r0, [r0, #0]
100050d2:	f001 fced 	bl	10006ab0 <cyw43_cb_read_host_interrupt_pin>
100050d6:	2801      	cmp	r0, #1
100050d8:	d000      	beq.n	100050dc <cyw43_ll_sdpcm_poll_device+0x24>
100050da:	e079      	b.n	100051d0 <cyw43_ll_sdpcm_poll_device+0x118>
100050dc:	0028      	movs	r0, r5
100050de:	f001 fced 	bl	10006abc <cyw43_cb_ensure_awake>
100050e2:	7cab      	ldrb	r3, [r5, #18]
100050e4:	2b00      	cmp	r3, #0
100050e6:	d105      	bne.n	100050f4 <cyw43_ll_sdpcm_poll_device+0x3c>
100050e8:	2101      	movs	r1, #1
100050ea:	0028      	movs	r0, r5
100050ec:	f7ff ffa4 	bl	10005038 <cyw43_kso_set>
100050f0:	2301      	movs	r3, #1
100050f2:	74ab      	strb	r3, [r5, #18]
100050f4:	7ceb      	ldrb	r3, [r5, #19]
100050f6:	2b00      	cmp	r3, #0
100050f8:	d100      	bne.n	100050fc <cyw43_ll_sdpcm_poll_device+0x44>
100050fa:	e073      	b.n	100051e4 <cyw43_ll_sdpcm_poll_device+0x12c>
100050fc:	24fa      	movs	r4, #250	@ 0xfa
100050fe:	00a4      	lsls	r4, r4, #2
10005100:	e002      	b.n	10005108 <cyw43_ll_sdpcm_poll_device+0x50>
10005102:	3c01      	subs	r4, #1
10005104:	2c00      	cmp	r4, #0
10005106:	d063      	beq.n	100051d0 <cyw43_ll_sdpcm_poll_device+0x118>
10005108:	2208      	movs	r2, #8
1000510a:	2100      	movs	r1, #0
1000510c:	0028      	movs	r0, r5
1000510e:	f7ff f975 	bl	100043fc <cyw43_read_reg_u32>
10005112:	1c43      	adds	r3, r0, #1
10005114:	d0f5      	beq.n	10005102 <cyw43_ll_sdpcm_poll_device+0x4a>
10005116:	05c3      	lsls	r3, r0, #23
10005118:	d558      	bpl.n	100051cc <cyw43_ll_sdpcm_poll_device+0x114>
1000511a:	22c0      	movs	r2, #192	@ 0xc0
1000511c:	0303      	lsls	r3, r0, #12
1000511e:	0d5b      	lsrs	r3, r3, #21
10005120:	1e59      	subs	r1, r3, #1
10005122:	00d2      	lsls	r2, r2, #3
10005124:	4291      	cmp	r1, r2
10005126:	d300      	bcc.n	1000512a <cyw43_ll_sdpcm_poll_device+0x72>
10005128:	e0b3      	b.n	10005292 <cyw43_ll_sdpcm_poll_device+0x1da>
1000512a:	0780      	lsls	r0, r0, #30
1000512c:	d500      	bpl.n	10005130 <cyw43_ll_sdpcm_poll_device+0x78>
1000512e:	e0b0      	b.n	10005292 <cyw43_ll_sdpcm_poll_device+0x1da>
10005130:	002c      	movs	r4, r5
10005132:	3428      	adds	r4, #40	@ 0x28
10005134:	2200      	movs	r2, #0
10005136:	2102      	movs	r1, #2
10005138:	0028      	movs	r0, r5
1000513a:	9400      	str	r4, [sp, #0]
1000513c:	f7ff fe04 	bl	10004d48 <cyw43_read_bytes>
10005140:	2800      	cmp	r0, #0
10005142:	d13b      	bne.n	100051bc <cyw43_ll_sdpcm_poll_device+0x104>
10005144:	8d29      	ldrh	r1, [r5, #40]	@ 0x28
10005146:	8d6a      	ldrh	r2, [r5, #42]	@ 0x2a
10005148:	2900      	cmp	r1, #0
1000514a:	d03d      	beq.n	100051c8 <cyw43_ll_sdpcm_poll_device+0x110>
1000514c:	2301      	movs	r3, #1
1000514e:	74eb      	strb	r3, [r5, #19]
10005150:	4b61      	ldr	r3, [pc, #388]	@ (100052d8 <cyw43_ll_sdpcm_poll_device+0x220>)
10005152:	469c      	mov	ip, r3
10005154:	000b      	movs	r3, r1
10005156:	4053      	eors	r3, r2
10005158:	4563      	cmp	r3, ip
1000515a:	d000      	beq.n	1000515e <cyw43_ll_sdpcm_poll_device+0xa6>
1000515c:	e0a3      	b.n	100052a6 <cyw43_ll_sdpcm_poll_device+0x1ee>
1000515e:	43d2      	mvns	r2, r2
10005160:	b292      	uxth	r2, r2
10005162:	4291      	cmp	r1, r2
10005164:	d000      	beq.n	10005168 <cyw43_ll_sdpcm_poll_device+0xb0>
10005166:	e09b      	b.n	100052a0 <cyw43_ll_sdpcm_poll_device+0x1e8>
10005168:	290b      	cmp	r1, #11
1000516a:	d800      	bhi.n	1000516e <cyw43_ll_sdpcm_poll_device+0xb6>
1000516c:	e0a2      	b.n	100052b4 <cyw43_ll_sdpcm_poll_device+0x1fc>
1000516e:	7a23      	ldrb	r3, [r4, #8]
10005170:	73ab      	strb	r3, [r5, #14]
10005172:	230f      	movs	r3, #15
10005174:	7962      	ldrb	r2, [r4, #5]
10005176:	4013      	ands	r3, r2
10005178:	2b02      	cmp	r3, #2
1000517a:	d82c      	bhi.n	100051d6 <cyw43_ll_sdpcm_poll_device+0x11e>
1000517c:	7a62      	ldrb	r2, [r4, #9]
1000517e:	4694      	mov	ip, r2
10005180:	4666      	mov	r6, ip
10005182:	7b6a      	ldrb	r2, [r5, #13]
10005184:	1ab2      	subs	r2, r6, r2
10005186:	b2d2      	uxtb	r2, r2
10005188:	2a14      	cmp	r2, #20
1000518a:	d945      	bls.n	10005218 <cyw43_ll_sdpcm_poll_device+0x160>
1000518c:	290c      	cmp	r1, #12
1000518e:	d026      	beq.n	100051de <cyw43_ll_sdpcm_poll_device+0x126>
10005190:	2b01      	cmp	r3, #1
10005192:	d052      	beq.n	1000523a <cyw43_ll_sdpcm_poll_device+0x182>
10005194:	2b02      	cmp	r3, #2
10005196:	d141      	bne.n	1000521c <cyw43_ll_sdpcm_poll_device+0x164>
10005198:	2910      	cmp	r1, #16
1000519a:	d800      	bhi.n	1000519e <cyw43_ll_sdpcm_poll_device+0xe6>
1000519c:	e090      	b.n	100052c0 <cyw43_ll_sdpcm_poll_device+0x208>
1000519e:	79e2      	ldrb	r2, [r4, #7]
100051a0:	2002      	movs	r0, #2
100051a2:	18a2      	adds	r2, r4, r2
100051a4:	78d3      	ldrb	r3, [r2, #3]
100051a6:	009b      	lsls	r3, r3, #2
100051a8:	3304      	adds	r3, #4
100051aa:	18d3      	adds	r3, r2, r3
100051ac:	7892      	ldrb	r2, [r2, #2]
100051ae:	1b1c      	subs	r4, r3, r4
100051b0:	07d2      	lsls	r2, r2, #31
100051b2:	1b0c      	subs	r4, r1, r4
100051b4:	4314      	orrs	r4, r2
100051b6:	4652      	mov	r2, sl
100051b8:	6014      	str	r4, [r2, #0]
100051ba:	603b      	str	r3, [r7, #0]
100051bc:	b002      	add	sp, #8
100051be:	bce0      	pop	{r5, r6, r7}
100051c0:	46ba      	mov	sl, r7
100051c2:	46b1      	mov	r9, r6
100051c4:	46a8      	mov	r8, r5
100051c6:	bdf0      	pop	{r4, r5, r6, r7, pc}
100051c8:	2a00      	cmp	r2, #0
100051ca:	d1bf      	bne.n	1000514c <cyw43_ll_sdpcm_poll_device+0x94>
100051cc:	2300      	movs	r3, #0
100051ce:	74eb      	strb	r3, [r5, #19]
100051d0:	2001      	movs	r0, #1
100051d2:	4240      	negs	r0, r0
100051d4:	e7f2      	b.n	100051bc <cyw43_ll_sdpcm_poll_device+0x104>
100051d6:	200b      	movs	r0, #11
100051d8:	4240      	negs	r0, r0
100051da:	290c      	cmp	r1, #12
100051dc:	d1ee      	bne.n	100051bc <cyw43_ll_sdpcm_poll_device+0x104>
100051de:	2004      	movs	r0, #4
100051e0:	4240      	negs	r0, r0
100051e2:	e7eb      	b.n	100051bc <cyw43_ll_sdpcm_poll_device+0x104>
100051e4:	2204      	movs	r2, #4
100051e6:	2100      	movs	r1, #0
100051e8:	0028      	movs	r0, r5
100051ea:	f7ff f931 	bl	10004450 <cyw43_read_reg_u16>
100051ee:	b283      	uxth	r3, r0
100051f0:	4698      	mov	r8, r3
100051f2:	4b3a      	ldr	r3, [pc, #232]	@ (100052dc <cyw43_ll_sdpcm_poll_device+0x224>)
100051f4:	0004      	movs	r4, r0
100051f6:	4699      	mov	r9, r3
100051f8:	881b      	ldrh	r3, [r3, #0]
100051fa:	4543      	cmp	r3, r8
100051fc:	d002      	beq.n	10005204 <cyw43_ll_sdpcm_poll_device+0x14c>
100051fe:	2386      	movs	r3, #134	@ 0x86
10005200:	4203      	tst	r3, r0
10005202:	d13a      	bne.n	1000527a <cyw43_ll_sdpcm_poll_device+0x1c2>
10005204:	4643      	mov	r3, r8
10005206:	2b00      	cmp	r3, #0
10005208:	d13d      	bne.n	10005286 <cyw43_ll_sdpcm_poll_device+0x1ce>
1000520a:	464b      	mov	r3, r9
1000520c:	4642      	mov	r2, r8
1000520e:	801a      	strh	r2, [r3, #0]
10005210:	06a4      	lsls	r4, r4, #26
10005212:	d500      	bpl.n	10005216 <cyw43_ll_sdpcm_poll_device+0x15e>
10005214:	e772      	b.n	100050fc <cyw43_ll_sdpcm_poll_device+0x44>
10005216:	e7db      	b.n	100051d0 <cyw43_ll_sdpcm_poll_device+0x118>
10005218:	736e      	strb	r6, [r5, #13]
1000521a:	e7b7      	b.n	1000518c <cyw43_ll_sdpcm_poll_device+0xd4>
1000521c:	291b      	cmp	r1, #27
1000521e:	d955      	bls.n	100052cc <cyw43_ll_sdpcm_poll_device+0x214>
10005220:	79e3      	ldrb	r3, [r4, #7]
10005222:	8a2d      	ldrh	r5, [r5, #16]
10005224:	18e3      	adds	r3, r4, r3
10005226:	895a      	ldrh	r2, [r3, #10]
10005228:	4295      	cmp	r5, r2
1000522a:	d14c      	bne.n	100052c6 <cyw43_ll_sdpcm_poll_device+0x20e>
1000522c:	4652      	mov	r2, sl
1000522e:	3310      	adds	r3, #16
10005230:	1b1c      	subs	r4, r3, r4
10005232:	1b0c      	subs	r4, r1, r4
10005234:	6014      	str	r4, [r2, #0]
10005236:	603b      	str	r3, [r7, #0]
10005238:	e7c0      	b.n	100051bc <cyw43_ll_sdpcm_poll_device+0x104>
1000523a:	2910      	cmp	r1, #16
1000523c:	d949      	bls.n	100052d2 <cyw43_ll_sdpcm_poll_device+0x21a>
1000523e:	79e3      	ldrb	r3, [r4, #7]
10005240:	18e3      	adds	r3, r4, r3
10005242:	78da      	ldrb	r2, [r3, #3]
10005244:	0092      	lsls	r2, r2, #2
10005246:	3204      	adds	r2, #4
10005248:	189b      	adds	r3, r3, r2
1000524a:	7b1a      	ldrb	r2, [r3, #12]
1000524c:	1b1c      	subs	r4, r3, r4
1000524e:	1b09      	subs	r1, r1, r4
10005250:	2a88      	cmp	r2, #136	@ 0x88
10005252:	d132      	bne.n	100052ba <cyw43_ll_sdpcm_poll_device+0x202>
10005254:	7b5a      	ldrb	r2, [r3, #13]
10005256:	2a6c      	cmp	r2, #108	@ 0x6c
10005258:	d12f      	bne.n	100052ba <cyw43_ll_sdpcm_poll_device+0x202>
1000525a:	7cda      	ldrb	r2, [r3, #19]
1000525c:	2a00      	cmp	r2, #0
1000525e:	d126      	bne.n	100052ae <cyw43_ll_sdpcm_poll_device+0x1f6>
10005260:	7d1a      	ldrb	r2, [r3, #20]
10005262:	2a10      	cmp	r2, #16
10005264:	d123      	bne.n	100052ae <cyw43_ll_sdpcm_poll_device+0x1f6>
10005266:	7d5a      	ldrb	r2, [r3, #21]
10005268:	2a18      	cmp	r2, #24
1000526a:	d120      	bne.n	100052ae <cyw43_ll_sdpcm_poll_device+0x1f6>
1000526c:	4652      	mov	r2, sl
1000526e:	3918      	subs	r1, #24
10005270:	3318      	adds	r3, #24
10005272:	6011      	str	r1, [r2, #0]
10005274:	2001      	movs	r0, #1
10005276:	603b      	str	r3, [r7, #0]
10005278:	e7a0      	b.n	100051bc <cyw43_ll_sdpcm_poll_device+0x104>
1000527a:	0401      	lsls	r1, r0, #16
1000527c:	0c09      	lsrs	r1, r1, #16
1000527e:	4818      	ldr	r0, [pc, #96]	@ (100052e0 <cyw43_ll_sdpcm_poll_device+0x228>)
10005280:	f7fe fcfc 	bl	10003c7c <__wrap_printf>
10005284:	e7be      	b.n	10005204 <cyw43_ll_sdpcm_poll_device+0x14c>
10005286:	2204      	movs	r2, #4
10005288:	2100      	movs	r1, #0
1000528a:	0028      	movs	r0, r5
1000528c:	f7ff fb48 	bl	10004920 <cyw43_write_reg_u16>
10005290:	e7bb      	b.n	1000520a <cyw43_ll_sdpcm_poll_device+0x152>
10005292:	2301      	movs	r3, #1
10005294:	2101      	movs	r1, #1
10005296:	0028      	movs	r0, r5
10005298:	4a12      	ldr	r2, [pc, #72]	@ (100052e4 <cyw43_ll_sdpcm_poll_device+0x22c>)
1000529a:	f7ff fc4b 	bl	10004b34 <cyw43_write_reg_u8>
1000529e:	e795      	b.n	100051cc <cyw43_ll_sdpcm_poll_device+0x114>
100052a0:	2002      	movs	r0, #2
100052a2:	4240      	negs	r0, r0
100052a4:	e78a      	b.n	100051bc <cyw43_ll_sdpcm_poll_device+0x104>
100052a6:	4810      	ldr	r0, [pc, #64]	@ (100052e8 <cyw43_ll_sdpcm_poll_device+0x230>)
100052a8:	f7fe fce8 	bl	10003c7c <__wrap_printf>
100052ac:	e790      	b.n	100051d0 <cyw43_ll_sdpcm_poll_device+0x118>
100052ae:	200a      	movs	r0, #10
100052b0:	4240      	negs	r0, r0
100052b2:	e783      	b.n	100051bc <cyw43_ll_sdpcm_poll_device+0x104>
100052b4:	2003      	movs	r0, #3
100052b6:	4240      	negs	r0, r0
100052b8:	e780      	b.n	100051bc <cyw43_ll_sdpcm_poll_device+0x104>
100052ba:	2009      	movs	r0, #9
100052bc:	4240      	negs	r0, r0
100052be:	e77d      	b.n	100051bc <cyw43_ll_sdpcm_poll_device+0x104>
100052c0:	2007      	movs	r0, #7
100052c2:	4240      	negs	r0, r0
100052c4:	e77a      	b.n	100051bc <cyw43_ll_sdpcm_poll_device+0x104>
100052c6:	2006      	movs	r0, #6
100052c8:	4240      	negs	r0, r0
100052ca:	e777      	b.n	100051bc <cyw43_ll_sdpcm_poll_device+0x104>
100052cc:	2005      	movs	r0, #5
100052ce:	4240      	negs	r0, r0
100052d0:	e774      	b.n	100051bc <cyw43_ll_sdpcm_poll_device+0x104>
100052d2:	2008      	movs	r0, #8
100052d4:	4240      	negs	r0, r0
100052d6:	e771      	b.n	100051bc <cyw43_ll_sdpcm_poll_device+0x104>
100052d8:	0000ffff 	.word	0x0000ffff
100052dc:	200013b6 	.word	0x200013b6
100052e0:	10007f20 	.word	0x10007f20
100052e4:	0001000d 	.word	0x0001000d
100052e8:	10007f4c 	.word	0x10007f4c

100052ec <cyw43_sdpcm_send_common>:
100052ec:	b5f0      	push	{r4, r5, r6, r7, lr}
100052ee:	46de      	mov	lr, fp
100052f0:	4657      	mov	r7, sl
100052f2:	4645      	mov	r5, r8
100052f4:	464e      	mov	r6, r9
100052f6:	0004      	movs	r4, r0
100052f8:	b5e0      	push	{r5, r6, r7, lr}
100052fa:	b085      	sub	sp, #20
100052fc:	469a      	mov	sl, r3
100052fe:	4688      	mov	r8, r1
10005300:	4693      	mov	fp, r2
10005302:	f001 fbdb 	bl	10006abc <cyw43_cb_ensure_awake>
10005306:	7ca3      	ldrb	r3, [r4, #18]
10005308:	2b00      	cmp	r3, #0
1000530a:	d105      	bne.n	10005318 <cyw43_sdpcm_send_common+0x2c>
1000530c:	2101      	movs	r1, #1
1000530e:	0020      	movs	r0, r4
10005310:	f7ff fe92 	bl	10005038 <cyw43_kso_set>
10005314:	2301      	movs	r3, #1
10005316:	74a3      	strb	r3, [r4, #18]
10005318:	7ba3      	ldrb	r3, [r4, #14]
1000531a:	2b00      	cmp	r3, #0
1000531c:	d024      	beq.n	10005368 <cyw43_sdpcm_send_common+0x7c>
1000531e:	4f2f      	ldr	r7, [pc, #188]	@ (100053dc <cyw43_sdpcm_send_common+0xf0>)
10005320:	4e2f      	ldr	r6, [pc, #188]	@ (100053e0 <cyw43_sdpcm_send_common+0xf4>)
10005322:	6abb      	ldr	r3, [r7, #40]	@ 0x28
10005324:	4699      	mov	r9, r3
10005326:	e00e      	b.n	10005346 <cyw43_sdpcm_send_common+0x5a>
10005328:	7ba1      	ldrb	r1, [r4, #14]
1000532a:	2900      	cmp	r1, #0
1000532c:	d103      	bne.n	10005336 <cyw43_sdpcm_send_common+0x4a>
1000532e:	7b23      	ldrb	r3, [r4, #12]
10005330:	7b62      	ldrb	r2, [r4, #13]
10005332:	429a      	cmp	r2, r3
10005334:	d11c      	bne.n	10005370 <cyw43_sdpcm_send_common+0x84>
10005336:	464b      	mov	r3, r9
10005338:	1aed      	subs	r5, r5, r3
1000533a:	42b5      	cmp	r5, r6
1000533c:	d845      	bhi.n	100053ca <cyw43_sdpcm_send_common+0xde>
1000533e:	20fa      	movs	r0, #250	@ 0xfa
10005340:	0080      	lsls	r0, r0, #2
10005342:	f001 ffff 	bl	10007344 <cyw43_await_background_or_timeout_us>
10005346:	0020      	movs	r0, r4
10005348:	aa03      	add	r2, sp, #12
1000534a:	a902      	add	r1, sp, #8
1000534c:	6abd      	ldr	r5, [r7, #40]	@ 0x28
1000534e:	f7ff feb3 	bl	100050b8 <cyw43_ll_sdpcm_poll_device>
10005352:	2801      	cmp	r0, #1
10005354:	d1e8      	bne.n	10005328 <cyw43_sdpcm_send_common+0x3c>
10005356:	9903      	ldr	r1, [sp, #12]
10005358:	9802      	ldr	r0, [sp, #8]
1000535a:	f7ff fdd3 	bl	10004f04 <cyw43_ll_parse_async_event>
1000535e:	0001      	movs	r1, r0
10005360:	0020      	movs	r0, r4
10005362:	f001 fbb1 	bl	10006ac8 <cyw43_cb_process_async_event>
10005366:	e7df      	b.n	10005328 <cyw43_sdpcm_send_common+0x3c>
10005368:	7b23      	ldrb	r3, [r4, #12]
1000536a:	7b62      	ldrb	r2, [r4, #13]
1000536c:	429a      	cmp	r2, r3
1000536e:	d0d6      	beq.n	1000531e <cyw43_sdpcm_send_common+0x32>
10005370:	465a      	mov	r2, fp
10005372:	4651      	mov	r1, sl
10005374:	320c      	adds	r2, #12
10005376:	b292      	uxth	r2, r2
10005378:	800a      	strh	r2, [r1, #0]
1000537a:	43d2      	mvns	r2, r2
1000537c:	710b      	strb	r3, [r1, #4]
1000537e:	804a      	strh	r2, [r1, #2]
10005380:	4652      	mov	r2, sl
10005382:	4641      	mov	r1, r8
10005384:	7151      	strb	r1, [r2, #5]
10005386:	2200      	movs	r2, #0
10005388:	4651      	mov	r1, sl
1000538a:	718a      	strb	r2, [r1, #6]
1000538c:	4641      	mov	r1, r8
1000538e:	1e8e      	subs	r6, r1, #2
10005390:	1e71      	subs	r1, r6, #1
10005392:	418e      	sbcs	r6, r1
10005394:	2101      	movs	r1, #1
10005396:	4276      	negs	r6, r6
10005398:	438e      	bics	r6, r1
1000539a:	4651      	mov	r1, sl
1000539c:	3301      	adds	r3, #1
1000539e:	360e      	adds	r6, #14
100053a0:	810a      	strh	r2, [r1, #8]
100053a2:	814a      	strh	r2, [r1, #10]
100053a4:	71ce      	strb	r6, [r1, #7]
100053a6:	7323      	strb	r3, [r4, #12]
100053a8:	465b      	mov	r3, fp
100053aa:	3203      	adds	r2, #3
100053ac:	330f      	adds	r3, #15
100053ae:	4393      	bics	r3, r2
100053b0:	9100      	str	r1, [sp, #0]
100053b2:	2200      	movs	r2, #0
100053b4:	2102      	movs	r1, #2
100053b6:	0020      	movs	r0, r4
100053b8:	f7ff fd02 	bl	10004dc0 <cyw43_write_bytes>
100053bc:	b005      	add	sp, #20
100053be:	bcf0      	pop	{r4, r5, r6, r7}
100053c0:	46bb      	mov	fp, r7
100053c2:	46b2      	mov	sl, r6
100053c4:	46a9      	mov	r9, r5
100053c6:	46a0      	mov	r8, r4
100053c8:	bdf0      	pop	{r4, r5, r6, r7, pc}
100053ca:	7b63      	ldrb	r3, [r4, #13]
100053cc:	7b22      	ldrb	r2, [r4, #12]
100053ce:	4805      	ldr	r0, [pc, #20]	@ (100053e4 <cyw43_sdpcm_send_common+0xf8>)
100053d0:	f7fe fc54 	bl	10003c7c <__wrap_printf>
100053d4:	2002      	movs	r0, #2
100053d6:	4240      	negs	r0, r0
100053d8:	e7f0      	b.n	100053bc <cyw43_sdpcm_send_common+0xd0>
100053da:	46c0      	nop			@ (mov r8, r8)
100053dc:	40054000 	.word	0x40054000
100053e0:	000f4240 	.word	0x000f4240
100053e4:	10007f78 	.word	0x10007f78

100053e8 <cyw43_do_ioctl.part.0>:
100053e8:	b5f0      	push	{r4, r5, r6, r7, lr}
100053ea:	4657      	mov	r7, sl
100053ec:	464e      	mov	r6, r9
100053ee:	4645      	mov	r5, r8
100053f0:	46de      	mov	lr, fp
100053f2:	b5e0      	push	{r5, r6, r7, lr}
100053f4:	4e29      	ldr	r6, [pc, #164]	@ (1000549c <cyw43_do_ioctl.part.0+0xb4>)
100053f6:	4692      	mov	sl, r2
100053f8:	6ab7      	ldr	r7, [r6, #40]	@ 0x28
100053fa:	4698      	mov	r8, r3
100053fc:	4a28      	ldr	r2, [pc, #160]	@ (100054a0 <cyw43_do_ioctl.part.0+0xb8>)
100053fe:	6ab3      	ldr	r3, [r6, #40]	@ 0x28
10005400:	0005      	movs	r5, r0
10005402:	4689      	mov	r9, r1
10005404:	b083      	sub	sp, #12
10005406:	1bdb      	subs	r3, r3, r7
10005408:	4293      	cmp	r3, r2
1000540a:	d82e      	bhi.n	1000546a <cyw43_do_ioctl.part.0+0x82>
1000540c:	4b25      	ldr	r3, [pc, #148]	@ (100054a4 <cyw43_do_ioctl.part.0+0xbc>)
1000540e:	469b      	mov	fp, r3
10005410:	e010      	b.n	10005434 <cyw43_do_ioctl.part.0+0x4c>
10005412:	2802      	cmp	r0, #2
10005414:	d020      	beq.n	10005458 <cyw43_do_ioctl.part.0+0x70>
10005416:	2800      	cmp	r0, #0
10005418:	db03      	blt.n	10005422 <cyw43_do_ioctl.part.0+0x3a>
1000541a:	0001      	movs	r1, r0
1000541c:	4658      	mov	r0, fp
1000541e:	f7fe fc2d 	bl	10003c7c <__wrap_printf>
10005422:	20fa      	movs	r0, #250	@ 0xfa
10005424:	0080      	lsls	r0, r0, #2
10005426:	f001 ff8d 	bl	10007344 <cyw43_await_background_or_timeout_us>
1000542a:	6ab3      	ldr	r3, [r6, #40]	@ 0x28
1000542c:	4a1c      	ldr	r2, [pc, #112]	@ (100054a0 <cyw43_do_ioctl.part.0+0xb8>)
1000542e:	1bdb      	subs	r3, r3, r7
10005430:	4293      	cmp	r3, r2
10005432:	d81a      	bhi.n	1000546a <cyw43_do_ioctl.part.0+0x82>
10005434:	4669      	mov	r1, sp
10005436:	0028      	movs	r0, r5
10005438:	aa01      	add	r2, sp, #4
1000543a:	f7ff fe3d 	bl	100050b8 <cyw43_ll_sdpcm_poll_device>
1000543e:	1e04      	subs	r4, r0, #0
10005440:	d023      	beq.n	1000548a <cyw43_do_ioctl.part.0+0xa2>
10005442:	2801      	cmp	r0, #1
10005444:	d1e5      	bne.n	10005412 <cyw43_do_ioctl.part.0+0x2a>
10005446:	9901      	ldr	r1, [sp, #4]
10005448:	9800      	ldr	r0, [sp, #0]
1000544a:	f7ff fd5b 	bl	10004f04 <cyw43_ll_parse_async_event>
1000544e:	0001      	movs	r1, r0
10005450:	0028      	movs	r0, r5
10005452:	f001 fb39 	bl	10006ac8 <cyw43_cb_process_async_event>
10005456:	e7e4      	b.n	10005422 <cyw43_do_ioctl.part.0+0x3a>
10005458:	9900      	ldr	r1, [sp, #0]
1000545a:	9b01      	ldr	r3, [sp, #4]
1000545c:	004a      	lsls	r2, r1, #1
1000545e:	6828      	ldr	r0, [r5, #0]
10005460:	0852      	lsrs	r2, r2, #1
10005462:	0fc9      	lsrs	r1, r1, #31
10005464:	f001 ffd4 	bl	10007410 <cyw43_cb_process_ethernet>
10005468:	e7db      	b.n	10005422 <cyw43_do_ioctl.part.0+0x3a>
1000546a:	4643      	mov	r3, r8
1000546c:	4652      	mov	r2, sl
1000546e:	4649      	mov	r1, r9
10005470:	2402      	movs	r4, #2
10005472:	480d      	ldr	r0, [pc, #52]	@ (100054a8 <cyw43_do_ioctl.part.0+0xc0>)
10005474:	f7fe fc02 	bl	10003c7c <__wrap_printf>
10005478:	4264      	negs	r4, r4
1000547a:	0020      	movs	r0, r4
1000547c:	b003      	add	sp, #12
1000547e:	bcf0      	pop	{r4, r5, r6, r7}
10005480:	46bb      	mov	fp, r7
10005482:	46b2      	mov	sl, r6
10005484:	46a9      	mov	r9, r5
10005486:	46a0      	mov	r8, r4
10005488:	bdf0      	pop	{r4, r5, r6, r7, pc}
1000548a:	9a00      	ldr	r2, [sp, #0]
1000548c:	4542      	cmp	r2, r8
1000548e:	d900      	bls.n	10005492 <cyw43_do_ioctl.part.0+0xaa>
10005490:	4642      	mov	r2, r8
10005492:	9901      	ldr	r1, [sp, #4]
10005494:	980c      	ldr	r0, [sp, #48]	@ 0x30
10005496:	f002 fa61 	bl	1000795c <memmove>
1000549a:	e7ee      	b.n	1000547a <cyw43_do_ioctl.part.0+0x92>
1000549c:	40054000 	.word	0x40054000
100054a0:	000f423f 	.word	0x000f423f
100054a4:	10007f9c 	.word	0x10007f9c
100054a8:	10007fc8 	.word	0x10007fc8

100054ac <cyw43_download_resource>:
100054ac:	b5f0      	push	{r4, r5, r6, r7, lr}
100054ae:	4645      	mov	r5, r8
100054b0:	4690      	mov	r8, r2
100054b2:	2240      	movs	r2, #64	@ 0x40
100054b4:	4657      	mov	r7, sl
100054b6:	46de      	mov	lr, fp
100054b8:	464e      	mov	r6, r9
100054ba:	4252      	negs	r2, r2
100054bc:	4693      	mov	fp, r2
100054be:	4692      	mov	sl, r2
100054c0:	b5e0      	push	{r5, r6, r7, lr}
100054c2:	2400      	movs	r4, #0
100054c4:	0007      	movs	r7, r0
100054c6:	b083      	sub	sp, #12
100054c8:	448b      	add	fp, r1
100054ca:	449a      	add	sl, r3
100054cc:	2240      	movs	r2, #64	@ 0x40
100054ce:	0023      	movs	r3, r4
100054d0:	3440      	adds	r4, #64	@ 0x40
100054d2:	4691      	mov	r9, r2
100054d4:	4544      	cmp	r4, r8
100054d6:	d902      	bls.n	100054de <cyw43_download_resource+0x32>
100054d8:	4642      	mov	r2, r8
100054da:	1ad3      	subs	r3, r2, r3
100054dc:	4699      	mov	r9, r3
100054de:	465b      	mov	r3, fp
100054e0:	191d      	adds	r5, r3, r4
100054e2:	68bb      	ldr	r3, [r7, #8]
100054e4:	0bee      	lsrs	r6, r5, #15
100054e6:	03f6      	lsls	r6, r6, #15
100054e8:	429e      	cmp	r6, r3
100054ea:	d00d      	beq.n	10005508 <cyw43_download_resource+0x5c>
100054ec:	2280      	movs	r2, #128	@ 0x80
100054ee:	4073      	eors	r3, r6
100054f0:	0452      	lsls	r2, r2, #17
100054f2:	4293      	cmp	r3, r2
100054f4:	d227      	bcs.n	10005546 <cyw43_download_resource+0x9a>
100054f6:	22ff      	movs	r2, #255	@ 0xff
100054f8:	0412      	lsls	r2, r2, #16
100054fa:	4213      	tst	r3, r2
100054fc:	d12f      	bne.n	1000555e <cyw43_download_resource+0xb2>
100054fe:	22ff      	movs	r2, #255	@ 0xff
10005500:	0212      	lsls	r2, r2, #8
10005502:	4213      	tst	r3, r2
10005504:	d118      	bne.n	10005538 <cyw43_download_resource+0x8c>
10005506:	60be      	str	r6, [r7, #8]
10005508:	2280      	movs	r2, #128	@ 0x80
1000550a:	4653      	mov	r3, sl
1000550c:	046d      	lsls	r5, r5, #17
1000550e:	191b      	adds	r3, r3, r4
10005510:	0c6d      	lsrs	r5, r5, #17
10005512:	0212      	lsls	r2, r2, #8
10005514:	9300      	str	r3, [sp, #0]
10005516:	2101      	movs	r1, #1
10005518:	464b      	mov	r3, r9
1000551a:	0038      	movs	r0, r7
1000551c:	432a      	orrs	r2, r5
1000551e:	f7ff fc4f 	bl	10004dc0 <cyw43_write_bytes>
10005522:	2800      	cmp	r0, #0
10005524:	d101      	bne.n	1000552a <cyw43_download_resource+0x7e>
10005526:	4544      	cmp	r4, r8
10005528:	d3d0      	bcc.n	100054cc <cyw43_download_resource+0x20>
1000552a:	b003      	add	sp, #12
1000552c:	bcf0      	pop	{r4, r5, r6, r7}
1000552e:	46bb      	mov	fp, r7
10005530:	46b2      	mov	sl, r6
10005532:	46a9      	mov	r9, r5
10005534:	46a0      	mov	r8, r4
10005536:	bdf0      	pop	{r4, r5, r6, r7, pc}
10005538:	2101      	movs	r1, #1
1000553a:	0038      	movs	r0, r7
1000553c:	4a0c      	ldr	r2, [pc, #48]	@ (10005570 <cyw43_download_resource+0xc4>)
1000553e:	0a33      	lsrs	r3, r6, #8
10005540:	f7ff faf8 	bl	10004b34 <cyw43_write_reg_u8>
10005544:	e7df      	b.n	10005506 <cyw43_download_resource+0x5a>
10005546:	2300      	movs	r3, #0
10005548:	4a0a      	ldr	r2, [pc, #40]	@ (10005574 <cyw43_download_resource+0xc8>)
1000554a:	2101      	movs	r1, #1
1000554c:	0038      	movs	r0, r7
1000554e:	f7ff faf1 	bl	10004b34 <cyw43_write_reg_u8>
10005552:	22ff      	movs	r2, #255	@ 0xff
10005554:	68bb      	ldr	r3, [r7, #8]
10005556:	0412      	lsls	r2, r2, #16
10005558:	4073      	eors	r3, r6
1000555a:	4213      	tst	r3, r2
1000555c:	d0cf      	beq.n	100054fe <cyw43_download_resource+0x52>
1000555e:	0c33      	lsrs	r3, r6, #16
10005560:	2101      	movs	r1, #1
10005562:	0038      	movs	r0, r7
10005564:	4a04      	ldr	r2, [pc, #16]	@ (10005578 <cyw43_download_resource+0xcc>)
10005566:	f7ff fae5 	bl	10004b34 <cyw43_write_reg_u8>
1000556a:	68bb      	ldr	r3, [r7, #8]
1000556c:	4073      	eors	r3, r6
1000556e:	e7c6      	b.n	100054fe <cyw43_download_resource+0x52>
10005570:	0001000a 	.word	0x0001000a
10005574:	0001000c 	.word	0x0001000c
10005578:	0001000b 	.word	0x0001000b

1000557c <cyw43_write_iovar_u32.constprop.0>:
1000557c:	b5f0      	push	{r4, r5, r6, r7, lr}
1000557e:	46ce      	mov	lr, r9
10005580:	4647      	mov	r7, r8
10005582:	b580      	push	{r7, lr}
10005584:	0006      	movs	r6, r0
10005586:	b083      	sub	sp, #12
10005588:	0004      	movs	r4, r0
1000558a:	0008      	movs	r0, r1
1000558c:	0017      	movs	r7, r2
1000558e:	4689      	mov	r9, r1
10005590:	f002 fa3c 	bl	10007a0c <strlen>
10005594:	1c43      	adds	r3, r0, #1
10005596:	4698      	mov	r8, r3
10005598:	3644      	adds	r6, #68	@ 0x44
1000559a:	0005      	movs	r5, r0
1000559c:	001a      	movs	r2, r3
1000559e:	4649      	mov	r1, r9
100055a0:	0030      	movs	r0, r6
100055a2:	f7fc fe47 	bl	10002234 <__wrap___aeabi_memcpy>
100055a6:	4643      	mov	r3, r8
100055a8:	18f2      	adds	r2, r6, r3
100055aa:	0a3b      	lsrs	r3, r7, #8
100055ac:	7017      	strb	r7, [r2, #0]
100055ae:	7053      	strb	r3, [r2, #1]
100055b0:	0c3b      	lsrs	r3, r7, #16
100055b2:	0e3f      	lsrs	r7, r7, #24
100055b4:	7093      	strb	r3, [r2, #2]
100055b6:	70d7      	strb	r7, [r2, #3]
100055b8:	002a      	movs	r2, r5
100055ba:	2380      	movs	r3, #128	@ 0x80
100055bc:	3221      	adds	r2, #33	@ 0x21
100055be:	1d6f      	adds	r7, r5, #5
100055c0:	011b      	lsls	r3, r3, #4
100055c2:	429a      	cmp	r2, r3
100055c4:	d825      	bhi.n	10005612 <cyw43_write_iovar_u32.constprop.0+0x96>
100055c6:	2208      	movs	r2, #8
100055c8:	8a23      	ldrh	r3, [r4, #16]
100055ca:	32ff      	adds	r2, #255	@ 0xff
100055cc:	3301      	adds	r3, #1
100055ce:	b29b      	uxth	r3, r3
100055d0:	6362      	str	r2, [r4, #52]	@ 0x34
100055d2:	4690      	mov	r8, r2
100055d4:	3a06      	subs	r2, #6
100055d6:	8223      	strh	r3, [r4, #16]
100055d8:	3aff      	subs	r2, #255	@ 0xff
100055da:	041b      	lsls	r3, r3, #16
100055dc:	4313      	orrs	r3, r2
100055de:	63e3      	str	r3, [r4, #60]	@ 0x3c
100055e0:	2300      	movs	r3, #0
100055e2:	003a      	movs	r2, r7
100055e4:	0031      	movs	r1, r6
100055e6:	6423      	str	r3, [r4, #64]	@ 0x40
100055e8:	0030      	movs	r0, r6
100055ea:	63a7      	str	r7, [r4, #56]	@ 0x38
100055ec:	f002 f9b6 	bl	1000795c <memmove>
100055f0:	002a      	movs	r2, r5
100055f2:	0023      	movs	r3, r4
100055f4:	2100      	movs	r1, #0
100055f6:	0020      	movs	r0, r4
100055f8:	3215      	adds	r2, #21
100055fa:	3328      	adds	r3, #40	@ 0x28
100055fc:	f7ff fe76 	bl	100052ec <cyw43_sdpcm_send_common>
10005600:	2800      	cmp	r0, #0
10005602:	d106      	bne.n	10005612 <cyw43_write_iovar_u32.constprop.0+0x96>
10005604:	003b      	movs	r3, r7
10005606:	4642      	mov	r2, r8
10005608:	2102      	movs	r1, #2
1000560a:	0020      	movs	r0, r4
1000560c:	9600      	str	r6, [sp, #0]
1000560e:	f7ff feeb 	bl	100053e8 <cyw43_do_ioctl.part.0>
10005612:	b003      	add	sp, #12
10005614:	bcc0      	pop	{r6, r7}
10005616:	46b9      	mov	r9, r7
10005618:	46b0      	mov	r8, r6
1000561a:	bdf0      	pop	{r4, r5, r6, r7, pc}

1000561c <cyw43_write_iovar_n>:
1000561c:	b5f0      	push	{r4, r5, r6, r7, lr}
1000561e:	46ce      	mov	lr, r9
10005620:	4647      	mov	r7, r8
10005622:	b580      	push	{r7, lr}
10005624:	0006      	movs	r6, r0
10005626:	b083      	sub	sp, #12
10005628:	0004      	movs	r4, r0
1000562a:	0008      	movs	r0, r1
1000562c:	4699      	mov	r9, r3
1000562e:	4688      	mov	r8, r1
10005630:	0017      	movs	r7, r2
10005632:	f002 f9eb 	bl	10007a0c <strlen>
10005636:	3644      	adds	r6, #68	@ 0x44
10005638:	1c45      	adds	r5, r0, #1
1000563a:	003a      	movs	r2, r7
1000563c:	4649      	mov	r1, r9
1000563e:	1970      	adds	r0, r6, r5
10005640:	f002 f98c 	bl	1000795c <memmove>
10005644:	002a      	movs	r2, r5
10005646:	4641      	mov	r1, r8
10005648:	0030      	movs	r0, r6
1000564a:	19ed      	adds	r5, r5, r7
1000564c:	f7fc fdf2 	bl	10002234 <__wrap___aeabi_memcpy>
10005650:	002a      	movs	r2, r5
10005652:	2380      	movs	r3, #128	@ 0x80
10005654:	321c      	adds	r2, #28
10005656:	011b      	lsls	r3, r3, #4
10005658:	429a      	cmp	r2, r3
1000565a:	d826      	bhi.n	100056aa <cyw43_write_iovar_n+0x8e>
1000565c:	8a21      	ldrh	r1, [r4, #16]
1000565e:	9b0a      	ldr	r3, [sp, #40]	@ 0x28
10005660:	3101      	adds	r1, #1
10005662:	b289      	uxth	r1, r1
10005664:	8221      	strh	r1, [r4, #16]
10005666:	031b      	lsls	r3, r3, #12
10005668:	0409      	lsls	r1, r1, #16
1000566a:	4319      	orrs	r1, r3
1000566c:	2302      	movs	r3, #2
1000566e:	2708      	movs	r7, #8
10005670:	4319      	orrs	r1, r3
10005672:	2300      	movs	r3, #0
10005674:	37ff      	adds	r7, #255	@ 0xff
10005676:	002a      	movs	r2, r5
10005678:	63e1      	str	r1, [r4, #60]	@ 0x3c
1000567a:	6423      	str	r3, [r4, #64]	@ 0x40
1000567c:	0031      	movs	r1, r6
1000567e:	0030      	movs	r0, r6
10005680:	6367      	str	r7, [r4, #52]	@ 0x34
10005682:	63a5      	str	r5, [r4, #56]	@ 0x38
10005684:	f002 f96a 	bl	1000795c <memmove>
10005688:	0023      	movs	r3, r4
1000568a:	002a      	movs	r2, r5
1000568c:	2100      	movs	r1, #0
1000568e:	0020      	movs	r0, r4
10005690:	3328      	adds	r3, #40	@ 0x28
10005692:	3210      	adds	r2, #16
10005694:	f7ff fe2a 	bl	100052ec <cyw43_sdpcm_send_common>
10005698:	2800      	cmp	r0, #0
1000569a:	d106      	bne.n	100056aa <cyw43_write_iovar_n+0x8e>
1000569c:	002b      	movs	r3, r5
1000569e:	003a      	movs	r2, r7
100056a0:	2102      	movs	r1, #2
100056a2:	0020      	movs	r0, r4
100056a4:	9600      	str	r6, [sp, #0]
100056a6:	f7ff fe9f 	bl	100053e8 <cyw43_do_ioctl.part.0>
100056aa:	b003      	add	sp, #12
100056ac:	bcc0      	pop	{r6, r7}
100056ae:	46b9      	mov	r9, r7
100056b0:	46b0      	mov	r8, r6
100056b2:	bdf0      	pop	{r4, r5, r6, r7, pc}

100056b4 <cyw43_read_backplane.constprop.0>:
100056b4:	6883      	ldr	r3, [r0, #8]
100056b6:	b570      	push	{r4, r5, r6, lr}
100056b8:	0bce      	lsrs	r6, r1, #15
100056ba:	0004      	movs	r4, r0
100056bc:	000d      	movs	r5, r1
100056be:	03f6      	lsls	r6, r6, #15
100056c0:	429e      	cmp	r6, r3
100056c2:	d00d      	beq.n	100056e0 <cyw43_read_backplane.constprop.0+0x2c>
100056c4:	2280      	movs	r2, #128	@ 0x80
100056c6:	4073      	eors	r3, r6
100056c8:	0452      	lsls	r2, r2, #17
100056ca:	4293      	cmp	r3, r2
100056cc:	d239      	bcs.n	10005742 <cyw43_read_backplane.constprop.0+0x8e>
100056ce:	22ff      	movs	r2, #255	@ 0xff
100056d0:	0412      	lsls	r2, r2, #16
100056d2:	4213      	tst	r3, r2
100056d4:	d12c      	bne.n	10005730 <cyw43_read_backplane.constprop.0+0x7c>
100056d6:	22ff      	movs	r2, #255	@ 0xff
100056d8:	0212      	lsls	r2, r2, #8
100056da:	4213      	tst	r3, r2
100056dc:	d121      	bne.n	10005722 <cyw43_read_backplane.constprop.0+0x6e>
100056de:	60a6      	str	r6, [r4, #8]
100056e0:	2280      	movs	r2, #128	@ 0x80
100056e2:	046d      	lsls	r5, r5, #17
100056e4:	0c6d      	lsrs	r5, r5, #17
100056e6:	0212      	lsls	r2, r2, #8
100056e8:	432a      	orrs	r2, r5
100056ea:	2101      	movs	r1, #1
100056ec:	0020      	movs	r0, r4
100056ee:	f7fe fed9 	bl	100044a4 <cyw43_read_reg_u8>
100056f2:	25c0      	movs	r5, #192	@ 0xc0
100056f4:	68a3      	ldr	r3, [r4, #8]
100056f6:	0006      	movs	r6, r0
100056f8:	056d      	lsls	r5, r5, #21
100056fa:	42ab      	cmp	r3, r5
100056fc:	d00f      	beq.n	1000571e <cyw43_read_backplane.constprop.0+0x6a>
100056fe:	2280      	movs	r2, #128	@ 0x80
10005700:	406b      	eors	r3, r5
10005702:	0452      	lsls	r2, r2, #17
10005704:	4293      	cmp	r3, r2
10005706:	d238      	bcs.n	1000577a <cyw43_read_backplane.constprop.0+0xc6>
10005708:	22ff      	movs	r2, #255	@ 0xff
1000570a:	0412      	lsls	r2, r2, #16
1000570c:	4213      	tst	r3, r2
1000570e:	d128      	bne.n	10005762 <cyw43_read_backplane.constprop.0+0xae>
10005710:	22ff      	movs	r2, #255	@ 0xff
10005712:	0212      	lsls	r2, r2, #8
10005714:	4213      	tst	r3, r2
10005716:	d11c      	bne.n	10005752 <cyw43_read_backplane.constprop.0+0x9e>
10005718:	23c0      	movs	r3, #192	@ 0xc0
1000571a:	055b      	lsls	r3, r3, #21
1000571c:	60a3      	str	r3, [r4, #8]
1000571e:	0030      	movs	r0, r6
10005720:	bd70      	pop	{r4, r5, r6, pc}
10005722:	2101      	movs	r1, #1
10005724:	0020      	movs	r0, r4
10005726:	4a19      	ldr	r2, [pc, #100]	@ (1000578c <cyw43_read_backplane.constprop.0+0xd8>)
10005728:	0a33      	lsrs	r3, r6, #8
1000572a:	f7ff fa03 	bl	10004b34 <cyw43_write_reg_u8>
1000572e:	e7d6      	b.n	100056de <cyw43_read_backplane.constprop.0+0x2a>
10005730:	0c33      	lsrs	r3, r6, #16
10005732:	2101      	movs	r1, #1
10005734:	0020      	movs	r0, r4
10005736:	4a16      	ldr	r2, [pc, #88]	@ (10005790 <cyw43_read_backplane.constprop.0+0xdc>)
10005738:	f7ff f9fc 	bl	10004b34 <cyw43_write_reg_u8>
1000573c:	68a3      	ldr	r3, [r4, #8]
1000573e:	4073      	eors	r3, r6
10005740:	e7c9      	b.n	100056d6 <cyw43_read_backplane.constprop.0+0x22>
10005742:	0e33      	lsrs	r3, r6, #24
10005744:	2101      	movs	r1, #1
10005746:	4a13      	ldr	r2, [pc, #76]	@ (10005794 <cyw43_read_backplane.constprop.0+0xe0>)
10005748:	f7ff f9f4 	bl	10004b34 <cyw43_write_reg_u8>
1000574c:	68a3      	ldr	r3, [r4, #8]
1000574e:	4073      	eors	r3, r6
10005750:	e7bd      	b.n	100056ce <cyw43_read_backplane.constprop.0+0x1a>
10005752:	23c0      	movs	r3, #192	@ 0xc0
10005754:	2101      	movs	r1, #1
10005756:	0020      	movs	r0, r4
10005758:	4a0c      	ldr	r2, [pc, #48]	@ (1000578c <cyw43_read_backplane.constprop.0+0xd8>)
1000575a:	035b      	lsls	r3, r3, #13
1000575c:	f7ff f9ea 	bl	10004b34 <cyw43_write_reg_u8>
10005760:	e7da      	b.n	10005718 <cyw43_read_backplane.constprop.0+0x64>
10005762:	23c0      	movs	r3, #192	@ 0xc0
10005764:	4a0a      	ldr	r2, [pc, #40]	@ (10005790 <cyw43_read_backplane.constprop.0+0xdc>)
10005766:	015b      	lsls	r3, r3, #5
10005768:	2101      	movs	r1, #1
1000576a:	0020      	movs	r0, r4
1000576c:	f7ff f9e2 	bl	10004b34 <cyw43_write_reg_u8>
10005770:	23c0      	movs	r3, #192	@ 0xc0
10005772:	68a2      	ldr	r2, [r4, #8]
10005774:	055b      	lsls	r3, r3, #21
10005776:	4053      	eors	r3, r2
10005778:	e7ca      	b.n	10005710 <cyw43_read_backplane.constprop.0+0x5c>
1000577a:	2318      	movs	r3, #24
1000577c:	2101      	movs	r1, #1
1000577e:	0020      	movs	r0, r4
10005780:	4a04      	ldr	r2, [pc, #16]	@ (10005794 <cyw43_read_backplane.constprop.0+0xe0>)
10005782:	f7ff f9d7 	bl	10004b34 <cyw43_write_reg_u8>
10005786:	68a3      	ldr	r3, [r4, #8]
10005788:	406b      	eors	r3, r5
1000578a:	e7bd      	b.n	10005708 <cyw43_read_backplane.constprop.0+0x54>
1000578c:	0001000a 	.word	0x0001000a
10005790:	0001000b 	.word	0x0001000b
10005794:	0001000c 	.word	0x0001000c

10005798 <cyw43_write_backplane>:
10005798:	b5f0      	push	{r4, r5, r6, r7, lr}
1000579a:	46c6      	mov	lr, r8
1000579c:	0bce      	lsrs	r6, r1, #15
1000579e:	000d      	movs	r5, r1
100057a0:	6881      	ldr	r1, [r0, #8]
100057a2:	0004      	movs	r4, r0
100057a4:	4690      	mov	r8, r2
100057a6:	001f      	movs	r7, r3
100057a8:	b500      	push	{lr}
100057aa:	03f6      	lsls	r6, r6, #15
100057ac:	428e      	cmp	r6, r1
100057ae:	d00d      	beq.n	100057cc <cyw43_write_backplane+0x34>
100057b0:	2380      	movs	r3, #128	@ 0x80
100057b2:	4071      	eors	r1, r6
100057b4:	045b      	lsls	r3, r3, #17
100057b6:	4299      	cmp	r1, r3
100057b8:	d266      	bcs.n	10005888 <cyw43_write_backplane+0xf0>
100057ba:	23ff      	movs	r3, #255	@ 0xff
100057bc:	041b      	lsls	r3, r3, #16
100057be:	4219      	tst	r1, r3
100057c0:	d159      	bne.n	10005876 <cyw43_write_backplane+0xde>
100057c2:	23ff      	movs	r3, #255	@ 0xff
100057c4:	021b      	lsls	r3, r3, #8
100057c6:	4219      	tst	r1, r3
100057c8:	d125      	bne.n	10005816 <cyw43_write_backplane+0x7e>
100057ca:	60a6      	str	r6, [r4, #8]
100057cc:	2280      	movs	r2, #128	@ 0x80
100057ce:	4643      	mov	r3, r8
100057d0:	046d      	lsls	r5, r5, #17
100057d2:	0c6d      	lsrs	r5, r5, #17
100057d4:	0212      	lsls	r2, r2, #8
100057d6:	432a      	orrs	r2, r5
100057d8:	2b01      	cmp	r3, #1
100057da:	d023      	beq.n	10005824 <cyw43_write_backplane+0x8c>
100057dc:	003b      	movs	r3, r7
100057de:	2101      	movs	r1, #1
100057e0:	0020      	movs	r0, r4
100057e2:	f7fe ff93 	bl	1000470c <cyw43_write_reg_u32>
100057e6:	25c0      	movs	r5, #192	@ 0xc0
100057e8:	68a3      	ldr	r3, [r4, #8]
100057ea:	056d      	lsls	r5, r5, #21
100057ec:	42ab      	cmp	r3, r5
100057ee:	d00f      	beq.n	10005810 <cyw43_write_backplane+0x78>
100057f0:	2280      	movs	r2, #128	@ 0x80
100057f2:	406b      	eors	r3, r5
100057f4:	0452      	lsls	r2, r2, #17
100057f6:	4293      	cmp	r3, r2
100057f8:	d21a      	bcs.n	10005830 <cyw43_write_backplane+0x98>
100057fa:	22ff      	movs	r2, #255	@ 0xff
100057fc:	0412      	lsls	r2, r2, #16
100057fe:	4213      	tst	r3, r2
10005800:	d122      	bne.n	10005848 <cyw43_write_backplane+0xb0>
10005802:	22ff      	movs	r2, #255	@ 0xff
10005804:	0212      	lsls	r2, r2, #8
10005806:	4213      	tst	r3, r2
10005808:	d12d      	bne.n	10005866 <cyw43_write_backplane+0xce>
1000580a:	23c0      	movs	r3, #192	@ 0xc0
1000580c:	055b      	lsls	r3, r3, #21
1000580e:	60a3      	str	r3, [r4, #8]
10005810:	bc80      	pop	{r7}
10005812:	46b8      	mov	r8, r7
10005814:	bdf0      	pop	{r4, r5, r6, r7, pc}
10005816:	2101      	movs	r1, #1
10005818:	0020      	movs	r0, r4
1000581a:	4a1f      	ldr	r2, [pc, #124]	@ (10005898 <cyw43_write_backplane+0x100>)
1000581c:	0a33      	lsrs	r3, r6, #8
1000581e:	f7ff f989 	bl	10004b34 <cyw43_write_reg_u8>
10005822:	e7d2      	b.n	100057ca <cyw43_write_backplane+0x32>
10005824:	003b      	movs	r3, r7
10005826:	2101      	movs	r1, #1
10005828:	0020      	movs	r0, r4
1000582a:	f7ff f983 	bl	10004b34 <cyw43_write_reg_u8>
1000582e:	e7da      	b.n	100057e6 <cyw43_write_backplane+0x4e>
10005830:	2318      	movs	r3, #24
10005832:	4a1a      	ldr	r2, [pc, #104]	@ (1000589c <cyw43_write_backplane+0x104>)
10005834:	2101      	movs	r1, #1
10005836:	0020      	movs	r0, r4
10005838:	f7ff f97c 	bl	10004b34 <cyw43_write_reg_u8>
1000583c:	22ff      	movs	r2, #255	@ 0xff
1000583e:	68a3      	ldr	r3, [r4, #8]
10005840:	0412      	lsls	r2, r2, #16
10005842:	406b      	eors	r3, r5
10005844:	4213      	tst	r3, r2
10005846:	d0dc      	beq.n	10005802 <cyw43_write_backplane+0x6a>
10005848:	23c0      	movs	r3, #192	@ 0xc0
1000584a:	4a15      	ldr	r2, [pc, #84]	@ (100058a0 <cyw43_write_backplane+0x108>)
1000584c:	015b      	lsls	r3, r3, #5
1000584e:	2101      	movs	r1, #1
10005850:	0020      	movs	r0, r4
10005852:	f7ff f96f 	bl	10004b34 <cyw43_write_reg_u8>
10005856:	23c0      	movs	r3, #192	@ 0xc0
10005858:	68a2      	ldr	r2, [r4, #8]
1000585a:	055b      	lsls	r3, r3, #21
1000585c:	4053      	eors	r3, r2
1000585e:	22ff      	movs	r2, #255	@ 0xff
10005860:	0212      	lsls	r2, r2, #8
10005862:	4213      	tst	r3, r2
10005864:	d0d1      	beq.n	1000580a <cyw43_write_backplane+0x72>
10005866:	23c0      	movs	r3, #192	@ 0xc0
10005868:	2101      	movs	r1, #1
1000586a:	0020      	movs	r0, r4
1000586c:	4a0a      	ldr	r2, [pc, #40]	@ (10005898 <cyw43_write_backplane+0x100>)
1000586e:	035b      	lsls	r3, r3, #13
10005870:	f7ff f960 	bl	10004b34 <cyw43_write_reg_u8>
10005874:	e7c9      	b.n	1000580a <cyw43_write_backplane+0x72>
10005876:	2101      	movs	r1, #1
10005878:	0020      	movs	r0, r4
1000587a:	4a09      	ldr	r2, [pc, #36]	@ (100058a0 <cyw43_write_backplane+0x108>)
1000587c:	0c33      	lsrs	r3, r6, #16
1000587e:	f7ff f959 	bl	10004b34 <cyw43_write_reg_u8>
10005882:	68a1      	ldr	r1, [r4, #8]
10005884:	4071      	eors	r1, r6
10005886:	e79c      	b.n	100057c2 <cyw43_write_backplane+0x2a>
10005888:	2101      	movs	r1, #1
1000588a:	4a04      	ldr	r2, [pc, #16]	@ (1000589c <cyw43_write_backplane+0x104>)
1000588c:	0e33      	lsrs	r3, r6, #24
1000588e:	f7ff f951 	bl	10004b34 <cyw43_write_reg_u8>
10005892:	68a1      	ldr	r1, [r4, #8]
10005894:	4071      	eors	r1, r6
10005896:	e790      	b.n	100057ba <cyw43_write_backplane+0x22>
10005898:	0001000a 	.word	0x0001000a
1000589c:	0001000c 	.word	0x0001000c
100058a0:	0001000b 	.word	0x0001000b

100058a4 <reset_device_core.constprop.0>:
100058a4:	b5f8      	push	{r3, r4, r5, r6, r7, lr}
100058a6:	46ce      	mov	lr, r9
100058a8:	4647      	mov	r7, r8
100058aa:	0004      	movs	r4, r0
100058ac:	000d      	movs	r5, r1
100058ae:	b580      	push	{r7, lr}
100058b0:	2901      	cmp	r1, #1
100058b2:	d100      	bne.n	100058b6 <reset_device_core.constprop.0+0x12>
100058b4:	e1e4      	b.n	10005c80 <reset_device_core.constprop.0+0x3dc>
100058b6:	4bd7      	ldr	r3, [pc, #860]	@ (10005c14 <reset_device_core.constprop.0+0x370>)
100058b8:	27c8      	movs	r7, #200	@ 0xc8
100058ba:	4698      	mov	r8, r3
100058bc:	023f      	lsls	r7, r7, #8
100058be:	26c0      	movs	r6, #192	@ 0xc0
100058c0:	4641      	mov	r1, r8
100058c2:	0020      	movs	r0, r4
100058c4:	f7ff faea 	bl	10004e9c <cyw43_set_backplane_window>
100058c8:	003a      	movs	r2, r7
100058ca:	2101      	movs	r1, #1
100058cc:	0020      	movs	r0, r4
100058ce:	f7fe fde9 	bl	100044a4 <cyw43_read_reg_u8>
100058d2:	68a3      	ldr	r3, [r4, #8]
100058d4:	0576      	lsls	r6, r6, #21
100058d6:	42b3      	cmp	r3, r6
100058d8:	d012      	beq.n	10005900 <reset_device_core.constprop.0+0x5c>
100058da:	2280      	movs	r2, #128	@ 0x80
100058dc:	4073      	eors	r3, r6
100058de:	0452      	lsls	r2, r2, #17
100058e0:	4293      	cmp	r3, r2
100058e2:	d300      	bcc.n	100058e6 <reset_device_core.constprop.0+0x42>
100058e4:	e0e7      	b.n	10005ab6 <reset_device_core.constprop.0+0x212>
100058e6:	22ff      	movs	r2, #255	@ 0xff
100058e8:	0412      	lsls	r2, r2, #16
100058ea:	4213      	tst	r3, r2
100058ec:	d000      	beq.n	100058f0 <reset_device_core.constprop.0+0x4c>
100058ee:	e0ef      	b.n	10005ad0 <reset_device_core.constprop.0+0x22c>
100058f0:	22ff      	movs	r2, #255	@ 0xff
100058f2:	0212      	lsls	r2, r2, #8
100058f4:	4213      	tst	r3, r2
100058f6:	d000      	beq.n	100058fa <reset_device_core.constprop.0+0x56>
100058f8:	e0fa      	b.n	10005af0 <reset_device_core.constprop.0+0x24c>
100058fa:	23c0      	movs	r3, #192	@ 0xc0
100058fc:	055b      	lsls	r3, r3, #21
100058fe:	60a3      	str	r3, [r4, #8]
10005900:	4641      	mov	r1, r8
10005902:	0020      	movs	r0, r4
10005904:	f7ff faca 	bl	10004e9c <cyw43_set_backplane_window>
10005908:	003a      	movs	r2, r7
1000590a:	2101      	movs	r1, #1
1000590c:	0020      	movs	r0, r4
1000590e:	f7fe fdc9 	bl	100044a4 <cyw43_read_reg_u8>
10005912:	22c0      	movs	r2, #192	@ 0xc0
10005914:	68a3      	ldr	r3, [r4, #8]
10005916:	0552      	lsls	r2, r2, #21
10005918:	0006      	movs	r6, r0
1000591a:	4691      	mov	r9, r2
1000591c:	4293      	cmp	r3, r2
1000591e:	d012      	beq.n	10005946 <reset_device_core.constprop.0+0xa2>
10005920:	4053      	eors	r3, r2
10005922:	2280      	movs	r2, #128	@ 0x80
10005924:	0452      	lsls	r2, r2, #17
10005926:	4293      	cmp	r3, r2
10005928:	d300      	bcc.n	1000592c <reset_device_core.constprop.0+0x88>
1000592a:	e19e      	b.n	10005c6a <reset_device_core.constprop.0+0x3c6>
1000592c:	22ff      	movs	r2, #255	@ 0xff
1000592e:	0412      	lsls	r2, r2, #16
10005930:	4213      	tst	r3, r2
10005932:	d000      	beq.n	10005936 <reset_device_core.constprop.0+0x92>
10005934:	e18d      	b.n	10005c52 <reset_device_core.constprop.0+0x3ae>
10005936:	22ff      	movs	r2, #255	@ 0xff
10005938:	0212      	lsls	r2, r2, #8
1000593a:	4213      	tst	r3, r2
1000593c:	d000      	beq.n	10005940 <reset_device_core.constprop.0+0x9c>
1000593e:	e180      	b.n	10005c42 <reset_device_core.constprop.0+0x39e>
10005940:	23c0      	movs	r3, #192	@ 0xc0
10005942:	055b      	lsls	r3, r3, #21
10005944:	60a3      	str	r3, [r4, #8]
10005946:	07f6      	lsls	r6, r6, #31
10005948:	d400      	bmi.n	1000594c <reset_device_core.constprop.0+0xa8>
1000594a:	e1a1      	b.n	10005c90 <reset_device_core.constprop.0+0x3ec>
1000594c:	2d01      	cmp	r5, #1
1000594e:	d100      	bne.n	10005952 <reset_device_core.constprop.0+0xae>
10005950:	e19b      	b.n	10005c8a <reset_device_core.constprop.0+0x3e6>
10005952:	4db1      	ldr	r5, [pc, #708]	@ (10005c18 <reset_device_core.constprop.0+0x374>)
10005954:	4eb1      	ldr	r6, [pc, #708]	@ (10005c1c <reset_device_core.constprop.0+0x378>)
10005956:	0031      	movs	r1, r6
10005958:	0020      	movs	r0, r4
1000595a:	f7ff fa9f 	bl	10004e9c <cyw43_set_backplane_window>
1000595e:	2303      	movs	r3, #3
10005960:	002a      	movs	r2, r5
10005962:	2101      	movs	r1, #1
10005964:	0020      	movs	r0, r4
10005966:	f7ff f8e5 	bl	10004b34 <cyw43_write_reg_u8>
1000596a:	22c0      	movs	r2, #192	@ 0xc0
1000596c:	68a3      	ldr	r3, [r4, #8]
1000596e:	0552      	lsls	r2, r2, #21
10005970:	4691      	mov	r9, r2
10005972:	4293      	cmp	r3, r2
10005974:	d012      	beq.n	1000599c <reset_device_core.constprop.0+0xf8>
10005976:	4053      	eors	r3, r2
10005978:	2280      	movs	r2, #128	@ 0x80
1000597a:	0452      	lsls	r2, r2, #17
1000597c:	4293      	cmp	r3, r2
1000597e:	d300      	bcc.n	10005982 <reset_device_core.constprop.0+0xde>
10005980:	e154      	b.n	10005c2c <reset_device_core.constprop.0+0x388>
10005982:	22ff      	movs	r2, #255	@ 0xff
10005984:	0412      	lsls	r2, r2, #16
10005986:	4213      	tst	r3, r2
10005988:	d000      	beq.n	1000598c <reset_device_core.constprop.0+0xe8>
1000598a:	e137      	b.n	10005bfc <reset_device_core.constprop.0+0x358>
1000598c:	22ff      	movs	r2, #255	@ 0xff
1000598e:	0212      	lsls	r2, r2, #8
10005990:	4213      	tst	r3, r2
10005992:	d000      	beq.n	10005996 <reset_device_core.constprop.0+0xf2>
10005994:	e12a      	b.n	10005bec <reset_device_core.constprop.0+0x348>
10005996:	23c0      	movs	r3, #192	@ 0xc0
10005998:	055b      	lsls	r3, r3, #21
1000599a:	60a3      	str	r3, [r4, #8]
1000599c:	0031      	movs	r1, r6
1000599e:	0020      	movs	r0, r4
100059a0:	f7ff fa7c 	bl	10004e9c <cyw43_set_backplane_window>
100059a4:	002a      	movs	r2, r5
100059a6:	2101      	movs	r1, #1
100059a8:	0020      	movs	r0, r4
100059aa:	f7fe fd7b 	bl	100044a4 <cyw43_read_reg_u8>
100059ae:	22c0      	movs	r2, #192	@ 0xc0
100059b0:	68a3      	ldr	r3, [r4, #8]
100059b2:	0552      	lsls	r2, r2, #21
100059b4:	4691      	mov	r9, r2
100059b6:	4293      	cmp	r3, r2
100059b8:	d012      	beq.n	100059e0 <reset_device_core.constprop.0+0x13c>
100059ba:	4053      	eors	r3, r2
100059bc:	2280      	movs	r2, #128	@ 0x80
100059be:	0452      	lsls	r2, r2, #17
100059c0:	4293      	cmp	r3, r2
100059c2:	d300      	bcc.n	100059c6 <reset_device_core.constprop.0+0x122>
100059c4:	e107      	b.n	10005bd6 <reset_device_core.constprop.0+0x332>
100059c6:	22ff      	movs	r2, #255	@ 0xff
100059c8:	0412      	lsls	r2, r2, #16
100059ca:	4213      	tst	r3, r2
100059cc:	d000      	beq.n	100059d0 <reset_device_core.constprop.0+0x12c>
100059ce:	e0f6      	b.n	10005bbe <reset_device_core.constprop.0+0x31a>
100059d0:	22ff      	movs	r2, #255	@ 0xff
100059d2:	0212      	lsls	r2, r2, #8
100059d4:	4213      	tst	r3, r2
100059d6:	d000      	beq.n	100059da <reset_device_core.constprop.0+0x136>
100059d8:	e0e9      	b.n	10005bae <reset_device_core.constprop.0+0x30a>
100059da:	23c0      	movs	r3, #192	@ 0xc0
100059dc:	055b      	lsls	r3, r3, #21
100059de:	60a3      	str	r3, [r4, #8]
100059e0:	4641      	mov	r1, r8
100059e2:	0020      	movs	r0, r4
100059e4:	f7ff fa5a 	bl	10004e9c <cyw43_set_backplane_window>
100059e8:	003a      	movs	r2, r7
100059ea:	27c0      	movs	r7, #192	@ 0xc0
100059ec:	2300      	movs	r3, #0
100059ee:	2101      	movs	r1, #1
100059f0:	0020      	movs	r0, r4
100059f2:	f7ff f89f 	bl	10004b34 <cyw43_write_reg_u8>
100059f6:	68a3      	ldr	r3, [r4, #8]
100059f8:	057f      	lsls	r7, r7, #21
100059fa:	42bb      	cmp	r3, r7
100059fc:	d012      	beq.n	10005a24 <reset_device_core.constprop.0+0x180>
100059fe:	2280      	movs	r2, #128	@ 0x80
10005a00:	407b      	eors	r3, r7
10005a02:	0452      	lsls	r2, r2, #17
10005a04:	4293      	cmp	r3, r2
10005a06:	d300      	bcc.n	10005a0a <reset_device_core.constprop.0+0x166>
10005a08:	e0c8      	b.n	10005b9c <reset_device_core.constprop.0+0x2f8>
10005a0a:	22ff      	movs	r2, #255	@ 0xff
10005a0c:	0412      	lsls	r2, r2, #16
10005a0e:	4213      	tst	r3, r2
10005a10:	d000      	beq.n	10005a14 <reset_device_core.constprop.0+0x170>
10005a12:	e0b7      	b.n	10005b84 <reset_device_core.constprop.0+0x2e0>
10005a14:	22ff      	movs	r2, #255	@ 0xff
10005a16:	0212      	lsls	r2, r2, #8
10005a18:	4213      	tst	r3, r2
10005a1a:	d000      	beq.n	10005a1e <reset_device_core.constprop.0+0x17a>
10005a1c:	e0aa      	b.n	10005b74 <reset_device_core.constprop.0+0x2d0>
10005a1e:	23c0      	movs	r3, #192	@ 0xc0
10005a20:	055b      	lsls	r3, r3, #21
10005a22:	60a3      	str	r3, [r4, #8]
10005a24:	27c0      	movs	r7, #192	@ 0xc0
10005a26:	2001      	movs	r0, #1
10005a28:	f001 fcc0 	bl	100073ac <cyw43_delay_ms>
10005a2c:	0031      	movs	r1, r6
10005a2e:	0020      	movs	r0, r4
10005a30:	f7ff fa34 	bl	10004e9c <cyw43_set_backplane_window>
10005a34:	2301      	movs	r3, #1
10005a36:	002a      	movs	r2, r5
10005a38:	2101      	movs	r1, #1
10005a3a:	0020      	movs	r0, r4
10005a3c:	f7ff f87a 	bl	10004b34 <cyw43_write_reg_u8>
10005a40:	68a3      	ldr	r3, [r4, #8]
10005a42:	057f      	lsls	r7, r7, #21
10005a44:	42bb      	cmp	r3, r7
10005a46:	d011      	beq.n	10005a6c <reset_device_core.constprop.0+0x1c8>
10005a48:	2280      	movs	r2, #128	@ 0x80
10005a4a:	407b      	eors	r3, r7
10005a4c:	0452      	lsls	r2, r2, #17
10005a4e:	4293      	cmp	r3, r2
10005a50:	d300      	bcc.n	10005a54 <reset_device_core.constprop.0+0x1b0>
10005a52:	e086      	b.n	10005b62 <reset_device_core.constprop.0+0x2be>
10005a54:	22ff      	movs	r2, #255	@ 0xff
10005a56:	0412      	lsls	r2, r2, #16
10005a58:	4213      	tst	r3, r2
10005a5a:	d000      	beq.n	10005a5e <reset_device_core.constprop.0+0x1ba>
10005a5c:	e075      	b.n	10005b4a <reset_device_core.constprop.0+0x2a6>
10005a5e:	22ff      	movs	r2, #255	@ 0xff
10005a60:	0212      	lsls	r2, r2, #8
10005a62:	4213      	tst	r3, r2
10005a64:	d169      	bne.n	10005b3a <reset_device_core.constprop.0+0x296>
10005a66:	23c0      	movs	r3, #192	@ 0xc0
10005a68:	055b      	lsls	r3, r3, #21
10005a6a:	60a3      	str	r3, [r4, #8]
10005a6c:	0031      	movs	r1, r6
10005a6e:	0020      	movs	r0, r4
10005a70:	f7ff fa14 	bl	10004e9c <cyw43_set_backplane_window>
10005a74:	002a      	movs	r2, r5
10005a76:	25c0      	movs	r5, #192	@ 0xc0
10005a78:	2101      	movs	r1, #1
10005a7a:	0020      	movs	r0, r4
10005a7c:	f7fe fd12 	bl	100044a4 <cyw43_read_reg_u8>
10005a80:	68a3      	ldr	r3, [r4, #8]
10005a82:	056d      	lsls	r5, r5, #21
10005a84:	42ab      	cmp	r3, r5
10005a86:	d00f      	beq.n	10005aa8 <reset_device_core.constprop.0+0x204>
10005a88:	2280      	movs	r2, #128	@ 0x80
10005a8a:	406b      	eors	r3, r5
10005a8c:	0452      	lsls	r2, r2, #17
10005a8e:	4293      	cmp	r3, r2
10005a90:	d24a      	bcs.n	10005b28 <reset_device_core.constprop.0+0x284>
10005a92:	22ff      	movs	r2, #255	@ 0xff
10005a94:	0412      	lsls	r2, r2, #16
10005a96:	4213      	tst	r3, r2
10005a98:	d13a      	bne.n	10005b10 <reset_device_core.constprop.0+0x26c>
10005a9a:	22ff      	movs	r2, #255	@ 0xff
10005a9c:	0212      	lsls	r2, r2, #8
10005a9e:	4213      	tst	r3, r2
10005aa0:	d12e      	bne.n	10005b00 <reset_device_core.constprop.0+0x25c>
10005aa2:	23c0      	movs	r3, #192	@ 0xc0
10005aa4:	055b      	lsls	r3, r3, #21
10005aa6:	60a3      	str	r3, [r4, #8]
10005aa8:	2001      	movs	r0, #1
10005aaa:	f001 fc7f 	bl	100073ac <cyw43_delay_ms>
10005aae:	bcc0      	pop	{r6, r7}
10005ab0:	46b9      	mov	r9, r7
10005ab2:	46b0      	mov	r8, r6
10005ab4:	bdf8      	pop	{r3, r4, r5, r6, r7, pc}
10005ab6:	2318      	movs	r3, #24
10005ab8:	4a59      	ldr	r2, [pc, #356]	@ (10005c20 <reset_device_core.constprop.0+0x37c>)
10005aba:	2101      	movs	r1, #1
10005abc:	0020      	movs	r0, r4
10005abe:	f7ff f839 	bl	10004b34 <cyw43_write_reg_u8>
10005ac2:	22ff      	movs	r2, #255	@ 0xff
10005ac4:	68a3      	ldr	r3, [r4, #8]
10005ac6:	0412      	lsls	r2, r2, #16
10005ac8:	4073      	eors	r3, r6
10005aca:	4213      	tst	r3, r2
10005acc:	d100      	bne.n	10005ad0 <reset_device_core.constprop.0+0x22c>
10005ace:	e70f      	b.n	100058f0 <reset_device_core.constprop.0+0x4c>
10005ad0:	23c0      	movs	r3, #192	@ 0xc0
10005ad2:	4a54      	ldr	r2, [pc, #336]	@ (10005c24 <reset_device_core.constprop.0+0x380>)
10005ad4:	015b      	lsls	r3, r3, #5
10005ad6:	2101      	movs	r1, #1
10005ad8:	0020      	movs	r0, r4
10005ada:	f7ff f82b 	bl	10004b34 <cyw43_write_reg_u8>
10005ade:	23c0      	movs	r3, #192	@ 0xc0
10005ae0:	68a2      	ldr	r2, [r4, #8]
10005ae2:	055b      	lsls	r3, r3, #21
10005ae4:	4053      	eors	r3, r2
10005ae6:	22ff      	movs	r2, #255	@ 0xff
10005ae8:	0212      	lsls	r2, r2, #8
10005aea:	4213      	tst	r3, r2
10005aec:	d100      	bne.n	10005af0 <reset_device_core.constprop.0+0x24c>
10005aee:	e704      	b.n	100058fa <reset_device_core.constprop.0+0x56>
10005af0:	23c0      	movs	r3, #192	@ 0xc0
10005af2:	2101      	movs	r1, #1
10005af4:	0020      	movs	r0, r4
10005af6:	4a4c      	ldr	r2, [pc, #304]	@ (10005c28 <reset_device_core.constprop.0+0x384>)
10005af8:	035b      	lsls	r3, r3, #13
10005afa:	f7ff f81b 	bl	10004b34 <cyw43_write_reg_u8>
10005afe:	e6fc      	b.n	100058fa <reset_device_core.constprop.0+0x56>
10005b00:	23c0      	movs	r3, #192	@ 0xc0
10005b02:	2101      	movs	r1, #1
10005b04:	0020      	movs	r0, r4
10005b06:	4a48      	ldr	r2, [pc, #288]	@ (10005c28 <reset_device_core.constprop.0+0x384>)
10005b08:	035b      	lsls	r3, r3, #13
10005b0a:	f7ff f813 	bl	10004b34 <cyw43_write_reg_u8>
10005b0e:	e7c8      	b.n	10005aa2 <reset_device_core.constprop.0+0x1fe>
10005b10:	23c0      	movs	r3, #192	@ 0xc0
10005b12:	4a44      	ldr	r2, [pc, #272]	@ (10005c24 <reset_device_core.constprop.0+0x380>)
10005b14:	015b      	lsls	r3, r3, #5
10005b16:	2101      	movs	r1, #1
10005b18:	0020      	movs	r0, r4
10005b1a:	f7ff f80b 	bl	10004b34 <cyw43_write_reg_u8>
10005b1e:	23c0      	movs	r3, #192	@ 0xc0
10005b20:	68a2      	ldr	r2, [r4, #8]
10005b22:	055b      	lsls	r3, r3, #21
10005b24:	4053      	eors	r3, r2
10005b26:	e7b8      	b.n	10005a9a <reset_device_core.constprop.0+0x1f6>
10005b28:	2318      	movs	r3, #24
10005b2a:	2101      	movs	r1, #1
10005b2c:	0020      	movs	r0, r4
10005b2e:	4a3c      	ldr	r2, [pc, #240]	@ (10005c20 <reset_device_core.constprop.0+0x37c>)
10005b30:	f7ff f800 	bl	10004b34 <cyw43_write_reg_u8>
10005b34:	68a3      	ldr	r3, [r4, #8]
10005b36:	406b      	eors	r3, r5
10005b38:	e7ab      	b.n	10005a92 <reset_device_core.constprop.0+0x1ee>
10005b3a:	23c0      	movs	r3, #192	@ 0xc0
10005b3c:	2101      	movs	r1, #1
10005b3e:	0020      	movs	r0, r4
10005b40:	4a39      	ldr	r2, [pc, #228]	@ (10005c28 <reset_device_core.constprop.0+0x384>)
10005b42:	035b      	lsls	r3, r3, #13
10005b44:	f7fe fff6 	bl	10004b34 <cyw43_write_reg_u8>
10005b48:	e78d      	b.n	10005a66 <reset_device_core.constprop.0+0x1c2>
10005b4a:	23c0      	movs	r3, #192	@ 0xc0
10005b4c:	4a35      	ldr	r2, [pc, #212]	@ (10005c24 <reset_device_core.constprop.0+0x380>)
10005b4e:	015b      	lsls	r3, r3, #5
10005b50:	2101      	movs	r1, #1
10005b52:	0020      	movs	r0, r4
10005b54:	f7fe ffee 	bl	10004b34 <cyw43_write_reg_u8>
10005b58:	23c0      	movs	r3, #192	@ 0xc0
10005b5a:	68a2      	ldr	r2, [r4, #8]
10005b5c:	055b      	lsls	r3, r3, #21
10005b5e:	4053      	eors	r3, r2
10005b60:	e77d      	b.n	10005a5e <reset_device_core.constprop.0+0x1ba>
10005b62:	2318      	movs	r3, #24
10005b64:	2101      	movs	r1, #1
10005b66:	0020      	movs	r0, r4
10005b68:	4a2d      	ldr	r2, [pc, #180]	@ (10005c20 <reset_device_core.constprop.0+0x37c>)
10005b6a:	f7fe ffe3 	bl	10004b34 <cyw43_write_reg_u8>
10005b6e:	68a3      	ldr	r3, [r4, #8]
10005b70:	407b      	eors	r3, r7
10005b72:	e76f      	b.n	10005a54 <reset_device_core.constprop.0+0x1b0>
10005b74:	23c0      	movs	r3, #192	@ 0xc0
10005b76:	2101      	movs	r1, #1
10005b78:	0020      	movs	r0, r4
10005b7a:	4a2b      	ldr	r2, [pc, #172]	@ (10005c28 <reset_device_core.constprop.0+0x384>)
10005b7c:	035b      	lsls	r3, r3, #13
10005b7e:	f7fe ffd9 	bl	10004b34 <cyw43_write_reg_u8>
10005b82:	e74c      	b.n	10005a1e <reset_device_core.constprop.0+0x17a>
10005b84:	23c0      	movs	r3, #192	@ 0xc0
10005b86:	4a27      	ldr	r2, [pc, #156]	@ (10005c24 <reset_device_core.constprop.0+0x380>)
10005b88:	015b      	lsls	r3, r3, #5
10005b8a:	2101      	movs	r1, #1
10005b8c:	0020      	movs	r0, r4
10005b8e:	f7fe ffd1 	bl	10004b34 <cyw43_write_reg_u8>
10005b92:	23c0      	movs	r3, #192	@ 0xc0
10005b94:	68a2      	ldr	r2, [r4, #8]
10005b96:	055b      	lsls	r3, r3, #21
10005b98:	4053      	eors	r3, r2
10005b9a:	e73b      	b.n	10005a14 <reset_device_core.constprop.0+0x170>
10005b9c:	2318      	movs	r3, #24
10005b9e:	2101      	movs	r1, #1
10005ba0:	0020      	movs	r0, r4
10005ba2:	4a1f      	ldr	r2, [pc, #124]	@ (10005c20 <reset_device_core.constprop.0+0x37c>)
10005ba4:	f7fe ffc6 	bl	10004b34 <cyw43_write_reg_u8>
10005ba8:	68a3      	ldr	r3, [r4, #8]
10005baa:	407b      	eors	r3, r7
10005bac:	e72d      	b.n	10005a0a <reset_device_core.constprop.0+0x166>
10005bae:	23c0      	movs	r3, #192	@ 0xc0
10005bb0:	2101      	movs	r1, #1
10005bb2:	0020      	movs	r0, r4
10005bb4:	4a1c      	ldr	r2, [pc, #112]	@ (10005c28 <reset_device_core.constprop.0+0x384>)
10005bb6:	035b      	lsls	r3, r3, #13
10005bb8:	f7fe ffbc 	bl	10004b34 <cyw43_write_reg_u8>
10005bbc:	e70d      	b.n	100059da <reset_device_core.constprop.0+0x136>
10005bbe:	23c0      	movs	r3, #192	@ 0xc0
10005bc0:	4a18      	ldr	r2, [pc, #96]	@ (10005c24 <reset_device_core.constprop.0+0x380>)
10005bc2:	015b      	lsls	r3, r3, #5
10005bc4:	2101      	movs	r1, #1
10005bc6:	0020      	movs	r0, r4
10005bc8:	f7fe ffb4 	bl	10004b34 <cyw43_write_reg_u8>
10005bcc:	23c0      	movs	r3, #192	@ 0xc0
10005bce:	68a2      	ldr	r2, [r4, #8]
10005bd0:	055b      	lsls	r3, r3, #21
10005bd2:	4053      	eors	r3, r2
10005bd4:	e6fc      	b.n	100059d0 <reset_device_core.constprop.0+0x12c>
10005bd6:	2318      	movs	r3, #24
10005bd8:	4a11      	ldr	r2, [pc, #68]	@ (10005c20 <reset_device_core.constprop.0+0x37c>)
10005bda:	2101      	movs	r1, #1
10005bdc:	0020      	movs	r0, r4
10005bde:	f7fe ffa9 	bl	10004b34 <cyw43_write_reg_u8>
10005be2:	464a      	mov	r2, r9
10005be4:	68a3      	ldr	r3, [r4, #8]
10005be6:	405a      	eors	r2, r3
10005be8:	0013      	movs	r3, r2
10005bea:	e6ec      	b.n	100059c6 <reset_device_core.constprop.0+0x122>
10005bec:	23c0      	movs	r3, #192	@ 0xc0
10005bee:	2101      	movs	r1, #1
10005bf0:	0020      	movs	r0, r4
10005bf2:	4a0d      	ldr	r2, [pc, #52]	@ (10005c28 <reset_device_core.constprop.0+0x384>)
10005bf4:	035b      	lsls	r3, r3, #13
10005bf6:	f7fe ff9d 	bl	10004b34 <cyw43_write_reg_u8>
10005bfa:	e6cc      	b.n	10005996 <reset_device_core.constprop.0+0xf2>
10005bfc:	23c0      	movs	r3, #192	@ 0xc0
10005bfe:	4a09      	ldr	r2, [pc, #36]	@ (10005c24 <reset_device_core.constprop.0+0x380>)
10005c00:	015b      	lsls	r3, r3, #5
10005c02:	2101      	movs	r1, #1
10005c04:	0020      	movs	r0, r4
10005c06:	f7fe ff95 	bl	10004b34 <cyw43_write_reg_u8>
10005c0a:	23c0      	movs	r3, #192	@ 0xc0
10005c0c:	68a2      	ldr	r2, [r4, #8]
10005c0e:	055b      	lsls	r3, r3, #21
10005c10:	4053      	eors	r3, r2
10005c12:	e6bb      	b.n	1000598c <reset_device_core.constprop.0+0xe8>
10005c14:	18104800 	.word	0x18104800
10005c18:	0000c408 	.word	0x0000c408
10005c1c:	18104408 	.word	0x18104408
10005c20:	0001000c 	.word	0x0001000c
10005c24:	0001000b 	.word	0x0001000b
10005c28:	0001000a 	.word	0x0001000a
10005c2c:	2318      	movs	r3, #24
10005c2e:	4a1a      	ldr	r2, [pc, #104]	@ (10005c98 <reset_device_core.constprop.0+0x3f4>)
10005c30:	2101      	movs	r1, #1
10005c32:	0020      	movs	r0, r4
10005c34:	f7fe ff7e 	bl	10004b34 <cyw43_write_reg_u8>
10005c38:	464a      	mov	r2, r9
10005c3a:	68a3      	ldr	r3, [r4, #8]
10005c3c:	405a      	eors	r2, r3
10005c3e:	0013      	movs	r3, r2
10005c40:	e69f      	b.n	10005982 <reset_device_core.constprop.0+0xde>
10005c42:	23c0      	movs	r3, #192	@ 0xc0
10005c44:	2101      	movs	r1, #1
10005c46:	0020      	movs	r0, r4
10005c48:	4a14      	ldr	r2, [pc, #80]	@ (10005c9c <reset_device_core.constprop.0+0x3f8>)
10005c4a:	035b      	lsls	r3, r3, #13
10005c4c:	f7fe ff72 	bl	10004b34 <cyw43_write_reg_u8>
10005c50:	e676      	b.n	10005940 <reset_device_core.constprop.0+0x9c>
10005c52:	23c0      	movs	r3, #192	@ 0xc0
10005c54:	4a12      	ldr	r2, [pc, #72]	@ (10005ca0 <reset_device_core.constprop.0+0x3fc>)
10005c56:	015b      	lsls	r3, r3, #5
10005c58:	2101      	movs	r1, #1
10005c5a:	0020      	movs	r0, r4
10005c5c:	f7fe ff6a 	bl	10004b34 <cyw43_write_reg_u8>
10005c60:	23c0      	movs	r3, #192	@ 0xc0
10005c62:	68a2      	ldr	r2, [r4, #8]
10005c64:	055b      	lsls	r3, r3, #21
10005c66:	4053      	eors	r3, r2
10005c68:	e665      	b.n	10005936 <reset_device_core.constprop.0+0x92>
10005c6a:	2318      	movs	r3, #24
10005c6c:	4a0a      	ldr	r2, [pc, #40]	@ (10005c98 <reset_device_core.constprop.0+0x3f4>)
10005c6e:	2101      	movs	r1, #1
10005c70:	0020      	movs	r0, r4
10005c72:	f7fe ff5f 	bl	10004b34 <cyw43_write_reg_u8>
10005c76:	464a      	mov	r2, r9
10005c78:	68a3      	ldr	r3, [r4, #8]
10005c7a:	405a      	eors	r2, r3
10005c7c:	0013      	movs	r3, r2
10005c7e:	e655      	b.n	1000592c <reset_device_core.constprop.0+0x88>
10005c80:	27b8      	movs	r7, #184	@ 0xb8
10005c82:	4b08      	ldr	r3, [pc, #32]	@ (10005ca4 <reset_device_core.constprop.0+0x400>)
10005c84:	023f      	lsls	r7, r7, #8
10005c86:	4698      	mov	r8, r3
10005c88:	e619      	b.n	100058be <reset_device_core.constprop.0+0x1a>
10005c8a:	4d07      	ldr	r5, [pc, #28]	@ (10005ca8 <reset_device_core.constprop.0+0x404>)
10005c8c:	4e07      	ldr	r6, [pc, #28]	@ (10005cac <reset_device_core.constprop.0+0x408>)
10005c8e:	e662      	b.n	10005956 <reset_device_core.constprop.0+0xb2>
10005c90:	4807      	ldr	r0, [pc, #28]	@ (10005cb0 <reset_device_core.constprop.0+0x40c>)
10005c92:	f7fd ff6b 	bl	10003b6c <__wrap_puts>
10005c96:	e659      	b.n	1000594c <reset_device_core.constprop.0+0xa8>
10005c98:	0001000c 	.word	0x0001000c
10005c9c:	0001000a 	.word	0x0001000a
10005ca0:	0001000b 	.word	0x0001000b
10005ca4:	18103800 	.word	0x18103800
10005ca8:	0000b408 	.word	0x0000b408
10005cac:	18103408 	.word	0x18103408
10005cb0:	10007ff0 	.word	0x10007ff0

10005cb4 <cyw43_ll_init>:
10005cb4:	2280      	movs	r2, #128	@ 0x80
10005cb6:	2300      	movs	r3, #0
10005cb8:	0052      	lsls	r2, r2, #1
10005cba:	8182      	strh	r2, [r0, #12]
10005cbc:	4a03      	ldr	r2, [pc, #12]	@ (10005ccc <cyw43_ll_init+0x18>)
10005cbe:	6001      	str	r1, [r0, #0]
10005cc0:	6083      	str	r3, [r0, #8]
10005cc2:	7383      	strb	r3, [r0, #14]
10005cc4:	6103      	str	r3, [r0, #16]
10005cc6:	5083      	str	r3, [r0, r2]
10005cc8:	4770      	bx	lr
10005cca:	46c0      	nop			@ (mov r8, r8)
10005ccc:	0000084c 	.word	0x0000084c

10005cd0 <cyw43_ll_deinit>:
10005cd0:	b510      	push	{r4, lr}
10005cd2:	f7fe f869 	bl	10003da8 <cyw43_spi_deinit>
10005cd6:	bd10      	pop	{r4, pc}

10005cd8 <cyw43_ll_process_packets>:
10005cd8:	b510      	push	{r4, lr}
10005cda:	0004      	movs	r4, r0
10005cdc:	b082      	sub	sp, #8
10005cde:	4669      	mov	r1, sp
10005ce0:	0020      	movs	r0, r4
10005ce2:	aa01      	add	r2, sp, #4
10005ce4:	f7ff f9e8 	bl	100050b8 <cyw43_ll_sdpcm_poll_device>
10005ce8:	1c43      	adds	r3, r0, #1
10005cea:	d014      	beq.n	10005d16 <cyw43_ll_process_packets+0x3e>
10005cec:	1d03      	adds	r3, r0, #4
10005cee:	d0f6      	beq.n	10005cde <cyw43_ll_process_packets+0x6>
10005cf0:	2801      	cmp	r0, #1
10005cf2:	d012      	beq.n	10005d1a <cyw43_ll_process_packets+0x42>
10005cf4:	2802      	cmp	r0, #2
10005cf6:	d1f2      	bne.n	10005cde <cyw43_ll_process_packets+0x6>
10005cf8:	9900      	ldr	r1, [sp, #0]
10005cfa:	9b01      	ldr	r3, [sp, #4]
10005cfc:	004a      	lsls	r2, r1, #1
10005cfe:	6820      	ldr	r0, [r4, #0]
10005d00:	0852      	lsrs	r2, r2, #1
10005d02:	0fc9      	lsrs	r1, r1, #31
10005d04:	f001 fb84 	bl	10007410 <cyw43_cb_process_ethernet>
10005d08:	4669      	mov	r1, sp
10005d0a:	0020      	movs	r0, r4
10005d0c:	aa01      	add	r2, sp, #4
10005d0e:	f7ff f9d3 	bl	100050b8 <cyw43_ll_sdpcm_poll_device>
10005d12:	1c43      	adds	r3, r0, #1
10005d14:	d1ea      	bne.n	10005cec <cyw43_ll_process_packets+0x14>
10005d16:	b002      	add	sp, #8
10005d18:	bd10      	pop	{r4, pc}
10005d1a:	9901      	ldr	r1, [sp, #4]
10005d1c:	9800      	ldr	r0, [sp, #0]
10005d1e:	f7ff f8f1 	bl	10004f04 <cyw43_ll_parse_async_event>
10005d22:	0001      	movs	r1, r0
10005d24:	0020      	movs	r0, r4
10005d26:	f000 fecf 	bl	10006ac8 <cyw43_cb_process_async_event>
10005d2a:	e7d8      	b.n	10005cde <cyw43_ll_process_packets+0x6>

10005d2c <cyw43_ll_ioctl>:
10005d2c:	b5f0      	push	{r4, r5, r6, r7, lr}
10005d2e:	2702      	movs	r7, #2
10005d30:	46c6      	mov	lr, r8
10005d32:	4698      	mov	r8, r3
10005d34:	004b      	lsls	r3, r1, #1
10005d36:	401f      	ands	r7, r3
10005d38:	2380      	movs	r3, #128	@ 0x80
10005d3a:	b500      	push	{lr}
10005d3c:	0016      	movs	r6, r2
10005d3e:	321c      	adds	r2, #28
10005d40:	0004      	movs	r4, r0
10005d42:	b082      	sub	sp, #8
10005d44:	084d      	lsrs	r5, r1, #1
10005d46:	011b      	lsls	r3, r3, #4
10005d48:	429a      	cmp	r2, r3
10005d4a:	d82b      	bhi.n	10005da4 <cyw43_ll_ioctl+0x78>
10005d4c:	0433      	lsls	r3, r6, #16
10005d4e:	8a00      	ldrh	r0, [r0, #16]
10005d50:	0c1b      	lsrs	r3, r3, #16
10005d52:	63a3      	str	r3, [r4, #56]	@ 0x38
10005d54:	9b08      	ldr	r3, [sp, #32]
10005d56:	3001      	adds	r0, #1
10005d58:	b280      	uxth	r0, r0
10005d5a:	031b      	lsls	r3, r3, #12
10005d5c:	8220      	strh	r0, [r4, #16]
10005d5e:	433b      	orrs	r3, r7
10005d60:	0400      	lsls	r0, r0, #16
10005d62:	4303      	orrs	r3, r0
10005d64:	63e3      	str	r3, [r4, #60]	@ 0x3c
10005d66:	0020      	movs	r0, r4
10005d68:	2300      	movs	r3, #0
10005d6a:	0032      	movs	r2, r6
10005d6c:	4641      	mov	r1, r8
10005d6e:	6423      	str	r3, [r4, #64]	@ 0x40
10005d70:	6365      	str	r5, [r4, #52]	@ 0x34
10005d72:	3044      	adds	r0, #68	@ 0x44
10005d74:	f001 fdf2 	bl	1000795c <memmove>
10005d78:	0023      	movs	r3, r4
10005d7a:	0032      	movs	r2, r6
10005d7c:	2100      	movs	r1, #0
10005d7e:	0020      	movs	r0, r4
10005d80:	3328      	adds	r3, #40	@ 0x28
10005d82:	3210      	adds	r2, #16
10005d84:	f7ff fab2 	bl	100052ec <cyw43_sdpcm_send_common>
10005d88:	2800      	cmp	r0, #0
10005d8a:	d107      	bne.n	10005d9c <cyw43_ll_ioctl+0x70>
10005d8c:	4643      	mov	r3, r8
10005d8e:	002a      	movs	r2, r5
10005d90:	9300      	str	r3, [sp, #0]
10005d92:	0039      	movs	r1, r7
10005d94:	0033      	movs	r3, r6
10005d96:	0020      	movs	r0, r4
10005d98:	f7ff fb26 	bl	100053e8 <cyw43_do_ioctl.part.0>
10005d9c:	b002      	add	sp, #8
10005d9e:	bc80      	pop	{r7}
10005da0:	46b8      	mov	r8, r7
10005da2:	bdf0      	pop	{r4, r5, r6, r7, pc}
10005da4:	2005      	movs	r0, #5
10005da6:	4240      	negs	r0, r0
10005da8:	e7f8      	b.n	10005d9c <cyw43_ll_ioctl+0x70>
10005daa:	46c0      	nop			@ (mov r8, r8)

10005dac <cyw43_ll_bus_sleep>:
10005dac:	b510      	push	{r4, lr}
10005dae:	0004      	movs	r4, r0
10005db0:	2900      	cmp	r1, #0
10005db2:	d009      	beq.n	10005dc8 <cyw43_ll_bus_sleep+0x1c>
10005db4:	7c83      	ldrb	r3, [r0, #18]
10005db6:	2b00      	cmp	r3, #0
10005db8:	d100      	bne.n	10005dbc <cyw43_ll_bus_sleep+0x10>
10005dba:	bd10      	pop	{r4, pc}
10005dbc:	2300      	movs	r3, #0
10005dbe:	2100      	movs	r1, #0
10005dc0:	7483      	strb	r3, [r0, #18]
10005dc2:	f7ff f939 	bl	10005038 <cyw43_kso_set>
10005dc6:	e7f8      	b.n	10005dba <cyw43_ll_bus_sleep+0xe>
10005dc8:	f000 fe78 	bl	10006abc <cyw43_cb_ensure_awake>
10005dcc:	7ca3      	ldrb	r3, [r4, #18]
10005dce:	2b00      	cmp	r3, #0
10005dd0:	d1f3      	bne.n	10005dba <cyw43_ll_bus_sleep+0xe>
10005dd2:	2101      	movs	r1, #1
10005dd4:	0020      	movs	r0, r4
10005dd6:	f7ff f92f 	bl	10005038 <cyw43_kso_set>
10005dda:	2301      	movs	r3, #1
10005ddc:	74a3      	strb	r3, [r4, #18]
10005dde:	e7ec      	b.n	10005dba <cyw43_ll_bus_sleep+0xe>

10005de0 <cyw43_ll_wifi_get_mac>:
10005de0:	b5f0      	push	{r4, r5, r6, r7, lr}
10005de2:	46c6      	mov	lr, r8
10005de4:	0006      	movs	r6, r0
10005de6:	0004      	movs	r4, r0
10005de8:	b500      	push	{lr}
10005dea:	3644      	adds	r6, #68	@ 0x44
10005dec:	b082      	sub	sp, #8
10005dee:	2214      	movs	r2, #20
10005df0:	000f      	movs	r7, r1
10005df2:	0030      	movs	r0, r6
10005df4:	4918      	ldr	r1, [pc, #96]	@ (10005e58 <cyw43_ll_wifi_get_mac+0x78>)
10005df6:	f7fc fa1d 	bl	10002234 <__wrap___aeabi_memcpy>
10005dfa:	8a23      	ldrh	r3, [r4, #16]
10005dfc:	2283      	movs	r2, #131	@ 0x83
10005dfe:	3301      	adds	r3, #1
10005e00:	b29b      	uxth	r3, r3
10005e02:	8223      	strh	r3, [r4, #16]
10005e04:	041b      	lsls	r3, r3, #16
10005e06:	63e3      	str	r3, [r4, #60]	@ 0x3c
10005e08:	2300      	movs	r3, #0
10005e0a:	0052      	lsls	r2, r2, #1
10005e0c:	6362      	str	r2, [r4, #52]	@ 0x34
10005e0e:	4690      	mov	r8, r2
10005e10:	3af2      	subs	r2, #242	@ 0xf2
10005e12:	0031      	movs	r1, r6
10005e14:	63a2      	str	r2, [r4, #56]	@ 0x38
10005e16:	6423      	str	r3, [r4, #64]	@ 0x40
10005e18:	0030      	movs	r0, r6
10005e1a:	f001 fd9f 	bl	1000795c <memmove>
10005e1e:	0023      	movs	r3, r4
10005e20:	2224      	movs	r2, #36	@ 0x24
10005e22:	2100      	movs	r1, #0
10005e24:	0020      	movs	r0, r4
10005e26:	3328      	adds	r3, #40	@ 0x28
10005e28:	f7ff fa60 	bl	100052ec <cyw43_sdpcm_send_common>
10005e2c:	1e05      	subs	r5, r0, #0
10005e2e:	d10d      	bne.n	10005e4c <cyw43_ll_wifi_get_mac+0x6c>
10005e30:	2314      	movs	r3, #20
10005e32:	4642      	mov	r2, r8
10005e34:	2100      	movs	r1, #0
10005e36:	0020      	movs	r0, r4
10005e38:	9600      	str	r6, [sp, #0]
10005e3a:	f7ff fad5 	bl	100053e8 <cyw43_do_ioctl.part.0>
10005e3e:	1e05      	subs	r5, r0, #0
10005e40:	d104      	bne.n	10005e4c <cyw43_ll_wifi_get_mac+0x6c>
10005e42:	2206      	movs	r2, #6
10005e44:	0031      	movs	r1, r6
10005e46:	0038      	movs	r0, r7
10005e48:	f7fc f9f4 	bl	10002234 <__wrap___aeabi_memcpy>
10005e4c:	0028      	movs	r0, r5
10005e4e:	b002      	add	sp, #8
10005e50:	bc80      	pop	{r7}
10005e52:	46b8      	mov	r8, r7
10005e54:	bdf0      	pop	{r4, r5, r6, r7, pc}
10005e56:	46c0      	nop			@ (mov r8, r8)
10005e58:	1003f428 	.word	0x1003f428

10005e5c <cyw43_ll_bus_init>:
10005e5c:	b5f0      	push	{r4, r5, r6, r7, lr}
10005e5e:	4657      	mov	r7, sl
10005e60:	46de      	mov	lr, fp
10005e62:	464e      	mov	r6, r9
10005e64:	4645      	mov	r5, r8
10005e66:	b5e0      	push	{r5, r6, r7, lr}
10005e68:	4bb7      	ldr	r3, [pc, #732]	@ (10006148 <cyw43_ll_bus_init+0x2ec>)
10005e6a:	b087      	sub	sp, #28
10005e6c:	6a9b      	ldr	r3, [r3, #40]	@ 0x28
10005e6e:	0004      	movs	r4, r0
10005e70:	6043      	str	r3, [r0, #4]
10005e72:	000f      	movs	r7, r1
10005e74:	f7fd ffce 	bl	10003e14 <cyw43_spi_init>
10005e78:	2800      	cmp	r0, #0
10005e7a:	d112      	bne.n	10005ea2 <cyw43_ll_bus_init+0x46>
10005e7c:	f7fe fa6e 	bl	1000435c <cyw43_spi_gpio_setup>
10005e80:	250a      	movs	r5, #10
10005e82:	f7fe fa89 	bl	10004398 <cyw43_spi_reset>
10005e86:	4eb1      	ldr	r6, [pc, #708]	@ (1000614c <cyw43_ll_bus_init+0x2f0>)
10005e88:	2214      	movs	r2, #20
10005e8a:	2100      	movs	r1, #0
10005e8c:	0020      	movs	r0, r4
10005e8e:	f7fe fa97 	bl	100043c0 <read_reg_u32_swap>
10005e92:	42b0      	cmp	r0, r6
10005e94:	d012      	beq.n	10005ebc <cyw43_ll_bus_init+0x60>
10005e96:	2001      	movs	r0, #1
10005e98:	3d01      	subs	r5, #1
10005e9a:	f001 fa87 	bl	100073ac <cyw43_delay_ms>
10005e9e:	2d00      	cmp	r5, #0
10005ea0:	d1f2      	bne.n	10005e88 <cyw43_ll_bus_init+0x2c>
10005ea2:	48ab      	ldr	r0, [pc, #684]	@ (10006150 <cyw43_ll_bus_init+0x2f4>)
10005ea4:	f7fd fe62 	bl	10003b6c <__wrap_puts>
10005ea8:	2506      	movs	r5, #6
10005eaa:	426d      	negs	r5, r5
10005eac:	0028      	movs	r0, r5
10005eae:	b007      	add	sp, #28
10005eb0:	bcf0      	pop	{r4, r5, r6, r7}
10005eb2:	46bb      	mov	fp, r7
10005eb4:	46b2      	mov	sl, r6
10005eb6:	46a9      	mov	r9, r5
10005eb8:	46a0      	mov	r8, r4
10005eba:	bdf0      	pop	{r4, r5, r6, r7, pc}
10005ebc:	2200      	movs	r2, #0
10005ebe:	2100      	movs	r1, #0
10005ec0:	0020      	movs	r0, r4
10005ec2:	4ba4      	ldr	r3, [pc, #656]	@ (10006154 <cyw43_ll_bus_init+0x2f8>)
10005ec4:	f7fe fb18 	bl	100044f8 <write_reg_u32_swap>
10005ec8:	2800      	cmp	r0, #0
10005eca:	d1ea      	bne.n	10005ea2 <cyw43_ll_bus_init+0x46>
10005ecc:	2200      	movs	r2, #0
10005ece:	2100      	movs	r1, #0
10005ed0:	0020      	movs	r0, r4
10005ed2:	f7fe fa93 	bl	100043fc <cyw43_read_reg_u32>
10005ed6:	2310      	movs	r3, #16
10005ed8:	221d      	movs	r2, #29
10005eda:	2100      	movs	r1, #0
10005edc:	0020      	movs	r0, r4
10005ede:	f7fe fe29 	bl	10004b34 <cyw43_write_reg_u8>
10005ee2:	2800      	cmp	r0, #0
10005ee4:	d1dd      	bne.n	10005ea2 <cyw43_ll_bus_init+0x46>
10005ee6:	2399      	movs	r3, #153	@ 0x99
10005ee8:	2204      	movs	r2, #4
10005eea:	2100      	movs	r1, #0
10005eec:	0020      	movs	r0, r4
10005eee:	f7fe fe21 	bl	10004b34 <cyw43_write_reg_u8>
10005ef2:	2800      	cmp	r0, #0
10005ef4:	d1d5      	bne.n	10005ea2 <cyw43_ll_bus_init+0x46>
10005ef6:	23be      	movs	r3, #190	@ 0xbe
10005ef8:	2206      	movs	r2, #6
10005efa:	2100      	movs	r1, #0
10005efc:	0020      	movs	r0, r4
10005efe:	f7fe fd0f 	bl	10004920 <cyw43_write_reg_u16>
10005f02:	2800      	cmp	r0, #0
10005f04:	d1cd      	bne.n	10005ea2 <cyw43_ll_bus_init+0x46>
10005f06:	2308      	movs	r3, #8
10005f08:	2101      	movs	r1, #1
10005f0a:	0020      	movs	r0, r4
10005f0c:	4a92      	ldr	r2, [pc, #584]	@ (10006158 <cyw43_ll_bus_init+0x2fc>)
10005f0e:	f7fe fe11 	bl	10004b34 <cyw43_write_reg_u8>
10005f12:	250a      	movs	r5, #10
10005f14:	2640      	movs	r6, #64	@ 0x40
10005f16:	2101      	movs	r1, #1
10005f18:	0020      	movs	r0, r4
10005f1a:	4a8f      	ldr	r2, [pc, #572]	@ (10006158 <cyw43_ll_bus_init+0x2fc>)
10005f1c:	f7fe fac2 	bl	100044a4 <cyw43_read_reg_u8>
10005f20:	4206      	tst	r6, r0
10005f22:	d109      	bne.n	10005f38 <cyw43_ll_bus_init+0xdc>
10005f24:	2001      	movs	r0, #1
10005f26:	3d01      	subs	r5, #1
10005f28:	f001 fa40 	bl	100073ac <cyw43_delay_ms>
10005f2c:	2d00      	cmp	r5, #0
10005f2e:	d1f2      	bne.n	10005f16 <cyw43_ll_bus_init+0xba>
10005f30:	488a      	ldr	r0, [pc, #552]	@ (1000615c <cyw43_ll_bus_init+0x300>)
10005f32:	f7fd fe1b 	bl	10003b6c <__wrap_puts>
10005f36:	e7b7      	b.n	10005ea8 <cyw43_ll_bus_init+0x4c>
10005f38:	2300      	movs	r3, #0
10005f3a:	4a87      	ldr	r2, [pc, #540]	@ (10006158 <cyw43_ll_bus_init+0x2fc>)
10005f3c:	2101      	movs	r1, #1
10005f3e:	0020      	movs	r0, r4
10005f40:	f7fe fdf8 	bl	10004b34 <cyw43_write_reg_u8>
10005f44:	0020      	movs	r0, r4
10005f46:	4986      	ldr	r1, [pc, #536]	@ (10006160 <cyw43_ll_bus_init+0x304>)
10005f48:	f7fe ffa8 	bl	10004e9c <cyw43_set_backplane_window>
10005f4c:	22b8      	movs	r2, #184	@ 0xb8
10005f4e:	25c0      	movs	r5, #192	@ 0xc0
10005f50:	2101      	movs	r1, #1
10005f52:	0020      	movs	r0, r4
10005f54:	0212      	lsls	r2, r2, #8
10005f56:	f7fe faa5 	bl	100044a4 <cyw43_read_reg_u8>
10005f5a:	68a3      	ldr	r3, [r4, #8]
10005f5c:	056d      	lsls	r5, r5, #21
10005f5e:	42ab      	cmp	r3, r5
10005f60:	d012      	beq.n	10005f88 <cyw43_ll_bus_init+0x12c>
10005f62:	2280      	movs	r2, #128	@ 0x80
10005f64:	406b      	eors	r3, r5
10005f66:	0452      	lsls	r2, r2, #17
10005f68:	4293      	cmp	r3, r2
10005f6a:	d300      	bcc.n	10005f6e <cyw43_ll_bus_init+0x112>
10005f6c:	e33d      	b.n	100065ea <cyw43_ll_bus_init+0x78e>
10005f6e:	22ff      	movs	r2, #255	@ 0xff
10005f70:	0412      	lsls	r2, r2, #16
10005f72:	4213      	tst	r3, r2
10005f74:	d000      	beq.n	10005f78 <cyw43_ll_bus_init+0x11c>
10005f76:	e32c      	b.n	100065d2 <cyw43_ll_bus_init+0x776>
10005f78:	22ff      	movs	r2, #255	@ 0xff
10005f7a:	0212      	lsls	r2, r2, #8
10005f7c:	4213      	tst	r3, r2
10005f7e:	d000      	beq.n	10005f82 <cyw43_ll_bus_init+0x126>
10005f80:	e31f      	b.n	100065c2 <cyw43_ll_bus_init+0x766>
10005f82:	23c0      	movs	r3, #192	@ 0xc0
10005f84:	055b      	lsls	r3, r3, #21
10005f86:	60a3      	str	r3, [r4, #8]
10005f88:	0020      	movs	r0, r4
10005f8a:	4975      	ldr	r1, [pc, #468]	@ (10006160 <cyw43_ll_bus_init+0x304>)
10005f8c:	f7fe ff86 	bl	10004e9c <cyw43_set_backplane_window>
10005f90:	22b8      	movs	r2, #184	@ 0xb8
10005f92:	2101      	movs	r1, #1
10005f94:	0020      	movs	r0, r4
10005f96:	0212      	lsls	r2, r2, #8
10005f98:	f7fe fa84 	bl	100044a4 <cyw43_read_reg_u8>
10005f9c:	26c0      	movs	r6, #192	@ 0xc0
10005f9e:	68a3      	ldr	r3, [r4, #8]
10005fa0:	0005      	movs	r5, r0
10005fa2:	0576      	lsls	r6, r6, #21
10005fa4:	42b3      	cmp	r3, r6
10005fa6:	d012      	beq.n	10005fce <cyw43_ll_bus_init+0x172>
10005fa8:	2280      	movs	r2, #128	@ 0x80
10005faa:	4073      	eors	r3, r6
10005fac:	0452      	lsls	r2, r2, #17
10005fae:	4293      	cmp	r3, r2
10005fb0:	d300      	bcc.n	10005fb4 <cyw43_ll_bus_init+0x158>
10005fb2:	e2fd      	b.n	100065b0 <cyw43_ll_bus_init+0x754>
10005fb4:	22ff      	movs	r2, #255	@ 0xff
10005fb6:	0412      	lsls	r2, r2, #16
10005fb8:	4213      	tst	r3, r2
10005fba:	d000      	beq.n	10005fbe <cyw43_ll_bus_init+0x162>
10005fbc:	e2ec      	b.n	10006598 <cyw43_ll_bus_init+0x73c>
10005fbe:	22ff      	movs	r2, #255	@ 0xff
10005fc0:	0212      	lsls	r2, r2, #8
10005fc2:	4213      	tst	r3, r2
10005fc4:	d000      	beq.n	10005fc8 <cyw43_ll_bus_init+0x16c>
10005fc6:	e2ae      	b.n	10006526 <cyw43_ll_bus_init+0x6ca>
10005fc8:	23c0      	movs	r3, #192	@ 0xc0
10005fca:	055b      	lsls	r3, r3, #21
10005fcc:	60a3      	str	r3, [r4, #8]
10005fce:	07ed      	lsls	r5, r5, #31
10005fd0:	d400      	bmi.n	10005fd4 <cyw43_ll_bus_init+0x178>
10005fd2:	e3c0      	b.n	10006756 <cyw43_ll_bus_init+0x8fa>
10005fd4:	0020      	movs	r0, r4
10005fd6:	4963      	ldr	r1, [pc, #396]	@ (10006164 <cyw43_ll_bus_init+0x308>)
10005fd8:	f7fe ff60 	bl	10004e9c <cyw43_set_backplane_window>
10005fdc:	22c8      	movs	r2, #200	@ 0xc8
10005fde:	25c0      	movs	r5, #192	@ 0xc0
10005fe0:	2101      	movs	r1, #1
10005fe2:	0020      	movs	r0, r4
10005fe4:	0212      	lsls	r2, r2, #8
10005fe6:	f7fe fa5d 	bl	100044a4 <cyw43_read_reg_u8>
10005fea:	68a3      	ldr	r3, [r4, #8]
10005fec:	056d      	lsls	r5, r5, #21
10005fee:	42ab      	cmp	r3, r5
10005ff0:	d012      	beq.n	10006018 <cyw43_ll_bus_init+0x1bc>
10005ff2:	2280      	movs	r2, #128	@ 0x80
10005ff4:	406b      	eors	r3, r5
10005ff6:	0452      	lsls	r2, r2, #17
10005ff8:	4293      	cmp	r3, r2
10005ffa:	d300      	bcc.n	10005ffe <cyw43_ll_bus_init+0x1a2>
10005ffc:	e28a      	b.n	10006514 <cyw43_ll_bus_init+0x6b8>
10005ffe:	22ff      	movs	r2, #255	@ 0xff
10006000:	0412      	lsls	r2, r2, #16
10006002:	4213      	tst	r3, r2
10006004:	d000      	beq.n	10006008 <cyw43_ll_bus_init+0x1ac>
10006006:	e316      	b.n	10006636 <cyw43_ll_bus_init+0x7da>
10006008:	22ff      	movs	r2, #255	@ 0xff
1000600a:	0212      	lsls	r2, r2, #8
1000600c:	4213      	tst	r3, r2
1000600e:	d000      	beq.n	10006012 <cyw43_ll_bus_init+0x1b6>
10006010:	e309      	b.n	10006626 <cyw43_ll_bus_init+0x7ca>
10006012:	23c0      	movs	r3, #192	@ 0xc0
10006014:	055b      	lsls	r3, r3, #21
10006016:	60a3      	str	r3, [r4, #8]
10006018:	0020      	movs	r0, r4
1000601a:	4952      	ldr	r1, [pc, #328]	@ (10006164 <cyw43_ll_bus_init+0x308>)
1000601c:	f7fe ff3e 	bl	10004e9c <cyw43_set_backplane_window>
10006020:	22c8      	movs	r2, #200	@ 0xc8
10006022:	2101      	movs	r1, #1
10006024:	0020      	movs	r0, r4
10006026:	0212      	lsls	r2, r2, #8
10006028:	f7fe fa3c 	bl	100044a4 <cyw43_read_reg_u8>
1000602c:	26c0      	movs	r6, #192	@ 0xc0
1000602e:	68a3      	ldr	r3, [r4, #8]
10006030:	0005      	movs	r5, r0
10006032:	0576      	lsls	r6, r6, #21
10006034:	42b3      	cmp	r3, r6
10006036:	d012      	beq.n	1000605e <cyw43_ll_bus_init+0x202>
10006038:	2280      	movs	r2, #128	@ 0x80
1000603a:	4073      	eors	r3, r6
1000603c:	0452      	lsls	r2, r2, #17
1000603e:	4293      	cmp	r3, r2
10006040:	d300      	bcc.n	10006044 <cyw43_ll_bus_init+0x1e8>
10006042:	e2e7      	b.n	10006614 <cyw43_ll_bus_init+0x7b8>
10006044:	22ff      	movs	r2, #255	@ 0xff
10006046:	0412      	lsls	r2, r2, #16
10006048:	4213      	tst	r3, r2
1000604a:	d000      	beq.n	1000604e <cyw43_ll_bus_init+0x1f2>
1000604c:	e2d6      	b.n	100065fc <cyw43_ll_bus_init+0x7a0>
1000604e:	22ff      	movs	r2, #255	@ 0xff
10006050:	0212      	lsls	r2, r2, #8
10006052:	4213      	tst	r3, r2
10006054:	d000      	beq.n	10006058 <cyw43_ll_bus_init+0x1fc>
10006056:	e2fa      	b.n	1000664e <cyw43_ll_bus_init+0x7f2>
10006058:	23c0      	movs	r3, #192	@ 0xc0
1000605a:	055b      	lsls	r3, r3, #21
1000605c:	60a3      	str	r3, [r4, #8]
1000605e:	07ed      	lsls	r5, r5, #31
10006060:	d400      	bmi.n	10006064 <cyw43_ll_bus_init+0x208>
10006062:	e37c      	b.n	1000675e <cyw43_ll_bus_init+0x902>
10006064:	25c0      	movs	r5, #192	@ 0xc0
10006066:	2102      	movs	r1, #2
10006068:	0020      	movs	r0, r4
1000606a:	f7ff fc1b 	bl	100058a4 <reset_device_core.constprop.0>
1000606e:	68a3      	ldr	r3, [r4, #8]
10006070:	056d      	lsls	r5, r5, #21
10006072:	42ab      	cmp	r3, r5
10006074:	d012      	beq.n	1000609c <cyw43_ll_bus_init+0x240>
10006076:	2280      	movs	r2, #128	@ 0x80
10006078:	406b      	eors	r3, r5
1000607a:	0452      	lsls	r2, r2, #17
1000607c:	4293      	cmp	r3, r2
1000607e:	d300      	bcc.n	10006082 <cyw43_ll_bus_init+0x226>
10006080:	e1fd      	b.n	1000647e <cyw43_ll_bus_init+0x622>
10006082:	22ff      	movs	r2, #255	@ 0xff
10006084:	0412      	lsls	r2, r2, #16
10006086:	4213      	tst	r3, r2
10006088:	d000      	beq.n	1000608c <cyw43_ll_bus_init+0x230>
1000608a:	e1ec      	b.n	10006466 <cyw43_ll_bus_init+0x60a>
1000608c:	22ff      	movs	r2, #255	@ 0xff
1000608e:	0212      	lsls	r2, r2, #8
10006090:	4213      	tst	r3, r2
10006092:	d000      	beq.n	10006096 <cyw43_ll_bus_init+0x23a>
10006094:	e219      	b.n	100064ca <cyw43_ll_bus_init+0x66e>
10006096:	23c0      	movs	r3, #192	@ 0xc0
10006098:	055b      	lsls	r3, r3, #21
1000609a:	60a3      	str	r3, [r4, #8]
1000609c:	25c0      	movs	r5, #192	@ 0xc0
1000609e:	2303      	movs	r3, #3
100060a0:	2101      	movs	r1, #1
100060a2:	0020      	movs	r0, r4
100060a4:	4a30      	ldr	r2, [pc, #192]	@ (10006168 <cyw43_ll_bus_init+0x30c>)
100060a6:	f7fe fb31 	bl	1000470c <cyw43_write_reg_u32>
100060aa:	68a3      	ldr	r3, [r4, #8]
100060ac:	056d      	lsls	r5, r5, #21
100060ae:	42ab      	cmp	r3, r5
100060b0:	d012      	beq.n	100060d8 <cyw43_ll_bus_init+0x27c>
100060b2:	2280      	movs	r2, #128	@ 0x80
100060b4:	406b      	eors	r3, r5
100060b6:	0452      	lsls	r2, r2, #17
100060b8:	4293      	cmp	r3, r2
100060ba:	d300      	bcc.n	100060be <cyw43_ll_bus_init+0x262>
100060bc:	e1fc      	b.n	100064b8 <cyw43_ll_bus_init+0x65c>
100060be:	22ff      	movs	r2, #255	@ 0xff
100060c0:	0412      	lsls	r2, r2, #16
100060c2:	4213      	tst	r3, r2
100060c4:	d000      	beq.n	100060c8 <cyw43_ll_bus_init+0x26c>
100060c6:	e1eb      	b.n	100064a0 <cyw43_ll_bus_init+0x644>
100060c8:	22ff      	movs	r2, #255	@ 0xff
100060ca:	0212      	lsls	r2, r2, #8
100060cc:	4213      	tst	r3, r2
100060ce:	d000      	beq.n	100060d2 <cyw43_ll_bus_init+0x276>
100060d0:	e1de      	b.n	10006490 <cyw43_ll_bus_init+0x634>
100060d2:	23c0      	movs	r3, #192	@ 0xc0
100060d4:	055b      	lsls	r3, r3, #21
100060d6:	60a3      	str	r3, [r4, #8]
100060d8:	25c0      	movs	r5, #192	@ 0xc0
100060da:	2300      	movs	r3, #0
100060dc:	2101      	movs	r1, #1
100060de:	0020      	movs	r0, r4
100060e0:	4a22      	ldr	r2, [pc, #136]	@ (1000616c <cyw43_ll_bus_init+0x310>)
100060e2:	f7fe fb13 	bl	1000470c <cyw43_write_reg_u32>
100060e6:	68a3      	ldr	r3, [r4, #8]
100060e8:	056d      	lsls	r5, r5, #21
100060ea:	42ab      	cmp	r3, r5
100060ec:	d012      	beq.n	10006114 <cyw43_ll_bus_init+0x2b8>
100060ee:	2280      	movs	r2, #128	@ 0x80
100060f0:	406b      	eors	r3, r5
100060f2:	0452      	lsls	r2, r2, #17
100060f4:	4293      	cmp	r3, r2
100060f6:	d300      	bcc.n	100060fa <cyw43_ll_bus_init+0x29e>
100060f8:	e1fb      	b.n	100064f2 <cyw43_ll_bus_init+0x696>
100060fa:	22ff      	movs	r2, #255	@ 0xff
100060fc:	0412      	lsls	r2, r2, #16
100060fe:	4213      	tst	r3, r2
10006100:	d000      	beq.n	10006104 <cyw43_ll_bus_init+0x2a8>
10006102:	e1ea      	b.n	100064da <cyw43_ll_bus_init+0x67e>
10006104:	22ff      	movs	r2, #255	@ 0xff
10006106:	0212      	lsls	r2, r2, #8
10006108:	4213      	tst	r3, r2
1000610a:	d000      	beq.n	1000610e <cyw43_ll_bus_init+0x2b2>
1000610c:	e1fa      	b.n	10006504 <cyw43_ll_bus_init+0x6a8>
1000610e:	23c0      	movs	r3, #192	@ 0xc0
10006110:	055b      	lsls	r3, r3, #21
10006112:	60a3      	str	r3, [r4, #8]
10006114:	4b16      	ldr	r3, [pc, #88]	@ (10006170 <cyw43_ll_bus_init+0x314>)
10006116:	4a17      	ldr	r2, [pc, #92]	@ (10006174 <cyw43_ll_bus_init+0x318>)
10006118:	469a      	mov	sl, r3
1000611a:	4b17      	ldr	r3, [pc, #92]	@ (10006178 <cyw43_ll_bus_init+0x31c>)
1000611c:	4453      	add	r3, sl
1000611e:	5a9e      	ldrh	r6, [r3, r2]
10006120:	3a1b      	subs	r2, #27
10006122:	3aff      	subs	r2, #255	@ 0xff
10006124:	4296      	cmp	r6, r2
10006126:	db00      	blt.n	1000612a <cyw43_ll_bus_init+0x2ce>
10006128:	e199      	b.n	1000645e <cyw43_ll_bus_init+0x602>
1000612a:	4a14      	ldr	r2, [pc, #80]	@ (1000617c <cyw43_ll_bus_init+0x320>)
1000612c:	5c9b      	ldrb	r3, [r3, r2]
1000612e:	2b00      	cmp	r3, #0
10006130:	d000      	beq.n	10006134 <cyw43_ll_bus_init+0x2d8>
10006132:	e194      	b.n	1000645e <cyw43_ll_bus_init+0x602>
10006134:	2e50      	cmp	r6, #80	@ 0x50
10006136:	dc00      	bgt.n	1000613a <cyw43_ll_bus_init+0x2de>
10006138:	e191      	b.n	1000645e <cyw43_ll_bus_init+0x602>
1000613a:	4b11      	ldr	r3, [pc, #68]	@ (10006180 <cyw43_ll_bus_init+0x324>)
1000613c:	2550      	movs	r5, #80	@ 0x50
1000613e:	4699      	mov	r9, r3
10006140:	4b10      	ldr	r3, [pc, #64]	@ (10006184 <cyw43_ll_bus_init+0x328>)
10006142:	4453      	add	r3, sl
10006144:	4698      	mov	r8, r3
10006146:	e023      	b.n	10006190 <cyw43_ll_bus_init+0x334>
10006148:	40054000 	.word	0x40054000
1000614c:	feedbead 	.word	0xfeedbead
10006150:	10008060 	.word	0x10008060
10006154:	000204b3 	.word	0x000204b3
10006158:	0001000e 	.word	0x0001000e
1000615c:	100080b4 	.word	0x100080b4
10006160:	18103800 	.word	0x18103800
10006164:	18104800 	.word	0x18104800
10006168:	0000c010 	.word	0x0000c010
1000616c:	0000c044 	.word	0x0000c044
10006170:	10008154 	.word	0x10008154
10006174:	0000030e 	.word	0x0000030e
10006178:	0003689e 	.word	0x0003689e
1000617c:	0000030d 	.word	0x0000030d
10006180:	10008080 	.word	0x10008080
10006184:	00036bab 	.word	0x00036bab
10006188:	3501      	adds	r5, #1
1000618a:	42ae      	cmp	r6, r5
1000618c:	dc00      	bgt.n	10006190 <cyw43_ll_bus_init+0x334>
1000618e:	e166      	b.n	1000645e <cyw43_ll_bus_init+0x602>
10006190:	4643      	mov	r3, r8
10006192:	2209      	movs	r2, #9
10006194:	4649      	mov	r1, r9
10006196:	1b58      	subs	r0, r3, r5
10006198:	f001 fc66 	bl	10007a68 <strncmp>
1000619c:	2800      	cmp	r0, #0
1000619e:	d1f3      	bne.n	10006188 <cyw43_ll_bus_init+0x32c>
100061a0:	4653      	mov	r3, sl
100061a2:	2100      	movs	r1, #0
100061a4:	0020      	movs	r0, r4
100061a6:	4ae4      	ldr	r2, [pc, #912]	@ (10006538 <cyw43_ll_bus_init+0x6dc>)
100061a8:	f7ff f980 	bl	100054ac <cyw43_download_resource>
100061ac:	1e05      	subs	r5, r0, #0
100061ae:	d000      	beq.n	100061b2 <cyw43_ll_bus_init+0x356>
100061b0:	e67c      	b.n	10005eac <cyw43_ll_bus_init+0x50>
100061b2:	22ba      	movs	r2, #186	@ 0xba
100061b4:	4be1      	ldr	r3, [pc, #900]	@ (1000653c <cyw43_ll_bus_init+0x6e0>)
100061b6:	49e2      	ldr	r1, [pc, #904]	@ (10006540 <cyw43_ll_bus_init+0x6e4>)
100061b8:	0092      	lsls	r2, r2, #2
100061ba:	0020      	movs	r0, r4
100061bc:	f7ff f976 	bl	100054ac <cyw43_download_resource>
100061c0:	4be0      	ldr	r3, [pc, #896]	@ (10006544 <cyw43_ll_bus_init+0x6e8>)
100061c2:	2204      	movs	r2, #4
100061c4:	0020      	movs	r0, r4
100061c6:	49e0      	ldr	r1, [pc, #896]	@ (10006548 <cyw43_ll_bus_init+0x6ec>)
100061c8:	f7ff fae6 	bl	10005798 <cyw43_write_backplane>
100061cc:	2101      	movs	r1, #1
100061ce:	0020      	movs	r0, r4
100061d0:	f7ff fb68 	bl	100058a4 <reset_device_core.constprop.0>
100061d4:	0020      	movs	r0, r4
100061d6:	49dd      	ldr	r1, [pc, #884]	@ (1000654c <cyw43_ll_bus_init+0x6f0>)
100061d8:	f7ff fa6c 	bl	100056b4 <cyw43_read_backplane.constprop.0>
100061dc:	2303      	movs	r3, #3
100061de:	4003      	ands	r3, r0
100061e0:	2b01      	cmp	r3, #1
100061e2:	d002      	beq.n	100061ea <cyw43_ll_bus_init+0x38e>
100061e4:	48da      	ldr	r0, [pc, #872]	@ (10006550 <cyw43_ll_bus_init+0x6f4>)
100061e6:	f7fd fcc1 	bl	10003b6c <__wrap_puts>
100061ea:	0020      	movs	r0, r4
100061ec:	49d9      	ldr	r1, [pc, #868]	@ (10006554 <cyw43_ll_bus_init+0x6f8>)
100061ee:	f7ff fa61 	bl	100056b4 <cyw43_read_backplane.constprop.0>
100061f2:	07c0      	lsls	r0, r0, #31
100061f4:	d500      	bpl.n	100061f8 <cyw43_ll_bus_init+0x39c>
100061f6:	e232      	b.n	1000665e <cyw43_ll_bus_init+0x802>
100061f8:	26fa      	movs	r6, #250	@ 0xfa
100061fa:	2380      	movs	r3, #128	@ 0x80
100061fc:	00b6      	lsls	r6, r6, #2
100061fe:	4698      	mov	r8, r3
10006200:	e006      	b.n	10006210 <cyw43_ll_bus_init+0x3b4>
10006202:	2001      	movs	r0, #1
10006204:	3e01      	subs	r6, #1
10006206:	f001 f8d1 	bl	100073ac <cyw43_delay_ms>
1000620a:	2e00      	cmp	r6, #0
1000620c:	d100      	bne.n	10006210 <cyw43_ll_bus_init+0x3b4>
1000620e:	e298      	b.n	10006742 <cyw43_ll_bus_init+0x8e6>
10006210:	2101      	movs	r1, #1
10006212:	0020      	movs	r0, r4
10006214:	4ad0      	ldr	r2, [pc, #832]	@ (10006558 <cyw43_ll_bus_init+0x6fc>)
10006216:	f7fe f945 	bl	100044a4 <cyw43_read_reg_u8>
1000621a:	4643      	mov	r3, r8
1000621c:	4203      	tst	r3, r0
1000621e:	d0f0      	beq.n	10006202 <cyw43_ll_bus_init+0x3a6>
10006220:	23f0      	movs	r3, #240	@ 0xf0
10006222:	2204      	movs	r2, #4
10006224:	0020      	movs	r0, r4
10006226:	49cd      	ldr	r1, [pc, #820]	@ (1000655c <cyw43_ll_bus_init+0x700>)
10006228:	f7ff fab6 	bl	10005798 <cyw43_write_backplane>
1000622c:	2320      	movs	r3, #32
1000622e:	2101      	movs	r1, #1
10006230:	0020      	movs	r0, r4
10006232:	4acb      	ldr	r2, [pc, #812]	@ (10006560 <cyw43_ll_bus_init+0x704>)
10006234:	f7fe fc7e 	bl	10004b34 <cyw43_write_reg_u8>
10006238:	26fa      	movs	r6, #250	@ 0xfa
1000623a:	2320      	movs	r3, #32
1000623c:	00b6      	lsls	r6, r6, #2
1000623e:	4698      	mov	r8, r3
10006240:	e006      	b.n	10006250 <cyw43_ll_bus_init+0x3f4>
10006242:	2001      	movs	r0, #1
10006244:	3e01      	subs	r6, #1
10006246:	f001 f8b1 	bl	100073ac <cyw43_delay_ms>
1000624a:	2e00      	cmp	r6, #0
1000624c:	d100      	bne.n	10006250 <cyw43_ll_bus_init+0x3f4>
1000624e:	e27d      	b.n	1000674c <cyw43_ll_bus_init+0x8f0>
10006250:	2208      	movs	r2, #8
10006252:	2100      	movs	r1, #0
10006254:	0020      	movs	r0, r4
10006256:	f7fe f8d1 	bl	100043fc <cyw43_read_reg_u32>
1000625a:	4643      	mov	r3, r8
1000625c:	4203      	tst	r3, r0
1000625e:	d0f0      	beq.n	10006242 <cyw43_ll_bus_init+0x3e6>
10006260:	2101      	movs	r1, #1
10006262:	4ac0      	ldr	r2, [pc, #768]	@ (10006564 <cyw43_ll_bus_init+0x708>)
10006264:	0020      	movs	r0, r4
10006266:	f7fe f91d 	bl	100044a4 <cyw43_read_reg_u8>
1000626a:	2202      	movs	r2, #2
1000626c:	b2c3      	uxtb	r3, r0
1000626e:	4313      	orrs	r3, r2
10006270:	2101      	movs	r1, #1
10006272:	4abc      	ldr	r2, [pc, #752]	@ (10006564 <cyw43_ll_bus_init+0x708>)
10006274:	0020      	movs	r0, r4
10006276:	f7fe fc5d 	bl	10004b34 <cyw43_write_reg_u8>
1000627a:	2308      	movs	r3, #8
1000627c:	22f0      	movs	r2, #240	@ 0xf0
1000627e:	2100      	movs	r1, #0
10006280:	0020      	movs	r0, r4
10006282:	f7fe fc57 	bl	10004b34 <cyw43_write_reg_u8>
10006286:	2302      	movs	r3, #2
10006288:	2101      	movs	r1, #1
1000628a:	4ab3      	ldr	r2, [pc, #716]	@ (10006558 <cyw43_ll_bus_init+0x6fc>)
1000628c:	0020      	movs	r0, r4
1000628e:	f7fe fc51 	bl	10004b34 <cyw43_write_reg_u8>
10006292:	2101      	movs	r1, #1
10006294:	0020      	movs	r0, r4
10006296:	4ab4      	ldr	r2, [pc, #720]	@ (10006568 <cyw43_ll_bus_init+0x70c>)
10006298:	f7fe f904 	bl	100044a4 <cyw43_read_reg_u8>
1000629c:	07c3      	lsls	r3, r0, #31
1000629e:	d400      	bmi.n	100062a2 <cyw43_ll_bus_init+0x446>
100062a0:	e1e5      	b.n	1000666e <cyw43_ll_bus_init+0x812>
100062a2:	230f      	movs	r3, #15
100062a4:	2101      	movs	r1, #1
100062a6:	4ab1      	ldr	r2, [pc, #708]	@ (1000656c <cyw43_ll_bus_init+0x710>)
100062a8:	0020      	movs	r0, r4
100062aa:	f7fe fc43 	bl	10004b34 <cyw43_write_reg_u8>
100062ae:	2300      	movs	r3, #0
100062b0:	2101      	movs	r1, #1
100062b2:	4aae      	ldr	r2, [pc, #696]	@ (1000656c <cyw43_ll_bus_init+0x710>)
100062b4:	0020      	movs	r0, r4
100062b6:	f7fe fc3d 	bl	10004b34 <cyw43_write_reg_u8>
100062ba:	2101      	movs	r1, #1
100062bc:	4aab      	ldr	r2, [pc, #684]	@ (1000656c <cyw43_ll_bus_init+0x710>)
100062be:	0020      	movs	r0, r4
100062c0:	f7fe f8f0 	bl	100044a4 <cyw43_read_reg_u8>
100062c4:	2204      	movs	r2, #4
100062c6:	2100      	movs	r1, #0
100062c8:	0020      	movs	r0, r4
100062ca:	f7fe f8c1 	bl	10004450 <cyw43_read_reg_u16>
100062ce:	07c3      	lsls	r3, r0, #31
100062d0:	d500      	bpl.n	100062d4 <cyw43_ll_bus_init+0x478>
100062d2:	e1d5      	b.n	10006680 <cyw43_ll_bus_init+0x824>
100062d4:	26c0      	movs	r6, #192	@ 0xc0
100062d6:	68a3      	ldr	r3, [r4, #8]
100062d8:	0576      	lsls	r6, r6, #21
100062da:	42b3      	cmp	r3, r6
100062dc:	d012      	beq.n	10006304 <cyw43_ll_bus_init+0x4a8>
100062de:	2280      	movs	r2, #128	@ 0x80
100062e0:	4073      	eors	r3, r6
100062e2:	0452      	lsls	r2, r2, #17
100062e4:	4293      	cmp	r3, r2
100062e6:	d300      	bcc.n	100062ea <cyw43_ll_bus_init+0x48e>
100062e8:	e222      	b.n	10006730 <cyw43_ll_bus_init+0x8d4>
100062ea:	22ff      	movs	r2, #255	@ 0xff
100062ec:	0412      	lsls	r2, r2, #16
100062ee:	4213      	tst	r3, r2
100062f0:	d000      	beq.n	100062f4 <cyw43_ll_bus_init+0x498>
100062f2:	e211      	b.n	10006718 <cyw43_ll_bus_init+0x8bc>
100062f4:	22ff      	movs	r2, #255	@ 0xff
100062f6:	0212      	lsls	r2, r2, #8
100062f8:	4213      	tst	r3, r2
100062fa:	d000      	beq.n	100062fe <cyw43_ll_bus_init+0x4a2>
100062fc:	e204      	b.n	10006708 <cyw43_ll_bus_init+0x8ac>
100062fe:	23c0      	movs	r3, #192	@ 0xc0
10006300:	055b      	lsls	r3, r3, #21
10006302:	60a3      	str	r3, [r4, #8]
10006304:	26c0      	movs	r6, #192	@ 0xc0
10006306:	2101      	movs	r1, #1
10006308:	0020      	movs	r0, r4
1000630a:	4a99      	ldr	r2, [pc, #612]	@ (10006570 <cyw43_ll_bus_init+0x714>)
1000630c:	f7fe f876 	bl	100043fc <cyw43_read_reg_u32>
10006310:	68a3      	ldr	r3, [r4, #8]
10006312:	0576      	lsls	r6, r6, #21
10006314:	42b3      	cmp	r3, r6
10006316:	d012      	beq.n	1000633e <cyw43_ll_bus_init+0x4e2>
10006318:	2280      	movs	r2, #128	@ 0x80
1000631a:	4073      	eors	r3, r6
1000631c:	0452      	lsls	r2, r2, #17
1000631e:	4293      	cmp	r3, r2
10006320:	d300      	bcc.n	10006324 <cyw43_ll_bus_init+0x4c8>
10006322:	e1e0      	b.n	100066e6 <cyw43_ll_bus_init+0x88a>
10006324:	22ff      	movs	r2, #255	@ 0xff
10006326:	0412      	lsls	r2, r2, #16
10006328:	4213      	tst	r3, r2
1000632a:	d000      	beq.n	1000632e <cyw43_ll_bus_init+0x4d2>
1000632c:	e1cf      	b.n	100066ce <cyw43_ll_bus_init+0x872>
1000632e:	22ff      	movs	r2, #255	@ 0xff
10006330:	0212      	lsls	r2, r2, #8
10006332:	4213      	tst	r3, r2
10006334:	d000      	beq.n	10006338 <cyw43_ll_bus_init+0x4dc>
10006336:	e1df      	b.n	100066f8 <cyw43_ll_bus_init+0x89c>
10006338:	23c0      	movs	r3, #192	@ 0xc0
1000633a:	055b      	lsls	r3, r3, #21
1000633c:	60a3      	str	r3, [r4, #8]
1000633e:	0020      	movs	r0, r4
10006340:	f000 fbbc 	bl	10006abc <cyw43_cb_ensure_awake>
10006344:	7ca3      	ldrb	r3, [r4, #18]
10006346:	2b00      	cmp	r3, #0
10006348:	d105      	bne.n	10006356 <cyw43_ll_bus_init+0x4fa>
1000634a:	2101      	movs	r1, #1
1000634c:	0020      	movs	r0, r4
1000634e:	f7fe fe73 	bl	10005038 <cyw43_kso_set>
10006352:	2301      	movs	r3, #1
10006354:	74a3      	strb	r3, [r4, #18]
10006356:	4b87      	ldr	r3, [pc, #540]	@ (10006574 <cyw43_ll_bus_init+0x718>)
10006358:	0026      	movs	r6, r4
1000635a:	0019      	movs	r1, r3
1000635c:	3644      	adds	r6, #68	@ 0x44
1000635e:	2208      	movs	r2, #8
10006360:	312c      	adds	r1, #44	@ 0x2c
10006362:	0030      	movs	r0, r6
10006364:	4698      	mov	r8, r3
10006366:	f7fb ff65 	bl	10002234 <__wrap___aeabi_memcpy>
1000636a:	4b83      	ldr	r3, [pc, #524]	@ (10006578 <cyw43_ll_bus_init+0x71c>)
1000636c:	22f6      	movs	r2, #246	@ 0xf6
1000636e:	21db      	movs	r1, #219	@ 0xdb
10006370:	64e3      	str	r3, [r4, #76]	@ 0x4c
10006372:	0020      	movs	r0, r4
10006374:	2300      	movs	r3, #0
10006376:	0092      	lsls	r2, r2, #2
10006378:	0289      	lsls	r1, r1, #10
1000637a:	4451      	add	r1, sl
1000637c:	6522      	str	r2, [r4, #80]	@ 0x50
1000637e:	6563      	str	r3, [r4, #84]	@ 0x54
10006380:	3058      	adds	r0, #88	@ 0x58
10006382:	4699      	mov	r9, r3
10006384:	f7fb ff56 	bl	10002234 <__wrap___aeabi_memcpy>
10006388:	2208      	movs	r2, #8
1000638a:	32ff      	adds	r2, #255	@ 0xff
1000638c:	6362      	str	r2, [r4, #52]	@ 0x34
1000638e:	4693      	mov	fp, r2
10006390:	22fc      	movs	r2, #252	@ 0xfc
10006392:	0092      	lsls	r2, r2, #2
10006394:	4692      	mov	sl, r2
10006396:	63a2      	str	r2, [r4, #56]	@ 0x38
10006398:	2202      	movs	r2, #2
1000639a:	8a23      	ldrh	r3, [r4, #16]
1000639c:	0031      	movs	r1, r6
1000639e:	3301      	adds	r3, #1
100063a0:	b29b      	uxth	r3, r3
100063a2:	8223      	strh	r3, [r4, #16]
100063a4:	041b      	lsls	r3, r3, #16
100063a6:	4313      	orrs	r3, r2
100063a8:	63e3      	str	r3, [r4, #60]	@ 0x3c
100063aa:	464b      	mov	r3, r9
100063ac:	4652      	mov	r2, sl
100063ae:	6423      	str	r3, [r4, #64]	@ 0x40
100063b0:	0030      	movs	r0, r6
100063b2:	f001 fad3 	bl	1000795c <memmove>
100063b6:	2328      	movs	r3, #40	@ 0x28
100063b8:	4699      	mov	r9, r3
100063ba:	2280      	movs	r2, #128	@ 0x80
100063bc:	44a1      	add	r9, r4
100063be:	464b      	mov	r3, r9
100063c0:	2100      	movs	r1, #0
100063c2:	0020      	movs	r0, r4
100063c4:	00d2      	lsls	r2, r2, #3
100063c6:	f7fe ff91 	bl	100052ec <cyw43_sdpcm_send_common>
100063ca:	2800      	cmp	r0, #0
100063cc:	d106      	bne.n	100063dc <cyw43_ll_bus_init+0x580>
100063ce:	4653      	mov	r3, sl
100063d0:	465a      	mov	r2, fp
100063d2:	2102      	movs	r1, #2
100063d4:	0020      	movs	r0, r4
100063d6:	9600      	str	r6, [sp, #0]
100063d8:	f7ff f806 	bl	100053e8 <cyw43_do_ioctl.part.0>
100063dc:	4641      	mov	r1, r8
100063de:	2213      	movs	r2, #19
100063e0:	3138      	adds	r1, #56	@ 0x38
100063e2:	0030      	movs	r0, r6
100063e4:	f7fb ff26 	bl	10002234 <__wrap___aeabi_memcpy>
100063e8:	8a23      	ldrh	r3, [r4, #16]
100063ea:	2283      	movs	r2, #131	@ 0x83
100063ec:	3301      	adds	r3, #1
100063ee:	b29b      	uxth	r3, r3
100063f0:	8223      	strh	r3, [r4, #16]
100063f2:	041b      	lsls	r3, r3, #16
100063f4:	63e3      	str	r3, [r4, #60]	@ 0x3c
100063f6:	2300      	movs	r3, #0
100063f8:	0052      	lsls	r2, r2, #1
100063fa:	6362      	str	r2, [r4, #52]	@ 0x34
100063fc:	4692      	mov	sl, r2
100063fe:	3af3      	subs	r2, #243	@ 0xf3
10006400:	0031      	movs	r1, r6
10006402:	63a2      	str	r2, [r4, #56]	@ 0x38
10006404:	6423      	str	r3, [r4, #64]	@ 0x40
10006406:	0030      	movs	r0, r6
10006408:	f001 faa8 	bl	1000795c <memmove>
1000640c:	464b      	mov	r3, r9
1000640e:	2223      	movs	r2, #35	@ 0x23
10006410:	2100      	movs	r1, #0
10006412:	0020      	movs	r0, r4
10006414:	f7fe ff6a 	bl	100052ec <cyw43_sdpcm_send_common>
10006418:	2800      	cmp	r0, #0
1000641a:	d106      	bne.n	1000642a <cyw43_ll_bus_init+0x5ce>
1000641c:	2313      	movs	r3, #19
1000641e:	4652      	mov	r2, sl
10006420:	2100      	movs	r1, #0
10006422:	0020      	movs	r0, r4
10006424:	9600      	str	r6, [sp, #0]
10006426:	f7fe ffdf 	bl	100053e8 <cyw43_do_ioctl.part.0>
1000642a:	6c63      	ldr	r3, [r4, #68]	@ 0x44
1000642c:	2b00      	cmp	r3, #0
1000642e:	d000      	beq.n	10006432 <cyw43_ll_bus_init+0x5d6>
10006430:	e119      	b.n	10006666 <cyw43_ll_bus_init+0x80a>
10006432:	2200      	movs	r2, #0
10006434:	0020      	movs	r0, r4
10006436:	4951      	ldr	r1, [pc, #324]	@ (1000657c <cyw43_ll_bus_init+0x720>)
10006438:	f7ff f8a0 	bl	1000557c <cyw43_write_iovar_u32.constprop.0>
1000643c:	2201      	movs	r2, #1
1000643e:	0020      	movs	r0, r4
10006440:	494f      	ldr	r1, [pc, #316]	@ (10006580 <cyw43_ll_bus_init+0x724>)
10006442:	f7ff f89b 	bl	1000557c <cyw43_write_iovar_u32.constprop.0>
10006446:	2f00      	cmp	r7, #0
10006448:	d100      	bne.n	1000644c <cyw43_ll_bus_init+0x5f0>
1000644a:	e120      	b.n	1000668e <cyw43_ll_bus_init+0x832>
1000644c:	2300      	movs	r3, #0
1000644e:	2206      	movs	r2, #6
10006450:	9300      	str	r3, [sp, #0]
10006452:	0020      	movs	r0, r4
10006454:	003b      	movs	r3, r7
10006456:	494b      	ldr	r1, [pc, #300]	@ (10006584 <cyw43_ll_bus_init+0x728>)
10006458:	f7ff f8e0 	bl	1000561c <cyw43_write_iovar_n>
1000645c:	e526      	b.n	10005eac <cyw43_ll_bus_init+0x50>
1000645e:	484a      	ldr	r0, [pc, #296]	@ (10006588 <cyw43_ll_bus_init+0x72c>)
10006460:	f7fd fb84 	bl	10003b6c <__wrap_puts>
10006464:	e520      	b.n	10005ea8 <cyw43_ll_bus_init+0x4c>
10006466:	23c0      	movs	r3, #192	@ 0xc0
10006468:	4a48      	ldr	r2, [pc, #288]	@ (1000658c <cyw43_ll_bus_init+0x730>)
1000646a:	015b      	lsls	r3, r3, #5
1000646c:	2101      	movs	r1, #1
1000646e:	0020      	movs	r0, r4
10006470:	f7fe fb60 	bl	10004b34 <cyw43_write_reg_u8>
10006474:	23c0      	movs	r3, #192	@ 0xc0
10006476:	68a2      	ldr	r2, [r4, #8]
10006478:	055b      	lsls	r3, r3, #21
1000647a:	4053      	eors	r3, r2
1000647c:	e606      	b.n	1000608c <cyw43_ll_bus_init+0x230>
1000647e:	2318      	movs	r3, #24
10006480:	2101      	movs	r1, #1
10006482:	0020      	movs	r0, r4
10006484:	4a42      	ldr	r2, [pc, #264]	@ (10006590 <cyw43_ll_bus_init+0x734>)
10006486:	f7fe fb55 	bl	10004b34 <cyw43_write_reg_u8>
1000648a:	68a3      	ldr	r3, [r4, #8]
1000648c:	406b      	eors	r3, r5
1000648e:	e5f8      	b.n	10006082 <cyw43_ll_bus_init+0x226>
10006490:	23c0      	movs	r3, #192	@ 0xc0
10006492:	2101      	movs	r1, #1
10006494:	0020      	movs	r0, r4
10006496:	4a3f      	ldr	r2, [pc, #252]	@ (10006594 <cyw43_ll_bus_init+0x738>)
10006498:	035b      	lsls	r3, r3, #13
1000649a:	f7fe fb4b 	bl	10004b34 <cyw43_write_reg_u8>
1000649e:	e618      	b.n	100060d2 <cyw43_ll_bus_init+0x276>
100064a0:	23c0      	movs	r3, #192	@ 0xc0
100064a2:	4a3a      	ldr	r2, [pc, #232]	@ (1000658c <cyw43_ll_bus_init+0x730>)
100064a4:	015b      	lsls	r3, r3, #5
100064a6:	2101      	movs	r1, #1
100064a8:	0020      	movs	r0, r4
100064aa:	f7fe fb43 	bl	10004b34 <cyw43_write_reg_u8>
100064ae:	23c0      	movs	r3, #192	@ 0xc0
100064b0:	68a2      	ldr	r2, [r4, #8]
100064b2:	055b      	lsls	r3, r3, #21
100064b4:	4053      	eors	r3, r2
100064b6:	e607      	b.n	100060c8 <cyw43_ll_bus_init+0x26c>
100064b8:	2318      	movs	r3, #24
100064ba:	2101      	movs	r1, #1
100064bc:	0020      	movs	r0, r4
100064be:	4a34      	ldr	r2, [pc, #208]	@ (10006590 <cyw43_ll_bus_init+0x734>)
100064c0:	f7fe fb38 	bl	10004b34 <cyw43_write_reg_u8>
100064c4:	68a3      	ldr	r3, [r4, #8]
100064c6:	406b      	eors	r3, r5
100064c8:	e5f9      	b.n	100060be <cyw43_ll_bus_init+0x262>
100064ca:	23c0      	movs	r3, #192	@ 0xc0
100064cc:	2101      	movs	r1, #1
100064ce:	0020      	movs	r0, r4
100064d0:	4a30      	ldr	r2, [pc, #192]	@ (10006594 <cyw43_ll_bus_init+0x738>)
100064d2:	035b      	lsls	r3, r3, #13
100064d4:	f7fe fb2e 	bl	10004b34 <cyw43_write_reg_u8>
100064d8:	e5dd      	b.n	10006096 <cyw43_ll_bus_init+0x23a>
100064da:	23c0      	movs	r3, #192	@ 0xc0
100064dc:	4a2b      	ldr	r2, [pc, #172]	@ (1000658c <cyw43_ll_bus_init+0x730>)
100064de:	015b      	lsls	r3, r3, #5
100064e0:	2101      	movs	r1, #1
100064e2:	0020      	movs	r0, r4
100064e4:	f7fe fb26 	bl	10004b34 <cyw43_write_reg_u8>
100064e8:	23c0      	movs	r3, #192	@ 0xc0
100064ea:	68a2      	ldr	r2, [r4, #8]
100064ec:	055b      	lsls	r3, r3, #21
100064ee:	4053      	eors	r3, r2
100064f0:	e608      	b.n	10006104 <cyw43_ll_bus_init+0x2a8>
100064f2:	2318      	movs	r3, #24
100064f4:	2101      	movs	r1, #1
100064f6:	0020      	movs	r0, r4
100064f8:	4a25      	ldr	r2, [pc, #148]	@ (10006590 <cyw43_ll_bus_init+0x734>)
100064fa:	f7fe fb1b 	bl	10004b34 <cyw43_write_reg_u8>
100064fe:	68a3      	ldr	r3, [r4, #8]
10006500:	406b      	eors	r3, r5
10006502:	e5fa      	b.n	100060fa <cyw43_ll_bus_init+0x29e>
10006504:	23c0      	movs	r3, #192	@ 0xc0
10006506:	2101      	movs	r1, #1
10006508:	0020      	movs	r0, r4
1000650a:	4a22      	ldr	r2, [pc, #136]	@ (10006594 <cyw43_ll_bus_init+0x738>)
1000650c:	035b      	lsls	r3, r3, #13
1000650e:	f7fe fb11 	bl	10004b34 <cyw43_write_reg_u8>
10006512:	e5fc      	b.n	1000610e <cyw43_ll_bus_init+0x2b2>
10006514:	2318      	movs	r3, #24
10006516:	2101      	movs	r1, #1
10006518:	0020      	movs	r0, r4
1000651a:	4a1d      	ldr	r2, [pc, #116]	@ (10006590 <cyw43_ll_bus_init+0x734>)
1000651c:	f7fe fb0a 	bl	10004b34 <cyw43_write_reg_u8>
10006520:	68a3      	ldr	r3, [r4, #8]
10006522:	406b      	eors	r3, r5
10006524:	e56b      	b.n	10005ffe <cyw43_ll_bus_init+0x1a2>
10006526:	23c0      	movs	r3, #192	@ 0xc0
10006528:	2101      	movs	r1, #1
1000652a:	0020      	movs	r0, r4
1000652c:	4a19      	ldr	r2, [pc, #100]	@ (10006594 <cyw43_ll_bus_init+0x738>)
1000652e:	035b      	lsls	r3, r3, #13
10006530:	f7fe fb00 	bl	10004b34 <cyw43_write_reg_u8>
10006534:	e548      	b.n	10005fc8 <cyw43_ll_bus_init+0x16c>
10006536:	46c0      	nop			@ (mov r8, r8)
10006538:	00036bc0 	.word	0x00036bc0
1000653c:	1003f12c 	.word	0x1003f12c
10006540:	0007fd14 	.word	0x0007fd14
10006544:	ff4500ba 	.word	0xff4500ba
10006548:	0007fffc 	.word	0x0007fffc
1000654c:	18103408 	.word	0x18103408
10006550:	100080e0 	.word	0x100080e0
10006554:	18103800 	.word	0x18103800
10006558:	0001000e 	.word	0x0001000e
1000655c:	18002024 	.word	0x18002024
10006560:	00010008 	.word	0x00010008
10006564:	0001001e 	.word	0x0001001e
10006568:	0001001f 	.word	0x0001001f
1000656c:	0001000f 	.word	0x0001000f
10006570:	00008508 	.word	0x00008508
10006574:	1003f414 	.word	0x1003f414
10006578:	00021006 	.word	0x00021006
1000657c:	1000800c 	.word	0x1000800c
10006580:	10008018 	.word	0x10008018
10006584:	1000813c 	.word	0x1000813c
10006588:	1000808c 	.word	0x1000808c
1000658c:	0001000b 	.word	0x0001000b
10006590:	0001000c 	.word	0x0001000c
10006594:	0001000a 	.word	0x0001000a
10006598:	23c0      	movs	r3, #192	@ 0xc0
1000659a:	4a73      	ldr	r2, [pc, #460]	@ (10006768 <cyw43_ll_bus_init+0x90c>)
1000659c:	015b      	lsls	r3, r3, #5
1000659e:	2101      	movs	r1, #1
100065a0:	0020      	movs	r0, r4
100065a2:	f7fe fac7 	bl	10004b34 <cyw43_write_reg_u8>
100065a6:	23c0      	movs	r3, #192	@ 0xc0
100065a8:	68a2      	ldr	r2, [r4, #8]
100065aa:	055b      	lsls	r3, r3, #21
100065ac:	4053      	eors	r3, r2
100065ae:	e506      	b.n	10005fbe <cyw43_ll_bus_init+0x162>
100065b0:	2318      	movs	r3, #24
100065b2:	2101      	movs	r1, #1
100065b4:	0020      	movs	r0, r4
100065b6:	4a6d      	ldr	r2, [pc, #436]	@ (1000676c <cyw43_ll_bus_init+0x910>)
100065b8:	f7fe fabc 	bl	10004b34 <cyw43_write_reg_u8>
100065bc:	68a3      	ldr	r3, [r4, #8]
100065be:	4073      	eors	r3, r6
100065c0:	e4f8      	b.n	10005fb4 <cyw43_ll_bus_init+0x158>
100065c2:	23c0      	movs	r3, #192	@ 0xc0
100065c4:	2101      	movs	r1, #1
100065c6:	0020      	movs	r0, r4
100065c8:	4a69      	ldr	r2, [pc, #420]	@ (10006770 <cyw43_ll_bus_init+0x914>)
100065ca:	035b      	lsls	r3, r3, #13
100065cc:	f7fe fab2 	bl	10004b34 <cyw43_write_reg_u8>
100065d0:	e4d7      	b.n	10005f82 <cyw43_ll_bus_init+0x126>
100065d2:	23c0      	movs	r3, #192	@ 0xc0
100065d4:	4a64      	ldr	r2, [pc, #400]	@ (10006768 <cyw43_ll_bus_init+0x90c>)
100065d6:	015b      	lsls	r3, r3, #5
100065d8:	2101      	movs	r1, #1
100065da:	0020      	movs	r0, r4
100065dc:	f7fe faaa 	bl	10004b34 <cyw43_write_reg_u8>
100065e0:	23c0      	movs	r3, #192	@ 0xc0
100065e2:	68a2      	ldr	r2, [r4, #8]
100065e4:	055b      	lsls	r3, r3, #21
100065e6:	4053      	eors	r3, r2
100065e8:	e4c6      	b.n	10005f78 <cyw43_ll_bus_init+0x11c>
100065ea:	2318      	movs	r3, #24
100065ec:	2101      	movs	r1, #1
100065ee:	0020      	movs	r0, r4
100065f0:	4a5e      	ldr	r2, [pc, #376]	@ (1000676c <cyw43_ll_bus_init+0x910>)
100065f2:	f7fe fa9f 	bl	10004b34 <cyw43_write_reg_u8>
100065f6:	68a3      	ldr	r3, [r4, #8]
100065f8:	406b      	eors	r3, r5
100065fa:	e4b8      	b.n	10005f6e <cyw43_ll_bus_init+0x112>
100065fc:	23c0      	movs	r3, #192	@ 0xc0
100065fe:	4a5a      	ldr	r2, [pc, #360]	@ (10006768 <cyw43_ll_bus_init+0x90c>)
10006600:	015b      	lsls	r3, r3, #5
10006602:	2101      	movs	r1, #1
10006604:	0020      	movs	r0, r4
10006606:	f7fe fa95 	bl	10004b34 <cyw43_write_reg_u8>
1000660a:	23c0      	movs	r3, #192	@ 0xc0
1000660c:	68a2      	ldr	r2, [r4, #8]
1000660e:	055b      	lsls	r3, r3, #21
10006610:	4053      	eors	r3, r2
10006612:	e51c      	b.n	1000604e <cyw43_ll_bus_init+0x1f2>
10006614:	2318      	movs	r3, #24
10006616:	2101      	movs	r1, #1
10006618:	0020      	movs	r0, r4
1000661a:	4a54      	ldr	r2, [pc, #336]	@ (1000676c <cyw43_ll_bus_init+0x910>)
1000661c:	f7fe fa8a 	bl	10004b34 <cyw43_write_reg_u8>
10006620:	68a3      	ldr	r3, [r4, #8]
10006622:	4073      	eors	r3, r6
10006624:	e50e      	b.n	10006044 <cyw43_ll_bus_init+0x1e8>
10006626:	23c0      	movs	r3, #192	@ 0xc0
10006628:	2101      	movs	r1, #1
1000662a:	0020      	movs	r0, r4
1000662c:	4a50      	ldr	r2, [pc, #320]	@ (10006770 <cyw43_ll_bus_init+0x914>)
1000662e:	035b      	lsls	r3, r3, #13
10006630:	f7fe fa80 	bl	10004b34 <cyw43_write_reg_u8>
10006634:	e4ed      	b.n	10006012 <cyw43_ll_bus_init+0x1b6>
10006636:	23c0      	movs	r3, #192	@ 0xc0
10006638:	4a4b      	ldr	r2, [pc, #300]	@ (10006768 <cyw43_ll_bus_init+0x90c>)
1000663a:	015b      	lsls	r3, r3, #5
1000663c:	2101      	movs	r1, #1
1000663e:	0020      	movs	r0, r4
10006640:	f7fe fa78 	bl	10004b34 <cyw43_write_reg_u8>
10006644:	23c0      	movs	r3, #192	@ 0xc0
10006646:	68a2      	ldr	r2, [r4, #8]
10006648:	055b      	lsls	r3, r3, #21
1000664a:	4053      	eors	r3, r2
1000664c:	e4dc      	b.n	10006008 <cyw43_ll_bus_init+0x1ac>
1000664e:	23c0      	movs	r3, #192	@ 0xc0
10006650:	2101      	movs	r1, #1
10006652:	0020      	movs	r0, r4
10006654:	4a46      	ldr	r2, [pc, #280]	@ (10006770 <cyw43_ll_bus_init+0x914>)
10006656:	035b      	lsls	r3, r3, #13
10006658:	f7fe fa6c 	bl	10004b34 <cyw43_write_reg_u8>
1000665c:	e4fc      	b.n	10006058 <cyw43_ll_bus_init+0x1fc>
1000665e:	4845      	ldr	r0, [pc, #276]	@ (10006774 <cyw43_ll_bus_init+0x918>)
10006660:	f7fd fa84 	bl	10003b6c <__wrap_puts>
10006664:	e5c8      	b.n	100061f8 <cyw43_ll_bus_init+0x39c>
10006666:	4844      	ldr	r0, [pc, #272]	@ (10006778 <cyw43_ll_bus_init+0x91c>)
10006668:	f7fd fa80 	bl	10003b6c <__wrap_puts>
1000666c:	e6e1      	b.n	10006432 <cyw43_ll_bus_init+0x5d6>
1000666e:	2301      	movs	r3, #1
10006670:	b2c0      	uxtb	r0, r0
10006672:	4303      	orrs	r3, r0
10006674:	2101      	movs	r1, #1
10006676:	0020      	movs	r0, r4
10006678:	4a40      	ldr	r2, [pc, #256]	@ (1000677c <cyw43_ll_bus_init+0x920>)
1000667a:	f7fe fa5b 	bl	10004b34 <cyw43_write_reg_u8>
1000667e:	e610      	b.n	100062a2 <cyw43_ll_bus_init+0x446>
10006680:	b283      	uxth	r3, r0
10006682:	2204      	movs	r2, #4
10006684:	2100      	movs	r1, #0
10006686:	0020      	movs	r0, r4
10006688:	f7fe f94a 	bl	10004920 <cyw43_write_reg_u16>
1000668c:	e622      	b.n	100062d4 <cyw43_ll_bus_init+0x478>
1000668e:	4642      	mov	r2, r8
10006690:	4643      	mov	r3, r8
10006692:	6cd2      	ldr	r2, [r2, #76]	@ 0x4c
10006694:	334c      	adds	r3, #76	@ 0x4c
10006696:	9204      	str	r2, [sp, #16]
10006698:	889b      	ldrh	r3, [r3, #4]
1000669a:	ae04      	add	r6, sp, #16
1000669c:	af02      	add	r7, sp, #8
1000669e:	0039      	movs	r1, r7
100066a0:	0020      	movs	r0, r4
100066a2:	80b3      	strh	r3, [r6, #4]
100066a4:	f7ff fb9c 	bl	10005de0 <cyw43_ll_wifi_get_mac>
100066a8:	2800      	cmp	r0, #0
100066aa:	d10b      	bne.n	100066c4 <cyw43_ll_bus_init+0x868>
100066ac:	9a02      	ldr	r2, [sp, #8]
100066ae:	9b04      	ldr	r3, [sp, #16]
100066b0:	429a      	cmp	r2, r3
100066b2:	d001      	beq.n	100066b8 <cyw43_ll_bus_init+0x85c>
100066b4:	f7ff fbfa 	bl	10005eac <cyw43_ll_bus_init+0x50>
100066b8:	88ba      	ldrh	r2, [r7, #4]
100066ba:	88b3      	ldrh	r3, [r6, #4]
100066bc:	429a      	cmp	r2, r3
100066be:	d001      	beq.n	100066c4 <cyw43_ll_bus_init+0x868>
100066c0:	f7ff fbf4 	bl	10005eac <cyw43_ll_bus_init+0x50>
100066c4:	0039      	movs	r1, r7
100066c6:	2000      	movs	r0, #0
100066c8:	f000 fe14 	bl	100072f4 <cyw43_hal_generate_laa_mac>
100066cc:	e6be      	b.n	1000644c <cyw43_ll_bus_init+0x5f0>
100066ce:	23c0      	movs	r3, #192	@ 0xc0
100066d0:	4a25      	ldr	r2, [pc, #148]	@ (10006768 <cyw43_ll_bus_init+0x90c>)
100066d2:	015b      	lsls	r3, r3, #5
100066d4:	2101      	movs	r1, #1
100066d6:	0020      	movs	r0, r4
100066d8:	f7fe fa2c 	bl	10004b34 <cyw43_write_reg_u8>
100066dc:	23c0      	movs	r3, #192	@ 0xc0
100066de:	68a2      	ldr	r2, [r4, #8]
100066e0:	055b      	lsls	r3, r3, #21
100066e2:	4053      	eors	r3, r2
100066e4:	e623      	b.n	1000632e <cyw43_ll_bus_init+0x4d2>
100066e6:	2318      	movs	r3, #24
100066e8:	2101      	movs	r1, #1
100066ea:	0020      	movs	r0, r4
100066ec:	4a1f      	ldr	r2, [pc, #124]	@ (1000676c <cyw43_ll_bus_init+0x910>)
100066ee:	f7fe fa21 	bl	10004b34 <cyw43_write_reg_u8>
100066f2:	68a3      	ldr	r3, [r4, #8]
100066f4:	4073      	eors	r3, r6
100066f6:	e615      	b.n	10006324 <cyw43_ll_bus_init+0x4c8>
100066f8:	23c0      	movs	r3, #192	@ 0xc0
100066fa:	2101      	movs	r1, #1
100066fc:	0020      	movs	r0, r4
100066fe:	4a1c      	ldr	r2, [pc, #112]	@ (10006770 <cyw43_ll_bus_init+0x914>)
10006700:	035b      	lsls	r3, r3, #13
10006702:	f7fe fa17 	bl	10004b34 <cyw43_write_reg_u8>
10006706:	e617      	b.n	10006338 <cyw43_ll_bus_init+0x4dc>
10006708:	23c0      	movs	r3, #192	@ 0xc0
1000670a:	2101      	movs	r1, #1
1000670c:	0020      	movs	r0, r4
1000670e:	4a18      	ldr	r2, [pc, #96]	@ (10006770 <cyw43_ll_bus_init+0x914>)
10006710:	035b      	lsls	r3, r3, #13
10006712:	f7fe fa0f 	bl	10004b34 <cyw43_write_reg_u8>
10006716:	e5f2      	b.n	100062fe <cyw43_ll_bus_init+0x4a2>
10006718:	23c0      	movs	r3, #192	@ 0xc0
1000671a:	4a13      	ldr	r2, [pc, #76]	@ (10006768 <cyw43_ll_bus_init+0x90c>)
1000671c:	015b      	lsls	r3, r3, #5
1000671e:	2101      	movs	r1, #1
10006720:	0020      	movs	r0, r4
10006722:	f7fe fa07 	bl	10004b34 <cyw43_write_reg_u8>
10006726:	23c0      	movs	r3, #192	@ 0xc0
10006728:	68a2      	ldr	r2, [r4, #8]
1000672a:	055b      	lsls	r3, r3, #21
1000672c:	4053      	eors	r3, r2
1000672e:	e5e1      	b.n	100062f4 <cyw43_ll_bus_init+0x498>
10006730:	2318      	movs	r3, #24
10006732:	2101      	movs	r1, #1
10006734:	0020      	movs	r0, r4
10006736:	4a0d      	ldr	r2, [pc, #52]	@ (1000676c <cyw43_ll_bus_init+0x910>)
10006738:	f7fe f9fc 	bl	10004b34 <cyw43_write_reg_u8>
1000673c:	68a3      	ldr	r3, [r4, #8]
1000673e:	4073      	eors	r3, r6
10006740:	e5d3      	b.n	100062ea <cyw43_ll_bus_init+0x48e>
10006742:	480f      	ldr	r0, [pc, #60]	@ (10006780 <cyw43_ll_bus_init+0x924>)
10006744:	f7fd fa12 	bl	10003b6c <__wrap_puts>
10006748:	f7ff fbae 	bl	10005ea8 <cyw43_ll_bus_init+0x4c>
1000674c:	480d      	ldr	r0, [pc, #52]	@ (10006784 <cyw43_ll_bus_init+0x928>)
1000674e:	f7fd fa0d 	bl	10003b6c <__wrap_puts>
10006752:	f7ff fba9 	bl	10005ea8 <cyw43_ll_bus_init+0x4c>
10006756:	480c      	ldr	r0, [pc, #48]	@ (10006788 <cyw43_ll_bus_init+0x92c>)
10006758:	f7fd fa08 	bl	10003b6c <__wrap_puts>
1000675c:	e43a      	b.n	10005fd4 <cyw43_ll_bus_init+0x178>
1000675e:	480a      	ldr	r0, [pc, #40]	@ (10006788 <cyw43_ll_bus_init+0x92c>)
10006760:	f7fd fa04 	bl	10003b6c <__wrap_puts>
10006764:	e47e      	b.n	10006064 <cyw43_ll_bus_init+0x208>
10006766:	46c0      	nop			@ (mov r8, r8)
10006768:	0001000b 	.word	0x0001000b
1000676c:	0001000c 	.word	0x0001000c
10006770:	0001000a 	.word	0x0001000a
10006774:	100080e0 	.word	0x100080e0
10006778:	10008124 	.word	0x10008124
1000677c:	0001001f 	.word	0x0001001f
10006780:	100080f4 	.word	0x100080f4
10006784:	1000810c 	.word	0x1000810c
10006788:	10007ff0 	.word	0x10007ff0

1000678c <cyw43_ll_wifi_set_wpa_auth>:
1000678c:	2204      	movs	r2, #4
1000678e:	b530      	push	{r4, r5, lr}
10006790:	8a03      	ldrh	r3, [r0, #16]
10006792:	6442      	str	r2, [r0, #68]	@ 0x44
10006794:	3301      	adds	r3, #1
10006796:	b29b      	uxth	r3, r3
10006798:	8203      	strh	r3, [r0, #16]
1000679a:	6382      	str	r2, [r0, #56]	@ 0x38
1000679c:	041b      	lsls	r3, r3, #16
1000679e:	3a02      	subs	r2, #2
100067a0:	4313      	orrs	r3, r2
100067a2:	0005      	movs	r5, r0
100067a4:	63c3      	str	r3, [r0, #60]	@ 0x3c
100067a6:	21a5      	movs	r1, #165	@ 0xa5
100067a8:	2300      	movs	r3, #0
100067aa:	0004      	movs	r4, r0
100067ac:	3544      	adds	r5, #68	@ 0x44
100067ae:	6341      	str	r1, [r0, #52]	@ 0x34
100067b0:	6403      	str	r3, [r0, #64]	@ 0x40
100067b2:	0029      	movs	r1, r5
100067b4:	b083      	sub	sp, #12
100067b6:	3202      	adds	r2, #2
100067b8:	0028      	movs	r0, r5
100067ba:	f001 f8cf 	bl	1000795c <memmove>
100067be:	0023      	movs	r3, r4
100067c0:	2214      	movs	r2, #20
100067c2:	2100      	movs	r1, #0
100067c4:	0020      	movs	r0, r4
100067c6:	3328      	adds	r3, #40	@ 0x28
100067c8:	f7fe fd90 	bl	100052ec <cyw43_sdpcm_send_common>
100067cc:	2800      	cmp	r0, #0
100067ce:	d106      	bne.n	100067de <cyw43_ll_wifi_set_wpa_auth+0x52>
100067d0:	2304      	movs	r3, #4
100067d2:	22a5      	movs	r2, #165	@ 0xa5
100067d4:	2102      	movs	r1, #2
100067d6:	0020      	movs	r0, r4
100067d8:	9500      	str	r5, [sp, #0]
100067da:	f7fe fe05 	bl	100053e8 <cyw43_do_ioctl.part.0>
100067de:	b003      	add	sp, #12
100067e0:	bd30      	pop	{r4, r5, pc}
100067e2:	46c0      	nop			@ (mov r8, r8)

100067e4 <cyw43_ll_wifi_rejoin>:
100067e4:	221a      	movs	r2, #26
100067e6:	b530      	push	{r4, r5, lr}
100067e8:	4b13      	ldr	r3, [pc, #76]	@ (10006838 <cyw43_ll_wifi_rejoin+0x54>)
100067ea:	6342      	str	r2, [r0, #52]	@ 0x34
100067ec:	18c5      	adds	r5, r0, r3
100067ee:	8a03      	ldrh	r3, [r0, #16]
100067f0:	320a      	adds	r2, #10
100067f2:	3301      	adds	r3, #1
100067f4:	b29b      	uxth	r3, r3
100067f6:	8203      	strh	r3, [r0, #16]
100067f8:	6382      	str	r2, [r0, #56]	@ 0x38
100067fa:	041b      	lsls	r3, r3, #16
100067fc:	3a22      	subs	r2, #34	@ 0x22
100067fe:	4313      	orrs	r3, r2
10006800:	63c3      	str	r3, [r0, #60]	@ 0x3c
10006802:	2300      	movs	r3, #0
10006804:	0004      	movs	r4, r0
10006806:	6403      	str	r3, [r0, #64]	@ 0x40
10006808:	0029      	movs	r1, r5
1000680a:	b083      	sub	sp, #12
1000680c:	3222      	adds	r2, #34	@ 0x22
1000680e:	3044      	adds	r0, #68	@ 0x44
10006810:	f7fb fd10 	bl	10002234 <__wrap___aeabi_memcpy>
10006814:	0023      	movs	r3, r4
10006816:	2234      	movs	r2, #52	@ 0x34
10006818:	2100      	movs	r1, #0
1000681a:	0020      	movs	r0, r4
1000681c:	3328      	adds	r3, #40	@ 0x28
1000681e:	f7fe fd65 	bl	100052ec <cyw43_sdpcm_send_common>
10006822:	2800      	cmp	r0, #0
10006824:	d106      	bne.n	10006834 <cyw43_ll_wifi_rejoin+0x50>
10006826:	2324      	movs	r3, #36	@ 0x24
10006828:	221a      	movs	r2, #26
1000682a:	2102      	movs	r1, #2
1000682c:	0020      	movs	r0, r4
1000682e:	9500      	str	r5, [sp, #0]
10006830:	f7fe fdda 	bl	100053e8 <cyw43_do_ioctl.part.0>
10006834:	b003      	add	sp, #12
10006836:	bd30      	pop	{r4, r5, pc}
10006838:	00000828 	.word	0x00000828

1000683c <cyw43_ll_gpio_set>:
1000683c:	b5f0      	push	{r4, r5, r6, r7, lr}
1000683e:	0004      	movs	r4, r0
10006840:	b083      	sub	sp, #12
10006842:	2902      	cmp	r1, #2
10006844:	d846      	bhi.n	100068d4 <cyw43_ll_gpio_set+0x98>
10006846:	2301      	movs	r3, #1
10006848:	408b      	lsls	r3, r1
1000684a:	2a00      	cmp	r2, #0
1000684c:	d13f      	bne.n	100068ce <cyw43_ll_gpio_set+0x92>
1000684e:	2700      	movs	r7, #0
10006850:	b2de      	uxtb	r6, r3
10006852:	0025      	movs	r5, r4
10006854:	3544      	adds	r5, #68	@ 0x44
10006856:	2208      	movs	r2, #8
10006858:	4920      	ldr	r1, [pc, #128]	@ (100068dc <cyw43_ll_gpio_set+0xa0>)
1000685a:	0028      	movs	r0, r5
1000685c:	f7fb fcea 	bl	10002234 <__wrap___aeabi_memcpy>
10006860:	234c      	movs	r3, #76	@ 0x4c
10006862:	2200      	movs	r2, #0
10006864:	2110      	movs	r1, #16
10006866:	54e6      	strb	r6, [r4, r3]
10006868:	2608      	movs	r6, #8
1000686a:	3301      	adds	r3, #1
1000686c:	54e2      	strb	r2, [r4, r3]
1000686e:	3301      	adds	r3, #1
10006870:	54e2      	strb	r2, [r4, r3]
10006872:	3301      	adds	r3, #1
10006874:	54e2      	strb	r2, [r4, r3]
10006876:	3301      	adds	r3, #1
10006878:	54e7      	strb	r7, [r4, r3]
1000687a:	3301      	adds	r3, #1
1000687c:	54e2      	strb	r2, [r4, r3]
1000687e:	3301      	adds	r3, #1
10006880:	54e2      	strb	r2, [r4, r3]
10006882:	3301      	adds	r3, #1
10006884:	54e2      	strb	r2, [r4, r3]
10006886:	8a23      	ldrh	r3, [r4, #16]
10006888:	63a1      	str	r1, [r4, #56]	@ 0x38
1000688a:	3301      	adds	r3, #1
1000688c:	b29b      	uxth	r3, r3
1000688e:	8223      	strh	r3, [r4, #16]
10006890:	390e      	subs	r1, #14
10006892:	041b      	lsls	r3, r3, #16
10006894:	430b      	orrs	r3, r1
10006896:	36ff      	adds	r6, #255	@ 0xff
10006898:	0029      	movs	r1, r5
1000689a:	63e3      	str	r3, [r4, #60]	@ 0x3c
1000689c:	6422      	str	r2, [r4, #64]	@ 0x40
1000689e:	0028      	movs	r0, r5
100068a0:	3210      	adds	r2, #16
100068a2:	6366      	str	r6, [r4, #52]	@ 0x34
100068a4:	f001 f85a 	bl	1000795c <memmove>
100068a8:	0023      	movs	r3, r4
100068aa:	2220      	movs	r2, #32
100068ac:	2100      	movs	r1, #0
100068ae:	0020      	movs	r0, r4
100068b0:	3328      	adds	r3, #40	@ 0x28
100068b2:	f7fe fd1b 	bl	100052ec <cyw43_sdpcm_send_common>
100068b6:	2800      	cmp	r0, #0
100068b8:	d106      	bne.n	100068c8 <cyw43_ll_gpio_set+0x8c>
100068ba:	2310      	movs	r3, #16
100068bc:	0032      	movs	r2, r6
100068be:	2102      	movs	r1, #2
100068c0:	0020      	movs	r0, r4
100068c2:	9500      	str	r5, [sp, #0]
100068c4:	f7fe fd90 	bl	100053e8 <cyw43_do_ioctl.part.0>
100068c8:	2000      	movs	r0, #0
100068ca:	b003      	add	sp, #12
100068cc:	bdf0      	pop	{r4, r5, r6, r7, pc}
100068ce:	b2df      	uxtb	r7, r3
100068d0:	003e      	movs	r6, r7
100068d2:	e7be      	b.n	10006852 <cyw43_ll_gpio_set+0x16>
100068d4:	2001      	movs	r0, #1
100068d6:	4240      	negs	r0, r0
100068d8:	e7f7      	b.n	100068ca <cyw43_ll_gpio_set+0x8e>
100068da:	46c0      	nop			@ (mov r8, r8)
100068dc:	1000814c 	.word	0x1000814c

100068e0 <cyw43_ll_has_work>:
100068e0:	b510      	push	{r4, lr}
100068e2:	6800      	ldr	r0, [r0, #0]
100068e4:	f000 f8e4 	bl	10006ab0 <cyw43_cb_read_host_interrupt_pin>
100068e8:	3801      	subs	r0, #1
100068ea:	4243      	negs	r3, r0
100068ec:	4158      	adcs	r0, r3
100068ee:	b2c0      	uxtb	r0, r0
100068f0:	bd10      	pop	{r4, pc}
100068f2:	46c0      	nop			@ (mov r8, r8)

100068f4 <cyw43_poll_func>:
100068f4:	b510      	push	{r4, lr}
100068f6:	4b28      	ldr	r3, [pc, #160]	@ (10006998 <cyw43_poll_func+0xa4>)
100068f8:	b082      	sub	sp, #8
100068fa:	681b      	ldr	r3, [r3, #0]
100068fc:	2b00      	cmp	r3, #0
100068fe:	d017      	beq.n	10006930 <cyw43_poll_func+0x3c>
10006900:	4c26      	ldr	r4, [pc, #152]	@ (1000699c <cyw43_poll_func+0xa8>)
10006902:	0020      	movs	r0, r4
10006904:	f7ff ffec 	bl	100068e0 <cyw43_ll_has_work>
10006908:	2800      	cmp	r0, #0
1000690a:	d13c      	bne.n	10006986 <cyw43_poll_func+0x92>
1000690c:	4b24      	ldr	r3, [pc, #144]	@ (100069a0 <cyw43_poll_func+0xac>)
1000690e:	5ce2      	ldrb	r2, [r4, r3]
10006910:	2a00      	cmp	r2, #0
10006912:	d12b      	bne.n	1000696c <cyw43_poll_func+0x78>
10006914:	4b23      	ldr	r3, [pc, #140]	@ (100069a4 <cyw43_poll_func+0xb0>)
10006916:	5ce2      	ldrb	r2, [r4, r3]
10006918:	2a00      	cmp	r2, #0
1000691a:	d11d      	bne.n	10006958 <cyw43_poll_func+0x64>
1000691c:	4b22      	ldr	r3, [pc, #136]	@ (100069a8 <cyw43_poll_func+0xb4>)
1000691e:	5ce2      	ldrb	r2, [r4, r3]
10006920:	2a00      	cmp	r2, #0
10006922:	d10c      	bne.n	1000693e <cyw43_poll_func+0x4a>
10006924:	4b21      	ldr	r3, [pc, #132]	@ (100069ac <cyw43_poll_func+0xb8>)
10006926:	681b      	ldr	r3, [r3, #0]
10006928:	2b00      	cmp	r3, #0
1000692a:	d003      	beq.n	10006934 <cyw43_poll_func+0x40>
1000692c:	f000 fc8c 	bl	10007248 <cyw43_post_poll_hook>
10006930:	b002      	add	sp, #8
10006932:	bd10      	pop	{r4, pc}
10006934:	2101      	movs	r1, #1
10006936:	0020      	movs	r0, r4
10006938:	f7ff fa38 	bl	10005dac <cyw43_ll_bus_sleep>
1000693c:	e7f6      	b.n	1000692c <cyw43_poll_func+0x38>
1000693e:	2200      	movs	r2, #0
10006940:	0020      	movs	r0, r4
10006942:	54e2      	strb	r2, [r4, r3]
10006944:	f7ff ff4e 	bl	100067e4 <cyw43_ll_wifi_rejoin>
10006948:	2201      	movs	r2, #1
1000694a:	4b19      	ldr	r3, [pc, #100]	@ (100069b0 <cyw43_poll_func+0xbc>)
1000694c:	50e2      	str	r2, [r4, r3]
1000694e:	4b17      	ldr	r3, [pc, #92]	@ (100069ac <cyw43_poll_func+0xb8>)
10006950:	681b      	ldr	r3, [r3, #0]
10006952:	2b00      	cmp	r3, #0
10006954:	d1ea      	bne.n	1000692c <cyw43_poll_func+0x38>
10006956:	e7ed      	b.n	10006934 <cyw43_poll_func+0x40>
10006958:	2200      	movs	r2, #0
1000695a:	0020      	movs	r0, r4
1000695c:	54e2      	strb	r2, [r4, r3]
1000695e:	f7ff ff15 	bl	1000678c <cyw43_ll_wifi_set_wpa_auth>
10006962:	4b11      	ldr	r3, [pc, #68]	@ (100069a8 <cyw43_poll_func+0xb4>)
10006964:	5ce2      	ldrb	r2, [r4, r3]
10006966:	2a00      	cmp	r2, #0
10006968:	d0dc      	beq.n	10006924 <cyw43_poll_func+0x30>
1000696a:	e7e8      	b.n	1000693e <cyw43_poll_func+0x4a>
1000696c:	2200      	movs	r2, #0
1000696e:	2169      	movs	r1, #105	@ 0x69
10006970:	54e2      	strb	r2, [r4, r3]
10006972:	0020      	movs	r0, r4
10006974:	2300      	movs	r3, #0
10006976:	9200      	str	r2, [sp, #0]
10006978:	f7ff f9d8 	bl	10005d2c <cyw43_ll_ioctl>
1000697c:	4b09      	ldr	r3, [pc, #36]	@ (100069a4 <cyw43_poll_func+0xb0>)
1000697e:	5ce2      	ldrb	r2, [r4, r3]
10006980:	2a00      	cmp	r2, #0
10006982:	d0cb      	beq.n	1000691c <cyw43_poll_func+0x28>
10006984:	e7e8      	b.n	10006958 <cyw43_poll_func+0x64>
10006986:	0020      	movs	r0, r4
10006988:	f7ff f9a6 	bl	10005cd8 <cyw43_ll_process_packets>
1000698c:	4b04      	ldr	r3, [pc, #16]	@ (100069a0 <cyw43_poll_func+0xac>)
1000698e:	5ce2      	ldrb	r2, [r4, r3]
10006990:	2a00      	cmp	r2, #0
10006992:	d0bf      	beq.n	10006914 <cyw43_poll_func+0x20>
10006994:	e7ea      	b.n	1000696c <cyw43_poll_func+0x78>
10006996:	46c0      	nop			@ (mov r8, r8)
10006998:	200009a0 	.word	0x200009a0
1000699c:	200009a8 	.word	0x200009a8
100069a0:	00000869 	.word	0x00000869
100069a4:	0000086b 	.word	0x0000086b
100069a8:	0000086a 	.word	0x0000086a
100069ac:	200009a4 	.word	0x200009a4
100069b0:	0000085c 	.word	0x0000085c

100069b4 <cyw43_init>:
100069b4:	b570      	push	{r4, r5, r6, lr}
100069b6:	2380      	movs	r3, #128	@ 0x80
100069b8:	25d0      	movs	r5, #208	@ 0xd0
100069ba:	2680      	movs	r6, #128	@ 0x80
100069bc:	0004      	movs	r4, r0
100069be:	062d      	lsls	r5, r5, #24
100069c0:	045b      	lsls	r3, r3, #17
100069c2:	62ab      	str	r3, [r5, #40]	@ 0x28
100069c4:	0436      	lsls	r6, r6, #16
100069c6:	2200      	movs	r2, #0
100069c8:	2100      	movs	r1, #0
100069ca:	2018      	movs	r0, #24
100069cc:	f7f9 fc8c 	bl	100002e8 <gpio_set_pulls>
100069d0:	626e      	str	r6, [r5, #36]	@ 0x24
100069d2:	2200      	movs	r2, #0
100069d4:	2100      	movs	r1, #0
100069d6:	2017      	movs	r0, #23
100069d8:	f7f9 fc86 	bl	100002e8 <gpio_set_pulls>
100069dc:	61ae      	str	r6, [r5, #24]
100069de:	0021      	movs	r1, r4
100069e0:	0020      	movs	r0, r4
100069e2:	f7ff f967 	bl	10005cb4 <cyw43_ll_init>
100069e6:	2285      	movs	r2, #133	@ 0x85
100069e8:	2300      	movs	r3, #0
100069ea:	2103      	movs	r1, #3
100069ec:	0112      	lsls	r2, r2, #4
100069ee:	54a3      	strb	r3, [r4, r2]
100069f0:	4a06      	ldr	r2, [pc, #24]	@ (10006a0c <cyw43_init+0x58>)
100069f2:	50a3      	str	r3, [r4, r2]
100069f4:	4a06      	ldr	r2, [pc, #24]	@ (10006a10 <cyw43_init+0x5c>)
100069f6:	50a3      	str	r3, [r4, r2]
100069f8:	3214      	adds	r2, #20
100069fa:	52a1      	strh	r1, [r4, r2]
100069fc:	4a05      	ldr	r2, [pc, #20]	@ (10006a14 <cyw43_init+0x60>)
100069fe:	54a3      	strb	r3, [r4, r2]
10006a00:	4a05      	ldr	r2, [pc, #20]	@ (10006a18 <cyw43_init+0x64>)
10006a02:	6013      	str	r3, [r2, #0]
10006a04:	2201      	movs	r2, #1
10006a06:	4b05      	ldr	r3, [pc, #20]	@ (10006a1c <cyw43_init+0x68>)
10006a08:	50e2      	str	r2, [r4, r3]
10006a0a:	bd70      	pop	{r4, r5, r6, pc}
10006a0c:	00000858 	.word	0x00000858
10006a10:	0000085c 	.word	0x0000085c
10006a14:	00000872 	.word	0x00000872
10006a18:	200009a0 	.word	0x200009a0
10006a1c:	00000868 	.word	0x00000868

10006a20 <cyw43_deinit>:
10006a20:	b5f8      	push	{r3, r4, r5, r6, r7, lr}
10006a22:	0004      	movs	r4, r0
10006a24:	f000 fc7a 	bl	1000731c <cyw43_thread_enter>
10006a28:	4e1c      	ldr	r6, [pc, #112]	@ (10006a9c <cyw43_deinit+0x7c>)
10006a2a:	6833      	ldr	r3, [r6, #0]
10006a2c:	2b00      	cmp	r3, #0
10006a2e:	d032      	beq.n	10006a96 <cyw43_deinit+0x76>
10006a30:	2100      	movs	r1, #0
10006a32:	0020      	movs	r0, r4
10006a34:	f000 fcde 	bl	100073f4 <cyw43_cb_tcpip_deinit>
10006a38:	2101      	movs	r1, #1
10006a3a:	0020      	movs	r0, r4
10006a3c:	f000 fcda 	bl	100073f4 <cyw43_cb_tcpip_deinit>
10006a40:	0020      	movs	r0, r4
10006a42:	f7ff f945 	bl	10005cd0 <cyw43_ll_deinit>
10006a46:	25d0      	movs	r5, #208	@ 0xd0
10006a48:	2380      	movs	r3, #128	@ 0x80
10006a4a:	2780      	movs	r7, #128	@ 0x80
10006a4c:	045b      	lsls	r3, r3, #17
10006a4e:	062d      	lsls	r5, r5, #24
10006a50:	62ab      	str	r3, [r5, #40]	@ 0x28
10006a52:	2200      	movs	r2, #0
10006a54:	2100      	movs	r1, #0
10006a56:	2018      	movs	r0, #24
10006a58:	043f      	lsls	r7, r7, #16
10006a5a:	f7f9 fc45 	bl	100002e8 <gpio_set_pulls>
10006a5e:	2200      	movs	r2, #0
10006a60:	2100      	movs	r1, #0
10006a62:	2017      	movs	r0, #23
10006a64:	626f      	str	r7, [r5, #36]	@ 0x24
10006a66:	f7f9 fc3f 	bl	100002e8 <gpio_set_pulls>
10006a6a:	0021      	movs	r1, r4
10006a6c:	0020      	movs	r0, r4
10006a6e:	61af      	str	r7, [r5, #24]
10006a70:	f7ff f920 	bl	10005cb4 <cyw43_ll_init>
10006a74:	2285      	movs	r2, #133	@ 0x85
10006a76:	2300      	movs	r3, #0
10006a78:	2103      	movs	r1, #3
10006a7a:	0112      	lsls	r2, r2, #4
10006a7c:	54a3      	strb	r3, [r4, r2]
10006a7e:	4a08      	ldr	r2, [pc, #32]	@ (10006aa0 <cyw43_deinit+0x80>)
10006a80:	6033      	str	r3, [r6, #0]
10006a82:	50a3      	str	r3, [r4, r2]
10006a84:	4a07      	ldr	r2, [pc, #28]	@ (10006aa4 <cyw43_deinit+0x84>)
10006a86:	50a3      	str	r3, [r4, r2]
10006a88:	3214      	adds	r2, #20
10006a8a:	52a1      	strh	r1, [r4, r2]
10006a8c:	4a06      	ldr	r2, [pc, #24]	@ (10006aa8 <cyw43_deinit+0x88>)
10006a8e:	54a3      	strb	r3, [r4, r2]
10006a90:	2201      	movs	r2, #1
10006a92:	4b06      	ldr	r3, [pc, #24]	@ (10006aac <cyw43_deinit+0x8c>)
10006a94:	50e2      	str	r2, [r4, r3]
10006a96:	f000 fc4b 	bl	10007330 <cyw43_thread_exit>
10006a9a:	bdf8      	pop	{r3, r4, r5, r6, r7, pc}
10006a9c:	200009a0 	.word	0x200009a0
10006aa0:	00000858 	.word	0x00000858
10006aa4:	0000085c 	.word	0x0000085c
10006aa8:	00000872 	.word	0x00000872
10006aac:	00000868 	.word	0x00000868

10006ab0 <cyw43_cb_read_host_interrupt_pin>:
10006ab0:	23d0      	movs	r3, #208	@ 0xd0
10006ab2:	061b      	lsls	r3, r3, #24
10006ab4:	6858      	ldr	r0, [r3, #4]
10006ab6:	01c0      	lsls	r0, r0, #7
10006ab8:	0fc0      	lsrs	r0, r0, #31
10006aba:	4770      	bx	lr

10006abc <cyw43_cb_ensure_awake>:
10006abc:	2232      	movs	r2, #50	@ 0x32
10006abe:	4b01      	ldr	r3, [pc, #4]	@ (10006ac4 <cyw43_cb_ensure_awake+0x8>)
10006ac0:	601a      	str	r2, [r3, #0]
10006ac2:	4770      	bx	lr
10006ac4:	200009a4 	.word	0x200009a4

10006ac8 <cyw43_cb_process_async_event>:
10006ac8:	4b78      	ldr	r3, [pc, #480]	@ (10006cac <cyw43_cb_process_async_event+0x1e4>)
10006aca:	b570      	push	{r4, r5, r6, lr}
10006acc:	58c3      	ldr	r3, [r0, r3]
10006ace:	0005      	movs	r5, r0
10006ad0:	000c      	movs	r4, r1
10006ad2:	07db      	lsls	r3, r3, #31
10006ad4:	d412      	bmi.n	10006afc <cyw43_cb_process_async_event+0x34>
10006ad6:	6863      	ldr	r3, [r4, #4]
10006ad8:	2b45      	cmp	r3, #69	@ 0x45
10006ada:	d005      	beq.n	10006ae8 <cyw43_cb_process_async_event+0x20>
10006adc:	2b31      	cmp	r3, #49	@ 0x31
10006ade:	d807      	bhi.n	10006af0 <cyw43_cb_process_async_event+0x28>
10006ae0:	4a73      	ldr	r2, [pc, #460]	@ (10006cb0 <cyw43_cb_process_async_event+0x1e8>)
10006ae2:	009b      	lsls	r3, r3, #2
10006ae4:	58d3      	ldr	r3, [r2, r3]
10006ae6:	469f      	mov	pc, r3
10006ae8:	4b72      	ldr	r3, [pc, #456]	@ (10006cb4 <cyw43_cb_process_async_event+0x1ec>)
10006aea:	58ea      	ldr	r2, [r5, r3]
10006aec:	2a01      	cmp	r2, #1
10006aee:	d038      	beq.n	10006b62 <cyw43_cb_process_async_event+0x9a>
10006af0:	4b71      	ldr	r3, [pc, #452]	@ (10006cb8 <cyw43_cb_process_async_event+0x1f0>)
10006af2:	58eb      	ldr	r3, [r5, r3]
10006af4:	4a71      	ldr	r2, [pc, #452]	@ (10006cbc <cyw43_cb_process_async_event+0x1f4>)
10006af6:	4293      	cmp	r3, r2
10006af8:	d025      	beq.n	10006b46 <cyw43_cb_process_async_event+0x7e>
10006afa:	bd70      	pop	{r4, r5, r6, pc}
10006afc:	f7fa fcc6 	bl	1000148c <time_us_64>
10006b00:	2900      	cmp	r1, #0
10006b02:	d028      	beq.n	10006b56 <cyw43_cb_process_async_event+0x8e>
10006b04:	22fa      	movs	r2, #250	@ 0xfa
10006b06:	2300      	movs	r3, #0
10006b08:	0092      	lsls	r2, r2, #2
10006b0a:	f7fb f803 	bl	10001b14 <__wrap___aeabi_uldivmod>
10006b0e:	0001      	movs	r1, r0
10006b10:	4b6b      	ldr	r3, [pc, #428]	@ (10006cc0 <cyw43_cb_process_async_event+0x1f8>)
10006b12:	8862      	ldrh	r2, [r4, #2]
10006b14:	0018      	movs	r0, r3
10006b16:	f7fd f8b1 	bl	10003c7c <__wrap_printf>
10006b1a:	6861      	ldr	r1, [r4, #4]
10006b1c:	2958      	cmp	r1, #88	@ 0x58
10006b1e:	d900      	bls.n	10006b22 <cyw43_cb_process_async_event+0x5a>
10006b20:	e091      	b.n	10006c46 <cyw43_cb_process_async_event+0x17e>
10006b22:	4b68      	ldr	r3, [pc, #416]	@ (10006cc4 <cyw43_cb_process_async_event+0x1fc>)
10006b24:	008a      	lsls	r2, r1, #2
10006b26:	58d3      	ldr	r3, [r2, r3]
10006b28:	2b00      	cmp	r3, #0
10006b2a:	d100      	bne.n	10006b2e <cyw43_cb_process_async_event+0x66>
10006b2c:	e08b      	b.n	10006c46 <cyw43_cb_process_async_event+0x17e>
10006b2e:	0019      	movs	r1, r3
10006b30:	4865      	ldr	r0, [pc, #404]	@ (10006cc8 <cyw43_cb_process_async_event+0x200>)
10006b32:	f7fd f8a3 	bl	10003c7c <__wrap_printf>
10006b36:	232e      	movs	r3, #46	@ 0x2e
10006b38:	68e2      	ldr	r2, [r4, #12]
10006b3a:	5ce3      	ldrb	r3, [r4, r3]
10006b3c:	68a1      	ldr	r1, [r4, #8]
10006b3e:	4863      	ldr	r0, [pc, #396]	@ (10006ccc <cyw43_cb_process_async_event+0x204>)
10006b40:	f7fd f89c 	bl	10003c7c <__wrap_printf>
10006b44:	e7c7      	b.n	10006ad6 <cyw43_cb_process_async_event+0xe>
10006b46:	2201      	movs	r2, #1
10006b48:	4b5b      	ldr	r3, [pc, #364]	@ (10006cb8 <cyw43_cb_process_async_event+0x1f0>)
10006b4a:	2100      	movs	r1, #0
10006b4c:	0028      	movs	r0, r5
10006b4e:	50ea      	str	r2, [r5, r3]
10006b50:	f000 fc52 	bl	100073f8 <cyw43_cb_tcpip_set_link_up>
10006b54:	e7d1      	b.n	10006afa <cyw43_cb_process_async_event+0x32>
10006b56:	21fa      	movs	r1, #250	@ 0xfa
10006b58:	0089      	lsls	r1, r1, #2
10006b5a:	f7fa ff9d 	bl	10001a98 <__wrap___aeabi_uidiv>
10006b5e:	0001      	movs	r1, r0
10006b60:	e7d6      	b.n	10006b10 <cyw43_cb_process_async_event+0x48>
10006b62:	68a2      	ldr	r2, [r4, #8]
10006b64:	2a08      	cmp	r2, #8
10006b66:	d07a      	beq.n	10006c5e <cyw43_cb_process_async_event+0x196>
10006b68:	2a00      	cmp	r2, #0
10006b6a:	d1c1      	bne.n	10006af0 <cyw43_cb_process_async_event+0x28>
10006b6c:	3202      	adds	r2, #2
10006b6e:	50ea      	str	r2, [r5, r3]
10006b70:	4b51      	ldr	r3, [pc, #324]	@ (10006cb8 <cyw43_cb_process_async_event+0x1f0>)
10006b72:	58eb      	ldr	r3, [r5, r3]
10006b74:	e7be      	b.n	10006af4 <cyw43_cb_process_async_event+0x2c>
10006b76:	2201      	movs	r2, #1
10006b78:	4b55      	ldr	r3, [pc, #340]	@ (10006cd0 <cyw43_cb_process_async_event+0x208>)
10006b7a:	4856      	ldr	r0, [pc, #344]	@ (10006cd4 <cyw43_cb_process_async_event+0x20c>)
10006b7c:	52ea      	strh	r2, [r5, r3]
10006b7e:	f000 fb6b 	bl	10007258 <cyw43_schedule_internal_poll_dispatch>
10006b82:	e7b5      	b.n	10006af0 <cyw43_cb_process_async_event+0x28>
10006b84:	68a3      	ldr	r3, [r4, #8]
10006b86:	2b06      	cmp	r3, #6
10006b88:	d074      	beq.n	10006c74 <cyw43_cb_process_async_event+0x1ac>
10006b8a:	2b0a      	cmp	r3, #10
10006b8c:	d806      	bhi.n	10006b9c <cyw43_cb_process_async_event+0xd4>
10006b8e:	22a2      	movs	r2, #162	@ 0xa2
10006b90:	00d2      	lsls	r2, r2, #3
10006b92:	40da      	lsrs	r2, r3
10006b94:	0013      	movs	r3, r2
10006b96:	2201      	movs	r2, #1
10006b98:	421a      	tst	r2, r3
10006b9a:	d15b      	bne.n	10006c54 <cyw43_cb_process_async_event+0x18c>
10006b9c:	2204      	movs	r2, #4
10006b9e:	4b46      	ldr	r3, [pc, #280]	@ (10006cb8 <cyw43_cb_process_async_event+0x1f0>)
10006ba0:	50ea      	str	r2, [r5, r3]
10006ba2:	e7aa      	b.n	10006afa <cyw43_cb_process_async_event+0x32>
10006ba4:	68a3      	ldr	r3, [r4, #8]
10006ba6:	2b00      	cmp	r3, #0
10006ba8:	d1a2      	bne.n	10006af0 <cyw43_cb_process_async_event+0x28>
10006baa:	68e3      	ldr	r3, [r4, #12]
10006bac:	2b08      	cmp	r3, #8
10006bae:	d19f      	bne.n	10006af0 <cyw43_cb_process_async_event+0x28>
10006bb0:	2202      	movs	r2, #2
10006bb2:	4b47      	ldr	r3, [pc, #284]	@ (10006cd0 <cyw43_cb_process_async_event+0x208>)
10006bb4:	32ff      	adds	r2, #255	@ 0xff
10006bb6:	e7e0      	b.n	10006b7a <cyw43_cb_process_async_event+0xb2>
10006bb8:	68a3      	ldr	r3, [r4, #8]
10006bba:	2b00      	cmp	r3, #0
10006bbc:	d198      	bne.n	10006af0 <cyw43_cb_process_async_event+0x28>
10006bbe:	8863      	ldrh	r3, [r4, #2]
10006bc0:	07db      	lsls	r3, r3, #31
10006bc2:	d564      	bpl.n	10006c8e <cyw43_cb_process_async_event+0x1c6>
10006bc4:	232e      	movs	r3, #46	@ 0x2e
10006bc6:	5ce1      	ldrb	r1, [r4, r3]
10006bc8:	2900      	cmp	r1, #0
10006bca:	d168      	bne.n	10006c9e <cyw43_cb_process_async_event+0x1d6>
10006bcc:	2380      	movs	r3, #128	@ 0x80
10006bce:	4a3a      	ldr	r2, [pc, #232]	@ (10006cb8 <cyw43_cb_process_async_event+0x1f0>)
10006bd0:	00db      	lsls	r3, r3, #3
10006bd2:	58a9      	ldr	r1, [r5, r2]
10006bd4:	430b      	orrs	r3, r1
10006bd6:	50ab      	str	r3, [r5, r2]
10006bd8:	e78c      	b.n	10006af4 <cyw43_cb_process_async_event+0x2c>
10006bda:	2100      	movs	r1, #0
10006bdc:	0028      	movs	r0, r5
10006bde:	f000 fc11 	bl	10007404 <cyw43_cb_tcpip_set_link_down>
10006be2:	2200      	movs	r2, #0
10006be4:	4b34      	ldr	r3, [pc, #208]	@ (10006cb8 <cyw43_cb_process_async_event+0x1f0>)
10006be6:	50ea      	str	r2, [r5, r3]
10006be8:	e787      	b.n	10006afa <cyw43_cb_process_async_event+0x32>
10006bea:	68a3      	ldr	r3, [r4, #8]
10006bec:	2b00      	cmp	r3, #0
10006bee:	d000      	beq.n	10006bf2 <cyw43_cb_process_async_event+0x12a>
10006bf0:	e77e      	b.n	10006af0 <cyw43_cb_process_async_event+0x28>
10006bf2:	68e3      	ldr	r3, [r4, #12]
10006bf4:	2b02      	cmp	r3, #2
10006bf6:	d000      	beq.n	10006bfa <cyw43_cb_process_async_event+0x132>
10006bf8:	e77a      	b.n	10006af0 <cyw43_cb_process_async_event+0x28>
10006bfa:	2201      	movs	r2, #1
10006bfc:	4b36      	ldr	r3, [pc, #216]	@ (10006cd8 <cyw43_cb_process_async_event+0x210>)
10006bfe:	54ea      	strb	r2, [r5, r3]
10006c00:	4834      	ldr	r0, [pc, #208]	@ (10006cd4 <cyw43_cb_process_async_event+0x20c>)
10006c02:	f000 fb29 	bl	10007258 <cyw43_schedule_internal_poll_dispatch>
10006c06:	4b2c      	ldr	r3, [pc, #176]	@ (10006cb8 <cyw43_cb_process_async_event+0x1f0>)
10006c08:	58eb      	ldr	r3, [r5, r3]
10006c0a:	e773      	b.n	10006af4 <cyw43_cb_process_async_event+0x2c>
10006c0c:	68a3      	ldr	r3, [r4, #8]
10006c0e:	2b00      	cmp	r3, #0
10006c10:	d11d      	bne.n	10006c4e <cyw43_cb_process_async_event+0x186>
10006c12:	4b29      	ldr	r3, [pc, #164]	@ (10006cb8 <cyw43_cb_process_async_event+0x1f0>)
10006c14:	58ea      	ldr	r2, [r5, r3]
10006c16:	230f      	movs	r3, #15
10006c18:	0019      	movs	r1, r3
10006c1a:	4011      	ands	r1, r2
10006c1c:	2904      	cmp	r1, #4
10006c1e:	d102      	bne.n	10006c26 <cyw43_cb_process_async_event+0x15e>
10006c20:	439a      	bics	r2, r3
10006c22:	3b0e      	subs	r3, #14
10006c24:	431a      	orrs	r2, r3
10006c26:	2380      	movs	r3, #128	@ 0x80
10006c28:	009b      	lsls	r3, r3, #2
10006c2a:	4313      	orrs	r3, r2
10006c2c:	4a22      	ldr	r2, [pc, #136]	@ (10006cb8 <cyw43_cb_process_async_event+0x1f0>)
10006c2e:	50ab      	str	r3, [r5, r2]
10006c30:	e760      	b.n	10006af4 <cyw43_cb_process_async_event+0x2c>
10006c32:	68a3      	ldr	r3, [r4, #8]
10006c34:	2b00      	cmp	r3, #0
10006c36:	d100      	bne.n	10006c3a <cyw43_cb_process_async_event+0x172>
10006c38:	e75a      	b.n	10006af0 <cyw43_cb_process_async_event+0x28>
10006c3a:	2b03      	cmp	r3, #3
10006c3c:	d021      	beq.n	10006c82 <cyw43_cb_process_async_event+0x1ba>
10006c3e:	2202      	movs	r2, #2
10006c40:	4b1d      	ldr	r3, [pc, #116]	@ (10006cb8 <cyw43_cb_process_async_event+0x1f0>)
10006c42:	50ea      	str	r2, [r5, r3]
10006c44:	e759      	b.n	10006afa <cyw43_cb_process_async_event+0x32>
10006c46:	4825      	ldr	r0, [pc, #148]	@ (10006cdc <cyw43_cb_process_async_event+0x214>)
10006c48:	f7fd f818 	bl	10003c7c <__wrap_printf>
10006c4c:	e773      	b.n	10006b36 <cyw43_cb_process_async_event+0x6e>
10006c4e:	2b06      	cmp	r3, #6
10006c50:	d1a4      	bne.n	10006b9c <cyw43_cb_process_async_event+0xd4>
10006c52:	e74d      	b.n	10006af0 <cyw43_cb_process_async_event+0x28>
10006c54:	68e3      	ldr	r3, [r4, #12]
10006c56:	2b0f      	cmp	r3, #15
10006c58:	d1a0      	bne.n	10006b9c <cyw43_cb_process_async_event+0xd4>
10006c5a:	4b1d      	ldr	r3, [pc, #116]	@ (10006cd0 <cyw43_cb_process_async_event+0x208>)
10006c5c:	e7cf      	b.n	10006bfe <cyw43_cb_process_async_event+0x136>
10006c5e:	2386      	movs	r3, #134	@ 0x86
10006c60:	0021      	movs	r1, r4
10006c62:	011b      	lsls	r3, r3, #4
10006c64:	58e8      	ldr	r0, [r5, r3]
10006c66:	4b1e      	ldr	r3, [pc, #120]	@ (10006ce0 <cyw43_cb_process_async_event+0x218>)
10006c68:	3130      	adds	r1, #48	@ 0x30
10006c6a:	58eb      	ldr	r3, [r5, r3]
10006c6c:	4798      	blx	r3
10006c6e:	4b12      	ldr	r3, [pc, #72]	@ (10006cb8 <cyw43_cb_process_async_event+0x1f0>)
10006c70:	58eb      	ldr	r3, [r5, r3]
10006c72:	e73f      	b.n	10006af4 <cyw43_cb_process_async_event+0x2c>
10006c74:	2380      	movs	r3, #128	@ 0x80
10006c76:	4a10      	ldr	r2, [pc, #64]	@ (10006cb8 <cyw43_cb_process_async_event+0x1f0>)
10006c78:	011b      	lsls	r3, r3, #4
10006c7a:	58a9      	ldr	r1, [r5, r2]
10006c7c:	430b      	orrs	r3, r1
10006c7e:	50ab      	str	r3, [r5, r2]
10006c80:	e738      	b.n	10006af4 <cyw43_cb_process_async_event+0x2c>
10006c82:	68e2      	ldr	r2, [r4, #12]
10006c84:	2a00      	cmp	r2, #0
10006c86:	d1da      	bne.n	10006c3e <cyw43_cb_process_async_event+0x176>
10006c88:	4a0b      	ldr	r2, [pc, #44]	@ (10006cb8 <cyw43_cb_process_async_event+0x1f0>)
10006c8a:	50ab      	str	r3, [r5, r2]
10006c8c:	e735      	b.n	10006afa <cyw43_cb_process_async_event+0x32>
10006c8e:	232e      	movs	r3, #46	@ 0x2e
10006c90:	0028      	movs	r0, r5
10006c92:	5ce1      	ldrb	r1, [r4, r3]
10006c94:	f000 fbb6 	bl	10007404 <cyw43_cb_tcpip_set_link_down>
10006c98:	4b07      	ldr	r3, [pc, #28]	@ (10006cb8 <cyw43_cb_process_async_event+0x1f0>)
10006c9a:	58eb      	ldr	r3, [r5, r3]
10006c9c:	e72a      	b.n	10006af4 <cyw43_cb_process_async_event+0x2c>
10006c9e:	0028      	movs	r0, r5
10006ca0:	f000 fbaa 	bl	100073f8 <cyw43_cb_tcpip_set_link_up>
10006ca4:	4b04      	ldr	r3, [pc, #16]	@ (10006cb8 <cyw43_cb_process_async_event+0x1f0>)
10006ca6:	58eb      	ldr	r3, [r5, r3]
10006ca8:	e724      	b.n	10006af4 <cyw43_cb_process_async_event+0x2c>
10006caa:	46c0      	nop			@ (mov r8, r8)
10006cac:	00000854 	.word	0x00000854
10006cb0:	1003f4b0 	.word	0x1003f4b0
10006cb4:	00000858 	.word	0x00000858
10006cb8:	0000085c 	.word	0x0000085c
10006cbc:	00000e01 	.word	0x00000e01
10006cc0:	1003f488 	.word	0x1003f488
10006cc4:	1003f618 	.word	0x1003f618
10006cc8:	1003f49c 	.word	0x1003f49c
10006ccc:	1003f4a4 	.word	0x1003f4a4
10006cd0:	0000086a 	.word	0x0000086a
10006cd4:	100068f5 	.word	0x100068f5
10006cd8:	00000869 	.word	0x00000869
10006cdc:	1003f4a0 	.word	0x1003f4a0
10006ce0:	00000864 	.word	0x00000864

10006ce4 <cyw43_gpio_set>:
10006ce4:	b5f8      	push	{r3, r4, r5, r6, r7, lr}
10006ce6:	4647      	mov	r7, r8
10006ce8:	46ce      	mov	lr, r9
10006cea:	0004      	movs	r4, r0
10006cec:	b580      	push	{r7, lr}
10006cee:	4688      	mov	r8, r1
10006cf0:	0016      	movs	r6, r2
10006cf2:	f000 fb13 	bl	1000731c <cyw43_thread_enter>
10006cf6:	4f1f      	ldr	r7, [pc, #124]	@ (10006d74 <cyw43_gpio_set+0x90>)
10006cf8:	2100      	movs	r1, #0
10006cfa:	683d      	ldr	r5, [r7, #0]
10006cfc:	0020      	movs	r0, r4
10006cfe:	2d00      	cmp	r5, #0
10006d00:	d00e      	beq.n	10006d20 <cyw43_gpio_set+0x3c>
10006d02:	f7ff f853 	bl	10005dac <cyw43_ll_bus_sleep>
10006d06:	0032      	movs	r2, r6
10006d08:	4641      	mov	r1, r8
10006d0a:	0020      	movs	r0, r4
10006d0c:	f7ff fd96 	bl	1000683c <cyw43_ll_gpio_set>
10006d10:	0005      	movs	r5, r0
10006d12:	f000 fb0d 	bl	10007330 <cyw43_thread_exit>
10006d16:	0028      	movs	r0, r5
10006d18:	bcc0      	pop	{r6, r7}
10006d1a:	46b9      	mov	r9, r7
10006d1c:	46b0      	mov	r8, r6
10006d1e:	bdf8      	pop	{r3, r4, r5, r6, r7, pc}
10006d20:	f000 fb68 	bl	100073f4 <cyw43_cb_tcpip_deinit>
10006d24:	2101      	movs	r1, #1
10006d26:	0020      	movs	r0, r4
10006d28:	f000 fb64 	bl	100073f4 <cyw43_cb_tcpip_deinit>
10006d2c:	2385      	movs	r3, #133	@ 0x85
10006d2e:	011b      	lsls	r3, r3, #4
10006d30:	54e5      	strb	r5, [r4, r3]
10006d32:	2380      	movs	r3, #128	@ 0x80
10006d34:	25d0      	movs	r5, #208	@ 0xd0
10006d36:	041b      	lsls	r3, r3, #16
10006d38:	4699      	mov	r9, r3
10006d3a:	062d      	lsls	r5, r5, #24
10006d3c:	61ab      	str	r3, [r5, #24]
10006d3e:	2014      	movs	r0, #20
10006d40:	f000 fb34 	bl	100073ac <cyw43_delay_ms>
10006d44:	464b      	mov	r3, r9
10006d46:	2032      	movs	r0, #50	@ 0x32
10006d48:	616b      	str	r3, [r5, #20]
10006d4a:	f000 fb2f 	bl	100073ac <cyw43_delay_ms>
10006d4e:	2100      	movs	r1, #0
10006d50:	0020      	movs	r0, r4
10006d52:	f7ff f883 	bl	10005e5c <cyw43_ll_bus_init>
10006d56:	1e05      	subs	r5, r0, #0
10006d58:	d1db      	bne.n	10006d12 <cyw43_gpio_set+0x2e>
10006d5a:	4b07      	ldr	r3, [pc, #28]	@ (10006d78 <cyw43_gpio_set+0x94>)
10006d5c:	0020      	movs	r0, r4
10006d5e:	18e1      	adds	r1, r4, r3
10006d60:	f7ff f83e 	bl	10005de0 <cyw43_ll_wifi_get_mac>
10006d64:	2232      	movs	r2, #50	@ 0x32
10006d66:	4b05      	ldr	r3, [pc, #20]	@ (10006d7c <cyw43_gpio_set+0x98>)
10006d68:	4805      	ldr	r0, [pc, #20]	@ (10006d80 <cyw43_gpio_set+0x9c>)
10006d6a:	601a      	str	r2, [r3, #0]
10006d6c:	6038      	str	r0, [r7, #0]
10006d6e:	f000 fa73 	bl	10007258 <cyw43_schedule_internal_poll_dispatch>
10006d72:	e7c8      	b.n	10006d06 <cyw43_gpio_set+0x22>
10006d74:	200009a0 	.word	0x200009a0
10006d78:	000008d3 	.word	0x000008d3
10006d7c:	200009a4 	.word	0x200009a4
10006d80:	100068f5 	.word	0x100068f5

10006d84 <pio_sm_set_pindirs_with_mask64>:
10006d84:	b5f0      	push	{r4, r5, r6, r7, lr}
10006d86:	46de      	mov	lr, fp
10006d88:	4657      	mov	r7, sl
10006d8a:	464e      	mov	r6, r9
10006d8c:	4645      	mov	r5, r8
10006d8e:	b5e0      	push	{r5, r6, r7, lr}
10006d90:	0016      	movs	r6, r2
10006d92:	22dc      	movs	r2, #220	@ 0xdc
10006d94:	4692      	mov	sl, r2
10006d96:	b085      	sub	sp, #20
10006d98:	004b      	lsls	r3, r1, #1
10006d9a:	9302      	str	r3, [sp, #8]
10006d9c:	185b      	adds	r3, r3, r1
10006d9e:	00db      	lsls	r3, r3, #3
10006da0:	18c5      	adds	r5, r0, r3
10006da2:	44aa      	add	sl, r5
10006da4:	4652      	mov	r2, sl
10006da6:	4683      	mov	fp, r0
10006da8:	0028      	movs	r0, r5
10006daa:	6812      	ldr	r2, [r2, #0]
10006dac:	30cc      	adds	r0, #204	@ 0xcc
10006dae:	9200      	str	r2, [sp, #0]
10006db0:	6802      	ldr	r2, [r0, #0]
10006db2:	002b      	movs	r3, r5
10006db4:	9201      	str	r2, [sp, #4]
10006db6:	4a1c      	ldr	r2, [pc, #112]	@ (10006e28 <pio_sm_set_pindirs_with_mask64+0xa4>)
10006db8:	2080      	movs	r0, #128	@ 0x80
10006dba:	4694      	mov	ip, r2
10006dbc:	9c0e      	ldr	r4, [sp, #56]	@ 0x38
10006dbe:	4463      	add	r3, ip
10006dc0:	0280      	lsls	r0, r0, #10
10006dc2:	6018      	str	r0, [r3, #0]
10006dc4:	2c00      	cmp	r4, #0
10006dc6:	d01c      	beq.n	10006e02 <pio_sm_set_pindirs_with_mask64+0x7e>
10006dc8:	2380      	movs	r3, #128	@ 0x80
10006dca:	04db      	lsls	r3, r3, #19
10006dcc:	4699      	mov	r9, r3
10006dce:	2301      	movs	r3, #1
10006dd0:	4698      	mov	r8, r3
10006dd2:	0033      	movs	r3, r6
10006dd4:	35d8      	adds	r5, #216	@ 0xd8
10006dd6:	002e      	movs	r6, r5
10006dd8:	4655      	mov	r5, sl
10006dda:	469a      	mov	sl, r3
10006ddc:	4f13      	ldr	r7, [pc, #76]	@ (10006e2c <pio_sm_set_pindirs_with_mask64+0xa8>)
10006dde:	9103      	str	r1, [sp, #12]
10006de0:	0020      	movs	r0, r4
10006de2:	f7fa fe2b 	bl	10001a3c <__wrap___ctzsi2>
10006de6:	464a      	mov	r2, r9
10006de8:	0143      	lsls	r3, r0, #5
10006dea:	4313      	orrs	r3, r2
10006dec:	602b      	str	r3, [r5, #0]
10006dee:	4653      	mov	r3, sl
10006df0:	4642      	mov	r2, r8
10006df2:	40c3      	lsrs	r3, r0
10006df4:	4013      	ands	r3, r2
10006df6:	433b      	orrs	r3, r7
10006df8:	6033      	str	r3, [r6, #0]
10006dfa:	1e63      	subs	r3, r4, #1
10006dfc:	401c      	ands	r4, r3
10006dfe:	d1ef      	bne.n	10006de0 <pio_sm_set_pindirs_with_mask64+0x5c>
10006e00:	9903      	ldr	r1, [sp, #12]
10006e02:	9b02      	ldr	r3, [sp, #8]
10006e04:	185b      	adds	r3, r3, r1
10006e06:	00db      	lsls	r3, r3, #3
10006e08:	445b      	add	r3, fp
10006e0a:	001a      	movs	r2, r3
10006e0c:	9900      	ldr	r1, [sp, #0]
10006e0e:	32dc      	adds	r2, #220	@ 0xdc
10006e10:	6011      	str	r1, [r2, #0]
10006e12:	9a01      	ldr	r2, [sp, #4]
10006e14:	33cc      	adds	r3, #204	@ 0xcc
10006e16:	601a      	str	r2, [r3, #0]
10006e18:	b005      	add	sp, #20
10006e1a:	bcf0      	pop	{r4, r5, r6, r7}
10006e1c:	46bb      	mov	fp, r7
10006e1e:	46b2      	mov	sl, r6
10006e20:	46a9      	mov	r9, r5
10006e22:	46a0      	mov	r8, r4
10006e24:	bdf0      	pop	{r4, r5, r6, r7, pc}
10006e26:	46c0      	nop			@ (mov r8, r8)
10006e28:	000030cc 	.word	0x000030cc
10006e2c:	0000e080 	.word	0x0000e080

10006e30 <pio_set_input_sync_bypass_with_mask64>:
10006e30:	6b81      	ldr	r1, [r0, #56]	@ 0x38
10006e32:	9b00      	ldr	r3, [sp, #0]
10006e34:	4051      	eors	r1, r2
10006e36:	4a03      	ldr	r2, [pc, #12]	@ (10006e44 <pio_set_input_sync_bypass_with_mask64+0x14>)
10006e38:	400b      	ands	r3, r1
10006e3a:	4694      	mov	ip, r2
10006e3c:	4460      	add	r0, ip
10006e3e:	6003      	str	r3, [r0, #0]
10006e40:	4770      	bx	lr
10006e42:	46c0      	nop			@ (mov r8, r8)
10006e44:	00001038 	.word	0x00001038

10006e48 <pio_sm_set_consecutive_pindirs>:
10006e48:	b5f0      	push	{r4, r5, r6, r7, lr}
10006e4a:	464e      	mov	r6, r9
10006e4c:	4645      	mov	r5, r8
10006e4e:	46de      	mov	lr, fp
10006e50:	4657      	mov	r7, sl
10006e52:	b5e0      	push	{r5, r6, r7, lr}
10006e54:	b083      	sub	sp, #12
10006e56:	4689      	mov	r9, r1
10006e58:	a90c      	add	r1, sp, #48	@ 0x30
10006e5a:	4684      	mov	ip, r0
10006e5c:	780d      	ldrb	r5, [r1, #0]
10006e5e:	2a1f      	cmp	r2, #31
10006e60:	d845      	bhi.n	10006eee <pio_sm_set_consecutive_pindirs+0xa6>
10006e62:	4649      	mov	r1, r9
10006e64:	0049      	lsls	r1, r1, #1
10006e66:	4688      	mov	r8, r1
10006e68:	4449      	add	r1, r9
10006e6a:	00c9      	lsls	r1, r1, #3
10006e6c:	1846      	adds	r6, r0, r1
10006e6e:	0037      	movs	r7, r6
10006e70:	0034      	movs	r4, r6
10006e72:	37dc      	adds	r7, #220	@ 0xdc
10006e74:	6838      	ldr	r0, [r7, #0]
10006e76:	34cc      	adds	r4, #204	@ 0xcc
10006e78:	4683      	mov	fp, r0
10006e7a:	6820      	ldr	r0, [r4, #0]
10006e7c:	0031      	movs	r1, r6
10006e7e:	9001      	str	r0, [sp, #4]
10006e80:	481c      	ldr	r0, [pc, #112]	@ (10006ef4 <pio_sm_set_consecutive_pindirs+0xac>)
10006e82:	2480      	movs	r4, #128	@ 0x80
10006e84:	4682      	mov	sl, r0
10006e86:	02a4      	lsls	r4, r4, #10
10006e88:	4451      	add	r1, sl
10006e8a:	600c      	str	r4, [r1, #0]
10006e8c:	4269      	negs	r1, r5
10006e8e:	414d      	adcs	r5, r1
10006e90:	211e      	movs	r1, #30
10006e92:	426d      	negs	r5, r5
10006e94:	438d      	bics	r5, r1
10006e96:	4918      	ldr	r1, [pc, #96]	@ (10006ef8 <pio_sm_set_consecutive_pindirs+0xb0>)
10006e98:	468a      	mov	sl, r1
10006e9a:	4455      	add	r5, sl
10006e9c:	2b05      	cmp	r3, #5
10006e9e:	d90c      	bls.n	10006eba <pio_sm_set_consecutive_pindirs+0x72>
10006ea0:	20a0      	movs	r0, #160	@ 0xa0
10006ea2:	211f      	movs	r1, #31
10006ea4:	0540      	lsls	r0, r0, #21
10006ea6:	36d8      	adds	r6, #216	@ 0xd8
10006ea8:	0154      	lsls	r4, r2, #5
10006eaa:	4304      	orrs	r4, r0
10006eac:	3205      	adds	r2, #5
10006eae:	3b05      	subs	r3, #5
10006eb0:	603c      	str	r4, [r7, #0]
10006eb2:	400a      	ands	r2, r1
10006eb4:	6035      	str	r5, [r6, #0]
10006eb6:	2b05      	cmp	r3, #5
10006eb8:	d8f6      	bhi.n	10006ea8 <pio_sm_set_consecutive_pindirs+0x60>
10006eba:	0152      	lsls	r2, r2, #5
10006ebc:	069b      	lsls	r3, r3, #26
10006ebe:	4313      	orrs	r3, r2
10006ec0:	4642      	mov	r2, r8
10006ec2:	444a      	add	r2, r9
10006ec4:	00d2      	lsls	r2, r2, #3
10006ec6:	4462      	add	r2, ip
10006ec8:	0010      	movs	r0, r2
10006eca:	32dc      	adds	r2, #220	@ 0xdc
10006ecc:	6013      	str	r3, [r2, #0]
10006ece:	0003      	movs	r3, r0
10006ed0:	33d8      	adds	r3, #216	@ 0xd8
10006ed2:	601d      	str	r5, [r3, #0]
10006ed4:	465b      	mov	r3, fp
10006ed6:	6013      	str	r3, [r2, #0]
10006ed8:	9b01      	ldr	r3, [sp, #4]
10006eda:	30cc      	adds	r0, #204	@ 0xcc
10006edc:	6003      	str	r3, [r0, #0]
10006ede:	2000      	movs	r0, #0
10006ee0:	b003      	add	sp, #12
10006ee2:	bcf0      	pop	{r4, r5, r6, r7}
10006ee4:	46bb      	mov	fp, r7
10006ee6:	46b2      	mov	sl, r6
10006ee8:	46a9      	mov	r9, r5
10006eea:	46a0      	mov	r8, r4
10006eec:	bdf0      	pop	{r4, r5, r6, r7, pc}
10006eee:	2005      	movs	r0, #5
10006ef0:	4240      	negs	r0, r0
10006ef2:	e7f5      	b.n	10006ee0 <pio_sm_set_consecutive_pindirs+0x98>
10006ef4:	000030cc 	.word	0x000030cc
10006ef8:	0000e09f 	.word	0x0000e09f

10006efc <pio_claim_free_sm_and_add_program>:
10006efc:	b5f0      	push	{r4, r5, r6, r7, lr}
10006efe:	464e      	mov	r6, r9
10006f00:	46de      	mov	lr, fp
10006f02:	4657      	mov	r7, sl
10006f04:	4645      	mov	r5, r8
10006f06:	b5e0      	push	{r5, r6, r7, lr}
10006f08:	b089      	sub	sp, #36	@ 0x24
10006f0a:	9305      	str	r3, [sp, #20]
10006f0c:	4b4a      	ldr	r3, [pc, #296]	@ (10007038 <pio_claim_free_sm_and_add_program+0x13c>)
10006f0e:	2680      	movs	r6, #128	@ 0x80
10006f10:	4699      	mov	r9, r3
10006f12:	4b4a      	ldr	r3, [pc, #296]	@ (1000703c <pio_claim_free_sm_and_add_program+0x140>)
10006f14:	4680      	mov	r8, r0
10006f16:	469a      	mov	sl, r3
10006f18:	4b49      	ldr	r3, [pc, #292]	@ (10007040 <pio_claim_free_sm_and_add_program+0x144>)
10006f1a:	9103      	str	r1, [sp, #12]
10006f1c:	469b      	mov	fp, r3
10006f1e:	9204      	str	r2, [sp, #16]
10006f20:	0376      	lsls	r6, r6, #13
10006f22:	4652      	mov	r2, sl
10006f24:	0cb5      	lsrs	r5, r6, #18
10006f26:	9200      	str	r2, [sp, #0]
10006f28:	2100      	movs	r1, #0
10006f2a:	002a      	movs	r2, r5
10006f2c:	4648      	mov	r0, r9
10006f2e:	1ceb      	adds	r3, r5, #3
10006f30:	f7f9 fabc 	bl	100004ac <hw_claim_unused_from_range>
10006f34:	0007      	movs	r7, r0
10006f36:	42a8      	cmp	r0, r5
10006f38:	db66      	blt.n	10007008 <pio_claim_free_sm_and_add_program+0x10c>
10006f3a:	f7f9 fa7f 	bl	1000043c <hw_claim_lock>
10006f3e:	4643      	mov	r3, r8
10006f40:	2405      	movs	r4, #5
10006f42:	2201      	movs	r2, #1
10006f44:	7919      	ldrb	r1, [r3, #4]
10006f46:	9002      	str	r0, [sp, #8]
10006f48:	408a      	lsls	r2, r1
10006f4a:	571c      	ldrsb	r4, [r3, r4]
10006f4c:	465b      	mov	r3, fp
10006f4e:	3a01      	subs	r2, #1
10006f50:	5958      	ldr	r0, [r3, r5]
10006f52:	2c00      	cmp	r4, #0
10006f54:	db3d      	blt.n	10006fd2 <pio_claim_free_sm_and_add_program+0xd6>
10006f56:	2320      	movs	r3, #32
10006f58:	1a5b      	subs	r3, r3, r1
10006f5a:	429c      	cmp	r4, r3
10006f5c:	d84d      	bhi.n	10006ffa <pio_claim_free_sm_and_add_program+0xfe>
10006f5e:	0013      	movs	r3, r2
10006f60:	40a3      	lsls	r3, r4
10006f62:	4218      	tst	r0, r3
10006f64:	d149      	bne.n	10006ffa <pio_claim_free_sm_and_add_program+0xfe>
10006f66:	4643      	mov	r3, r8
10006f68:	681b      	ldr	r3, [r3, #0]
10006f6a:	469c      	mov	ip, r3
10006f6c:	4643      	mov	r3, r8
10006f6e:	799b      	ldrb	r3, [r3, #6]
10006f70:	2b00      	cmp	r3, #0
10006f72:	d142      	bne.n	10006ffa <pio_claim_free_sm_and_add_program+0xfe>
10006f74:	40a2      	lsls	r2, r4
10006f76:	9206      	str	r2, [sp, #24]
10006f78:	4202      	tst	r2, r0
10006f7a:	d13e      	bne.n	10006ffa <pio_claim_free_sm_and_add_program+0xfe>
10006f7c:	4b31      	ldr	r3, [pc, #196]	@ (10007044 <pio_claim_free_sm_and_add_program+0x148>)
10006f7e:	2280      	movs	r2, #128	@ 0x80
10006f80:	4698      	mov	r8, r3
10006f82:	0192      	lsls	r2, r2, #6
10006f84:	2300      	movs	r3, #0
10006f86:	4691      	mov	r9, r2
10006f88:	4446      	add	r6, r8
10006f8a:	2900      	cmp	r1, #0
10006f8c:	d011      	beq.n	10006fb2 <pio_claim_free_sm_and_add_program+0xb6>
10006f8e:	46a8      	mov	r8, r5
10006f90:	4665      	mov	r5, ip
10006f92:	4684      	mov	ip, r0
10006f94:	0008      	movs	r0, r1
10006f96:	005a      	lsls	r2, r3, #1
10006f98:	5aa9      	ldrh	r1, [r5, r2]
10006f9a:	4549      	cmp	r1, r9
10006f9c:	d200      	bcs.n	10006fa0 <pio_claim_free_sm_and_add_program+0xa4>
10006f9e:	1909      	adds	r1, r1, r4
10006fa0:	18e2      	adds	r2, r4, r3
10006fa2:	3212      	adds	r2, #18
10006fa4:	0092      	lsls	r2, r2, #2
10006fa6:	3301      	adds	r3, #1
10006fa8:	5191      	str	r1, [r2, r6]
10006faa:	4283      	cmp	r3, r0
10006fac:	d3f3      	bcc.n	10006f96 <pio_claim_free_sm_and_add_program+0x9a>
10006fae:	4660      	mov	r0, ip
10006fb0:	4645      	mov	r5, r8
10006fb2:	9b06      	ldr	r3, [sp, #24]
10006fb4:	1b7f      	subs	r7, r7, r5
10006fb6:	4318      	orrs	r0, r3
10006fb8:	465b      	mov	r3, fp
10006fba:	5158      	str	r0, [r3, r5]
10006fbc:	9802      	ldr	r0, [sp, #8]
10006fbe:	f7f9 fa49 	bl	10000454 <hw_claim_unlock>
10006fc2:	9b03      	ldr	r3, [sp, #12]
10006fc4:	2001      	movs	r0, #1
10006fc6:	601e      	str	r6, [r3, #0]
10006fc8:	9b04      	ldr	r3, [sp, #16]
10006fca:	601f      	str	r7, [r3, #0]
10006fcc:	9b05      	ldr	r3, [sp, #20]
10006fce:	601c      	str	r4, [r3, #0]
10006fd0:	e01f      	b.n	10007012 <pio_claim_free_sm_and_add_program+0x116>
10006fd2:	2420      	movs	r4, #32
10006fd4:	1a64      	subs	r4, r4, r1
10006fd6:	9407      	str	r4, [sp, #28]
10006fd8:	d40f      	bmi.n	10006ffa <pio_claim_free_sm_and_add_program+0xfe>
10006fda:	0013      	movs	r3, r2
10006fdc:	40a3      	lsls	r3, r4
10006fde:	9306      	str	r3, [sp, #24]
10006fe0:	4203      	tst	r3, r0
10006fe2:	d020      	beq.n	10007026 <pio_claim_free_sm_and_add_program+0x12a>
10006fe4:	468c      	mov	ip, r1
10006fe6:	0023      	movs	r3, r4
10006fe8:	0011      	movs	r1, r2
10006fea:	e004      	b.n	10006ff6 <pio_claim_free_sm_and_add_program+0xfa>
10006fec:	000a      	movs	r2, r1
10006fee:	409a      	lsls	r2, r3
10006ff0:	001c      	movs	r4, r3
10006ff2:	4210      	tst	r0, r2
10006ff4:	d014      	beq.n	10007020 <pio_claim_free_sm_and_add_program+0x124>
10006ff6:	3b01      	subs	r3, #1
10006ff8:	d2f8      	bcs.n	10006fec <pio_claim_free_sm_and_add_program+0xf0>
10006ffa:	9802      	ldr	r0, [sp, #8]
10006ffc:	f7f9 fa2a 	bl	10000454 <hw_claim_unlock>
10007000:	0039      	movs	r1, r7
10007002:	4648      	mov	r0, r9
10007004:	f7f9 faa0 	bl	10000548 <hw_claim_clear>
10007008:	2e00      	cmp	r6, #0
1000700a:	d001      	beq.n	10007010 <pio_claim_free_sm_and_add_program+0x114>
1000700c:	2600      	movs	r6, #0
1000700e:	e788      	b.n	10006f22 <pio_claim_free_sm_and_add_program+0x26>
10007010:	2000      	movs	r0, #0
10007012:	b009      	add	sp, #36	@ 0x24
10007014:	bcf0      	pop	{r4, r5, r6, r7}
10007016:	46bb      	mov	fp, r7
10007018:	46b2      	mov	sl, r6
1000701a:	46a9      	mov	r9, r5
1000701c:	46a0      	mov	r8, r4
1000701e:	bdf0      	pop	{r4, r5, r6, r7, pc}
10007020:	000a      	movs	r2, r1
10007022:	4661      	mov	r1, ip
10007024:	e79f      	b.n	10006f66 <pio_claim_free_sm_and_add_program+0x6a>
10007026:	4643      	mov	r3, r8
10007028:	799b      	ldrb	r3, [r3, #6]
1000702a:	2b00      	cmp	r3, #0
1000702c:	d1e5      	bne.n	10006ffa <pio_claim_free_sm_and_add_program+0xfe>
1000702e:	4643      	mov	r3, r8
10007030:	681b      	ldr	r3, [r3, #0]
10007032:	469c      	mov	ip, r3
10007034:	e7a2      	b.n	10006f7c <pio_claim_free_sm_and_add_program+0x80>
10007036:	46c0      	nop			@ (mov r8, r8)
10007038:	20000970 	.word	0x20000970
1000703c:	1003f77c 	.word	0x1003f77c
10007040:	20000838 	.word	0x20000838
10007044:	50200000 	.word	0x50200000

10007048 <pio_claim_free_sm_and_add_program_for_gpio_range>:
10007048:	b570      	push	{r4, r5, r6, lr}
1000704a:	9d05      	ldr	r5, [sp, #20]
1000704c:	9c04      	ldr	r4, [sp, #16]
1000704e:	46ac      	mov	ip, r5
10007050:	4464      	add	r4, ip
10007052:	2500      	movs	r5, #0
10007054:	2c20      	cmp	r4, #32
10007056:	d802      	bhi.n	1000705e <pio_claim_free_sm_and_add_program_for_gpio_range+0x16>
10007058:	f7ff ff50 	bl	10006efc <pio_claim_free_sm_and_add_program>
1000705c:	0005      	movs	r5, r0
1000705e:	0028      	movs	r0, r5
10007060:	bd70      	pop	{r4, r5, r6, pc}
10007062:	46c0      	nop			@ (mov r8, r8)

10007064 <pio_remove_program_and_unclaim_sm>:
10007064:	b570      	push	{r4, r5, r6, lr}
10007066:	2501      	movs	r5, #1
10007068:	0016      	movs	r6, r2
1000706a:	7902      	ldrb	r2, [r0, #4]
1000706c:	000c      	movs	r4, r1
1000706e:	4095      	lsls	r5, r2
10007070:	3d01      	subs	r5, #1
10007072:	409d      	lsls	r5, r3
10007074:	f7f9 f9e2 	bl	1000043c <hw_claim_lock>
10007078:	4b07      	ldr	r3, [pc, #28]	@ (10007098 <pio_remove_program_and_unclaim_sm+0x34>)
1000707a:	4a08      	ldr	r2, [pc, #32]	@ (1000709c <pio_remove_program_and_unclaim_sm+0x38>)
1000707c:	469c      	mov	ip, r3
1000707e:	4464      	add	r4, ip
10007080:	0d24      	lsrs	r4, r4, #20
10007082:	00a4      	lsls	r4, r4, #2
10007084:	58a3      	ldr	r3, [r4, r2]
10007086:	43ab      	bics	r3, r5
10007088:	50a3      	str	r3, [r4, r2]
1000708a:	f7f9 f9e3 	bl	10000454 <hw_claim_unlock>
1000708e:	19a1      	adds	r1, r4, r6
10007090:	4803      	ldr	r0, [pc, #12]	@ (100070a0 <pio_remove_program_and_unclaim_sm+0x3c>)
10007092:	f7f9 fa59 	bl	10000548 <hw_claim_clear>
10007096:	bd70      	pop	{r4, r5, r6, pc}
10007098:	afe00000 	.word	0xafe00000
1000709c:	20000838 	.word	0x20000838
100070a0:	20000970 	.word	0x20000970

100070a4 <dma_channel_unclaim>:
100070a4:	b510      	push	{r4, lr}
100070a6:	4b03      	ldr	r3, [pc, #12]	@ (100070b4 <dma_channel_unclaim+0x10>)
100070a8:	0001      	movs	r1, r0
100070aa:	0018      	movs	r0, r3
100070ac:	f7f9 fa4c 	bl	10000548 <hw_claim_clear>
100070b0:	bd10      	pop	{r4, pc}
100070b2:	46c0      	nop			@ (mov r8, r8)
100070b4:	200013b4 	.word	0x200013b4

100070b8 <dma_claim_unused_channel>:
100070b8:	b510      	push	{r4, lr}
100070ba:	4b06      	ldr	r3, [pc, #24]	@ (100070d4 <dma_claim_unused_channel+0x1c>)
100070bc:	4c06      	ldr	r4, [pc, #24]	@ (100070d8 <dma_claim_unused_channel+0x20>)
100070be:	b082      	sub	sp, #8
100070c0:	0001      	movs	r1, r0
100070c2:	9300      	str	r3, [sp, #0]
100070c4:	2200      	movs	r2, #0
100070c6:	230b      	movs	r3, #11
100070c8:	0020      	movs	r0, r4
100070ca:	f7f9 f9ef 	bl	100004ac <hw_claim_unused_from_range>
100070ce:	b002      	add	sp, #8
100070d0:	bd10      	pop	{r4, pc}
100070d2:	46c0      	nop			@ (mov r8, r8)
100070d4:	1003f7a0 	.word	0x1003f7a0
100070d8:	200013b4 	.word	0x200013b4

100070dc <dma_channel_cleanup>:
100070dc:	0003      	movs	r3, r0
100070de:	4911      	ldr	r1, [pc, #68]	@ (10007124 <dma_channel_cleanup+0x48>)
100070e0:	0182      	lsls	r2, r0, #6
100070e2:	1851      	adds	r1, r2, r1
100070e4:	6808      	ldr	r0, [r1, #0]
100070e6:	02d9      	lsls	r1, r3, #11
100070e8:	4041      	eors	r1, r0
100070ea:	480f      	ldr	r0, [pc, #60]	@ (10007128 <dma_channel_cleanup+0x4c>)
100070ec:	b510      	push	{r4, lr}
100070ee:	4001      	ands	r1, r0
100070f0:	480e      	ldr	r0, [pc, #56]	@ (1000712c <dma_channel_cleanup+0x50>)
100070f2:	24a0      	movs	r4, #160	@ 0xa0
100070f4:	1810      	adds	r0, r2, r0
100070f6:	6001      	str	r1, [r0, #0]
100070f8:	2001      	movs	r0, #1
100070fa:	4098      	lsls	r0, r3
100070fc:	4b0c      	ldr	r3, [pc, #48]	@ (10007130 <dma_channel_cleanup+0x54>)
100070fe:	05e4      	lsls	r4, r4, #23
10007100:	6018      	str	r0, [r3, #0]
10007102:	4b0c      	ldr	r3, [pc, #48]	@ (10007134 <dma_channel_cleanup+0x58>)
10007104:	2180      	movs	r1, #128	@ 0x80
10007106:	6018      	str	r0, [r3, #0]
10007108:	4b0b      	ldr	r3, [pc, #44]	@ (10007138 <dma_channel_cleanup+0x5c>)
1000710a:	0449      	lsls	r1, r1, #17
1000710c:	50e0      	str	r0, [r4, r3]
1000710e:	4b0b      	ldr	r3, [pc, #44]	@ (1000713c <dma_channel_cleanup+0x60>)
10007110:	469c      	mov	ip, r3
10007112:	4462      	add	r2, ip
10007114:	6813      	ldr	r3, [r2, #0]
10007116:	420b      	tst	r3, r1
10007118:	d1fc      	bne.n	10007114 <dma_channel_cleanup+0x38>
1000711a:	2380      	movs	r3, #128	@ 0x80
1000711c:	00db      	lsls	r3, r3, #3
1000711e:	50e0      	str	r0, [r4, r3]
10007120:	bd10      	pop	{r4, pc}
10007122:	46c0      	nop			@ (mov r8, r8)
10007124:	50000010 	.word	0x50000010
10007128:	00007801 	.word	0x00007801
1000712c:	50001010 	.word	0x50001010
10007130:	50003404 	.word	0x50003404
10007134:	50003414 	.word	0x50003414
10007138:	00000444 	.word	0x00000444
1000713c:	5000000c 	.word	0x5000000c

10007140 <cyw43_sleep_timeout_reached>:
10007140:	b510      	push	{r4, lr}
10007142:	6803      	ldr	r3, [r0, #0]
10007144:	4901      	ldr	r1, [pc, #4]	@ (1000714c <cyw43_sleep_timeout_reached+0xc>)
10007146:	6a5b      	ldr	r3, [r3, #36]	@ 0x24
10007148:	4798      	blx	r3
1000714a:	bd10      	pop	{r4, pc}
1000714c:	20000540 	.word	0x20000540

10007150 <cyw43_irq_init>:
10007150:	2080      	movs	r0, #128	@ 0x80
10007152:	b510      	push	{r4, lr}
10007154:	2240      	movs	r2, #64	@ 0x40
10007156:	4907      	ldr	r1, [pc, #28]	@ (10007174 <cyw43_irq_init+0x24>)
10007158:	0440      	lsls	r0, r0, #17
1000715a:	f7f9 f913 	bl	10000384 <gpio_add_raw_irq_handler_with_order_priority_masked>
1000715e:	2201      	movs	r2, #1
10007160:	2102      	movs	r1, #2
10007162:	2018      	movs	r0, #24
10007164:	f7f9 f8e8 	bl	10000338 <gpio_set_irq_enabled>
10007168:	200d      	movs	r0, #13
1000716a:	2101      	movs	r1, #1
1000716c:	f7f9 fa34 	bl	100005d8 <irq_set_enabled>
10007170:	2000      	movs	r0, #0
10007172:	bd10      	pop	{r4, pc}
10007174:	10007199 	.word	0x10007199

10007178 <cyw43_irq_deinit>:
10007178:	b510      	push	{r4, lr}
1000717a:	2200      	movs	r2, #0
1000717c:	2102      	movs	r1, #2
1000717e:	2018      	movs	r0, #24
10007180:	f7f9 f8da 	bl	10000338 <gpio_set_irq_enabled>
10007184:	2080      	movs	r0, #128	@ 0x80
10007186:	4903      	ldr	r1, [pc, #12]	@ (10007194 <cyw43_irq_deinit+0x1c>)
10007188:	0440      	lsls	r0, r0, #17
1000718a:	f7f9 f90f 	bl	100003ac <gpio_remove_raw_irq_handler_masked>
1000718e:	2000      	movs	r0, #0
10007190:	bd10      	pop	{r4, pc}
10007192:	46c0      	nop			@ (mov r8, r8)
10007194:	10007199 	.word	0x10007199

10007198 <cyw43_gpio_irq_handler>:
10007198:	23d0      	movs	r3, #208	@ 0xd0
1000719a:	061b      	lsls	r3, r3, #24
1000719c:	681a      	ldr	r2, [r3, #0]
1000719e:	b510      	push	{r4, lr}
100071a0:	0053      	lsls	r3, r2, #1
100071a2:	189b      	adds	r3, r3, r2
100071a4:	4a09      	ldr	r2, [pc, #36]	@ (100071cc <cyw43_gpio_irq_handler+0x34>)
100071a6:	011b      	lsls	r3, r3, #4
100071a8:	4694      	mov	ip, r2
100071aa:	4463      	add	r3, ip
100071ac:	6adb      	ldr	r3, [r3, #44]	@ 0x2c
100071ae:	079b      	lsls	r3, r3, #30
100071b0:	d400      	bmi.n	100071b4 <cyw43_gpio_irq_handler+0x1c>
100071b2:	bd10      	pop	{r4, pc}
100071b4:	2200      	movs	r2, #0
100071b6:	2102      	movs	r1, #2
100071b8:	2018      	movs	r0, #24
100071ba:	f7f9 f8bd 	bl	10000338 <gpio_set_irq_enabled>
100071be:	4b04      	ldr	r3, [pc, #16]	@ (100071d0 <cyw43_gpio_irq_handler+0x38>)
100071c0:	4904      	ldr	r1, [pc, #16]	@ (100071d4 <cyw43_gpio_irq_handler+0x3c>)
100071c2:	6818      	ldr	r0, [r3, #0]
100071c4:	6803      	ldr	r3, [r0, #0]
100071c6:	6a5b      	ldr	r3, [r3, #36]	@ 0x24
100071c8:	4798      	blx	r3
100071ca:	e7f2      	b.n	100071b2 <cyw43_gpio_irq_handler+0x1a>
100071cc:	40014100 	.word	0x40014100
100071d0:	2000099c 	.word	0x2000099c
100071d4:	20000540 	.word	0x20000540

100071d8 <cyw43_do_poll>:
100071d8:	4b16      	ldr	r3, [pc, #88]	@ (10007234 <cyw43_do_poll+0x5c>)
100071da:	b570      	push	{r4, r5, r6, lr}
100071dc:	681b      	ldr	r3, [r3, #0]
100071de:	0004      	movs	r4, r0
100071e0:	2b00      	cmp	r3, #0
100071e2:	d00e      	beq.n	10007202 <cyw43_do_poll+0x2a>
100071e4:	4d14      	ldr	r5, [pc, #80]	@ (10007238 <cyw43_do_poll+0x60>)
100071e6:	682a      	ldr	r2, [r5, #0]
100071e8:	2a00      	cmp	r2, #0
100071ea:	d001      	beq.n	100071f0 <cyw43_do_poll+0x18>
100071ec:	3a01      	subs	r2, #1
100071ee:	602a      	str	r2, [r5, #0]
100071f0:	4798      	blx	r3
100071f2:	682b      	ldr	r3, [r5, #0]
100071f4:	2b00      	cmp	r3, #0
100071f6:	d105      	bne.n	10007204 <cyw43_do_poll+0x2c>
100071f8:	6823      	ldr	r3, [r4, #0]
100071fa:	0020      	movs	r0, r4
100071fc:	490f      	ldr	r1, [pc, #60]	@ (1000723c <cyw43_do_poll+0x64>)
100071fe:	699b      	ldr	r3, [r3, #24]
10007200:	4798      	blx	r3
10007202:	bd70      	pop	{r4, r5, r6, pc}
10007204:	f7fa f942 	bl	1000148c <time_us_64>
10007208:	2300      	movs	r3, #0
1000720a:	4a0d      	ldr	r2, [pc, #52]	@ (10007240 <cyw43_do_poll+0x68>)
1000720c:	4d0b      	ldr	r5, [pc, #44]	@ (1000723c <cyw43_do_poll+0x64>)
1000720e:	1880      	adds	r0, r0, r2
10007210:	4159      	adcs	r1, r3
10007212:	000b      	movs	r3, r1
10007214:	2180      	movs	r1, #128	@ 0x80
10007216:	0002      	movs	r2, r0
10007218:	0609      	lsls	r1, r1, #24
1000721a:	428b      	cmp	r3, r1
1000721c:	d302      	bcc.n	10007224 <cyw43_do_poll+0x4c>
1000721e:	2201      	movs	r2, #1
10007220:	4b08      	ldr	r3, [pc, #32]	@ (10007244 <cyw43_do_poll+0x6c>)
10007222:	4252      	negs	r2, r2
10007224:	60eb      	str	r3, [r5, #12]
10007226:	6823      	ldr	r3, [r4, #0]
10007228:	0029      	movs	r1, r5
1000722a:	0020      	movs	r0, r4
1000722c:	695b      	ldr	r3, [r3, #20]
1000722e:	60aa      	str	r2, [r5, #8]
10007230:	4798      	blx	r3
10007232:	e7e6      	b.n	10007202 <cyw43_do_poll+0x2a>
10007234:	200009a0 	.word	0x200009a0
10007238:	200009a4 	.word	0x200009a4
1000723c:	20000550 	.word	0x20000550
10007240:	0000c350 	.word	0x0000c350
10007244:	7fffffff 	.word	0x7fffffff

10007248 <cyw43_post_poll_hook>:
10007248:	b510      	push	{r4, lr}
1000724a:	2201      	movs	r2, #1
1000724c:	2102      	movs	r1, #2
1000724e:	2018      	movs	r0, #24
10007250:	f7f9 f872 	bl	10000338 <gpio_set_irq_enabled>
10007254:	bd10      	pop	{r4, pc}
10007256:	46c0      	nop			@ (mov r8, r8)

10007258 <cyw43_schedule_internal_poll_dispatch>:
10007258:	4b03      	ldr	r3, [pc, #12]	@ (10007268 <cyw43_schedule_internal_poll_dispatch+0x10>)
1000725a:	b510      	push	{r4, lr}
1000725c:	6818      	ldr	r0, [r3, #0]
1000725e:	4903      	ldr	r1, [pc, #12]	@ (1000726c <cyw43_schedule_internal_poll_dispatch+0x14>)
10007260:	6803      	ldr	r3, [r0, #0]
10007262:	6a5b      	ldr	r3, [r3, #36]	@ 0x24
10007264:	4798      	blx	r3
10007266:	bd10      	pop	{r4, pc}
10007268:	2000099c 	.word	0x2000099c
1000726c:	20000540 	.word	0x20000540

10007270 <cyw43_driver_init>:
10007270:	b510      	push	{r4, lr}
10007272:	0004      	movs	r4, r0
10007274:	4808      	ldr	r0, [pc, #32]	@ (10007298 <cyw43_driver_init+0x28>)
10007276:	f7ff fb9d 	bl	100069b4 <cyw43_init>
1000727a:	4b08      	ldr	r3, [pc, #32]	@ (1000729c <cyw43_driver_init+0x2c>)
1000727c:	2200      	movs	r2, #0
1000727e:	601c      	str	r4, [r3, #0]
10007280:	6823      	ldr	r3, [r4, #0]
10007282:	0020      	movs	r0, r4
10007284:	4906      	ldr	r1, [pc, #24]	@ (100072a0 <cyw43_driver_init+0x30>)
10007286:	691b      	ldr	r3, [r3, #16]
10007288:	4798      	blx	r3
1000728a:	6823      	ldr	r3, [r4, #0]
1000728c:	0020      	movs	r0, r4
1000728e:	4905      	ldr	r1, [pc, #20]	@ (100072a4 <cyw43_driver_init+0x34>)
10007290:	69db      	ldr	r3, [r3, #28]
10007292:	4798      	blx	r3
10007294:	2001      	movs	r0, #1
10007296:	bd10      	pop	{r4, pc}
10007298:	200009a8 	.word	0x200009a8
1000729c:	2000099c 	.word	0x2000099c
100072a0:	10007151 	.word	0x10007151
100072a4:	20000540 	.word	0x20000540

100072a8 <cyw43_driver_deinit>:
100072a8:	b570      	push	{r4, r5, r6, lr}
100072aa:	4d0d      	ldr	r5, [pc, #52]	@ (100072e0 <cyw43_driver_deinit+0x38>)
100072ac:	0004      	movs	r4, r0
100072ae:	682b      	ldr	r3, [r5, #0]
100072b0:	2b00      	cmp	r3, #0
100072b2:	d013      	beq.n	100072dc <cyw43_driver_deinit+0x34>
100072b4:	6803      	ldr	r3, [r0, #0]
100072b6:	490b      	ldr	r1, [pc, #44]	@ (100072e4 <cyw43_driver_deinit+0x3c>)
100072b8:	699b      	ldr	r3, [r3, #24]
100072ba:	4798      	blx	r3
100072bc:	6823      	ldr	r3, [r4, #0]
100072be:	490a      	ldr	r1, [pc, #40]	@ (100072e8 <cyw43_driver_deinit+0x40>)
100072c0:	6a1b      	ldr	r3, [r3, #32]
100072c2:	0020      	movs	r0, r4
100072c4:	4798      	blx	r3
100072c6:	6823      	ldr	r3, [r4, #0]
100072c8:	2200      	movs	r2, #0
100072ca:	691b      	ldr	r3, [r3, #16]
100072cc:	4907      	ldr	r1, [pc, #28]	@ (100072ec <cyw43_driver_deinit+0x44>)
100072ce:	0020      	movs	r0, r4
100072d0:	4798      	blx	r3
100072d2:	4807      	ldr	r0, [pc, #28]	@ (100072f0 <cyw43_driver_deinit+0x48>)
100072d4:	f7ff fba4 	bl	10006a20 <cyw43_deinit>
100072d8:	2300      	movs	r3, #0
100072da:	602b      	str	r3, [r5, #0]
100072dc:	bd70      	pop	{r4, r5, r6, pc}
100072de:	46c0      	nop			@ (mov r8, r8)
100072e0:	2000099c 	.word	0x2000099c
100072e4:	20000550 	.word	0x20000550
100072e8:	20000540 	.word	0x20000540
100072ec:	10007179 	.word	0x10007179
100072f0:	200009a8 	.word	0x200009a8

100072f4 <cyw43_hal_generate_laa_mac>:
100072f4:	b510      	push	{r4, lr}
100072f6:	b082      	sub	sp, #8
100072f8:	4668      	mov	r0, sp
100072fa:	000c      	movs	r4, r1
100072fc:	f7fc fd1a 	bl	10003d34 <pico_get_unique_board_id>
10007300:	466b      	mov	r3, sp
10007302:	2206      	movs	r2, #6
10007304:	1c99      	adds	r1, r3, #2
10007306:	0020      	movs	r0, r4
10007308:	f7fa ff94 	bl	10002234 <__wrap___aeabi_memcpy>
1000730c:	2201      	movs	r2, #1
1000730e:	7823      	ldrb	r3, [r4, #0]
10007310:	4393      	bics	r3, r2
10007312:	2202      	movs	r2, #2
10007314:	4313      	orrs	r3, r2
10007316:	7023      	strb	r3, [r4, #0]
10007318:	b002      	add	sp, #8
1000731a:	bd10      	pop	{r4, pc}

1000731c <cyw43_thread_enter>:
1000731c:	4b03      	ldr	r3, [pc, #12]	@ (1000732c <cyw43_thread_enter+0x10>)
1000731e:	b510      	push	{r4, lr}
10007320:	6818      	ldr	r0, [r3, #0]
10007322:	6803      	ldr	r3, [r0, #0]
10007324:	685b      	ldr	r3, [r3, #4]
10007326:	4798      	blx	r3
10007328:	bd10      	pop	{r4, pc}
1000732a:	46c0      	nop			@ (mov r8, r8)
1000732c:	2000099c 	.word	0x2000099c

10007330 <cyw43_thread_exit>:
10007330:	4b03      	ldr	r3, [pc, #12]	@ (10007340 <cyw43_thread_exit+0x10>)
10007332:	b510      	push	{r4, lr}
10007334:	6818      	ldr	r0, [r3, #0]
10007336:	6803      	ldr	r3, [r0, #0]
10007338:	689b      	ldr	r3, [r3, #8]
1000733a:	4798      	blx	r3
1000733c:	bd10      	pop	{r4, pc}
1000733e:	46c0      	nop			@ (mov r8, r8)
10007340:	2000099c 	.word	0x2000099c

10007344 <cyw43_await_background_or_timeout_us>:
10007344:	b570      	push	{r4, r5, r6, lr}
10007346:	0004      	movs	r4, r0
10007348:	f3ef 8305 	mrs	r3, IPSR
1000734c:	2b00      	cmp	r3, #0
1000734e:	d114      	bne.n	1000737a <cyw43_await_background_or_timeout_us+0x36>
10007350:	4b14      	ldr	r3, [pc, #80]	@ (100073a4 <cyw43_await_background_or_timeout_us+0x60>)
10007352:	681d      	ldr	r5, [r3, #0]
10007354:	f7fa f89a 	bl	1000148c <time_us_64>
10007358:	0022      	movs	r2, r4
1000735a:	2300      	movs	r3, #0
1000735c:	1812      	adds	r2, r2, r0
1000735e:	414b      	adcs	r3, r1
10007360:	2180      	movs	r1, #128	@ 0x80
10007362:	0609      	lsls	r1, r1, #24
10007364:	428b      	cmp	r3, r1
10007366:	d204      	bcs.n	10007372 <cyw43_await_background_or_timeout_us+0x2e>
10007368:	6829      	ldr	r1, [r5, #0]
1000736a:	0028      	movs	r0, r5
1000736c:	6b09      	ldr	r1, [r1, #48]	@ 0x30
1000736e:	4788      	blx	r1
10007370:	bd70      	pop	{r4, r5, r6, pc}
10007372:	2201      	movs	r2, #1
10007374:	4b0c      	ldr	r3, [pc, #48]	@ (100073a8 <cyw43_await_background_or_timeout_us+0x64>)
10007376:	4252      	negs	r2, r2
10007378:	e7f6      	b.n	10007368 <cyw43_await_background_or_timeout_us+0x24>
1000737a:	4b0a      	ldr	r3, [pc, #40]	@ (100073a4 <cyw43_await_background_or_timeout_us+0x60>)
1000737c:	681d      	ldr	r5, [r3, #0]
1000737e:	f7fa f885 	bl	1000148c <time_us_64>
10007382:	0022      	movs	r2, r4
10007384:	2300      	movs	r3, #0
10007386:	1812      	adds	r2, r2, r0
10007388:	414b      	adcs	r3, r1
1000738a:	2180      	movs	r1, #128	@ 0x80
1000738c:	0609      	lsls	r1, r1, #24
1000738e:	428b      	cmp	r3, r1
10007390:	d302      	bcc.n	10007398 <cyw43_await_background_or_timeout_us+0x54>
10007392:	2201      	movs	r2, #1
10007394:	4b04      	ldr	r3, [pc, #16]	@ (100073a8 <cyw43_await_background_or_timeout_us+0x64>)
10007396:	4252      	negs	r2, r2
10007398:	6829      	ldr	r1, [r5, #0]
1000739a:	0028      	movs	r0, r5
1000739c:	6ac9      	ldr	r1, [r1, #44]	@ 0x2c
1000739e:	4788      	blx	r1
100073a0:	e7e6      	b.n	10007370 <cyw43_await_background_or_timeout_us+0x2c>
100073a2:	46c0      	nop			@ (mov r8, r8)
100073a4:	2000099c 	.word	0x2000099c
100073a8:	7fffffff 	.word	0x7fffffff

100073ac <cyw43_delay_ms>:
100073ac:	b5f8      	push	{r3, r4, r5, r6, r7, lr}
100073ae:	4b0f      	ldr	r3, [pc, #60]	@ (100073ec <cyw43_delay_ms+0x40>)
100073b0:	0006      	movs	r6, r0
100073b2:	681f      	ldr	r7, [r3, #0]
100073b4:	f7fa f86a 	bl	1000148c <time_us_64>
100073b8:	22fa      	movs	r2, #250	@ 0xfa
100073ba:	0004      	movs	r4, r0
100073bc:	000d      	movs	r5, r1
100073be:	2300      	movs	r3, #0
100073c0:	0092      	lsls	r2, r2, #2
100073c2:	0030      	movs	r0, r6
100073c4:	2100      	movs	r1, #0
100073c6:	f7fa fed9 	bl	1000217c <__wrap___aeabi_lmul>
100073ca:	000b      	movs	r3, r1
100073cc:	0002      	movs	r2, r0
100073ce:	2180      	movs	r1, #128	@ 0x80
100073d0:	1912      	adds	r2, r2, r4
100073d2:	416b      	adcs	r3, r5
100073d4:	0609      	lsls	r1, r1, #24
100073d6:	428b      	cmp	r3, r1
100073d8:	d302      	bcc.n	100073e0 <cyw43_delay_ms+0x34>
100073da:	2201      	movs	r2, #1
100073dc:	4b04      	ldr	r3, [pc, #16]	@ (100073f0 <cyw43_delay_ms+0x44>)
100073de:	4252      	negs	r2, r2
100073e0:	6839      	ldr	r1, [r7, #0]
100073e2:	0038      	movs	r0, r7
100073e4:	6ac9      	ldr	r1, [r1, #44]	@ 0x2c
100073e6:	4788      	blx	r1
100073e8:	bdf8      	pop	{r3, r4, r5, r6, r7, pc}
100073ea:	46c0      	nop			@ (mov r8, r8)
100073ec:	2000099c 	.word	0x2000099c
100073f0:	7fffffff 	.word	0x7fffffff

100073f4 <cyw43_cb_tcpip_deinit>:
100073f4:	4770      	bx	lr
100073f6:	46c0      	nop			@ (mov r8, r8)

100073f8 <cyw43_cb_tcpip_set_link_up>:
100073f8:	b510      	push	{r4, lr}
100073fa:	4801      	ldr	r0, [pc, #4]	@ (10007400 <cyw43_cb_tcpip_set_link_up+0x8>)
100073fc:	f7f9 f806 	bl	1000040c <panic>
10007400:	1003f7c0 	.word	0x1003f7c0

10007404 <cyw43_cb_tcpip_set_link_down>:
10007404:	b510      	push	{r4, lr}
10007406:	4801      	ldr	r0, [pc, #4]	@ (1000740c <cyw43_cb_tcpip_set_link_down+0x8>)
10007408:	f7f9 f800 	bl	1000040c <panic>
1000740c:	1003f7c0 	.word	0x1003f7c0

10007410 <cyw43_cb_process_ethernet>:
10007410:	b510      	push	{r4, lr}
10007412:	4801      	ldr	r0, [pc, #4]	@ (10007418 <cyw43_cb_process_ethernet+0x8>)
10007414:	f7f8 fffa 	bl	1000040c <panic>
10007418:	1003f7c0 	.word	0x1003f7c0

1000741c <async_context_threadsafe_background_acquire_lock_blocking>:
1000741c:	b510      	push	{r4, lr}
1000741e:	3030      	adds	r0, #48	@ 0x30
10007420:	f000 fb66 	bl	10007af0 <__recursive_mutex_enter_blocking_veneer>
10007424:	bd10      	pop	{r4, pc}
10007426:	46c0      	nop			@ (mov r8, r8)

10007428 <async_context_threadsafe_background_deinit>:
10007428:	b570      	push	{r4, r5, r6, lr}
1000742a:	2544      	movs	r5, #68	@ 0x44
1000742c:	0004      	movs	r4, r0
1000742e:	5d40      	ldrb	r0, [r0, r5]
10007430:	2800      	cmp	r0, #0
10007432:	d114      	bne.n	1000745e <async_context_threadsafe_background_deinit+0x36>
10007434:	6c23      	ldr	r3, [r4, #64]	@ 0x40
10007436:	2b00      	cmp	r3, #0
10007438:	dd03      	ble.n	10007442 <async_context_threadsafe_background_deinit+0x1a>
1000743a:	6c21      	ldr	r1, [r4, #64]	@ 0x40
1000743c:	6a20      	ldr	r0, [r4, #32]
1000743e:	f7f9 fe8f 	bl	10001160 <alarm_pool_cancel_alarm>
10007442:	0025      	movs	r5, r4
10007444:	3530      	adds	r5, #48	@ 0x30
10007446:	0028      	movs	r0, r5
10007448:	f000 fb52 	bl	10007af0 <__recursive_mutex_enter_blocking_veneer>
1000744c:	0028      	movs	r0, r5
1000744e:	f000 fb7f 	bl	10007b50 <__recursive_mutex_exit_veneer>
10007452:	2248      	movs	r2, #72	@ 0x48
10007454:	2100      	movs	r1, #0
10007456:	0020      	movs	r0, r4
10007458:	f7fa fee6 	bl	10002228 <__wrap_memset>
1000745c:	bd70      	pop	{r4, r5, r6, pc}
1000745e:	2100      	movs	r1, #0
10007460:	f7f9 f8ba 	bl	100005d8 <irq_set_enabled>
10007464:	4904      	ldr	r1, [pc, #16]	@ (10007478 <async_context_threadsafe_background_deinit+0x50>)
10007466:	5d60      	ldrb	r0, [r4, r5]
10007468:	f7f9 f9e6 	bl	10000838 <irq_remove_handler>
1000746c:	5d60      	ldrb	r0, [r4, r5]
1000746e:	f7f9 fb3b 	bl	10000ae8 <user_irq_unclaim>
10007472:	2300      	movs	r3, #0
10007474:	5563      	strb	r3, [r4, r5]
10007476:	e7dd      	b.n	10007434 <async_context_threadsafe_background_deinit+0xc>
10007478:	10007589 	.word	0x10007589

1000747c <alarm_handler>:
1000747c:	2200      	movs	r2, #0
1000747e:	2345      	movs	r3, #69	@ 0x45
10007480:	b510      	push	{r4, lr}
10007482:	000c      	movs	r4, r1
10007484:	54ca      	strb	r2, [r1, r3]
10007486:	3b01      	subs	r3, #1
10007488:	5cc8      	ldrb	r0, [r1, r3]
1000748a:	f7f9 f8b7 	bl	100005fc <irq_set_pending>
1000748e:	0020      	movs	r0, r4
10007490:	3038      	adds	r0, #56	@ 0x38
10007492:	f000 fb35 	bl	10007b00 <__sem_release_veneer>
10007496:	2000      	movs	r0, #0
10007498:	2100      	movs	r1, #0
1000749a:	bd10      	pop	{r4, pc}

1000749c <async_context_threadsafe_background_set_work_pending>:
1000749c:	2301      	movs	r3, #1
1000749e:	b510      	push	{r4, lr}
100074a0:	0004      	movs	r4, r0
100074a2:	720b      	strb	r3, [r1, #8]
100074a4:	3343      	adds	r3, #67	@ 0x43
100074a6:	5cc0      	ldrb	r0, [r0, r3]
100074a8:	f7f9 f8a8 	bl	100005fc <irq_set_pending>
100074ac:	0020      	movs	r0, r4
100074ae:	3038      	adds	r0, #56	@ 0x38
100074b0:	f000 fb26 	bl	10007b00 <__sem_release_veneer>
100074b4:	bd10      	pop	{r4, pc}
100074b6:	46c0      	nop			@ (mov r8, r8)

100074b8 <process_under_lock>:
100074b8:	b5f0      	push	{r4, r5, r6, r7, lr}
100074ba:	4b31      	ldr	r3, [pc, #196]	@ (10007580 <process_under_lock+0xc8>)
100074bc:	46d6      	mov	lr, sl
100074be:	464f      	mov	r7, r9
100074c0:	4646      	mov	r6, r8
100074c2:	681a      	ldr	r2, [r3, #0]
100074c4:	685b      	ldr	r3, [r3, #4]
100074c6:	0004      	movs	r4, r0
100074c8:	469a      	mov	sl, r3
100074ca:	4b2e      	ldr	r3, [pc, #184]	@ (10007584 <process_under_lock+0xcc>)
100074cc:	4690      	mov	r8, r2
100074ce:	2545      	movs	r5, #69	@ 0x45
100074d0:	4699      	mov	r9, r3
100074d2:	b5c0      	push	{r6, r7, lr}
100074d4:	b084      	sub	sp, #16
100074d6:	0020      	movs	r0, r4
100074d8:	f000 f9c2 	bl	10007860 <async_context_base_execute_once>
100074dc:	0006      	movs	r6, r0
100074de:	000f      	movs	r7, r1
100074e0:	f7f9 ffd4 	bl	1000148c <time_us_64>
100074e4:	0032      	movs	r2, r6
100074e6:	003b      	movs	r3, r7
100074e8:	1a12      	subs	r2, r2, r0
100074ea:	418b      	sbcs	r3, r1
100074ec:	2b00      	cmp	r3, #0
100074ee:	dd29      	ble.n	10007544 <process_under_lock+0x8c>
100074f0:	4546      	cmp	r6, r8
100074f2:	d02d      	beq.n	10007550 <process_under_lock+0x98>
100074f4:	5d63      	ldrb	r3, [r4, r5]
100074f6:	2b00      	cmp	r3, #0
100074f8:	d008      	beq.n	1000750c <process_under_lock+0x54>
100074fa:	6aa2      	ldr	r2, [r4, #40]	@ 0x28
100074fc:	6ae3      	ldr	r3, [r4, #44]	@ 0x2c
100074fe:	0030      	movs	r0, r6
10007500:	0039      	movs	r1, r7
10007502:	1a80      	subs	r0, r0, r2
10007504:	4199      	sbcs	r1, r3
10007506:	2900      	cmp	r1, #0
10007508:	dc27      	bgt.n	1000755a <process_under_lock+0xa2>
1000750a:	d035      	beq.n	10007578 <process_under_lock+0xc0>
1000750c:	6c23      	ldr	r3, [r4, #64]	@ 0x40
1000750e:	2b00      	cmp	r3, #0
10007510:	dd03      	ble.n	1000751a <process_under_lock+0x62>
10007512:	6c21      	ldr	r1, [r4, #64]	@ 0x40
10007514:	6a20      	ldr	r0, [r4, #32]
10007516:	f7f9 fe23 	bl	10001160 <alarm_pool_cancel_alarm>
1000751a:	2301      	movs	r3, #1
1000751c:	62a6      	str	r6, [r4, #40]	@ 0x28
1000751e:	62e7      	str	r7, [r4, #44]	@ 0x2c
10007520:	5563      	strb	r3, [r4, r5]
10007522:	2300      	movs	r3, #0
10007524:	6a20      	ldr	r0, [r4, #32]
10007526:	9302      	str	r3, [sp, #8]
10007528:	464b      	mov	r3, r9
1000752a:	0032      	movs	r2, r6
1000752c:	9300      	str	r3, [sp, #0]
1000752e:	9401      	str	r4, [sp, #4]
10007530:	003b      	movs	r3, r7
10007532:	f7f9 fd53 	bl	10000fdc <alarm_pool_add_alarm_at>
10007536:	6420      	str	r0, [r4, #64]	@ 0x40
10007538:	6c23      	ldr	r3, [r4, #64]	@ 0x40
1000753a:	2b00      	cmp	r3, #0
1000753c:	dc0d      	bgt.n	1000755a <process_under_lock+0xa2>
1000753e:	2300      	movs	r3, #0
10007540:	5563      	strb	r3, [r4, r5]
10007542:	e7c8      	b.n	100074d6 <process_under_lock+0x1e>
10007544:	2b00      	cmp	r3, #0
10007546:	d1c6      	bne.n	100074d6 <process_under_lock+0x1e>
10007548:	2a00      	cmp	r2, #0
1000754a:	d0c4      	beq.n	100074d6 <process_under_lock+0x1e>
1000754c:	4546      	cmp	r6, r8
1000754e:	d1d1      	bne.n	100074f4 <process_under_lock+0x3c>
10007550:	4557      	cmp	r7, sl
10007552:	d1cf      	bne.n	100074f4 <process_under_lock+0x3c>
10007554:	6c23      	ldr	r3, [r4, #64]	@ 0x40
10007556:	2b00      	cmp	r3, #0
10007558:	dc05      	bgt.n	10007566 <process_under_lock+0xae>
1000755a:	b004      	add	sp, #16
1000755c:	bce0      	pop	{r5, r6, r7}
1000755e:	46ba      	mov	sl, r7
10007560:	46b1      	mov	r9, r6
10007562:	46a8      	mov	r8, r5
10007564:	bdf0      	pop	{r4, r5, r6, r7, pc}
10007566:	6c21      	ldr	r1, [r4, #64]	@ 0x40
10007568:	6a20      	ldr	r0, [r4, #32]
1000756a:	f7f9 fdf9 	bl	10001160 <alarm_pool_cancel_alarm>
1000756e:	2300      	movs	r3, #0
10007570:	2245      	movs	r2, #69	@ 0x45
10007572:	6423      	str	r3, [r4, #64]	@ 0x40
10007574:	54a3      	strb	r3, [r4, r2]
10007576:	e7f0      	b.n	1000755a <process_under_lock+0xa2>
10007578:	2800      	cmp	r0, #0
1000757a:	d0c7      	beq.n	1000750c <process_under_lock+0x54>
1000757c:	e7ed      	b.n	1000755a <process_under_lock+0xa2>
1000757e:	46c0      	nop			@ (mov r8, r8)
10007580:	10007be0 	.word	0x10007be0
10007584:	1000747d 	.word	0x1000747d

10007588 <low_priority_irq_handler>:
10007588:	b570      	push	{r4, r5, r6, lr}
1000758a:	f3ef 8305 	mrs	r3, IPSR
1000758e:	4a0c      	ldr	r2, [pc, #48]	@ (100075c0 <low_priority_irq_handler+0x38>)
10007590:	3b2a      	subs	r3, #42	@ 0x2a
10007592:	009b      	lsls	r3, r3, #2
10007594:	589c      	ldr	r4, [r3, r2]
10007596:	2c00      	cmp	r4, #0
10007598:	d00d      	beq.n	100075b6 <low_priority_irq_handler+0x2e>
1000759a:	0025      	movs	r5, r4
1000759c:	3530      	adds	r5, #48	@ 0x30
1000759e:	2100      	movs	r1, #0
100075a0:	0028      	movs	r0, r5
100075a2:	f000 fabd 	bl	10007b20 <__recursive_mutex_try_enter_veneer>
100075a6:	2800      	cmp	r0, #0
100075a8:	d005      	beq.n	100075b6 <low_priority_irq_handler+0x2e>
100075aa:	796b      	ldrb	r3, [r5, #5]
100075ac:	2b01      	cmp	r3, #1
100075ae:	d003      	beq.n	100075b8 <low_priority_irq_handler+0x30>
100075b0:	0028      	movs	r0, r5
100075b2:	f000 facd 	bl	10007b50 <__recursive_mutex_exit_veneer>
100075b6:	bd70      	pop	{r4, r5, r6, pc}
100075b8:	0020      	movs	r0, r4
100075ba:	f7ff ff7d 	bl	100074b8 <process_under_lock>
100075be:	e7f7      	b.n	100075b0 <low_priority_irq_handler+0x28>
100075c0:	20000844 	.word	0x20000844

100075c4 <async_context_threadsafe_background_execute_sync>:
100075c4:	b5f8      	push	{r3, r4, r5, r6, r7, lr}
100075c6:	0006      	movs	r6, r0
100075c8:	0017      	movs	r7, r2
100075ca:	3630      	adds	r6, #48	@ 0x30
100075cc:	0004      	movs	r4, r0
100075ce:	0030      	movs	r0, r6
100075d0:	000d      	movs	r5, r1
100075d2:	f000 fa8d 	bl	10007af0 <__recursive_mutex_enter_blocking_veneer>
100075d6:	0038      	movs	r0, r7
100075d8:	47a8      	blx	r5
100075da:	7973      	ldrb	r3, [r6, #5]
100075dc:	0005      	movs	r5, r0
100075de:	2b01      	cmp	r3, #1
100075e0:	d004      	beq.n	100075ec <async_context_threadsafe_background_execute_sync+0x28>
100075e2:	0030      	movs	r0, r6
100075e4:	f000 fab4 	bl	10007b50 <__recursive_mutex_exit_veneer>
100075e8:	0028      	movs	r0, r5
100075ea:	bdf8      	pop	{r3, r4, r5, r6, r7, pc}
100075ec:	0020      	movs	r0, r4
100075ee:	f7ff ff63 	bl	100074b8 <process_under_lock>
100075f2:	e7f6      	b.n	100075e2 <async_context_threadsafe_background_execute_sync+0x1e>

100075f4 <async_context_threadsafe_background_wait_for_work_until>:
100075f4:	b510      	push	{r4, lr}
100075f6:	3038      	adds	r0, #56	@ 0x38
100075f8:	f000 faa2 	bl	10007b40 <__sem_acquire_block_until_veneer>
100075fc:	bd10      	pop	{r4, pc}
100075fe:	46c0      	nop			@ (mov r8, r8)

10007600 <async_context_threadsafe_background_wait_until>:
10007600:	0010      	movs	r0, r2
10007602:	0019      	movs	r1, r3
10007604:	b510      	push	{r4, lr}
10007606:	f3ef 8305 	mrs	r3, IPSR
1000760a:	2b00      	cmp	r3, #0
1000760c:	d002      	beq.n	10007614 <async_context_threadsafe_background_wait_until+0x14>
1000760e:	f7f9 ff47 	bl	100014a0 <busy_wait_until>
10007612:	bd10      	pop	{r4, pc}
10007614:	f7f9 fdde 	bl	100011d4 <sleep_until>
10007618:	e7fb      	b.n	10007612 <async_context_threadsafe_background_wait_until+0x12>
1000761a:	46c0      	nop			@ (mov r8, r8)

1000761c <async_context_threadsafe_background_lock_check>:
1000761c:	b510      	push	{r4, lr}
1000761e:	3030      	adds	r0, #48	@ 0x30
10007620:	7943      	ldrb	r3, [r0, #5]
10007622:	2b00      	cmp	r3, #0
10007624:	d008      	beq.n	10007638 <async_context_threadsafe_background_lock_check+0x1c>
10007626:	23d0      	movs	r3, #208	@ 0xd0
10007628:	2200      	movs	r2, #0
1000762a:	061b      	lsls	r3, r3, #24
1000762c:	569a      	ldrsb	r2, [r3, r2]
1000762e:	2304      	movs	r3, #4
10007630:	56c3      	ldrsb	r3, [r0, r3]
10007632:	429a      	cmp	r2, r3
10007634:	d100      	bne.n	10007638 <async_context_threadsafe_background_lock_check+0x1c>
10007636:	bd10      	pop	{r4, pc}
10007638:	4801      	ldr	r0, [pc, #4]	@ (10007640 <async_context_threadsafe_background_lock_check+0x24>)
1000763a:	f7f8 fee7 	bl	1000040c <panic>
1000763e:	46c0      	nop			@ (mov r8, r8)
10007640:	1003f7e0 	.word	0x1003f7e0

10007644 <async_context_threadsafe_background_release_lock>:
10007644:	b510      	push	{r4, lr}
10007646:	0004      	movs	r4, r0
10007648:	3430      	adds	r4, #48	@ 0x30
1000764a:	7963      	ldrb	r3, [r4, #5]
1000764c:	2b01      	cmp	r3, #1
1000764e:	d003      	beq.n	10007658 <async_context_threadsafe_background_release_lock+0x14>
10007650:	0020      	movs	r0, r4
10007652:	f000 fa7d 	bl	10007b50 <__recursive_mutex_exit_veneer>
10007656:	bd10      	pop	{r4, pc}
10007658:	f7ff ff2e 	bl	100074b8 <process_under_lock>
1000765c:	e7f8      	b.n	10007650 <async_context_threadsafe_background_release_lock+0xc>
1000765e:	46c0      	nop			@ (mov r8, r8)

10007660 <async_context_threadsafe_background_add_at_time_worker>:
10007660:	b570      	push	{r4, r5, r6, lr}
10007662:	0006      	movs	r6, r0
10007664:	000d      	movs	r5, r1
10007666:	0004      	movs	r4, r0
10007668:	3630      	adds	r6, #48	@ 0x30
1000766a:	0030      	movs	r0, r6
1000766c:	f000 fa40 	bl	10007af0 <__recursive_mutex_enter_blocking_veneer>
10007670:	0029      	movs	r1, r5
10007672:	0020      	movs	r0, r4
10007674:	f000 f8a8 	bl	100077c8 <async_context_base_add_at_time_worker>
10007678:	7973      	ldrb	r3, [r6, #5]
1000767a:	0005      	movs	r5, r0
1000767c:	2b01      	cmp	r3, #1
1000767e:	d004      	beq.n	1000768a <async_context_threadsafe_background_add_at_time_worker+0x2a>
10007680:	0030      	movs	r0, r6
10007682:	f000 fa65 	bl	10007b50 <__recursive_mutex_exit_veneer>
10007686:	0028      	movs	r0, r5
10007688:	bd70      	pop	{r4, r5, r6, pc}
1000768a:	0020      	movs	r0, r4
1000768c:	f7ff ff14 	bl	100074b8 <process_under_lock>
10007690:	e7f6      	b.n	10007680 <async_context_threadsafe_background_add_at_time_worker+0x20>
10007692:	46c0      	nop			@ (mov r8, r8)

10007694 <async_context_threadsafe_background_remove_at_time_worker>:
10007694:	b570      	push	{r4, r5, r6, lr}
10007696:	0006      	movs	r6, r0
10007698:	000d      	movs	r5, r1
1000769a:	0004      	movs	r4, r0
1000769c:	3630      	adds	r6, #48	@ 0x30
1000769e:	0030      	movs	r0, r6
100076a0:	f000 fa26 	bl	10007af0 <__recursive_mutex_enter_blocking_veneer>
100076a4:	0029      	movs	r1, r5
100076a6:	0020      	movs	r0, r4
100076a8:	f000 f8a0 	bl	100077ec <async_context_base_remove_at_time_worker>
100076ac:	7973      	ldrb	r3, [r6, #5]
100076ae:	0005      	movs	r5, r0
100076b0:	2b01      	cmp	r3, #1
100076b2:	d004      	beq.n	100076be <async_context_threadsafe_background_remove_at_time_worker+0x2a>
100076b4:	0030      	movs	r0, r6
100076b6:	f000 fa4b 	bl	10007b50 <__recursive_mutex_exit_veneer>
100076ba:	0028      	movs	r0, r5
100076bc:	bd70      	pop	{r4, r5, r6, pc}
100076be:	0020      	movs	r0, r4
100076c0:	f7ff fefa 	bl	100074b8 <process_under_lock>
100076c4:	e7f6      	b.n	100076b4 <async_context_threadsafe_background_remove_at_time_worker+0x20>
100076c6:	46c0      	nop			@ (mov r8, r8)

100076c8 <async_context_threadsafe_background_add_when_pending_worker>:
100076c8:	b570      	push	{r4, r5, r6, lr}
100076ca:	0006      	movs	r6, r0
100076cc:	000d      	movs	r5, r1
100076ce:	0004      	movs	r4, r0
100076d0:	3630      	adds	r6, #48	@ 0x30
100076d2:	0030      	movs	r0, r6
100076d4:	f000 fa0c 	bl	10007af0 <__recursive_mutex_enter_blocking_veneer>
100076d8:	0029      	movs	r1, r5
100076da:	0020      	movs	r0, r4
100076dc:	f000 f89a 	bl	10007814 <async_context_base_add_when_pending_worker>
100076e0:	7973      	ldrb	r3, [r6, #5]
100076e2:	0005      	movs	r5, r0
100076e4:	2b01      	cmp	r3, #1
100076e6:	d004      	beq.n	100076f2 <async_context_threadsafe_background_add_when_pending_worker+0x2a>
100076e8:	0030      	movs	r0, r6
100076ea:	f000 fa31 	bl	10007b50 <__recursive_mutex_exit_veneer>
100076ee:	0028      	movs	r0, r5
100076f0:	bd70      	pop	{r4, r5, r6, pc}
100076f2:	0020      	movs	r0, r4
100076f4:	f7ff fee0 	bl	100074b8 <process_under_lock>
100076f8:	e7f6      	b.n	100076e8 <async_context_threadsafe_background_add_when_pending_worker+0x20>
100076fa:	46c0      	nop			@ (mov r8, r8)

100076fc <async_context_threadsafe_background_when_pending_worker>:
100076fc:	b570      	push	{r4, r5, r6, lr}
100076fe:	0006      	movs	r6, r0
10007700:	000d      	movs	r5, r1
10007702:	0004      	movs	r4, r0
10007704:	3630      	adds	r6, #48	@ 0x30
10007706:	0030      	movs	r0, r6
10007708:	f000 f9f2 	bl	10007af0 <__recursive_mutex_enter_blocking_veneer>
1000770c:	0029      	movs	r1, r5
1000770e:	0020      	movs	r0, r4
10007710:	f000 f892 	bl	10007838 <async_context_base_remove_when_pending_worker>
10007714:	7973      	ldrb	r3, [r6, #5]
10007716:	0005      	movs	r5, r0
10007718:	2b01      	cmp	r3, #1
1000771a:	d004      	beq.n	10007726 <async_context_threadsafe_background_when_pending_worker+0x2a>
1000771c:	0030      	movs	r0, r6
1000771e:	f000 fa17 	bl	10007b50 <__recursive_mutex_exit_veneer>
10007722:	0028      	movs	r0, r5
10007724:	bd70      	pop	{r4, r5, r6, pc}
10007726:	0020      	movs	r0, r4
10007728:	f7ff fec6 	bl	100074b8 <process_under_lock>
1000772c:	e7f6      	b.n	1000771c <async_context_threadsafe_background_when_pending_worker+0x20>
1000772e:	46c0      	nop			@ (mov r8, r8)

10007730 <async_context_threadsafe_background_default_config>:
10007730:	23ff      	movs	r3, #255	@ 0xff
10007732:	7003      	strb	r3, [r0, #0]
10007734:	2300      	movs	r3, #0
10007736:	6043      	str	r3, [r0, #4]
10007738:	4770      	bx	lr
1000773a:	46c0      	nop			@ (mov r8, r8)

1000773c <async_context_threadsafe_background_init>:
1000773c:	b570      	push	{r4, r5, r6, lr}
1000773e:	0004      	movs	r4, r0
10007740:	000d      	movs	r5, r1
10007742:	2244      	movs	r2, #68	@ 0x44
10007744:	2100      	movs	r1, #0
10007746:	3004      	adds	r0, #4
10007748:	f7fa fd6e 	bl	10002228 <__wrap_memset>
1000774c:	4b1b      	ldr	r3, [pc, #108]	@ (100077bc <async_context_threadsafe_background_init+0x80>)
1000774e:	6023      	str	r3, [r4, #0]
10007750:	2303      	movs	r3, #3
10007752:	8323      	strh	r3, [r4, #24]
10007754:	23d0      	movs	r3, #208	@ 0xd0
10007756:	061b      	lsls	r3, r3, #24
10007758:	681b      	ldr	r3, [r3, #0]
1000775a:	76a3      	strb	r3, [r4, #26]
1000775c:	6868      	ldr	r0, [r5, #4]
1000775e:	2800      	cmp	r0, #0
10007760:	d028      	beq.n	100077b4 <async_context_threadsafe_background_init+0x78>
10007762:	6220      	str	r0, [r4, #32]
10007764:	0020      	movs	r0, r4
10007766:	2201      	movs	r2, #1
10007768:	2101      	movs	r1, #1
1000776a:	3038      	adds	r0, #56	@ 0x38
1000776c:	f7f9 f9dc 	bl	10000b28 <sem_init>
10007770:	0020      	movs	r0, r4
10007772:	3030      	adds	r0, #48	@ 0x30
10007774:	f7f9 fa1c 	bl	10000bb0 <recursive_mutex_init>
10007778:	2000      	movs	r0, #0
1000777a:	782e      	ldrb	r6, [r5, #0]
1000777c:	f7f9 f9be 	bl	10000afc <user_irq_claim_unused>
10007780:	0003      	movs	r3, r0
10007782:	2000      	movs	r0, #0
10007784:	2b00      	cmp	r3, #0
10007786:	db14      	blt.n	100077b2 <async_context_threadsafe_background_init+0x76>
10007788:	0019      	movs	r1, r3
1000778a:	2544      	movs	r5, #68	@ 0x44
1000778c:	4a0c      	ldr	r2, [pc, #48]	@ (100077c0 <async_context_threadsafe_background_init+0x84>)
1000778e:	391a      	subs	r1, #26
10007790:	0089      	lsls	r1, r1, #2
10007792:	30ff      	adds	r0, #255	@ 0xff
10007794:	508c      	str	r4, [r1, r2]
10007796:	4018      	ands	r0, r3
10007798:	5563      	strb	r3, [r4, r5]
1000779a:	490a      	ldr	r1, [pc, #40]	@ (100077c4 <async_context_threadsafe_background_init+0x88>)
1000779c:	f7f8 ff38 	bl	10000610 <irq_set_exclusive_handler>
100077a0:	2101      	movs	r1, #1
100077a2:	5d60      	ldrb	r0, [r4, r5]
100077a4:	f7f8 ff18 	bl	100005d8 <irq_set_enabled>
100077a8:	5d60      	ldrb	r0, [r4, r5]
100077aa:	0031      	movs	r1, r6
100077ac:	f7f9 f92e 	bl	10000a0c <irq_set_priority>
100077b0:	2001      	movs	r0, #1
100077b2:	bd70      	pop	{r4, r5, r6, pc}
100077b4:	f7f9 fc0e 	bl	10000fd4 <alarm_pool_get_default>
100077b8:	e7d3      	b.n	10007762 <async_context_threadsafe_background_init+0x26>
100077ba:	46c0      	nop			@ (mov r8, r8)
100077bc:	1003f800 	.word	0x1003f800
100077c0:	20000844 	.word	0x20000844
100077c4:	10007589 	.word	0x10007589

100077c8 <async_context_base_add_at_time_worker>:
100077c8:	6883      	ldr	r3, [r0, #8]
100077ca:	3008      	adds	r0, #8
100077cc:	2b00      	cmp	r3, #0
100077ce:	d104      	bne.n	100077da <async_context_base_add_at_time_worker+0x12>
100077d0:	e007      	b.n	100077e2 <async_context_base_add_at_time_worker+0x1a>
100077d2:	0018      	movs	r0, r3
100077d4:	681b      	ldr	r3, [r3, #0]
100077d6:	2b00      	cmp	r3, #0
100077d8:	d003      	beq.n	100077e2 <async_context_base_add_at_time_worker+0x1a>
100077da:	4299      	cmp	r1, r3
100077dc:	d1f9      	bne.n	100077d2 <async_context_base_add_at_time_worker+0xa>
100077de:	2000      	movs	r0, #0
100077e0:	e003      	b.n	100077ea <async_context_base_add_at_time_worker+0x22>
100077e2:	2300      	movs	r3, #0
100077e4:	6001      	str	r1, [r0, #0]
100077e6:	2001      	movs	r0, #1
100077e8:	600b      	str	r3, [r1, #0]
100077ea:	4770      	bx	lr

100077ec <async_context_base_remove_at_time_worker>:
100077ec:	6883      	ldr	r3, [r0, #8]
100077ee:	2b00      	cmp	r3, #0
100077f0:	d008      	beq.n	10007804 <async_context_base_remove_at_time_worker+0x18>
100077f2:	4299      	cmp	r1, r3
100077f4:	d102      	bne.n	100077fc <async_context_base_remove_at_time_worker+0x10>
100077f6:	e007      	b.n	10007808 <async_context_base_remove_at_time_worker+0x1c>
100077f8:	4299      	cmp	r1, r3
100077fa:	d006      	beq.n	1000780a <async_context_base_remove_at_time_worker+0x1e>
100077fc:	0018      	movs	r0, r3
100077fe:	681b      	ldr	r3, [r3, #0]
10007800:	2b00      	cmp	r3, #0
10007802:	d1f9      	bne.n	100077f8 <async_context_base_remove_at_time_worker+0xc>
10007804:	2000      	movs	r0, #0
10007806:	4770      	bx	lr
10007808:	3008      	adds	r0, #8
1000780a:	680b      	ldr	r3, [r1, #0]
1000780c:	6003      	str	r3, [r0, #0]
1000780e:	2001      	movs	r0, #1
10007810:	e7f9      	b.n	10007806 <async_context_base_remove_at_time_worker+0x1a>
10007812:	46c0      	nop			@ (mov r8, r8)

10007814 <async_context_base_add_when_pending_worker>:
10007814:	6843      	ldr	r3, [r0, #4]
10007816:	3004      	adds	r0, #4
10007818:	2b00      	cmp	r3, #0
1000781a:	d104      	bne.n	10007826 <async_context_base_add_when_pending_worker+0x12>
1000781c:	e007      	b.n	1000782e <async_context_base_add_when_pending_worker+0x1a>
1000781e:	0018      	movs	r0, r3
10007820:	681b      	ldr	r3, [r3, #0]
10007822:	2b00      	cmp	r3, #0
10007824:	d003      	beq.n	1000782e <async_context_base_add_when_pending_worker+0x1a>
10007826:	4299      	cmp	r1, r3
10007828:	d1f9      	bne.n	1000781e <async_context_base_add_when_pending_worker+0xa>
1000782a:	2000      	movs	r0, #0
1000782c:	e003      	b.n	10007836 <async_context_base_add_when_pending_worker+0x22>
1000782e:	2300      	movs	r3, #0
10007830:	6001      	str	r1, [r0, #0]
10007832:	2001      	movs	r0, #1
10007834:	600b      	str	r3, [r1, #0]
10007836:	4770      	bx	lr

10007838 <async_context_base_remove_when_pending_worker>:
10007838:	6843      	ldr	r3, [r0, #4]
1000783a:	2b00      	cmp	r3, #0
1000783c:	d008      	beq.n	10007850 <async_context_base_remove_when_pending_worker+0x18>
1000783e:	4299      	cmp	r1, r3
10007840:	d102      	bne.n	10007848 <async_context_base_remove_when_pending_worker+0x10>
10007842:	e007      	b.n	10007854 <async_context_base_remove_when_pending_worker+0x1c>
10007844:	4299      	cmp	r1, r3
10007846:	d006      	beq.n	10007856 <async_context_base_remove_when_pending_worker+0x1e>
10007848:	0018      	movs	r0, r3
1000784a:	681b      	ldr	r3, [r3, #0]
1000784c:	2b00      	cmp	r3, #0
1000784e:	d1f9      	bne.n	10007844 <async_context_base_remove_when_pending_worker+0xc>
10007850:	2000      	movs	r0, #0
10007852:	4770      	bx	lr
10007854:	3004      	adds	r0, #4
10007856:	680b      	ldr	r3, [r1, #0]
10007858:	6003      	str	r3, [r0, #0]
1000785a:	2001      	movs	r0, #1
1000785c:	e7f9      	b.n	10007852 <async_context_base_remove_when_pending_worker+0x1a>
1000785e:	46c0      	nop			@ (mov r8, r8)

10007860 <async_context_base_execute_once>:
10007860:	b5f0      	push	{r4, r5, r6, r7, lr}
10007862:	4646      	mov	r6, r8
10007864:	46d6      	mov	lr, sl
10007866:	464f      	mov	r7, r9
10007868:	6883      	ldr	r3, [r0, #8]
1000786a:	4680      	mov	r8, r0
1000786c:	b5c0      	push	{r6, r7, lr}
1000786e:	2b00      	cmp	r3, #0
10007870:	d02c      	beq.n	100078cc <async_context_base_execute_once+0x6c>
10007872:	2308      	movs	r3, #8
10007874:	4443      	add	r3, r8
10007876:	4699      	mov	r9, r3
10007878:	f7f9 fe08 	bl	1000148c <time_us_64>
1000787c:	4643      	mov	r3, r8
1000787e:	689b      	ldr	r3, [r3, #8]
10007880:	0004      	movs	r4, r0
10007882:	000d      	movs	r5, r1
10007884:	469c      	mov	ip, r3
10007886:	2b00      	cmp	r3, #0
10007888:	d020      	beq.n	100078cc <async_context_base_execute_once+0x6c>
1000788a:	001e      	movs	r6, r3
1000788c:	2300      	movs	r3, #0
1000788e:	464f      	mov	r7, r9
10007890:	469a      	mov	sl, r3
10007892:	68b2      	ldr	r2, [r6, #8]
10007894:	68f3      	ldr	r3, [r6, #12]
10007896:	0020      	movs	r0, r4
10007898:	0029      	movs	r1, r5
1000789a:	1a80      	subs	r0, r0, r2
1000789c:	4199      	sbcs	r1, r3
1000789e:	2900      	cmp	r1, #0
100078a0:	db02      	blt.n	100078a8 <async_context_base_execute_once+0x48>
100078a2:	0014      	movs	r4, r2
100078a4:	001d      	movs	r5, r3
100078a6:	46ba      	mov	sl, r7
100078a8:	0037      	movs	r7, r6
100078aa:	6836      	ldr	r6, [r6, #0]
100078ac:	2e00      	cmp	r6, #0
100078ae:	d1f0      	bne.n	10007892 <async_context_base_execute_once+0x32>
100078b0:	4653      	mov	r3, sl
100078b2:	2b00      	cmp	r3, #0
100078b4:	d048      	beq.n	10007948 <async_context_base_execute_once+0xe8>
100078b6:	4652      	mov	r2, sl
100078b8:	6819      	ldr	r1, [r3, #0]
100078ba:	4640      	mov	r0, r8
100078bc:	680b      	ldr	r3, [r1, #0]
100078be:	6013      	str	r3, [r2, #0]
100078c0:	684b      	ldr	r3, [r1, #4]
100078c2:	4798      	blx	r3
100078c4:	4643      	mov	r3, r8
100078c6:	689b      	ldr	r3, [r3, #8]
100078c8:	2b00      	cmp	r3, #0
100078ca:	d1d5      	bne.n	10007878 <async_context_base_execute_once+0x18>
100078cc:	4643      	mov	r3, r8
100078ce:	685c      	ldr	r4, [r3, #4]
100078d0:	2c00      	cmp	r4, #0
100078d2:	d035      	beq.n	10007940 <async_context_base_execute_once+0xe0>
100078d4:	2500      	movs	r5, #0
100078d6:	7a23      	ldrb	r3, [r4, #8]
100078d8:	2b00      	cmp	r3, #0
100078da:	d028      	beq.n	1000792e <async_context_base_execute_once+0xce>
100078dc:	0021      	movs	r1, r4
100078de:	6863      	ldr	r3, [r4, #4]
100078e0:	7225      	strb	r5, [r4, #8]
100078e2:	4640      	mov	r0, r8
100078e4:	4798      	blx	r3
100078e6:	6824      	ldr	r4, [r4, #0]
100078e8:	2c00      	cmp	r4, #0
100078ea:	d1f4      	bne.n	100078d6 <async_context_base_execute_once+0x76>
100078ec:	4643      	mov	r3, r8
100078ee:	689b      	ldr	r3, [r3, #8]
100078f0:	469c      	mov	ip, r3
100078f2:	4b19      	ldr	r3, [pc, #100]	@ (10007958 <async_context_base_execute_once+0xf8>)
100078f4:	6818      	ldr	r0, [r3, #0]
100078f6:	6859      	ldr	r1, [r3, #4]
100078f8:	4663      	mov	r3, ip
100078fa:	2b00      	cmp	r3, #0
100078fc:	d00f      	beq.n	1000791e <async_context_base_execute_once+0xbe>
100078fe:	4663      	mov	r3, ip
10007900:	681a      	ldr	r2, [r3, #0]
10007902:	689c      	ldr	r4, [r3, #8]
10007904:	68dd      	ldr	r5, [r3, #12]
10007906:	4694      	mov	ip, r2
10007908:	000b      	movs	r3, r1
1000790a:	0002      	movs	r2, r0
1000790c:	1b12      	subs	r2, r2, r4
1000790e:	41ab      	sbcs	r3, r5
10007910:	2b00      	cmp	r3, #0
10007912:	dd10      	ble.n	10007936 <async_context_base_execute_once+0xd6>
10007914:	4663      	mov	r3, ip
10007916:	0020      	movs	r0, r4
10007918:	0029      	movs	r1, r5
1000791a:	2b00      	cmp	r3, #0
1000791c:	d1ef      	bne.n	100078fe <async_context_base_execute_once+0x9e>
1000791e:	4643      	mov	r3, r8
10007920:	6118      	str	r0, [r3, #16]
10007922:	6159      	str	r1, [r3, #20]
10007924:	bce0      	pop	{r5, r6, r7}
10007926:	46ba      	mov	sl, r7
10007928:	46b1      	mov	r9, r6
1000792a:	46a8      	mov	r8, r5
1000792c:	bdf0      	pop	{r4, r5, r6, r7, pc}
1000792e:	6824      	ldr	r4, [r4, #0]
10007930:	2c00      	cmp	r4, #0
10007932:	d1d0      	bne.n	100078d6 <async_context_base_execute_once+0x76>
10007934:	e7da      	b.n	100078ec <async_context_base_execute_once+0x8c>
10007936:	2b00      	cmp	r3, #0
10007938:	d1de      	bne.n	100078f8 <async_context_base_execute_once+0x98>
1000793a:	2a00      	cmp	r2, #0
1000793c:	d1ea      	bne.n	10007914 <async_context_base_execute_once+0xb4>
1000793e:	e7db      	b.n	100078f8 <async_context_base_execute_once+0x98>
10007940:	4b05      	ldr	r3, [pc, #20]	@ (10007958 <async_context_base_execute_once+0xf8>)
10007942:	6818      	ldr	r0, [r3, #0]
10007944:	6859      	ldr	r1, [r3, #4]
10007946:	e7ea      	b.n	1000791e <async_context_base_execute_once+0xbe>
10007948:	4643      	mov	r3, r8
1000794a:	685c      	ldr	r4, [r3, #4]
1000794c:	2c00      	cmp	r4, #0
1000794e:	d1c1      	bne.n	100078d4 <async_context_base_execute_once+0x74>
10007950:	4b01      	ldr	r3, [pc, #4]	@ (10007958 <async_context_base_execute_once+0xf8>)
10007952:	6818      	ldr	r0, [r3, #0]
10007954:	6859      	ldr	r1, [r3, #4]
10007956:	e7d2      	b.n	100078fe <async_context_base_execute_once+0x9e>
10007958:	10007be0 	.word	0x10007be0

1000795c <memmove>:
1000795c:	b5f0      	push	{r4, r5, r6, r7, lr}
1000795e:	4288      	cmp	r0, r1
10007960:	d90a      	bls.n	10007978 <memmove+0x1c>
10007962:	188b      	adds	r3, r1, r2
10007964:	4298      	cmp	r0, r3
10007966:	d207      	bcs.n	10007978 <memmove+0x1c>
10007968:	1e53      	subs	r3, r2, #1
1000796a:	2a00      	cmp	r2, #0
1000796c:	d003      	beq.n	10007976 <memmove+0x1a>
1000796e:	5cca      	ldrb	r2, [r1, r3]
10007970:	54c2      	strb	r2, [r0, r3]
10007972:	3b01      	subs	r3, #1
10007974:	d2fb      	bcs.n	1000796e <memmove+0x12>
10007976:	bdf0      	pop	{r4, r5, r6, r7, pc}
10007978:	0005      	movs	r5, r0
1000797a:	2a0f      	cmp	r2, #15
1000797c:	d80a      	bhi.n	10007994 <memmove+0x38>
1000797e:	1e56      	subs	r6, r2, #1
10007980:	2a00      	cmp	r2, #0
10007982:	d0f8      	beq.n	10007976 <memmove+0x1a>
10007984:	2300      	movs	r3, #0
10007986:	5ccc      	ldrb	r4, [r1, r3]
10007988:	001a      	movs	r2, r3
1000798a:	54ec      	strb	r4, [r5, r3]
1000798c:	3301      	adds	r3, #1
1000798e:	4296      	cmp	r6, r2
10007990:	d1f9      	bne.n	10007986 <memmove+0x2a>
10007992:	e7f0      	b.n	10007976 <memmove+0x1a>
10007994:	2403      	movs	r4, #3
10007996:	0003      	movs	r3, r0
10007998:	0026      	movs	r6, r4
1000799a:	430b      	orrs	r3, r1
1000799c:	401e      	ands	r6, r3
1000799e:	421c      	tst	r4, r3
100079a0:	d130      	bne.n	10007a04 <memmove+0xa8>
100079a2:	0015      	movs	r5, r2
100079a4:	3d10      	subs	r5, #16
100079a6:	092d      	lsrs	r5, r5, #4
100079a8:	0003      	movs	r3, r0
100079aa:	000c      	movs	r4, r1
100079ac:	46ac      	mov	ip, r5
100079ae:	012f      	lsls	r7, r5, #4
100079b0:	183f      	adds	r7, r7, r0
100079b2:	6825      	ldr	r5, [r4, #0]
100079b4:	601d      	str	r5, [r3, #0]
100079b6:	6865      	ldr	r5, [r4, #4]
100079b8:	605d      	str	r5, [r3, #4]
100079ba:	68a5      	ldr	r5, [r4, #8]
100079bc:	609d      	str	r5, [r3, #8]
100079be:	68e5      	ldr	r5, [r4, #12]
100079c0:	3410      	adds	r4, #16
100079c2:	60dd      	str	r5, [r3, #12]
100079c4:	001d      	movs	r5, r3
100079c6:	3310      	adds	r3, #16
100079c8:	42bd      	cmp	r5, r7
100079ca:	d1f2      	bne.n	100079b2 <memmove+0x56>
100079cc:	4665      	mov	r5, ip
100079ce:	230f      	movs	r3, #15
100079d0:	240c      	movs	r4, #12
100079d2:	3501      	adds	r5, #1
100079d4:	012d      	lsls	r5, r5, #4
100079d6:	1949      	adds	r1, r1, r5
100079d8:	4013      	ands	r3, r2
100079da:	1945      	adds	r5, r0, r5
100079dc:	4214      	tst	r4, r2
100079de:	d013      	beq.n	10007a08 <memmove+0xac>
100079e0:	598c      	ldr	r4, [r1, r6]
100079e2:	51ac      	str	r4, [r5, r6]
100079e4:	3604      	adds	r6, #4
100079e6:	1b9c      	subs	r4, r3, r6
100079e8:	2c03      	cmp	r4, #3
100079ea:	d8f9      	bhi.n	100079e0 <memmove+0x84>
100079ec:	3b04      	subs	r3, #4
100079ee:	089b      	lsrs	r3, r3, #2
100079f0:	3301      	adds	r3, #1
100079f2:	009b      	lsls	r3, r3, #2
100079f4:	18ed      	adds	r5, r5, r3
100079f6:	18c9      	adds	r1, r1, r3
100079f8:	2303      	movs	r3, #3
100079fa:	401a      	ands	r2, r3
100079fc:	1e56      	subs	r6, r2, #1
100079fe:	2a00      	cmp	r2, #0
10007a00:	d1c0      	bne.n	10007984 <memmove+0x28>
10007a02:	e7b8      	b.n	10007976 <memmove+0x1a>
10007a04:	1e56      	subs	r6, r2, #1
10007a06:	e7bd      	b.n	10007984 <memmove+0x28>
10007a08:	001a      	movs	r2, r3
10007a0a:	e7b8      	b.n	1000797e <memmove+0x22>

10007a0c <strlen>:
10007a0c:	b510      	push	{r4, lr}
10007a0e:	0783      	lsls	r3, r0, #30
10007a10:	d00a      	beq.n	10007a28 <strlen+0x1c>
10007a12:	0003      	movs	r3, r0
10007a14:	2103      	movs	r1, #3
10007a16:	e002      	b.n	10007a1e <strlen+0x12>
10007a18:	3301      	adds	r3, #1
10007a1a:	420b      	tst	r3, r1
10007a1c:	d005      	beq.n	10007a2a <strlen+0x1e>
10007a1e:	781a      	ldrb	r2, [r3, #0]
10007a20:	2a00      	cmp	r2, #0
10007a22:	d1f9      	bne.n	10007a18 <strlen+0xc>
10007a24:	1a18      	subs	r0, r3, r0
10007a26:	bd10      	pop	{r4, pc}
10007a28:	0003      	movs	r3, r0
10007a2a:	6819      	ldr	r1, [r3, #0]
10007a2c:	4a0c      	ldr	r2, [pc, #48]	@ (10007a60 <strlen+0x54>)
10007a2e:	4c0d      	ldr	r4, [pc, #52]	@ (10007a64 <strlen+0x58>)
10007a30:	188a      	adds	r2, r1, r2
10007a32:	438a      	bics	r2, r1
10007a34:	4222      	tst	r2, r4
10007a36:	d10f      	bne.n	10007a58 <strlen+0x4c>
10007a38:	6859      	ldr	r1, [r3, #4]
10007a3a:	4a09      	ldr	r2, [pc, #36]	@ (10007a60 <strlen+0x54>)
10007a3c:	3304      	adds	r3, #4
10007a3e:	188a      	adds	r2, r1, r2
10007a40:	438a      	bics	r2, r1
10007a42:	4222      	tst	r2, r4
10007a44:	d108      	bne.n	10007a58 <strlen+0x4c>
10007a46:	6859      	ldr	r1, [r3, #4]
10007a48:	4a05      	ldr	r2, [pc, #20]	@ (10007a60 <strlen+0x54>)
10007a4a:	3304      	adds	r3, #4
10007a4c:	188a      	adds	r2, r1, r2
10007a4e:	438a      	bics	r2, r1
10007a50:	4222      	tst	r2, r4
10007a52:	d0f1      	beq.n	10007a38 <strlen+0x2c>
10007a54:	e000      	b.n	10007a58 <strlen+0x4c>
10007a56:	3301      	adds	r3, #1
10007a58:	781a      	ldrb	r2, [r3, #0]
10007a5a:	2a00      	cmp	r2, #0
10007a5c:	d1fb      	bne.n	10007a56 <strlen+0x4a>
10007a5e:	e7e1      	b.n	10007a24 <strlen+0x18>
10007a60:	fefefeff 	.word	0xfefefeff
10007a64:	80808080 	.word	0x80808080

10007a68 <strncmp>:
10007a68:	b530      	push	{r4, r5, lr}
10007a6a:	2a00      	cmp	r2, #0
10007a6c:	d028      	beq.n	10007ac0 <strncmp+0x58>
10007a6e:	0003      	movs	r3, r0
10007a70:	430b      	orrs	r3, r1
10007a72:	079b      	lsls	r3, r3, #30
10007a74:	d113      	bne.n	10007a9e <strncmp+0x36>
10007a76:	2a03      	cmp	r2, #3
10007a78:	d911      	bls.n	10007a9e <strncmp+0x36>
10007a7a:	4d13      	ldr	r5, [pc, #76]	@ (10007ac8 <strncmp+0x60>)
10007a7c:	e00b      	b.n	10007a96 <strncmp+0x2e>
10007a7e:	3a04      	subs	r2, #4
10007a80:	2a00      	cmp	r2, #0
10007a82:	d01d      	beq.n	10007ac0 <strncmp+0x58>
10007a84:	4c11      	ldr	r4, [pc, #68]	@ (10007acc <strncmp+0x64>)
10007a86:	191c      	adds	r4, r3, r4
10007a88:	439c      	bics	r4, r3
10007a8a:	422c      	tst	r4, r5
10007a8c:	d118      	bne.n	10007ac0 <strncmp+0x58>
10007a8e:	3004      	adds	r0, #4
10007a90:	3104      	adds	r1, #4
10007a92:	2a03      	cmp	r2, #3
10007a94:	d903      	bls.n	10007a9e <strncmp+0x36>
10007a96:	6803      	ldr	r3, [r0, #0]
10007a98:	680c      	ldr	r4, [r1, #0]
10007a9a:	42a3      	cmp	r3, r4
10007a9c:	d0ef      	beq.n	10007a7e <strncmp+0x16>
10007a9e:	7804      	ldrb	r4, [r0, #0]
10007aa0:	780d      	ldrb	r5, [r1, #0]
10007aa2:	42a5      	cmp	r5, r4
10007aa4:	d10e      	bne.n	10007ac4 <strncmp+0x5c>
10007aa6:	2a01      	cmp	r2, #1
10007aa8:	d00a      	beq.n	10007ac0 <strncmp+0x58>
10007aaa:	2301      	movs	r3, #1
10007aac:	e006      	b.n	10007abc <strncmp+0x54>
10007aae:	5cc4      	ldrb	r4, [r0, r3]
10007ab0:	5ccd      	ldrb	r5, [r1, r3]
10007ab2:	42ac      	cmp	r4, r5
10007ab4:	d106      	bne.n	10007ac4 <strncmp+0x5c>
10007ab6:	3301      	adds	r3, #1
10007ab8:	429a      	cmp	r2, r3
10007aba:	d001      	beq.n	10007ac0 <strncmp+0x58>
10007abc:	2c00      	cmp	r4, #0
10007abe:	d1f6      	bne.n	10007aae <strncmp+0x46>
10007ac0:	2000      	movs	r0, #0
10007ac2:	bd30      	pop	{r4, r5, pc}
10007ac4:	1b60      	subs	r0, r4, r5
10007ac6:	e7fc      	b.n	10007ac2 <strncmp+0x5a>
10007ac8:	80808080 	.word	0x80808080
10007acc:	fefefeff 	.word	0xfefefeff

10007ad0 <____aeabi_idiv0_veneer>:
10007ad0:	b401      	push	{r0}
10007ad2:	4802      	ldr	r0, [pc, #8]	@ (10007adc <____aeabi_idiv0_veneer+0xc>)
10007ad4:	4684      	mov	ip, r0
10007ad6:	bc01      	pop	{r0}
10007ad8:	4760      	bx	ip
10007ada:	bf00      	nop
10007adc:	200004a1 	.word	0x200004a1

10007ae0 <__flash_do_cmd_cs_veneer>:
10007ae0:	b401      	push	{r0}
10007ae2:	4802      	ldr	r0, [pc, #8]	@ (10007aec <__flash_do_cmd_cs_veneer+0xc>)
10007ae4:	4684      	mov	ip, r0
10007ae6:	bc01      	pop	{r0}
10007ae8:	4760      	bx	ip
10007aea:	bf00      	nop
10007aec:	200003ad 	.word	0x200003ad

10007af0 <__recursive_mutex_enter_blocking_veneer>:
10007af0:	b401      	push	{r0}
10007af2:	4802      	ldr	r0, [pc, #8]	@ (10007afc <__recursive_mutex_enter_blocking_veneer+0xc>)
10007af4:	4684      	mov	ip, r0
10007af6:	bc01      	pop	{r0}
10007af8:	4760      	bx	ip
10007afa:	bf00      	nop
10007afc:	20000175 	.word	0x20000175

10007b00 <__sem_release_veneer>:
10007b00:	b401      	push	{r0}
10007b02:	4802      	ldr	r0, [pc, #8]	@ (10007b0c <__sem_release_veneer+0xc>)
10007b04:	4684      	mov	ip, r0
10007b06:	bc01      	pop	{r0}
10007b08:	4760      	bx	ip
10007b0a:	bf00      	nop
10007b0c:	20000129 	.word	0x20000129

10007b10 <____aeabi_ldiv0_veneer>:
10007b10:	b401      	push	{r0}
10007b12:	4802      	ldr	r0, [pc, #8]	@ (10007b1c <____aeabi_ldiv0_veneer+0xc>)
10007b14:	4684      	mov	ip, r0
10007b16:	bc01      	pop	{r0}
10007b18:	4760      	bx	ip
10007b1a:	bf00      	nop
10007b1c:	200004a1 	.word	0x200004a1

10007b20 <__recursive_mutex_try_enter_veneer>:
10007b20:	b401      	push	{r0}
10007b22:	4802      	ldr	r0, [pc, #8]	@ (10007b2c <__recursive_mutex_try_enter_veneer+0xc>)
10007b24:	4684      	mov	ip, r0
10007b26:	bc01      	pop	{r0}
10007b28:	4760      	bx	ip
10007b2a:	bf00      	nop
10007b2c:	20000265 	.word	0x20000265

10007b30 <__mutex_try_enter_block_until_veneer>:
10007b30:	b401      	push	{r0}
10007b32:	4802      	ldr	r0, [pc, #8]	@ (10007b3c <__mutex_try_enter_block_until_veneer+0xc>)
10007b34:	4684      	mov	ip, r0
10007b36:	bc01      	pop	{r0}
10007b38:	4760      	bx	ip
10007b3a:	bf00      	nop
10007b3c:	200001c9 	.word	0x200001c9

10007b40 <__sem_acquire_block_until_veneer>:
10007b40:	b401      	push	{r0}
10007b42:	4802      	ldr	r0, [pc, #8]	@ (10007b4c <__sem_acquire_block_until_veneer+0xc>)
10007b44:	4684      	mov	ip, r0
10007b46:	bc01      	pop	{r0}
10007b48:	4760      	bx	ip
10007b4a:	bf00      	nop
10007b4c:	200000c1 	.word	0x200000c1

10007b50 <__recursive_mutex_exit_veneer>:
10007b50:	b401      	push	{r0}
10007b52:	4802      	ldr	r0, [pc, #8]	@ (10007b5c <__recursive_mutex_exit_veneer+0xc>)
10007b54:	4684      	mov	ip, r0
10007b56:	bc01      	pop	{r0}
10007b58:	4760      	bx	ip
10007b5a:	bf00      	nop
10007b5c:	200002dd 	.word	0x200002dd

10007b60 <__mutex_exit_veneer>:
10007b60:	b401      	push	{r0}
10007b62:	4802      	ldr	r0, [pc, #8]	@ (10007b6c <__mutex_exit_veneer+0xc>)
10007b64:	4684      	mov	ip, r0
10007b66:	bc01      	pop	{r0}
10007b68:	4760      	bx	ip
10007b6a:	bf00      	nop
10007b6c:	200002b5 	.word	0x200002b5

10007b70 <__pre_init_runtime_init_early_resets>:
10007b70:	1000181d                                ....

10007b74 <__pre_init_runtime_init_usb_power_down>:
10007b74:	10001849 10001a2d 10002219 100020b1     I...-...."... ..
10007b84:	100021bd                                .!..

10007b88 <__pre_init_runtime_init_clocks>:
10007b88:	10001955                                U...

10007b8c <__pre_init_runtime_init_post_clock_resets>:
10007b8c:	10001865                                e...

10007b90 <__pre_init_runtime_init_rp2040_gpio_ie_disable>:
10007b90:	10001885                                ....

10007b94 <__pre_init_runtime_init_spin_locks_reset>:
10007b94:	10001899                                ....

10007b98 <__pre_init_runtime_init_mutex>:
10007b98:	10000b59                                Y...

10007b9c <__pre_init_runtime_init_install_ram_vector_table>:
10007b9c:	100018a1                                ....

10007ba0 <__pre_init_runtime_init_default_alarm_pool>:
10007ba0:	10000f05                                ....

10007ba4 <__pre_init_first_per_core_initializer>:
10007ba4:	100017e5                                ....

10007ba8 <__pre_init_runtime_init_per_core_irq_priorities>:
10007ba8:	100005b5                                ....

10007bac <__init_array_start>:
10007bac:	10003d25 	.word	0x10003d25

Disassembly of section .data:

200000c0 <sem_acquire_block_until>:
200000c0:	b5f8      	push	{r3, r4, r5, r6, r7, lr}
200000c2:	4647      	mov	r7, r8
200000c4:	46ce      	mov	lr, r9
200000c6:	b580      	push	{r7, lr}
200000c8:	001f      	movs	r7, r3
200000ca:	2300      	movs	r3, #0
200000cc:	0004      	movs	r4, r0
200000ce:	4690      	mov	r8, r2
200000d0:	4699      	mov	r9, r3
200000d2:	e00c      	b.n	200000ee <sem_acquire_block_until+0x2e>
200000d4:	6823      	ldr	r3, [r4, #0]
200000d6:	f3bf 8f5f 	dmb	sy
200000da:	464a      	mov	r2, r9
200000dc:	601a      	str	r2, [r3, #0]
200000de:	f38c 8810 	msr	PRIMASK, ip
200000e2:	4640      	mov	r0, r8
200000e4:	0039      	movs	r1, r7
200000e6:	f000 f9df 	bl	200004a8 <__best_effort_wfe_or_timeout_veneer>
200000ea:	2800      	cmp	r0, #0
200000ec:	d11a      	bne.n	20000124 <sem_acquire_block_until+0x64>
200000ee:	6826      	ldr	r6, [r4, #0]
200000f0:	f3ef 8c10 	mrs	ip, PRIMASK
200000f4:	b672      	cpsid	i
200000f6:	6835      	ldr	r5, [r6, #0]
200000f8:	2d00      	cmp	r5, #0
200000fa:	d0fc      	beq.n	200000f6 <sem_acquire_block_until+0x36>
200000fc:	f3bf 8f5f 	dmb	sy
20000100:	2304      	movs	r3, #4
20000102:	5ee5      	ldrsh	r5, [r4, r3]
20000104:	2d00      	cmp	r5, #0
20000106:	dde5      	ble.n	200000d4 <sem_acquire_block_until+0x14>
20000108:	3d01      	subs	r5, #1
2000010a:	80a5      	strh	r5, [r4, #4]
2000010c:	6823      	ldr	r3, [r4, #0]
2000010e:	f3bf 8f5f 	dmb	sy
20000112:	2200      	movs	r2, #0
20000114:	601a      	str	r2, [r3, #0]
20000116:	f38c 8810 	msr	PRIMASK, ip
2000011a:	2001      	movs	r0, #1
2000011c:	bcc0      	pop	{r6, r7}
2000011e:	46b9      	mov	r9, r7
20000120:	46b0      	mov	r8, r6
20000122:	bdf8      	pop	{r3, r4, r5, r6, r7, pc}
20000124:	2000      	movs	r0, #0
20000126:	e7f9      	b.n	2000011c <sem_acquire_block_until+0x5c>

20000128 <sem_release>:
20000128:	b510      	push	{r4, lr}
2000012a:	6802      	ldr	r2, [r0, #0]
2000012c:	f3ef 8110 	mrs	r1, PRIMASK
20000130:	b672      	cpsid	i
20000132:	6813      	ldr	r3, [r2, #0]
20000134:	2b00      	cmp	r3, #0
20000136:	d0fc      	beq.n	20000132 <sem_release+0xa>
20000138:	f3bf 8f5f 	dmb	sy
2000013c:	2204      	movs	r2, #4
2000013e:	5e83      	ldrsh	r3, [r0, r2]
20000140:	2406      	movs	r4, #6
20000142:	5f02      	ldrsh	r2, [r0, r4]
20000144:	429a      	cmp	r2, r3
20000146:	dd0b      	ble.n	20000160 <sem_release+0x38>
20000148:	3301      	adds	r3, #1
2000014a:	8083      	strh	r3, [r0, #4]
2000014c:	6803      	ldr	r3, [r0, #0]
2000014e:	f3bf 8f5f 	dmb	sy
20000152:	2200      	movs	r2, #0
20000154:	601a      	str	r2, [r3, #0]
20000156:	f381 8810 	msr	PRIMASK, r1
2000015a:	bf40      	sev
2000015c:	2001      	movs	r0, #1
2000015e:	bd10      	pop	{r4, pc}
20000160:	6803      	ldr	r3, [r0, #0]
20000162:	f3bf 8f5f 	dmb	sy
20000166:	2200      	movs	r2, #0
20000168:	601a      	str	r2, [r3, #0]
2000016a:	f381 8810 	msr	PRIMASK, r1
2000016e:	2000      	movs	r0, #0
20000170:	e7f5      	b.n	2000015e <sem_release+0x36>
20000172:	46c0      	nop			@ (mov r8, r8)

20000174 <recursive_mutex_enter_blocking>:
20000174:	23d0      	movs	r3, #208	@ 0xd0
20000176:	b530      	push	{r4, r5, lr}
20000178:	2400      	movs	r4, #0
2000017a:	061b      	lsls	r3, r3, #24
2000017c:	2500      	movs	r5, #0
2000017e:	571c      	ldrsb	r4, [r3, r4]
20000180:	e008      	b.n	20000194 <recursive_mutex_enter_blocking+0x20>
20000182:	2b00      	cmp	r3, #0
20000184:	db13      	blt.n	200001ae <recursive_mutex_enter_blocking+0x3a>
20000186:	6803      	ldr	r3, [r0, #0]
20000188:	f3bf 8f5f 	dmb	sy
2000018c:	601d      	str	r5, [r3, #0]
2000018e:	f381 8810 	msr	PRIMASK, r1
20000192:	bf20      	wfe
20000194:	6802      	ldr	r2, [r0, #0]
20000196:	f3ef 8110 	mrs	r1, PRIMASK
2000019a:	b672      	cpsid	i
2000019c:	6813      	ldr	r3, [r2, #0]
2000019e:	2b00      	cmp	r3, #0
200001a0:	d0fc      	beq.n	2000019c <recursive_mutex_enter_blocking+0x28>
200001a2:	f3bf 8f5f 	dmb	sy
200001a6:	2304      	movs	r3, #4
200001a8:	56c3      	ldrsb	r3, [r0, r3]
200001aa:	42a3      	cmp	r3, r4
200001ac:	d1e9      	bne.n	20000182 <recursive_mutex_enter_blocking+0xe>
200001ae:	7943      	ldrb	r3, [r0, #5]
200001b0:	7104      	strb	r4, [r0, #4]
200001b2:	3301      	adds	r3, #1
200001b4:	7143      	strb	r3, [r0, #5]
200001b6:	6803      	ldr	r3, [r0, #0]
200001b8:	f3bf 8f5f 	dmb	sy
200001bc:	2200      	movs	r2, #0
200001be:	601a      	str	r2, [r3, #0]
200001c0:	f381 8810 	msr	PRIMASK, r1
200001c4:	bd30      	pop	{r4, r5, pc}
200001c6:	46c0      	nop			@ (mov r8, r8)

200001c8 <mutex_try_enter_block_until>:
200001c8:	b5f0      	push	{r4, r5, r6, r7, lr}
200001ca:	46c6      	mov	lr, r8
200001cc:	0015      	movs	r5, r2
200001ce:	b500      	push	{lr}
200001d0:	0004      	movs	r4, r0
200001d2:	001e      	movs	r6, r3
200001d4:	6802      	ldr	r2, [r0, #0]
200001d6:	f3ef 8110 	mrs	r1, PRIMASK
200001da:	b672      	cpsid	i
200001dc:	6813      	ldr	r3, [r2, #0]
200001de:	2b00      	cmp	r3, #0
200001e0:	d0fc      	beq.n	200001dc <mutex_try_enter_block_until+0x14>
200001e2:	f3bf 8f5f 	dmb	sy
200001e6:	2304      	movs	r3, #4
200001e8:	56e3      	ldrsb	r3, [r4, r3]
200001ea:	2b00      	cmp	r3, #0
200001ec:	db2d      	blt.n	2000024a <mutex_try_enter_block_until+0x82>
200001ee:	6822      	ldr	r2, [r4, #0]
200001f0:	f3bf 8f5f 	dmb	sy
200001f4:	2000      	movs	r0, #0
200001f6:	6010      	str	r0, [r2, #0]
200001f8:	f381 8810 	msr	PRIMASK, r1
200001fc:	22d0      	movs	r2, #208	@ 0xd0
200001fe:	0612      	lsls	r2, r2, #24
20000200:	7812      	ldrb	r2, [r2, #0]
20000202:	b252      	sxtb	r2, r2
20000204:	4690      	mov	r8, r2
20000206:	429a      	cmp	r2, r3
20000208:	d103      	bne.n	20000212 <mutex_try_enter_block_until+0x4a>
2000020a:	2000      	movs	r0, #0
2000020c:	bc80      	pop	{r7}
2000020e:	46b8      	mov	r8, r7
20000210:	bdf0      	pop	{r4, r5, r6, r7, pc}
20000212:	2700      	movs	r7, #0
20000214:	e00b      	b.n	2000022e <mutex_try_enter_block_until+0x66>
20000216:	6823      	ldr	r3, [r4, #0]
20000218:	f3bf 8f5f 	dmb	sy
2000021c:	601f      	str	r7, [r3, #0]
2000021e:	f381 8810 	msr	PRIMASK, r1
20000222:	0028      	movs	r0, r5
20000224:	0031      	movs	r1, r6
20000226:	f000 f93f 	bl	200004a8 <__best_effort_wfe_or_timeout_veneer>
2000022a:	2800      	cmp	r0, #0
2000022c:	d1ed      	bne.n	2000020a <mutex_try_enter_block_until+0x42>
2000022e:	6822      	ldr	r2, [r4, #0]
20000230:	f3ef 8110 	mrs	r1, PRIMASK
20000234:	b672      	cpsid	i
20000236:	6813      	ldr	r3, [r2, #0]
20000238:	2b00      	cmp	r3, #0
2000023a:	d0fc      	beq.n	20000236 <mutex_try_enter_block_until+0x6e>
2000023c:	f3bf 8f5f 	dmb	sy
20000240:	7923      	ldrb	r3, [r4, #4]
20000242:	2b7f      	cmp	r3, #127	@ 0x7f
20000244:	d9e7      	bls.n	20000216 <mutex_try_enter_block_until+0x4e>
20000246:	4643      	mov	r3, r8
20000248:	e002      	b.n	20000250 <mutex_try_enter_block_until+0x88>
2000024a:	23d0      	movs	r3, #208	@ 0xd0
2000024c:	061b      	lsls	r3, r3, #24
2000024e:	681b      	ldr	r3, [r3, #0]
20000250:	7123      	strb	r3, [r4, #4]
20000252:	6823      	ldr	r3, [r4, #0]
20000254:	f3bf 8f5f 	dmb	sy
20000258:	2200      	movs	r2, #0
2000025a:	601a      	str	r2, [r3, #0]
2000025c:	f381 8810 	msr	PRIMASK, r1
20000260:	2001      	movs	r0, #1
20000262:	e7d3      	b.n	2000020c <mutex_try_enter_block_until+0x44>

20000264 <recursive_mutex_try_enter>:
20000264:	22d0      	movs	r2, #208	@ 0xd0
20000266:	0003      	movs	r3, r0
20000268:	2000      	movs	r0, #0
2000026a:	0612      	lsls	r2, r2, #24
2000026c:	b510      	push	{r4, lr}
2000026e:	5610      	ldrsb	r0, [r2, r0]
20000270:	681c      	ldr	r4, [r3, #0]
20000272:	f3ef 8c10 	mrs	ip, PRIMASK
20000276:	b672      	cpsid	i
20000278:	6822      	ldr	r2, [r4, #0]
2000027a:	2a00      	cmp	r2, #0
2000027c:	d0fc      	beq.n	20000278 <recursive_mutex_try_enter+0x14>
2000027e:	f3bf 8f5f 	dmb	sy
20000282:	2204      	movs	r2, #4
20000284:	569a      	ldrsb	r2, [r3, r2]
20000286:	2a00      	cmp	r2, #0
20000288:	db06      	blt.n	20000298 <recursive_mutex_try_enter+0x34>
2000028a:	4282      	cmp	r2, r0
2000028c:	d004      	beq.n	20000298 <recursive_mutex_try_enter+0x34>
2000028e:	2900      	cmp	r1, #0
20000290:	d000      	beq.n	20000294 <recursive_mutex_try_enter+0x30>
20000292:	600a      	str	r2, [r1, #0]
20000294:	2000      	movs	r0, #0
20000296:	e004      	b.n	200002a2 <recursive_mutex_try_enter+0x3e>
20000298:	7118      	strb	r0, [r3, #4]
2000029a:	2001      	movs	r0, #1
2000029c:	795a      	ldrb	r2, [r3, #5]
2000029e:	3201      	adds	r2, #1
200002a0:	715a      	strb	r2, [r3, #5]
200002a2:	681b      	ldr	r3, [r3, #0]
200002a4:	f3bf 8f5f 	dmb	sy
200002a8:	2200      	movs	r2, #0
200002aa:	601a      	str	r2, [r3, #0]
200002ac:	f38c 8810 	msr	PRIMASK, ip
200002b0:	bd10      	pop	{r4, pc}
200002b2:	46c0      	nop			@ (mov r8, r8)

200002b4 <mutex_exit>:
200002b4:	6802      	ldr	r2, [r0, #0]
200002b6:	f3ef 8110 	mrs	r1, PRIMASK
200002ba:	b672      	cpsid	i
200002bc:	6813      	ldr	r3, [r2, #0]
200002be:	2b00      	cmp	r3, #0
200002c0:	d0fc      	beq.n	200002bc <mutex_exit+0x8>
200002c2:	f3bf 8f5f 	dmb	sy
200002c6:	23ff      	movs	r3, #255	@ 0xff
200002c8:	7103      	strb	r3, [r0, #4]
200002ca:	6803      	ldr	r3, [r0, #0]
200002cc:	f3bf 8f5f 	dmb	sy
200002d0:	2200      	movs	r2, #0
200002d2:	601a      	str	r2, [r3, #0]
200002d4:	f381 8810 	msr	PRIMASK, r1
200002d8:	bf40      	sev
200002da:	4770      	bx	lr

200002dc <recursive_mutex_exit>:
200002dc:	6802      	ldr	r2, [r0, #0]
200002de:	f3ef 8110 	mrs	r1, PRIMASK
200002e2:	b672      	cpsid	i
200002e4:	6813      	ldr	r3, [r2, #0]
200002e6:	2b00      	cmp	r3, #0
200002e8:	d0fc      	beq.n	200002e4 <recursive_mutex_exit+0x8>
200002ea:	f3bf 8f5f 	dmb	sy
200002ee:	7943      	ldrb	r3, [r0, #5]
200002f0:	3b01      	subs	r3, #1
200002f2:	b2db      	uxtb	r3, r3
200002f4:	7143      	strb	r3, [r0, #5]
200002f6:	2b00      	cmp	r3, #0
200002f8:	d109      	bne.n	2000030e <recursive_mutex_exit+0x32>
200002fa:	22ff      	movs	r2, #255	@ 0xff
200002fc:	7102      	strb	r2, [r0, #4]
200002fe:	6802      	ldr	r2, [r0, #0]
20000300:	f3bf 8f5f 	dmb	sy
20000304:	6013      	str	r3, [r2, #0]
20000306:	f381 8810 	msr	PRIMASK, r1
2000030a:	bf40      	sev
2000030c:	4770      	bx	lr
2000030e:	6803      	ldr	r3, [r0, #0]
20000310:	f3bf 8f5f 	dmb	sy
20000314:	2200      	movs	r2, #0
20000316:	601a      	str	r2, [r3, #0]
20000318:	f381 8810 	msr	PRIMASK, r1
2000031c:	e7f6      	b.n	2000030c <recursive_mutex_exit+0x30>
2000031e:	46c0      	nop			@ (mov r8, r8)

20000320 <flash_init_boot2_copyout>:
20000320:	b510      	push	{r4, lr}
20000322:	4c08      	ldr	r4, [pc, #32]	@ (20000344 <flash_init_boot2_copyout+0x24>)
20000324:	7823      	ldrb	r3, [r4, #0]
20000326:	2b00      	cmp	r3, #0
20000328:	d10a      	bne.n	20000340 <flash_init_boot2_copyout+0x20>
2000032a:	2380      	movs	r3, #128	@ 0x80
2000032c:	4806      	ldr	r0, [pc, #24]	@ (20000348 <flash_init_boot2_copyout+0x28>)
2000032e:	4907      	ldr	r1, [pc, #28]	@ (2000034c <flash_init_boot2_copyout+0x2c>)
20000330:	055b      	lsls	r3, r3, #21
20000332:	681a      	ldr	r2, [r3, #0]
20000334:	50c2      	str	r2, [r0, r3]
20000336:	3304      	adds	r3, #4
20000338:	428b      	cmp	r3, r1
2000033a:	d1fa      	bne.n	20000332 <flash_init_boot2_copyout+0x12>
2000033c:	2301      	movs	r3, #1
2000033e:	7023      	strb	r3, [r4, #0]
20000340:	bd10      	pop	{r4, pc}
20000342:	46c0      	nop			@ (mov r8, r8)
20000344:	200013b8 	.word	0x200013b8
20000348:	1000085c 	.word	0x1000085c
2000034c:	10000100 	.word	0x10000100

20000350 <flash_enable_xip_via_boot2>:
20000350:	b510      	push	{r4, lr}
20000352:	4b01      	ldr	r3, [pc, #4]	@ (20000358 <flash_enable_xip_via_boot2+0x8>)
20000354:	4798      	blx	r3
20000356:	bd10      	pop	{r4, pc}
20000358:	2000085d 	.word	0x2000085d

2000035c <flash_save_hardware_state>:
2000035c:	4b08      	ldr	r3, [pc, #32]	@ (20000380 <flash_save_hardware_state+0x24>)
2000035e:	685a      	ldr	r2, [r3, #4]
20000360:	6042      	str	r2, [r0, #4]
20000362:	689a      	ldr	r2, [r3, #8]
20000364:	6082      	str	r2, [r0, #8]
20000366:	68da      	ldr	r2, [r3, #12]
20000368:	60c2      	str	r2, [r0, #12]
2000036a:	691a      	ldr	r2, [r3, #16]
2000036c:	6102      	str	r2, [r0, #16]
2000036e:	695a      	ldr	r2, [r3, #20]
20000370:	6142      	str	r2, [r0, #20]
20000372:	699b      	ldr	r3, [r3, #24]
20000374:	6183      	str	r3, [r0, #24]
20000376:	23a0      	movs	r3, #160	@ 0xa0
20000378:	055b      	lsls	r3, r3, #21
2000037a:	681b      	ldr	r3, [r3, #0]
2000037c:	6003      	str	r3, [r0, #0]
2000037e:	4770      	bx	lr
20000380:	40020000 	.word	0x40020000

20000384 <flash_restore_hardware_state>:
20000384:	6842      	ldr	r2, [r0, #4]
20000386:	4b08      	ldr	r3, [pc, #32]	@ (200003a8 <flash_restore_hardware_state+0x24>)
20000388:	605a      	str	r2, [r3, #4]
2000038a:	6882      	ldr	r2, [r0, #8]
2000038c:	609a      	str	r2, [r3, #8]
2000038e:	68c2      	ldr	r2, [r0, #12]
20000390:	60da      	str	r2, [r3, #12]
20000392:	6902      	ldr	r2, [r0, #16]
20000394:	611a      	str	r2, [r3, #16]
20000396:	6942      	ldr	r2, [r0, #20]
20000398:	615a      	str	r2, [r3, #20]
2000039a:	6982      	ldr	r2, [r0, #24]
2000039c:	619a      	str	r2, [r3, #24]
2000039e:	23a0      	movs	r3, #160	@ 0xa0
200003a0:	6802      	ldr	r2, [r0, #0]
200003a2:	055b      	lsls	r3, r3, #21
200003a4:	601a      	str	r2, [r3, #0]
200003a6:	4770      	bx	lr
200003a8:	40020000 	.word	0x40020000

200003ac <flash_do_cmd_cs>:
200003ac:	2314      	movs	r3, #20
200003ae:	b5f0      	push	{r4, r5, r6, r7, lr}
200003b0:	46d6      	mov	lr, sl
200003b2:	464f      	mov	r7, r9
200003b4:	4646      	mov	r6, r8
200003b6:	469a      	mov	sl, r3
200003b8:	b5c0      	push	{r6, r7, lr}
200003ba:	4681      	mov	r9, r0
200003bc:	8818      	ldrh	r0, [r3, #0]
200003be:	3304      	adds	r3, #4
200003c0:	b088      	sub	sp, #32
200003c2:	4698      	mov	r8, r3
200003c4:	000e      	movs	r6, r1
200003c6:	881b      	ldrh	r3, [r3, #0]
200003c8:	4930      	ldr	r1, [pc, #192]	@ (2000048c <flash_do_cmd_cs+0xe0>)
200003ca:	0014      	movs	r4, r2
200003cc:	4798      	blx	r3
200003ce:	4653      	mov	r3, sl
200003d0:	0007      	movs	r7, r0
200003d2:	8818      	ldrh	r0, [r3, #0]
200003d4:	4643      	mov	r3, r8
200003d6:	492e      	ldr	r1, [pc, #184]	@ (20000490 <flash_do_cmd_cs+0xe4>)
200003d8:	881b      	ldrh	r3, [r3, #0]
200003da:	4798      	blx	r3
200003dc:	4653      	mov	r3, sl
200003de:	0005      	movs	r5, r0
200003e0:	8818      	ldrh	r0, [r3, #0]
200003e2:	4643      	mov	r3, r8
200003e4:	492b      	ldr	r1, [pc, #172]	@ (20000494 <flash_do_cmd_cs+0xe8>)
200003e6:	881b      	ldrh	r3, [r3, #0]
200003e8:	4798      	blx	r3
200003ea:	4680      	mov	r8, r0
200003ec:	f7ff ff98 	bl	20000320 <flash_init_boot2_copyout>
200003f0:	a801      	add	r0, sp, #4
200003f2:	f7ff ffb3 	bl	2000035c <flash_save_hardware_state>
200003f6:	47b8      	blx	r7
200003f8:	47a8      	blx	r5
200003fa:	4b27      	ldr	r3, [pc, #156]	@ (20000498 <flash_do_cmd_cs+0xec>)
200003fc:	681a      	ldr	r2, [r3, #0]
200003fe:	2380      	movs	r3, #128	@ 0x80
20000400:	009b      	lsls	r3, r3, #2
20000402:	4053      	eors	r3, r2
20000404:	22c0      	movs	r2, #192	@ 0xc0
20000406:	0092      	lsls	r2, r2, #2
20000408:	4013      	ands	r3, r2
2000040a:	4a24      	ldr	r2, [pc, #144]	@ (2000049c <flash_do_cmd_cs+0xf0>)
2000040c:	6013      	str	r3, [r2, #0]
2000040e:	1e22      	subs	r2, r4, #0
20000410:	d020      	beq.n	20000454 <flash_do_cmd_cs+0xa8>
20000412:	21c0      	movs	r1, #192	@ 0xc0
20000414:	2708      	movs	r7, #8
20000416:	2002      	movs	r0, #2
20000418:	0549      	lsls	r1, r1, #21
2000041a:	e011      	b.n	20000440 <flash_do_cmd_cs+0x94>
2000041c:	2c00      	cmp	r4, #0
2000041e:	d014      	beq.n	2000044a <flash_do_cmd_cs+0x9e>
20000420:	1b13      	subs	r3, r2, r4
20000422:	2b0d      	cmp	r3, #13
20000424:	d929      	bls.n	2000047a <flash_do_cmd_cs+0xce>
20000426:	2d00      	cmp	r5, #0
20000428:	d00a      	beq.n	20000440 <flash_do_cmd_cs+0x94>
2000042a:	0023      	movs	r3, r4
2000042c:	2a00      	cmp	r2, #0
2000042e:	d005      	beq.n	2000043c <flash_do_cmd_cs+0x90>
20000430:	6e0b      	ldr	r3, [r1, #96]	@ 0x60
20000432:	3a01      	subs	r2, #1
20000434:	7033      	strb	r3, [r6, #0]
20000436:	0013      	movs	r3, r2
20000438:	3601      	adds	r6, #1
2000043a:	4323      	orrs	r3, r4
2000043c:	2b00      	cmp	r3, #0
2000043e:	d009      	beq.n	20000454 <flash_do_cmd_cs+0xa8>
20000440:	003d      	movs	r5, r7
20000442:	6a8b      	ldr	r3, [r1, #40]	@ 0x28
20000444:	401d      	ands	r5, r3
20000446:	4218      	tst	r0, r3
20000448:	d1e8      	bne.n	2000041c <flash_do_cmd_cs+0x70>
2000044a:	2d00      	cmp	r5, #0
2000044c:	d1ed      	bne.n	2000042a <flash_do_cmd_cs+0x7e>
2000044e:	0023      	movs	r3, r4
20000450:	4313      	orrs	r3, r2
20000452:	d1f5      	bne.n	20000440 <flash_do_cmd_cs+0x94>
20000454:	4b10      	ldr	r3, [pc, #64]	@ (20000498 <flash_do_cmd_cs+0xec>)
20000456:	681a      	ldr	r2, [r3, #0]
20000458:	23c0      	movs	r3, #192	@ 0xc0
2000045a:	009b      	lsls	r3, r3, #2
2000045c:	4393      	bics	r3, r2
2000045e:	4a0f      	ldr	r2, [pc, #60]	@ (2000049c <flash_do_cmd_cs+0xf0>)
20000460:	6013      	str	r3, [r2, #0]
20000462:	47c0      	blx	r8
20000464:	f7ff ff74 	bl	20000350 <flash_enable_xip_via_boot2>
20000468:	a801      	add	r0, sp, #4
2000046a:	f7ff ff8b 	bl	20000384 <flash_restore_hardware_state>
2000046e:	b008      	add	sp, #32
20000470:	bce0      	pop	{r5, r6, r7}
20000472:	46ba      	mov	sl, r7
20000474:	46b1      	mov	r9, r6
20000476:	46a8      	mov	r8, r5
20000478:	bdf0      	pop	{r4, r5, r6, r7, pc}
2000047a:	464b      	mov	r3, r9
2000047c:	781b      	ldrb	r3, [r3, #0]
2000047e:	3c01      	subs	r4, #1
20000480:	660b      	str	r3, [r1, #96]	@ 0x60
20000482:	2301      	movs	r3, #1
20000484:	469c      	mov	ip, r3
20000486:	44e1      	add	r9, ip
20000488:	e7df      	b.n	2000044a <flash_do_cmd_cs+0x9e>
2000048a:	46c0      	nop			@ (mov r8, r8)
2000048c:	00004649 	.word	0x00004649
20000490:	00005845 	.word	0x00005845
20000494:	00004346 	.word	0x00004346
20000498:	4001800c 	.word	0x4001800c
2000049c:	4001900c 	.word	0x4001900c

200004a0 <__aeabi_idiv0>:
200004a0:	4770      	bx	lr
200004a2:	46c0      	nop			@ (mov r8, r8)
200004a4:	0000      	movs	r0, r0
	...

200004a8 <__best_effort_wfe_or_timeout_veneer>:
200004a8:	b401      	push	{r0}
200004aa:	4802      	ldr	r0, [pc, #8]	@ (200004b4 <__best_effort_wfe_or_timeout_veneer+0xc>)
200004ac:	4684      	mov	ip, r0
200004ae:	bc01      	pop	{r0}
200004b0:	4760      	bx	ip
200004b2:	bf00      	nop
200004b4:	10001345 	.word	0x10001345

200004b8 <striped_spin_lock_num>:
200004b8:	00000010                                ....

200004bc <irq_handler_chain_slots>:
200004bc:	00000000 	.word	0x00000000
200004c0:	00010000 	.word	0x00010000
	...
200004cc:	00020000 	.word	0x00020000
	...
200004d8:	00030000 	.word	0x00030000
	...
200004e4:	00ff0000 	.word	0x00ff0000
200004e8:	00000000 	.word	0x00000000

200004ec <irq_handler_chain_first_slot>:
200004ec:	b501      	push	{r0, lr}
200004ee:	6848      	ldr	r0, [r1, #4]
200004f0:	3101      	adds	r1, #1
200004f2:	468e      	mov	lr, r1
200004f4:	4700      	bx	r0

200004f6 <irq_handler_chain_remove_tail>:
200004f6:	4670      	mov	r0, lr
200004f8:	3809      	subs	r0, #9
200004fa:	4901      	ldr	r1, [pc, #4]	@ (20000500 <irq_handler_chain_remove_tail+0xa>)
200004fc:	4788      	blx	r1
200004fe:	bd01      	pop	{r0, pc}
20000500:	10000a35 	.word	0x10000a35

20000504 <default_alarm_pool>:
	...
20000518:	200005b8 00000000                       ... ....

20000520 <aeabi_bits_funcs>:
20000520:	00003350 	.word	0x00003350
20000524:	0000334c 	.word	0x0000334c
20000528:	00003354 	.word	0x00003354
2000052c:	00003352 	.word	0x00003352

20000530 <aeabi_bits_funcs_end>:
20000530:	0000534d 	.word	0x0000534d
20000534:	0000434d 	.word	0x0000434d
20000538:	00003453 	.word	0x00003453
2000053c:	00003443 	.word	0x00003443

20000540 <cyw43_poll_worker>:
20000540:	00000000 100071d9 00000000 00000000     .....q..........

20000550 <sleep_timeout_worker>:
20000550:	00000000 10007141 00000000 00000000     ....Aq..........
	...

20000568 <print_mutex>:
	...
