:020000041000EA
:1000000000B5324B212058609868022188439860DF
:10001000D860186158612E4B002199600221596106
:100020000121F02299502B49196001219960352056
:1000300000F044F80222904214D00621196600F024
:1000400034F8196E01211966002018661A6600F04E
:100050002CF8196E196E196E052000F02FF8012189
:100060000842F9D1002199601B49196000215960AB
:100070001A491B48016001219960EB211966A021F2
:10008000196600F012F800219960164914480160C1
:100090000121996001BC002800D000471248134993
:1000A000086003C880F30888084703B5996A0420EC
:1000B0000142FBD001200142F8D103BD02B5186610
:1000C0001866FFF7F2FF186E186E02BD00000240BE
:1000D000000000180000070000035F00212200005C
:1000E000F4000018222000A00001001008ED00E03C
:1000F00000000000000000000000000074B24E7A12
:1001000000200420F7010010CB010010CD010010E9
:10011000C9010010C9010010C9010010C901001077
:10012000C9010010C9010010C9010010CF01001061
:10013000C9010010C9010010D1010010D301001045
:10014000C1010010C1010010C1010010C101001067
:10015000C1010010C1010010C1010010C101001057
:10016000C1010010C1010010C1010010C101001047
:10017000C1010010C1010010C1010010C101001037
:10018000C1010010C1010010C1010010C101001027
:10019000C1010010C1010010C1010010C101001017
:1001A000C1010010C1010010C1010010C101001007
:1001B000C1010010C1010010C1010010C1010010F7
:1001C000EFF30580103800BE00BE00BE00BE00BECA
:1001D00000BE00BEF2EB887138F8031054F803102B
:1001E0003802001090A31AE700201E49086006C8D4
:1001F00081F3088810471C480068002801D00020BF
:10020000F3E70DA40ECC002902D000F012F8F9E7B4
:100210001649174A002000E001C19142FCD115495E
:100220008847154988471549884700BEFDE701C939
:1002300001C29A42FBD3704754F80310C00000205B
:100240007005002004FD03100000042000000420BD
:1002500004FD031000100420001004200000000022
:100260007047000008ED00E0000000D0700500209D
:10027000BC13002085380010810200107D3800106A
:1002800010B503F01DFD002810D10121002003F05E
:1002900007FDFA20400000F0EDFF0021002003F0F0
:1002A000FFFCFA20400000F0E5FFEEE701204042AD
:1002B00010BDC046094A83009A1810B51468402240
:1002C000544080322240064CC000A44663441A6069
:1002D000044B9C466044416010BDC04604C00140D0
:1002E00004D0014000400140074B8000C3181B6848
:1002F000C90092000A435A400C231340034A944613
:10030000604403607047C04604C0014004D001400F
:100310008000002905D0064B9C4602236044036000
:100320007047044B9C46022360440360F8E7C046D4
:1003300004E0014004F00140D0231B061B6830B5E7
:100340005C000500E418C3080720284080008140B5
:100350001800094D3C30240180009B0041511B19BD
:10036000002A04D0054A94466344196030BD044A0B
:10037000944663441960F9E7004001400061014080
:1003800000710140D0231B061B6870B5064D9B0011
:100390005C59204205D104430D205C5100F062F904
:1003A00070BD01F021FAC046A012002010B5040073
:1003B0000D2000F041FAD0231B061B6802499B0068
:1003C0005A58A2435A5010BDA01200200123D02237
:1003D0008340120693629361094A83009A18116858
:1003E0004022514080320A400649C0008C46634496
:1003F0001A60054B9C460523604443607047C04625
:1004000004C0014004D00140004001400FB400B5D9
:10041000084883B003F0AAFB049B002B07D005A972
:100420001800019103F00EFA034803F09FFB01202E
:1004300003F020FAB07B0010747F0010EFF31080FF
:1004400072B6034A1368002BFCD0BFF35F8F70476E
:100450002C0100D0BFF35F8F0022024B1A6080F3A3
:10046000108870472C0100D070B5EFF3108C72B675
:100470000D4D2B68002BFCD0BFF35F8F0724CB08FA
:10048000C618C05C01230C40A3401C00044003427A
:1004900007D118433070BFF35F8F2C608CF3108846
:1004A00070BD1000FFF7B2FF2C0100D0F8B5474631
:1004B000CE46884680B5EFF3108C72B6214D2C687D
:1004C000002CFCD0BFF35F8F9A422CD8D4080727AA
:1004D000055D061901241740BC402C421FD007219E
:1004E0000127894609E0D408055D06194C46390004
:1004F0001440A1400C00294211D001329342F2D2A3
:1005000001204042BFF35F8F00220E4B1A608CF334
:10051000108800280FDBC0BCB946B046F8BD2543A3
:1005200010003570EEE7BFF35F8F00232B608CF374
:100530001088012040424346002BECD00898FFF77A
:1005400065FFC0462C0100D030B5EFF3108C72B6B9
:100550000A4C2368002BFCD0BFF35F8F07230122D6
:100560000B409A40CD08435D93434355BFF35F8FE3
:10057000002323608CF3108830BDC0462C0100D0CE
:10058000044A1078431CDBB2172B00D910231370D8
:100590007047C046B80400200021044B044ABFF352
:1005A0005F8F02C39342FAD17047C046000100D06A
:1005B000800100D0054B064A1360064A1360536061
:1005C0009360D36013615361936170478080808032
:1005D00000E400E004E400E01F2318401E3B8340D9
:1005E000002905D0C021044A4900535013607047C8
:1005F000802201498B50FAE700E100E001238022CC
:100600008340024952008B507047C04600E100E031
:1006100010B5EFF3108C72B60F4A1368002BFCD0A4
:10062000BFF35F8F0D4B10309B6880001B580C4A46
:10063000934201D099420CD1084B9B681950BFF3EB
:100640005F8FBFF35F8F0022034B1A608CF310881B
:1006500010BD01F0C9F8C046240100D000ED00E053
:10066000C1010010F0B557464E46DE464546E0B59E
:100670008A4685B00600EFF3108972B662490B68AE
:10068000002BFCD0BFF35F8F0021604B59568C4686
:10069000002900DAB5E049000D005D4C6544AD006D
:1006A00067190291B979103619705A4BB1009B68DD
:1006B00001915B58191B2F2920D80121180088436C
:1006C000C679964200D873E09B46029B019E9846ED
:1006D000039507E04D006D18AD006519EB79934265
:1006E00039D92800062141560029F3DA45460295FA
:1006F000051D03955B46484D019643E047498B42F3
:1007000000D07EE0464B47496353474B0235043BDC
:1007100065195B1B1B055B0D0B437B80434BFA711B
:10072000BB80FF23BB715346BB6001233B43394A67
:10073000019992685350BFF35F8FBFF35F8F002220
:10074000314B1A6089F3108805B0F0BCBB46B24645
:10075000A946A046F0BD019646460296061D039D99
:10076000039686885B4676053615B346039E0435A8
:10077000B046C3445E466519751BE0262D056D0D18
:1007800036023543039E043FBF1B3F05254E7F0DB8
:10079000374366468780867102986044800024183B
:1007A000E27152462248A5802060A171A260BEE796
:1007B000204BFA719C46030066461B1B5B415E435F
:1007C000360DB446AE1CB046A0444646144B6353A7
:1007D000154B0435043B9B1B1B05124E5B0D33432D
:1007E0007B806319C31A043B1B055B0D3343BB803D
:1007F0006346BB715346BB600D4B03603B000B432C
:1008000095E700F0F1FFC046240100D0B9130020A5
:10081000BC04002000ED00E001BD0000C10100109B
:1008200000A1FFFF00E0FFFFEC04002001BDFFFF7F
:1008300001488047AAAA0000F0B5DE4657464E465A
:100840004546E0B583B0EFF3108C72B6634A136887
:10085000002BFCD0BFF35F8F614B624C9A680300A2
:1008600010339D005259A146A2423DD08A424ED03B
:100870005D4C161B2F2E37D80127BA4687405B4E9A
:10088000B04636683E401F27B3465646384086403D
:100890004746802001963E50BFF35F8FEFF30580FF
:1008A0008046002835D0834200D094E010005346A3
:1008B00098438668B14208D17BE07B00DB199B003E
:1008C000E3189E68B14236D018000627C757002F9C
:1008D000F3DAB14259D05B46002B27D0C021434BFD
:1008E00001984900585018603D4B9B685A51BFF31E
:1008F0005F8FBFF35F8F0022384B1A608CF3108834
:1009000003B0F0BCBB46B246A946A046F0BD2200EB
:10091000EAE71000534698438668B142D5D10626CF
:1009200086570300002E0ADA4A4636E080232F4914
:100930000198C850D8E706269E57002E26DB710086
:10094000881980002718B846BF689F604746FF791E
:10095000DF714746BF797FB29F71002F27DB474683
:10096000BF887F053F15B846E0278044E01A404421
:100970000005400D3F02384398808B191C499B00AD
:100980000878E31898710E70A5E703004146002926
:1009900014D1FF318171174981801548017899710F
:1009A00015491B1B5B415943090D017093E713481F
:1009B000E2E7062686570300002EC0DA10491148E8
:1009C000C91A08394C02640D204398800E48490822
:1009D0000143D9807FE700F007FFC046240100D023
:1009E00000ED00E0C1010010BC04002000E100E0C7
:1009F000B913002001BDFFFFAAAA000001BD00003D
:100A0000F604002000F0FFFF00F8FFFF10B5830898
:100A1000040003202040FF24054AC000944684407F
:100A200081409B0063441A68A2430A431A6010BDC8
:100A300000E400E070B501240443EFF30581EFF317
:100A4000108C72B6214A1368002BFCD0BFF35F8F65
:100A50001F4B05001F4AED1A6D416A43120D1E4DD2
:100A60008900AE6852B27658A6421CD0062159566B
:100A700091421CD012215956914222D01E21595622
:100A8000914220D02A2159560324914210D0134B71
:100A900019781A708171BFF35F8F00220B4B1A60B7
:100AA0008CF3108870BDAB680D4C5C50EFE70024F0
:100AB0006100091989005B18FF2199710949998022
:100AC000E5E70124F4E70224F2E7C046240100D060
:100AD000BC040020AAAA000000ED00E0B913002029
:100AE000C101001001BDFFFF1F2110B5091A024806
:100AF000FFF72AFD10BDC046BA13002010B5084B01
:100B0000084C82B001000093002205232000FFF76B
:100B1000CDFC002801DB1F23181A02B010BDC0460F
:100B2000C07B0010BA13002070B504000E00150041
:100B3000FFF726FD0100200000F006F8A680E58002
:100B4000BFF35F8F70BDC046024B9C466144890075
:100B50000160704740000034F8B5134D134E2C006F
:100B6000FF27B5421ED22368002B0FD0FFF708FDE8
:100B700001002800FFF7E8FFA780BFF35F8F08346C
:100B8000B4420FD223682500002BEFD1FFF7F8FC09
:100B900001002800FFF7D8FF2771BFF35F8F0834EB
:100BA000B442EFD3F8BDC0466805002070050020B0
:100BB00010B50400FFF7E4FC01002000FFF7C4FFBC
:100BC000FF23A380BFF35F8F10BDC04640BF00204E
:100BD00000217047F0B5DE4657464E464546E0B523
:100BE00083B0EFF3058203231340B24A99005258B1
:100BF0000191904601229A40AF4B00921A6008235F
:100C000043449946009BAD484363434608229B5E9C
:100C10009A46002B00DBBDE043469B881BB2002BAD
:100C200000DA2BE143461B69EFF3108272B61968B4
:100C30000029FCD0BFF35F8F43469E8801234146C5
:100C40005B428B8036B20B69BFF35F8F0021196066
:100C500082F31088002E24DB43465D697400A419DA
:100C6000E4002C19A36849469A46434608229A5E36
:100C7000E068002A08DA0EE0874200D17EE0190021
:100C80000023CA5E002A06DB53009B18DB00EB182A
:100C9000DF688742F0DD0E800023E65E2280002EB2
:100CA000DCDA43460821595E002900DAE6E04346D3
:100CB00082485A6984464B005B180199DB00D318BF
:100CC0006144826A9D68DC680B69AE1A9B1A9E4279
:100CD00019D3036A009A1A4215D043469B79002B18
:100CE00016D1764800F0CAFB8C4204DC00D089E7BC
:100CF000854200D886E740BF03B0F0BCBB46B24691
:100D0000A946A046F0BD43460D619B79002BE8D073
:100D1000002342469371434608229A5E4846531C7C
:100D2000DFD047460026A846A34602E00800531C31
:100D300020D053007D699B18DB00E9181400EA5E9F
:100D40004B881BB2002BF1DA02803B69EFF3108A6B
:100D500072B61D002B68002BFCD0BFF35F8F7B8821
:100D60000B803B697C80BFF35F8F1E608AF3108825
:100D7000531CDED145465C46B846B2E79F685745EE
:100D800000D87CE70E800023E65E2280002E00DB88
:100D900064E786E7424652695B0093465344DB00B2
:100DA0009B445B469E68DF6800F068FB8F422ADC4C
:100DB00030D05B461B69022B32D040465A4659461A
:100DC0000824005F528800044969104398470400D2
:100DD0000D0023002B432FD0002D49DA30003900BD
:100DE000001BA9415B469860D96000229A5E002AE8
:100DF00009DB43465D6953009C18E4002C19A76881
:100E0000E4688C425CDD43469B881BB2002B00DA11
:100E100047E707E78642F6D85B461B69022BCCD131
:100E20005B465C69200023699847002804D0656808
:100E3000246823002B43CFD15B4642461B88138195
:100E40001269EFF3108372B611680029FCD0BFF36A
:100E50005F8F4246594652880A8042465146518029
:100E60001269BFF35F8F0021116083F31088CAE716
:100E7000124800F003FB00196941B3E70F4C200052
:100E800000F0FCFA80220023A44612068018594183
:100E9000019AA56A62441369461B5B1B9E4201D2FC
:100EA000106128E7236A009C1C4200D023E71061F0
:100EB00021E7C046901200203C70054000400540EC
:100EC0008C4201D187429ED84646328108360CE0DA
:100ED0008C4214D01E000023F25E002A0ADB53006D
:100EE0009C18E4002C19A768E4689B18DB00EB1839
:100EF0008C42EDDD5B461A805346338083E78742A0
:100F0000E8D9F7E770B52C4C2569002D00D070BDED
:100F10002A4E0321300000F0A7FAE660FFF730FB0D
:100F2000274B03229C46D02322701B061B680121FD
:100F30006370244B6044A3600F2380002061022073
:100F4000638063694942A180198002311986473163
:100F50001D83585218315A5275325C3999521832E1
:100F60000131995218320131995218320131995296
:100F7000083518329D520231183299521832013117
:100F8000995218320131995218320131995218325E
:100F9000013199521832013199520B4B0B49DC60E7
:100FA00001303562FFF734FB01210320FFF714FB0A
:100FB000074B1D60ABE7C04604050020004005401C
:100FC00040000034FFFF100090120020D50B0010ED
:100FD000386005400048704704050020F8B51F0040
:100FE00008AB1B7804001600002B08D100F04EFA65
:100FF00032003B00121A8B41002B00DA53E02269C9
:10100000EFF3108072B61368002BFCD0BFF35F8F34
:101010000223E15E63694A005218D2009B1800293E
:1010200037DB1A8862802269BFF35F8F0025156065
:1010300080F31088069A9E60DF601A61079A5A61F1
:101040005A8801325204520C101C002A1FD082B25E
:101050005880080410432669EFF3108772B632688F
:10106000002AFCD0BFF35F8FA2881A80A180236979
:10107000BFF35F8F00221A6087F310880B49237833
:101080008C4601329A40E36863441A60F8BD01203F
:10109000DDE72369BFF35F8F00221A6080F31088B9
:1010A00001204042F2E70020F0E7C0463C2000006B
:1010B00070B501000469EFF3108C72B62068002847
:1010C000FCD0BFF35F8F02200D5E4C6968004019B1
:1010D000C0002418002D37DB208848800869BFF342
:1010E0005F8F002606608CF31088E36063880498A5
:1010F000013320615B0405985B0CA26060611A1CDF
:10110000002B1FD093B22804628018430A69EFF3C2
:10111000108C72B61368002BFCD0BFF35F8F8B88E6
:1011200023808D800B69BFF35F8F00221A608CF3E0
:1011300010880B7801329A40CB6808498C4663448A
:101140001A6070BD0122DDE70B69BFF35F8F0022DB
:101150001A608CF3108801204042F2E73C20000026
:1011600010B543890A1493421ADD53009B18426953
:10117000DB00D3180469EFF3108C72B62268002AE2
:10118000FCD0BFF35F8F5A88090494B2090C8A42DD
:1011900008D00369BFF35F8F00221A608CF31088B8
:1011A000002010BD8022120214435C8001230269DA
:1011B0008371BFF35F8F002111608CF310880449A5
:1011C00002788C469340C268012062441360E8E7CD
:1011D0003C200000F0B504000D0006267642F7170B
:1011E00036196F4183B08F4212D80FD000F04EF9FC
:1011F00032003B00121A8B41002B13DC002B30D045
:101200002000290000F04CF903B0F0BD8642EDD972
:101210000026002700F03AF932003B00121A8B41F9
:10122000002BEBDD00F032F932003B00121A8B414B
:10123000002B0ADB002301930B4B320000930B4879
:101240003B00FFF735FF0028DADB3900084A536A14
:10125000994204D8906AB042D2D29942D0D120BFEC
:10126000F5E7002ACCD0DDE7CD0B00100405002007
:1012700000400540F0B583B0040000F007F9FA2201
:1012800006000F00002320000021920000F076FFEE
:101290008023801979411B0604000D00994202D376
:1012A0000124244D644206267642F71736196F4111
:1012B000AF4212D80FD000F0E9F832003B00121A0A
:1012C0008B41002B13DC002B30D02000290000F0D4
:1012D000E7F803B0F0BDA642EDD90026002700F0E4
:1012E000D5F832003B00121A8B41002BEBDD00F0E9
:1012F000CDF832003B00121A8B41002B0ADB002391
:1013000001930D4B320000930C483B00FFF7D0FED9
:101310000028DADB39000A4A536A994204D8906AF5
:10132000B042D2D29942D0D120BFF5E7002ACCD02A
:10133000DDE7C046FFFFFF7FCD0B00100405002056
:1013400000400540F0B5CE46474680B504000D008C
:1013500083B0EFF30587002F0DD0404A0020536A79
:101360008B4203D3926A0130A24234D303B0C0BC93
:10137000B946B046F0BD3A4B9846DB6899464346BD
:1013800048461E7800F07AF80B0049460200043601
:10139000B600715820008E1A2900801A99418F4298
:1013A00020DC1DD02D4A2B00516A8D4205D8926A4F
:1013B0000120A242DAD28D42D8D120BF27494A6A01
:1013C00093423DD88B6A0120A342CFD2AA1A531E62
:1013D0009A41D0B2CAE75B1A5A1E9341D8B2C5E708
:1013E0008642DFD900F052F822002B00121A8B41FE
:1013F000002B21DB002301931A4B2200009340466F
:101400002B00FFF755FE011E16DD144B2E005A6A05
:10141000954217D920BF4046FFF7A2FE0F4A002091
:10142000536A9E42A2D8926A0130A2429ED2EB1A1F
:101430005A1E9341D8B299E7084A536AAB4207D281
:10144000002093E79B6AA342E5D29542E3D1E1E70E
:10145000926A0120A24200D388E7E8E700400540F5
:1014600004050020CD0B001010B5024A0248FEF71B
:10147000FBFF10BDE87B00106C0900200300416AEF
:101480000A00986A596A8A42FAD17047034B596A2E
:101490000A00986A596A9142FAD1704700400540A3
:1014A000064A536A9942FCD807D1044B02E05A6AB3
:1014B000914202D19A6A8242F9D3704700400540B6
:1014C000F8B5DE464E4657464546E0B58B46050024
:1014D0000A991800160000F0DFFA0A9B6C001F0240
:1014E000324B64199C46A4006444636881469F4261
:1014F00000D967602B1FDBB29846012B30D9C0237F
:1015000080229B01E31812011A60294BAD00595942
:101510009A4600291BD17301E026226853401E40E1
:10152000802342465B01E3181E60012A30D98023E4
:1015300080229B01E31812011A6053464A466760F5
:101540005A51F0BCBB46B246A946A046F8BD586900
:1015500000F0A2FA013043001B18033BFDD2DAE78A
:101560005B46012BCBD1C02303229B01E3181A60F9
:10157000023AA3681A42FCD07301E0262268AD004B
:1015800053401E4080230A4A5B019246E3181E60C6
:101590005A462168514003220A401A6001225B46E4
:1015A0009A40A3681A42FCD0C1E7C04600800040C0
:1015B00074090020F0B546464F46D646C0B51F0018
:1015C000344B44009C462418A40064446368884655
:1015D0001600FF2B02D880235B006360031FDBB281
:1015E0009A46012B30D9C02380229B01E3181201B7
:1015F0001A60294B85005959994600291BD173015E
:10160000E026226853401E40802352465B01E318C7
:101610001E60012A30D9802380229B01E318120129
:101620001A6080235B0063604B465F51E0BCBA46A2
:10163000B146A846F0BD586900F02EFA01304300CB
:101640001B18033BFDD2DAE74346012BCBD1C02365
:1016500003229B01E3181A60023AA3681A42FCD0E5
:101660007301E0262268850053401E4080230A4A09
:101670005B019146E3181E604246216851400322F7
:101680000A401A60012342469340A2681342FCD0EC
:10169000C1E7C0460080004074090020014B800073
:1016A000C058704774090020F8B5040020481D0098
:1016B00017000E0000F0F0F90100380000F0ECF91E
:1016C000069B29041B0319432368002B1EDB194BBF
:1016D000194DE21853425A4180235B019C46120384
:1016E000164B62441A60164B1A6017002B689F4312
:1016F000FBD1144B2660E2182123A06013602368FD
:10170000002BFCDA0823E1601360F8BD3F23226858
:101710001340B342DBD1A3681B051B0D8342D6D116
:10172000EE22E368D20213408B42D0D1EDE7C046EF
:10173000001BB7000040FDBF08C0004000E00040B3
:1017400000F00040043000008023024A9B000B435D
:10175000D362704700800540142310B5010018883B
:1017600004331B88984710BD162310B50100188854
:1017700002331B88984710BDF8B54746CE4680B562
:101780000F1E19D0142399460433040000250126A6
:1017900098464B461888434621681B88984701C4E1
:1017A000431E9841013540420640AF42F1D130001E
:1017B000C0BCB946B046F8BD0126F8E7AA23064AE0
:1017C0001B0113608D235B00D3600449044B196037
:1017D0005368002BFCDA70470040024000B0FA006A
:1017E000006002407047C04610B50148FEF70EFE8B
:1017F0000C7C001070B5074D074EB54209D200248D
:10180000013E761BB60808CD984723000134B34249
:10181000F9D170BD707B0010AC7B0010054B064AFF
:1018200006491A60064A074B1A6010000B68984375
:10183000FBD1704700E00040BFCDFBFE08C0004078
:10184000FE7F3C0000F00040044BDB6C002B03D11A
:101850008022034BD2021A607047C046000011502C
:101860004C201150044A054B1A60054A1368DB01ED
:101870008033FBD17047C046FFFFFF0100F00040FE
:1018800008C000404022034B9A675A671A67DA661D
:101890007047C04600F0014010B5FEF77DFE10BD58
:1018A000F8B52749274C284D641AA4082200302C8B
:1018B00000D930222800920000F0BCFC2F2C3BD82D
:1018C00030202F21A700EB195B07204A001BDB0FFC
:1018D000091B052916D92600002B01D0EA51661CE8
:1018E000C01AE3189B004108EB18C900C9181A6018
:1018F0005A6008338B42FAD1012303421CD098432B
:101900008419A700EA51631C2F2C15D09B00EA50C4
:10191000A31C2E2C10D09B00EA50E31C2D2C0BD0C6
:101920009B00EA50231D2C2C06D09B00EA50631D1F
:101930002B2C01D09B00EA50054B9D60F8BDC046A2
:1019400000010010C001001000000020C1010010C3
:1019500000ED00E0002310B5294C82B0A367FFF72B
:101960002DFF0122274B1A60636C012BFCD103224F
:10197000254B1A60224A936B012BFCD10133009353
:101980000121224A22480433FFF78EFE052301215C
:101990000093204A2048FFF787FE002202210420FE
:1019A0001E4BFFF707FE0022012105201C4BFFF70D
:1019B00001FE0022002107201A4BFFF7FBFD002249
:1019C00000210820174BFFF7F5FD8023DB00009373
:1019D000002200210920134BFFF772FD0022104B5B
:1019E00000210620FFF7E6FD0420FFF757FE0E4911
:1019F00000F052F801000020FFF7A6FE02B010BD73
:101A0000008000403CB0004030B00040002F6859DA
:101A100000800240008C864700C00240001BB700D7
:101A200040597307006CDC0240420F00014804215A
:101A3000014B18472005002079170010014B9B68C7
:101A40001847000020050020124A936F9B0815D20A
:101A50009066D166002905D0FFE7FFE7FFE7516FE9
:101A6000106F704704B580210906C2175140002845
:101A700000D0C84306F02CF8002104BDF0B5146E68
:101A8000556E576F166FFFF7E3FF1466556657677D
:101A90001667F0BD000000D0114A936F9B0813D267
:101AA00010665166002905D0FFE7FFE7FFE7516F99
:101AB000106F704704B5002801D00020C04306F025
:101AC00007F8002104BDC046F0B5146E556E576F7F
:101AD000166FFFF7E5FF1466556657671667F0BD8A
:101AE000000000D094464A4A926F9208624601D2A2
:101AF00028E0C046F0B5464E346E756E776F366F8F
:101B000000F020F89446424A1466556657671667F7
:101B10006246F0BD94463E4A926F9208624601D2F8
:101B200054E0C046F0B53A4E346E756E776F366F3E
:101B300000F04CF89446364A1466556657671667A7
:101B40006246F0BD002B24DB11D000293EDA00B53F
:101B5000C943404200D1013100F038F8C943404246
:101B600000D10131DB43524200D1013300BD002AD4
:101B7000EBD1002801D1002905D00020C90FC907E9
:101B800001D1C043410800B505F0C2FF0022002387
:101B900000BD00B500290ADBDB43524200D101330E
:101BA00000F014F8C943404200D1013100BDC943DF
:101BB000404200D10131DB43524200D1013300F0F9
:101BC00005F8DB43524200D1013300BD002923D187
:101BD000002B18D1002A0CD0BC460D4F38667A660F
:101BE00000210023FFE7FFE7FFE77A6F386F6746C2
:101BF0007047002801D00748010000B505F088FFB4
:101C00000022002300BD02000B00002000217047CD
:101C1000000000D0FFFFFFFF002B00D0BFE0130C3F
:101C200028D1002AE7D080B4114F39667A66FFE7E1
:101C3000FFE730B4040C7B6F396F1B0423433B6612
:101C40007A66FFE7FFE7FFE7C04684B27B6F3D6F30
:101C50001B0423433B667A66FFE7FFE7C046002389
:101C60002C042D0C7A6F386F00196941B0BC704795
:101C7000000000D0F0B594460025140E01D11202E8
:101C80000835140F01D112010435940F01D19200CF
:101C90000235D40F01D152000135D40B0134254F48
:101CA0007C66254C3C660E0C93B2FFE7FFE7FFE72E
:101CB0003C6F6643360C7703BE467343DF0B5B0411
:101CC000C01AB941130C7343DB18C91ACE08664316
:101CD000360CB64493B273431F0F1B01C01AB941AF
:101CE000130C73431F0B1B05C01AB941860D8F02DD
:101CF0003E436643360C092D24DB520A7243801A98
:101D00007703460A6643360C16235B1BDE40DF4032
:101D1000BF1964466643821B7046043506330100D2
:101D2000D940A840C01900D30131A24206D20023F5
:101D3000F0BD0000000000D0FFFFFFFF121B0130CC
:101D4000F3D3F1E709277F1BFE406446A2B272433A
:101D5000801A00D20139220C7243130C1204821A29
:101D600099410B007046043513370100F940A84033
:101D7000801900D30131002B02D1A2420AD2F0BD5A
:101D8000013000D30131121BFAD2013BF8D1A2423B
:101D900000D2F0BD013000D30131121BF7E7F0B5DE
:101DA0001C0C00D080E00CB400251C0A04D11B02DE
:101DB000160E3343120208351C0B04D11B01160FFB
:101DC0003343120104359C0B04D19B00960F33431F
:101DD00092000235DC0B02D192185B4101351C00E8
:101DE000971864410134464F7C66464C3C660E0CA5
:101DF000FFE7FFE7FFE7C0463C6F6643360C77031B
:101E0000BE4697B27743C01B00D20139C01B00D237
:101E100001399FB27743C91BC91B170C77437E0456
:101E2000FF0B801BB941CE086643360C0C2D33DB0B
:101E3000B644120B1F053A431B0B97B27743C01BE6
:101E400000D201399FB27743C91B170C77433E0478
:101E50003F0C801BB941860D8F023E436643292704
:101E60007F1BFE400C3D7746AF40BF1930BCA2B28D
:101E7000ABB272437343801A9941220C7243130C24
:101E80001204801A994102000B000137001BA9417E
:101E9000F9D2781E0021F0BD0C277F1BFE4077464B
:101EA0007F0BAF40FF19E0E700245D1C07D0144F03
:101EB0007D663966FFE7FFE7FFE7FFE73C6F95B216
:101EC0009EB265436643401BB141150C1E0C654331
:101ED000664336042F0C3E432D04401BB14199420A
:101EE00004D202000B0020000021F0BD01D190427D
:101EF000F7D3801A994101349942F2D3F6E70000F2
:101F0000000000D0FFFFFFFF48404140484018B4A8
:101F1000134B5B68019308BD18B4114B1B68019308
:101F200008BD94460F4A926F920805D2624618B4D3
:101F30000B4BDB68019308BD0A4AF0B5146E556E71
:101F4000576F166F6246FFF7F2FF064A1466556632
:101F500057671667F0BD18B4014B9B68019308BD25
:101F600038070020000000D0FFB5504042405040EC
:101F700059404B40594000E0FFB5154F4C00640DEF
:101F800003D0BC4204D10C0314D80020090D09056C
:101F90005C00640D03D0BC4204D11C030AD80022AB
:101FA0001B0D1B0501264B4009D44B4003D58B422A
:101FB00000D18242FFBD9942FCD19042FFBD0B434C
:101FC000DB1803431343F5D0C9434918FFBD000094
:101FD000FF07000000B5FFF7CFFF804100BDC046FE
:101FE00000B5FFF7C1FF01D9002000BD012000BDF1
:101FF00000B5FFF7B9FF804100BD012040054A0050
:10200000121804D85A00121801D800207047012075
:10201000704700000021002805D17047C1174840D3
:10202000401AFAD0C90713B5064B1B6898470CBC79
:10203000441CA2401005120B0349091B0905194352
:10204000114310BDB01200201F04000010B54C0059
:10205000620D8023D218DB00D21A5B057E2A10DDC8
:102060009E3A13DACC170903490819435242D1406A
:10207000640001341532202A05DAD0400843604359
:1020800010BD002010BD0846604310BDC80FC01829
:10209000013810BD18B4024B5B6A019308BD000003
:1020A0003807002010B50148FEF7B0F9187C001081
:1020B000132370B51D78012D19D014DD1D48FFF7CD
:1020C00053FB06001C48FFF74FFB1C4C80223100DD
:1020D000200000F0AFF8022D06D01948FFF73CFBB6
:1020E000184B186070BD154C174BA364F5E7174BE0
:1020F000124C23606360A360E36023616361A361AA
:10210000E36123626362A362E36223636363A363A5
:10211000E36323646364A364E36423656365A36585
:10212000E36523666366A366E36623676367A36765
:10213000E367D9E753440000534600003807002006
:102140004C330000B012002051210010A5200010D7
:1021500007B5604601880A0A0230DF2AFAD1C9B2FF
:10216000820804D3028840880004104300E000681D
:10217000014A5050039007BD3807002051434343A4
:10218000C9188C46110C83B24B4310B4040C614344
:1021900092B280B2504362431C041B0C001910BC65
:1021A00059411304120CC01851416144704700009A
:1021B00010B50148FEF72AF9747F0010132310B5FB
:1021C00010481C78FFF7D0FA0100012C0AD003DD7B
:1021D00080220D4800F02EF80C48FFF7BDFA0C4B9A
:1021E000186010BD084C5422200000F023F8220093
:1021F000084980322368002B00D1216004349442C6
:10220000F8D1E9E753460000B41200204C33000037
:10221000B0120020B121001001480421014B1847E1
:102220003005002079170010014B1B68184700008B
:1022300030050020014B5B68184700003005002086
:102240007047C046F8B557464546DE464E46E0B5AF
:1022500098460A9B06009A460D9B0F009346150070
:102260009B0710D10B9B0C9A93420CD213005C4637
:102270000B9A9D1A5D442200434601343900202008
:10228000B047A542F7D10B9C6319002C09D01D0063
:1022900053462A1B013C185D39004346B047002CC9
:1022A000F6D10D9B9B070ED55B46EC1A0C9BA34207
:1022B00009D999462A004346390020200134B04705
:1022C0000135A145F6D82800F0BCBB46B246A94668
:1022D000A046F8BDF0B54F464646D646C0B584B0D8
:1022E00098460EAB1B7894469946129B0D9C109F06
:1022F000119E9A0724D4002E6AD1BC4220D201221A
:102300001A409246202C00D1CBE00C9A551E302268
:1023100001E0202C30D001342A55A742F9D852468A
:10232000002A0DD0B4420BD20C9A551E3022202C1C
:1023300002D126E0202C61D001342A55B442F9D1D3
:10234000DA0634D55A0562D4002C5CD10F9A102AD3
:1023500000D191E0022A00D1A1E030220C9C227031
:1023600001244A46002A5CD15A0700D47DE02B2282
:102370000C9D2A5501341CE05246002A02D0202E22
:102380003CD92024DA0614D55A0512D4202F00D1C6
:1023900097E0202E3BD120261F2234000F9D102DC8
:1023A00000D181E0022D4CD030250C9FBD54202C53
:1023B000D7D103930C9B6246009302964346019447
:1023C000FFF740FF04B0E0BCBA46B146A846F0BDF6
:1023D000012215001D40AA461A4227D04A46002A6B
:1023E00033D10C321A4230D1BC429BD2202C00D0C7
:1023F0008BE7202EC5D8DA06A4D4DAE72024DA0643
:10240000D7D55A0503D4A74221D0B4421FD00F9A82
:10241000102A21D0022A10D0202CCAD02200013448
:10242000C2E72D220C9D2A550134C2E7BC4200D3DD
:1024300086E7202C00D068E7E1E7202CB9D0220005
:10244000013462250C9FBD54E6E7013ECCE7621ED5
:10245000012C00D17AE7A1E79A0616D4202CA8D047
:1024600078220C9D2A550134D6E71A07A1D52022DF
:102470000C9D2A5501349CE79A060ED478220C9CB8
:1024800022703022627002246BE7202C91D05825F4
:102490000C9A121915700134BEE75822EFE7622238
:1024A000EDE7002AA7D1AAE7023C9D0604D47825CF
:1024B0000C9F3D551400B1E758250C9F3D55140065
:1024C000ACE71F226AE7C04610B5002800D110BD56
:1024D00001F000FBFBE7C0460B0010B5002802D05E
:1024E00049681B68984710BDF0B557464E464546AB
:1024F000DE46E0B599B08246894690460993229A15
:10250000239B10001900FFF778FD002800D0C8E0D9
:10251000229823990122D54B5242FFF769FD0028EA
:1025200000D0BEE0229823990122D14B5242FFF7FE
:1025300051FD002800D0B4E0229823990022002306
:10254000FFF748FD002800D0E9E1229E239F802369
:10255000269ADB001A400D92269A1A4201D10623D0
:1025600024933B00334300D0B4E0269B1B0500D5E9
:10257000BFE1002300240A930B94002304250C934D
:10258000259B0024AB4200D95C1B0223269A1A40EB
:102590000D92269A134203D06B426B415B421C4062
:1025A0000C9B002B07D00A9A0B9B30003900FFF7D9
:1025B000B8FC06000F002298239900220023FFF7A1
:1025C00009FD002803D0802109067B181F00269AE8
:1025D000A84B009601971340099E0493249B0394F3
:1025E0000293424633004946504600F0A7F90400E2
:1025F000002D67D02020269A4946024013005A42F7
:1026000053415B42621C18400A923300220045305D
:10261000D0470C9A6F1ED317D4185C40D30F9B463B
:10262000002501E0202D13D008AA94461F23200086
:1026300063440A2101355E19FFF72EFA30313170FB
:1026400020000A21FFF728FA26000400092EE9D805
:1026500005230693002304930A3303935B46099EE4
:10266000029310AB0A9A00934946330050460597EF
:102670000195FFF72FFE0D9A0400002A22D0424652
:10268000851A259AAA421DD9B0465746160022003F
:102690004346494620200135B8470134AE42F6D8BA
:1026A00010E0269B42460493259B49460393249BB6
:1026B00050460293229B239C00930194099B00F0B7
:1026C0003DF90400200019B0F0BCBB46B246A94653
:1026D000A046F0BD684B78009C46400D6044FFF773
:1026E0009DFC664A664BFFF736FC664A664BFFF771
:1026F00013FC664A3B031B0B1A4304000D00644B9A
:10270000110030000022FFF702FC624A624BFFF723
:1027100022FC02000B0020002900FFF7FDFBFFF761
:1027200095FC0C90FFF77AFC5C4A5D4B04000D00B1
:10273000FFF711FC00225B4BFFF7EEFBFFF786FC77
:10274000594A8346594B20002900FFF704FC040036
:1027500058460D00FFF762FC554A564BFFF7FBFB4E
:1027600002000B0020002900FFF7D1FB02000B0044
:102770000A900B91FFF7EFFB04000D000A980B99EC
:1027800002000B00FFF7C8FB00220E900F914A4B8E
:1027900020002900FFF7C5FB0022484BFFF7BCFBD8
:1027A00002000B0020002900FFF7BBFB0022444B76
:1027B000FFF7B2FB02000B0020002900FFF7B1FB7E
:1027C0000A9A0B9B0D0080210400C9050020FFF729
:1027D0009EFB02000B0020002900FFF79DFB394CF7
:1027E00002000B000E980F99FFF79BFB5C44002240
:1027F000264BFFF791FB23050022FFF7ACFB0400FB
:102800000D0002000B00300039000A940B95FFF711
:10281000E1FB00285ED123002A00C6250C99633114
:102820008D42AD4126996D420435090500D4A7E6D5
:10283000134364D030003900234A244BFFF7D0FB08
:10284000002807D0002230003900214BFFF7C2FBDF
:10285000002854D1249B002B00D191E60D9B5A1ED9
:102860009341249AD31A24938AE6C046FFFFEF7F50
:10287000FFFFEFFFFFF7FFFF01FCFFFFFB799F501A
:102880001344D33FB3C8608B288AC63F0000F03F93
:102890000000F83F61436F63A787D23F71A37909B6
:1028A0004F930A400000E03F1655B5BBB16B0240A4
:1028B000EF39FAFE422EE63F00002C400000244093
:1028C00000001840FF0300002D431CEBE2361A3FC6
:1028D00080842E410C9B0022013B0C932000164B60
:1028E0002900FFF71EFB0A00010003000A910B926A
:1028F00093E7002300240A930B9400230C93249A5B
:102900000C9B9A4214DDD31A013B24938023269A10
:10291000DB001A430023002526920C9330E6802228
:1029200012069446229B1E00239B63441F000EE662
:1029300000232493EAE7C04600002440F0B5454652
:10294000DE464E465746E0B595B08B4690469946D2
:102950001E9A1F9B0A9019001000209DFFF74DFB47
:10296000002800D0B0E11E981F990122C74B5242A7
:10297000FFF730FB002800D037E11E981F99012295
:10298000C34B5242FFF734FB002800D0A7E01E984B
:102990001F990022BF4BFFF72BFB002800D088E0D7
:1029A0001E981F990022BC4BFFF714FB002800D093
:1029B0007FE01E981F9900220023FFF70BFB0028E1
:1029C00000D0FAE000230B938023229C229ADB00A4
:1029D0001C401A4200D102E1092D00D87EE106A96F
:1029E0008C462C00172200233021093C624401331D
:1029F000D154EF1A202B00D132E1A342F7D10022AB
:102A0000A44B069207931E981F99FFF71FFB050022
:102A1000FFF704FB02000B001E981F99FFF777FADF
:102A2000069A079BFFF797FA08900991FFF732FB88
:102A30000600FFF7EFFA02000B0008980999FFF76C
:102A400066FA0022954B08900991FFF7D1FA002809
:102A500000D1D2E001363000FFF7DCFA069A079B7E
:102A6000FFF7BEFA002801D000260135AA46002F44
:102A700000D098E02800FFF7D1FA02000B001E9862
:102A80001F99FFF744FA854B002206000F00FFF75D
:102A9000A1FA0CAB9A46002845D10022300039003B
:102AA0007E4BFFF7A5FA00283DD1EB073BD501355A
:102AB00039E0229B42460493219B594603930A988E
:102AC0001E9B1F9C0295009301944B46FFF70CFD43
:102AD00015B0F0BCBB46B246A946A046F0BD229B4D
:102AE0005B0767D403226E4B2299019203912199CF
:102AF0000291009342464B4659460A98FFF7A2FBC3
:102B0000E6E706AA94461723280063440A21013405
:102B10001E19FEF799FF3031280031700A21FEF7A7
:102B200093FF051E76D0202CEBD10323229A13406D
:102B3000012B1DD1219B002B1AD00B9B002B00D009
:102B4000BBE0229A0C33134200D0B6E0219BA34293
:102B500000D887E006AB9C4617223023624404E08D
:102B60002199013413558C4259D0202CF8D12024BE
:102B7000229B01940393219B02935346B9E706AA33
:102B8000944617230A216344300001341D19FEF7CF
:102B900083FF3031297030000A21013FFEF77CFFAE
:102BA000092E46D90600202CE9D155460CAB20242D
:102BB0009A46B8E704223B4B96E71E9A1F9B0020DB
:102BC0000021FFF7A4F901230B938023229C229A72
:102BD000DB001E901F911C401A4200D0FCE6002230
:102BE000314B0627069207930DE7229B0393219B07
:102BF0000293042301932D4B7BE700220898099947
:102C0000264BFFF7E7F9002800D02FE7002E4FD121
:102C100001362BE70323229A1340012B68D0202C86
:102C2000A6D00B9B002B1FD02D23524613550134E9
:102C30009EE75546202CB9D030223B19002F4BD0AF
:102C4000172006A9013409180A55202CAED09C4241
:102C5000F6D10CAA92462E2251465C1CCA5462E759
:102C60002024CCE6202C83D0229B5B0708D4229B17
:102C70001B0700D47CE7202352461355013477E725
:102C80002B2352461355013472E7C046FFFFEFFF76
:102C9000FFFFEF7F65CDCD4165CDCDC10000E03FA9
:102CA000C87C0010C07C001080842E41D07C0010B5
:102CB000F30700D4DAE60136D8E6219B013B2193E5
:102CC000A34200D946E7AAE7229B0393219B0293E4
:102CD00003230193084B0CE72300BAE7074BEA00F4
:102CE0009B185C681B682F000693079400248AE6F3
:102CF000219B002B93D020E7CC7C0010787E001025
:102D0000F0B5DE4657464E464546E0B59FB01C003E
:102D1000289B93460A93CC4ACC4B8A4609901A606A
:102D2000002900D14DE1002320789946002800D1E8
:102D30004FE1C74B4D460893C64B0D930AE02A005E
:102D40006E1C5B46099D5146A8473500013420782A
:102D5000002872D02528F2D110239946083B9846C6
:102D6000043B00219C460227013420782600030002
:102D7000203BDBB2102B03D8089A9B00D3589F4608
:102D80000300303B092B6ED900272A2800D18AE0A6
:102D900000230B932E2800D176E00300683BDBB2C2
:102DA000122B1BD8AC4C9B00E3589F4601230134E7
:102DB0001943DAE739430134D7E76346013419434D
:102DC000D3E74B4601341943CFE743460134194357
:102DD000CBE780235B0070781943013667280AD857
:102DE00024281FD90300253BDBB2422B1AD80D9AA9
:102DF0009B00D3589F460300693BDBB20F2B11D8D1
:102E000001249C40954AA446904614400C94624686
:102E10004446224200D025E20A2B00D101E1072BD3
:102E200000D1D8E0099C2A005B465146A047707843
:102E30006F1C741C3D0000288CD1A9462C00CB458A
:102E400003D801235B425B4499465B464A465146A0
:102E50000020099DA84720001FB0F0BCBB46B24629
:102E6000A946A046F0BD0027BB00DF1901367F0050
:102E70003F183078303F0300303B092BF4D9002352
:102E80000B932E2800D088E780237078DB0019434D
:102E90000300303B741C092B00D82CE12A2800D1F8
:102EA00038E1260079E70A9B80CB002F03DB6078AE
:102EB0000A93661C6CE70222607811437F420A93F2
:102EC000661C65E7672800D1C8E1472800D104E205
:102ED000452800D104E207200A9B0491073383436D
:102EE00019000B9A039702920CC90998009201935A
:102EF0000A912A005B465146FFF7F6FA741C05005A
:102F000025E770786C2800D10DE280235B0019431F
:102F1000013663E780239B007078194301365DE733
:102F20007078682800D1F9E180230136194355E70C
:102F3000462800D18FE107200A9B04910733834381
:102F400019000B9A039702920CC9099800920193F9
:102F50000A912A005B465146FFF7F0FC741C0500FD
:102F6000F5E62A00099C5B46514625206F1CA047C8
:102F70003D00741CEBE6890700D4DEE10A9B2A00C1
:102F800098466B1C9946434601CB51469846099C8E
:102F90005B46C0B2A047ED19012F00D893E24C4622
:102FA000B1465646099F22005B460134310020207D
:102FB000B847AC42F7D1B24643464E460A93741C1A
:102FC000C5E6274B2078099300239946002800D0B6
:102FD000AFE6002433E70A9B1A0008CA9046002B8C
:102FE00000D1A7E0212008430EA98C461F2262448D
:102FF0000F27AC46814615000C9C02E0202C0CD01B
:1030000013003800184001003731092800D807396B
:10301000013429551A090F2BF0D8654648460C94FF
:1030200094E00A9B1A0008CA12920B9A002A7BD1DC
:1030300002241A786442002A1DD0013418199C46D3
:103040001C00030010E0C046012D00108C1200206F
:10305000D87C0010687D00101C7D0010419000009D
:10306000412200109C4203D0607801340028F9D13D
:103070006346E01A0C908020C000844608408046D9
:103080006046014204D00B980C9C844200D90C90FD
:103090000220844608400A906046084200D189E137
:1030A000101E00D170E14246002A00D11BE10B9AAC
:1030B0005B1B9046A84444462A00B84699465746AA
:1030C000B246099E09E05B463900551CB0474B46A5
:1030D000585D002800D12CE12A009442F3D15646D5
:1030E0002500BA4647460A9B002B00D04CE1129BB4
:1030F000741C0A932BE6002293009B185B0001349A
:103100001A182078303A0300303B092BF4D92600F6
:103110000B9242E60A9B023604CBD043C017024012
:103120000B9230780A9338E61A78002AA3D00B98CD
:10313000441E82E710230800802798431133184368
:103140000B00FF003B40394200D14DE708230593B7
:103150000B9B2A00049310230393002302930C9BE0
:103160000690019316AB009351465B460998FFF712
:10317000B1F843460500741C0A93E8E5622800D1C3
:10318000A6E1582800D1B1E180230A00DB001A40F3
:103190009046194200D189E1112399438C4680233E
:1031A00062469B001A40100062461A4200D023E19A
:1031B000802364465B001C401A4200D032E2634622
:1031C0005B0600D56BE163460A991B0600D4DBE27F
:1031D00008C91BB2DA179818504080B20A91DA0F6A
:1031E0000C92002B00D118E280460EAA91461F23B4
:1031F0004B441395E14645461297B0461E0001E048
:10320000202C0FD028000A21FEF746FC0134371984
:103210003031397028000A21FEF73EFC2F000500EE
:10322000092FEDD84646CC46129F139D6346069360
:103230000B9B059704930A2303930C9B029316ABF5
:103240002A000194009351465B460998FFF742F823
:10325000741C05007BE5202319436CE680231B01C9
:10326000194338E6782800D07CE180230A00DB008F
:103270001A409146194200D1A5E20D239943080056
:1032800003330C93802302009B001A40904618429F
:1032900000D078E1802304005B001C40184200D07D
:1032A00007E2430600D453E2FF210A9B04CB0A4005
:1032B00090460A934346002B00D026E110339843F2
:1032C0004B46002B00D120E100240B9B0690049379
:1032D0000C9B059703930023B0E780231B01194340
:1032E00020231943F7E55B1B99460C9B099C9846E4
:1032F0005B46B3465646BA461F002A003B003100E3
:10330000A0474B460135585D0028F6D143460C9343
:103310003B005746B2465E469B46E4E6C023B07883
:10332000194302365AE5C0239B00B0781943023690
:1033300054E55646BA464746D5E6012F00D832E254
:103340006B1E9846B8442C00A9464546B8465746D9
:10335000B246099E22005B46013439002020B04766
:10336000AC42F7D10A9B564601CBBA46474698462F
:1033700022005B46099C5146C0B2A0474D464346D9
:10338000ED190A93741CE2E40C9BA8469F4200D8F6
:10339000ADE64446B04656467D19099FED1A220017
:1033A0005B46013431002020B847AC42F7D1B24629
:1033B00046469CE60C98874200D8F0E14246984683
:1033C0007919B9465746B246099E0C1A0C922A0042
:1033D0005B46013539002020B047A542F7D156465B
:1033E000BA464F4643460C9A90467A1C0C921A787D
:1033F000101E00D057E67AE60822072191460A9B64
:1034000007338B4399444A460ACB0C000A921C436B
:10341000DA0F002C4ED0D817040010904C401190B9
:103420000E94109811990C005C400F940E9B0F9C09
:103430001B1A8C410E930F940EA988461F2300245B
:1034400043441297B046270013951E000E9C0F9D13
:10345000E1460C9201E0202F10D0200029000A2222
:103460000023FEF757FB013730322B00F2550D00D9
:1034700022000400002BEED1092AECD84646CC46A7
:103480000E940F950C9A3C00139D129F6346069371
:103490000B9B059704930A2302920393CFE6FF2325
:1034A0000A9904C9134018000A9198E61023994319
:1034B0008C4674E643460024002BE7D10023002409
:1034C0000E930F94B8E743464D460A93741C3EE4AE
:1034D00080230A00DB001A409146194200D140E1E6
:1034E0000D2399430B3B08000C93CBE680230A0085
:1034F000DB001A409146194200D162E10D232020E1
:103500009943033308430C93BCE66123810600D53D
:1035100041230EA91F228C46DBB262440A3B13975B
:103520001495814645460C9FB0461293160008E05C
:103530003033DBB201343355BD420ED3202C0CD0D6
:10354000050039002800FEF7A7FACBB20929EFD908
:10355000129A94466344DBB2ECE746464846139F12
:10356000149DB2E66F2800D03CE10C23080098437C
:1035700080230A00DB001A409146194200D02AE15C
:1035800008230C937EE60A99FA3BFF3B07319943E7
:1035900001339C468C4463464A680A930B68904604
:1035A0009C461343191E06D14B4610310024884314
:1035B000002B00D089E66121830600D541210EAAA7
:1035C00091461F234B449946C9B20C9B0A39139765
:1035D0001495159645464E46002467469846814602
:1035E00012910CE03032D2B2002301343255AB429A
:1035F00000D1BCE0202C00D1BCE007000D00424609
:10360000002338002900FEF785FAD2B2092AE9D949
:10361000129B9C466244D2B2E6E74346002B00D0A0
:1036200004E6E2E50A9C08CCDA0F1392002B00D1E5
:10363000A5E0D9175B184B4098460EAA91461F2368
:103640004B440C95A14645461296E04606001C00E8
:103650000A9701E0202E0FD028000A21FEF71CFA5D
:103660000136A7193031397028000A21FEF714FA03
:103670002F000500092FEDD8C4464C4630000A9FA4
:103680000C9D129E634606930B9B2A0004930A230B
:103690000393139B0190029316AB009351465B4634
:1036A00009980597FEF716FE0A940500741CFFF7AB
:1036B0004EFB0A9B10CB1493002C04D1102398438B
:1036C0004B46002B2CD16123810600D541230EA946
:1036D0001F228C46DBB262440A3B12971395814647
:1036E00045460C9FB0460A93160008E03033DBB223
:1036F00001357355BC420ED3202D0CD00400390087
:103700002000FEF7C9F9CBB20929EFD90A9A9446ED
:103710006344DBB2ECE748464646129FA846139D39
:103720000B9B2A0004930C9B0690039300230293A7
:103730004346019316AB009351465B4609980597A3
:10374000FEF7C8FD149B05000A93741CFFF7FFFAEF
:1037500003061FD50A9B02CB09040A0C90460A9364
:10376000A8E50C2399430A3B08000C938AE5B84569
:1037700000D83FE74846139F149D159EA5E5434694
:10378000002B00D07EE758E708C9DA179818504098
:103790000A9124E50A9B04CB90460A938AE501002E
:1037A00001310C9124E60A9F6C1C01CF2A005B4674
:1037B000099D5146C0B2A84725000A97741CFFF71F
:1037C000C6FA202319430C2399430023994610334A
:1037D00008000C9356E508238C460C930D23604695
:1037E00098434FE510230A009A439446692808D16C
:1037F00080230A00DB001A409046194200D1CEE433
:10380000CAE41C230800984380230A00DB001A4006
:103810009146194202D10A230C9333E50A230C93F3
:10382000DCE7C04600B585B003910121029000930A
:10383000034813004A4202A9FFF762FA05B000BD2F
:10384000D924001010B5094A0300146884B0002C74
:1038500008D0012200910648524203A9A047012046
:1038600004B010BD00F082F90020F9E78C120020AE
:10387000C924001000BEFDE77047C04610B5FFF731
:10388000F9FFC04670B5FDF7B5FF074D074EB542CD
:1038900009D20024013E761BB60808CD98472300C4
:1038A0000134B342F9D170BDAC7B0010B07B001085
:1038B000030010B5080011001B68984710BDC046F2
:1038C000F0B546464F46D646C0B5437D80460E000D
:1038D0001700002B4BD0002A32DD274B01259A46DA
:1038E0004B1E00240020994607E0335D0A2B2CD0A4
:1038F0002B0001340135BB4213DA002CF5D13378AB
:103900000A2BF5D143461B7D002BF1D1434650468F
:1039100002211B68984728002B0001340135BB4267
:10392000EBDB874204DD4346391A1B6830189847A1
:10393000F619013E33780D3B5A4253414246137506
:10394000E0BCBA46B146A846F0BD4B461B5D0D2B08
:10395000CED0A042DADA4346211A1B6830189847C5
:103960004346504602211B6898472800D4E7036865
:10397000110030009847E3E7C87E0010F8B50B68E7
:103980000D005A1CCB180A601871802A00D0F8BDAF
:103990000E4B1C68002C15D00D4E0F1D02E0246943
:1039A000002C0FD02368002BF9D03368002B01D0F6
:1039B000A342F4D1200039002A68FFF781FF24696F
:1039C000002CEFD100232B60E1E7C04684120020D9
:1039D00088120020F0B5DE4657464E464546E0B513
:1039E00085B017001C0006000D00FDF74FFD0023F9
:1039F000314A12184B41802109068B4202D3012221
:103A00002E4B52422E4908008A4604F091F801904C
:103A10006B1C03D1300003F0F9FF0500002C26D009
:103A2000284B9846284B1C68002C15D0002F21D11C
:103A3000264F02E02469002C0ED02368002BF9D019
:103A40003B68002B01D0A342F4D120002A003100B2
:103A5000C0472469002CF0D1019B002B28D12800FD
:103A600005B0F0BCBB46B246A946A046F0BD184B17
:103A70009846D7E7154B994602ABDF1D0A239B46B4
:103A800002E02469002CE7D02368002BF9D04B46D4
:103A90001B68002B01D0A342F3D12A003100200083
:103AA000C0475B460122390020003B70C047E8E771
:103AB000504604F055F8D2E740420F00FFFFFF7F69
:103AC00068050020C13800108412002088120020F0
:103AD000B1380010F0B5CE46474680B583B06B468E
:103AE0000600DD1D2870FDF7D1FC00231A4A1218CC
:103AF0004B41802109068B4202D30122174B5242CF
:103B000017490800884604F013F8164B81461C68D4
:103B1000002C14D0144F02E02469002C0FD023682D
:103B2000002BF9D03B68002B01D0A342F4D1200038
:103B300001222900FFF7C4FE2469002CEFD14B4677
:103B4000002B05D1300003B0C0BCB946B046F0BD73
:103B5000404604F005F8F5E740420F00FFFFFF7F05
:103B600068050020841200208812002070B504002F
:103B700003F04CFF01230100050001222000FFF7A4
:103B800029FF084B1C68002C06D06368002B05D069
:103B900098472469002CF8D1280070BD2469002CB6
:103BA000F3D1F9E784120020F0B5CE46474680B540
:103BB000A3B004000D00FDF769FC0023294A121888
:103BC0004B41802109068B4202D30122264B5242EF
:103BD000264F380003F0ACFF0023060001932200BB
:103BE0002B00234801A9FFF71DFE019B8046002BF7
:103BF00014D1204B1C68002C06D06368002B0BD01E
:103C000098472469002CF8D1002E25D1404623B0D6
:103C1000C0BCB946B046F0BD2469ECE7154B1D6841
:103C20009946002D1CD0144C02E02D69002D0FD0B8
:103C30002B68002BF9D02368002B01D0AB42F4D1C4
:103C40002800019A02A9FFF73BFE2D69002DEFD154
:103C50004B4601951C68CEE7380003F081FFD5E79D
:103C60000195D1E740420F00FFFFFF7F680500206C
:103C70007D39001084120020881200200FB400B596
:103C800083B004A901C90191FFF78EFF03B008BCFE
:103C900004B01847014B18607047C0464008002028
:103CA00010B5034B0A000100180003F01BF810BD0B
:103CB000A8090020014B18687047C0464008002042
:103CC00010B582B0FFF7F6FF002807D003F0D0FA56
:103CD00003000020002B10D002B010BD684603F096
:103CE00027FD0F4C6946200003F028FD002813D063
:103CF0002000FFF7CFFF2000E8E7FFF7DBFF04001D
:103D000003F0D2FA064B9C4206D1236820005B6B7D
:103D100098470020FFF7BEFF01204042DCE7C04685
:103D20007005002010B5024800F00CF810BDC04628
:103D3000A812002010B508220149FEF77BFA10BD39
:103D4000A812002030B5002589B004000922002106
:103D500001A80095FEF768FA0922002105A804953C
:103D6000FEF762FA6A464B236846137004A90023E3
:103D70000D2203F0B5FE1521082220006944FEF74C
:103D800059FA09B030BDC04610B50520FDF786FCD4
:103D9000030C642003495843FDF77EFE0338FDD22F
:103DA00010BDC0469A3B0000184B70B5C4580500C2
:103DB000002C14D02168002906D06368A26814483A
:103DC00003F050F9002323600C202056002810DA5D
:103DD0000D202056002803DA00220C4BEA5070BD5B
:103DE00003F07CF90D20205603F05CF9FF23637388
:103DF000F2E703F073F90C20205603F053F9FF2388
:103E00000D20237320560028E6DBE9E74C0800006C
:103E1000E87E0010F0B5C6463F4C404B00B5C4509C
:103E2000002306212200012684B02360013BA381E8
:103E3000019112310500009139482100231D0832FB
:103E4000029603F001F9002860D0636835495F1DD0
:103E50003F03DB011F43344B0A681F403023934369
:103E6000324A206813600B68310099431160802248
:103E7000002352040092019302F0DAFFA168206847
:103E80004B005B18DB00C318B8461A008027C83205
:103E9000BF021760C027BF02976047460432176011
:103EA000234ADC331A601D220123009602F0CCFF66
:103EB000204B21689C466144090D06311820C9B287
:103EC000FCF7F8F9012200211820FCF70DFA012176
:103ED0001820FCF71DFAA16823684A005218D20086
:103EE0009B18154AD8331A60002003F0E5F82073B8
:103EF000002003F0E1F8237B40B260731843000612
:103F000004D4002004B080BCB846F0BD2800FFF700
:103F10004BFF06204042F5E75C0900204C080000FA
:103F2000E87E001078C00140FFFFFF9F78D001407D
:103F300018771C240000E0AF01E00000F0B54E4609
:103F40004546DE465746E0B589461600984689B094
:103F5000002900D124E1964BC458964B21689C4619
:103F60006144090D06311820C9B2FCF7A3F9914B41
:103F700021689C466144090D06311D20C9B2FCF739
:103F800099F9012200211D20FCF7AEF9D0238022EF
:103F90001B0692049A614346002B00D122E14B4656
:103FA000002B00D1FAE001252A00A16820688A4090
:103FB00003689343036063689C464B005B18DB0017
:103FC000C718CC3703933B689A4663465A1D7A4B11
:103FD00012039B46049253465A461340049A1A43CE
:103FE0006346DB011A433A60744A039B944680227D
:103FF000C318634412061A601A6080220023520418
:104000000092019302F0BEFE2900A36827681A1DE2
:104010009140944680229201BA181160190028003C
:104020000831884099001060F2007918013A0A615D
:104030005A00D218D2006248BA18D83210601298CA
:10404000801BC000013808611F205E491160616853
:1040500001401160A0210C22C9058A46A256504693
:1040600095405949455091010800802583460791A4
:1040700056496D04594408682842FCD10D20012599
:10408000205651498540039050464550A021C9050E
:104090008A464E4903988B4685018021AA445D4497
:1040A0009B462B0049041D680D42FCD15B464149EB
:1040B00003907D182D0DED005919C9038B46584604
:1040C0004349D2020A400243424806950100A0201B
:1040D0001143C005624683464846079D92005D44F1
:1040E000049228600498B9468346D944484605910D
:1040F0002900B2086860AA60059DCD600399069DFD
:10410000C8023349654408401299ED038908054304
:104110008A1A314859462843554610317918296082
:10412000414689196960AA6001229A401300E8603B
:1041300039680B433B600C22284B80219C46A256D9
:1041400049049201624413680B42FCD10D22234BB7
:1041500080219C46A25649049201624413680B4296
:10416000FCD1002132004046FEF75EF8A1682368CA
:104170004A005218D2009B18194AD8331A60D0232B
:1041800080221B0692045A61FFF7FEFD002009B051
:10419000F0BCBB46B246A946A046F0BDC14602E708
:1041A0004346002B00D0D6E605204042EFE7C0464C
:1041B0004C0800000000E0AF7F00FEFFD0100000C0
:1041C0002060000040600000440400000C0000502B
:1041D000FD7F00FF19004000290040001000005042
:1041E00003A000004B46002BC0D001273A00A16875
:1041F00020688A4003689343036063689C464B00D1
:104200005B18DB00C518CC3503932B689A466346D0
:104210005A1C484B12039B46049253465A4613407D
:10422000049A1A436346DB011A432A60424A039BFD
:1042300094468022C318634412061A601A608022D2
:10424000002352040092019302F09CFD3A00A06802
:104250002168031D9A409A4680239B01CB181A605F
:1042600002003D000832954082001D60F3008A186C
:10427000013B136143001B18DB00304DCB18D833D2
:104280001D60454615611F252D4A1A6062682A4047
:104290001A600C23E356A0229F409C46294BD2056E
:1042A000D75063469B019B4617008025264A5F44F2
:1042B0005A446D0413682B42FCD16246D2029446E4
:1042C000224A234B904662464546CB181B0DDB0025
:1042D0001B182A40DB0313431E4AB60813434A4601
:1042E0003A60524695004D197D60BE60FB60012327
:1042F00083400D68184A2B430B6080215A444904BF
:1043000013680B42FCD10122A368216818339A403C
:104310008A608B681A42FCD00122A16820688A401A
:10432000036893430360002318220093013302F0D3
:104330008BFD1BE77F00FEFFD01000002060000017
:1043400040600000440400000C000050FD7F00FFAE
:104350000000E0AF190040001000005010B5172019
:10436000FCF734F8D024802324061B04002201210A
:1043700063621720FBF7B8FF1820FCF727F88023AB
:104380005B0463621920A361FCF720F880239B047F
:104390006362636110BDC04670B5D02480252406D9
:1043A0002D04A561142003F001F86561FA2002F0E4
:1043B000FDFF1820FCF70AF880235B04A36270BDA0
:1043C000002300B585B003930A4BD2021A4008239C
:1043D00009071143084A00930A4302AB52BA00216D
:1043E00002920422FFF7AAFD002801D1039840BAE7
:1043F00005B000BD00F8FF0F0400004010B54C1ED2
:1044000063425C41104BD2021A4009070F4B0A432A
:1044100088B013432401029323000833009304223D
:10442000002102ABFFF78AFD00280AD163425C41FC
:10443000032364429C4308226B460534A4009B1866
:10444000185908B010BDC04600F8FF0F0400004026
:1044500010B54C1E63425C41104BD2021A40090752
:104460000F4B0A4388B013432401029323000833FF
:1044700000930422002102ABFFF760FD00280AD15F
:1044800063425C41032364429C4308226B4605342B
:10449000A4009B18185908B010BDC04600F8FF0FC3
:1044A0000200004010B54C1E63425C41104BD2022A
:1044B0001A4009070F4B0A4388B0134324010293A3
:1044C0002300083300930422002102ABFFF736FDDE
:1044D00000280AD163425C41032364429C430822C2
:1044E0006B460534A4009B18185908B010BDC0468F
:1044F00000F8FF0F01000040F0B55BBADE465746FA
:104500004E464546E0B5734CD2022240090711439E
:10451000714A85B00A430393704B02A9C458704B8B
:104520008A4652BA9C46216818206144090D06311A
:10453000C9B20292FBF7BEFE694B21689C466144FA
:10454000090D06311D20C9B2FBF7B4FE012200217E
:104550001D20FBF7C9FED023802201271B069204F1
:104560009A613A00A16820688A40036865689343AD
:1045700003604B005B18DB00C618CC3632689C46E3
:1045800090466A1C1303574A9B46914642464B4647
:104590001A4013005A46ED011A432A433260524A28
:1045A000634694468022C318634412061A601A6058
:1045B0008022002352040092019302F0E3FB3A00B0
:1045C000A0682168031D9A40994680239B01CB185F
:1045D0001A6002003D00083295401D603F238200B2
:1045E0008A18136143001B18DB00404DCB18D833E9
:1045F0001D60002515613E4A1F351A6062688026DD
:104600002A401A600C23E356A0229F409C46394B57
:10461000D205D75063469A01A023DB05D718364B45
:104620007604D5182B683342FCD16546ED02AC46C2
:10463000324D2B4BA84665464646CB181B0DDB007A
:104640001B183540DB032B432D4D2B4355463D6056
:104650004D46AE0002258E197E60BD60FB600123D1
:1046600083400D682B430B60264B80219C464904F8
:10467000624413680B42FCD10122A36821681833FD
:104680009A408A608B681342FCD00122A16820689E
:104690008A40036893430360002318220093013388
:1046A00002F0D2FBA16823684A005218D2009B187E
:1046B000154AD8331A60D02380221B0692045A610F
:1046C000FFF762FB002005B0F0BCBB46B246A9462E
:1046D000A046F0BD00F8FF0F040000C04C08000029
:1046E0000000E0AF7F00FEFFD0100000206000005F
:1046F00040600000440400000C000050FD7F00FFFB
:10470000190040001000005003A00000F0B5DE4684
:1047100057464E464546E0B585B002ACA246724CBF
:10472000D202224009070A43704901270A43029234
:10473000524653606E4BC4586E4B21689C46614490
:10474000090D06311820C9B2FBF7B4FD694B216889
:104750009C466144090D06311D20C9B2FBF7AAFD34
:10476000012200211D20FBF7BFFDD02380221B0664
:1047700092049A613A00A16820688A4003686568DB
:10478000934303604B005B18DB00C618CC363268DD
:104790009C4690466A1C1303574A9B4691464246E4
:1047A0004B461A4013005A46ED011A432A43326021
:1047B000524A634694468022C318634412061A6024
:1047C0001A608022002352040092019302F0DAFA68
:1047D0003A00A0682168031D9A40994680239B01F6
:1047E000CB181A6002003D00083295401D603F233F
:1047F00082008A18136143001B18DB00404DCB1860
:10480000D8331D60002515613E4A1F351A60626865
:1048100080262A401A600C23E356A0229F409C4623
:10482000394BD205D75063469A01A023DB05D71830
:10483000364B7604D5182B683342FCD16546ED0221
:10484000AC46334D2B4BA84665464646CB181B0D50
:10485000DB001B183540DB032B432E4D2B43554605
:104860003D604D46AE0002258E197E60BD60FB6046
:10487000012383400D682B430B60274B80219C460E
:104880004904624413680B42FCD10122A3682168E9
:1048900018339A408A608B681342FCD00122A168C9
:1048A00020688A4003689343036000231822009322
:1048B000013302F0C9FAA16823684A005218D200F5
:1048C0009B18164AD8331A60D02380221B06920404
:1048D0005A61FFF759FA002005B0F0BCBB46B2465A
:1048E000A946A046F0BDC04600F8FF0F040000C076
:1048F0004C0800000000E0AF7F00FEFFD010000079
:104900002060000040600000440400000C000050E3
:10491000FD7F00FF190040001000005003A00000C0
:10492000F0B5DE4657464E464546E0B585B002AC8A
:10493000A246724CD202224009070A43704901275D
:104940000A430292524653606E4BC4586E4B216824
:104950009C466144090D06311820C9B2FBF7AAFC38
:10496000694B21689C466144090D06311D20C9B27E
:10497000FBF7A0FC012200211D20FBF7B5FCD02392
:1049800080221B0692049A613A00A16820688A403E
:1049900003686568934303604B005B18DB00C6182F
:1049A000CC3632689C4690466A1C1303574A9B4695
:1049B000914642464B461A4013005A46ED011A43AF
:1049C0002A433260524A634694468022C3186344A5
:1049D00012061A601A60802200235204009201938A
:1049E00002F0D0F93A00A0682168031D9A40994668
:1049F00080239B01CB181A6002003D0008329540CD
:104A00001D603F2382008A18136143001B18DB00DE
:104A1000404DCB18D8331D60002515613E4A1F3527
:104A20001A60626880262A401A600C23E356A0228E
:104A30009F409C46394BD205D75063469A01A0232C
:104A4000DB05D718364B7604D5182B683342FCD1DA
:104A50006546ED02AC46334D2B4BA84665464646AF
:104A6000CB181B0DDB001B183540DB032B432E4DF1
:104A70002B4355463D604D46AE0002258E197E60A3
:104A8000BD60FB60012383400D682B430B60274B07
:104A900080219C464904624413680B42FCD10122E8
:104AA000A368216818339A408A608B681342FCD04F
:104AB0000122A16820688A400368934303600023B1
:104AC00018220093013302F0BFF9A16823684A005D
:104AD0005218D2009B18164AD8331A60D02380226D
:104AE0001B0692045A61FFF74FF9002005B0F0BC95
:104AF000BB46B246A946A046F0BDC04600F8FF0F2F
:104B0000020000C04C0800000000E0AF7F00FEFF84
:104B1000D01000002060000040600000440400004D
:104B20000C000050FD7F00FF1900400010000050F5
:104B300003A00000F0B5DE4657464E464546E0B5B8
:104B400085B002ACA246724CD202224009070A4349
:104B5000704901270A430292524653606E4BC45873
:104B60006E4B21689C466144090D06311820C9B27C
:104B7000FBF7A0FB694B21689C466144090D063197
:104B80001D20C9B2FBF796FB012200211D20FBF777
:104B9000ABFBD02380221B0692049A613A00A168E5
:104BA00020688A4003686568934303604B005B1884
:104BB000DB00C618CC3632689C4690466A1C13034C
:104BC000574A9B46914642464B461A4013005A4666
:104BD000ED011A432A433260524A634694468022CA
:104BE000C318634412061A601A608022002352041C
:104BF0000092019302F0C6F83A00A0682168031DF4
:104C00009A40994680239B01CB181A6002003D0010
:104C1000083295401D603F2382008A1813614300CB
:104C20001B18DB00404DCB18D8331D6000251561E3
:104C30003E4A1F351A60626880262A401A600C239B
:104C4000E356A0229F409C46394BD205D75063467D
:104C50009A01A023DB05D718364B7604D5182B68AC
:104C60003342FCD16546ED02AC46334D2B4BA84692
:104C700065464646CB181B0DDB001B183540DB0391
:104C80002B432E4D2B4355463D604D46AE0002252D
:104C90008E197E60BD60FB60012383400D682B434D
:104CA0000B60274B80219C464904624413680B42E9
:104CB000FCD10122A368216818339A408A608B686E
:104CC0001342FCD00122A16820688A400368934304
:104CD0000360002318220093013302F0B5F8A168A5
:104CE00023684A005218D2009B18164AD8331A601B
:104CF000D02380221B0692045A61FFF745F800205A
:104D000005B0F0BCBB46B246A946A046F0BDC046C1
:104D100000F8FF0F010000C04C0800000000E0AFE9
:104D20007F00FEFFD0100000206000004060000007
:104D3000440400000C000050FD7F00FF19004000FB
:104D40001000005003A00000F0B5DE1C1D0003237E
:104D5000040083B09E43012924D004202133164F40
:104D6000D2023A4009072A430A4380210430C90588
:104D700080000A4320180436426000210096042275
:104D80002000E318FFF7DAF8061E0FD12100089B78
:104D90002831994203D02A001800FDF74BFA300061
:104DA00003B0F0BD002010361133D8E731000348BE
:104DB000FEF764FFF3E7C04600F8FF0FCC7E00105B
:104DC000F0B557464546DE464E4692461A00033336
:104DD000E0B50500180003238BB09843804602AF6E
:104DE000022923D02800BB6C2830984244D0534677
:104DF000274CDB020907234011431943C0231B063C
:104E00000B436B62B96CFDF715FA4246290000238B
:104E10002800043224310093FFF790F8BD4609B012
:104E2000F0BCBB46B246A946A046F0BD194BFA24D9
:104E3000994688469346A4007860013C16D34B46B9
:104E4000BB6008230422009300212800FB186E4653
:104E5000FFF774F8002800D1F868B5468006ECD555
:104E60007B6841465A469846002CBBD10A48FEF75B
:104E70007DFE06204042D1E7534609071143C02278
:104E80000348DB0203400B43120613436B62BCE78B
:104E900000F8FF0F0440004014810010836870B5D3
:104EA000CC0B0500E403A3420DD0802263405204E2
:104EB000934219D2FF22120413420CD1FF22120294
:104EC000134201D1AC6070BD012128000A4A230AB7
:104ED000FFF730FEF6E7230C01212800074AFFF711
:104EE00029FEAB686340E9E7230E0121044AFFF77E
:104EF00021FEAB686340DDE70A0001000B00010002
:104F00000C000100F0B5C646033000B58E1E8408C3
:104F100010D0631E072B03D90B0033435B0721D04E
:104F20003200A4003419938855881B042B4308C20F
:104F3000A242F8D10B885BBA73808B1C1A6813BA33
:104F400073608B1D186803BAB3600B000A331B68CB
:104F50001BBAF3608A23DB059A421BD0300080BC69
:104F6000B846F0BDC3089C46DB0030000D009846F3
:104F7000CF180CCD0CC0BD42FBD163465F00434649
:104F8000F518C818BC42D5D0438802881B041343C7
:104F90002B60CFE780231B059842DFD10B000A006E
:104FA0000D00B232AE3310681B882E352A691C18EA
:104FB000944216D83A31C918081881423AD20027CB
:104FC000002404E0DD2A10D0C918884220D94B788B
:104FD0000233CA189042F7D30A78302AF2D10C0073
:104FE000F2E701235B42B360B8E78A1C90468A78F7
:104FF000002AE9D142465278502AE5D142469278B9
:10500000F22AE1D14246D278012ADDD10F00DBE756
:10501000631E9C41A400002F01D002221443AA8BDE
:10502000D20601D5012214438422B15CB15204326C
:10503000B45493E70024F2E7F0B5C6460E0005002D
:105040000B0000B501211A4AFFF774FD330001215E
:105050002800174AFFF76EFD002E25D101230027F7
:10506000984640240BE0012002F0A0F9013C3300F7
:10507000012128000E4AFFF75DFD002C0FD0012111
:1050800028000B4AFFF70EFA0028ECDB42460240EC
:10509000BA42E8D1FF28E6D080BCB846F0BD310066
:1050A0000448FEF7EBFDF7E7032303279846D8E70C
:1050B0001F000100FC7E0010F0B5D6464F46464664
:1050C000C0B5C37C05008A46170082B0002B05D10D
:1050D000006801F0EDFC012800D079E0280001F023
:1050E000EDFCAB7C002B05D101212800FFF7A4FFCC
:1050F0000123AB74EB7C002B00D173E0FA24A400F5
:1051000002E0013C002C63D0082200212800FFF7B8
:1051100075F9431CF5D0C30558D5C02203035B0DB8
:10512000591ED200914200D3B3E0800700D5B0E011
:105130002C0028340022022128000094FFF704FEEE
:1051400000283BD1298D6A8D00293DD00123EB74C5
:10515000614B9C460B005340634500D0A3E0D24313
:1051600092B2914200D09BE00B2900D8A2E0237AB2
:10517000AB730F2362791340022B2CD8627A9446CA
:1051800066466A7BB21AD2B2142A45D90C2926D0B7
:10519000012B52D0022B41D1102900D890E0E279A6
:1051A0000220A218D3789B000433D31892781C1BDA
:1051B000D2070C1B1443524614603B6002B0E0BCA3
:1051C000BA46B146A846F0BD002ABFD10023EB7411
:1051D00001204042F2E70B2040420C29EED104208E
:1051E0004042EBE7042200212800FFF731F983B2A7
:1051F00098463A4B040099461B88434502D08623C3
:1052000003423AD14346002B3DD14B4642461A80D9
:10521000A40600D572E7DBE76E73B7E71B2955D903
:10522000E3792D8AE3185A8995424CD152461033BE
:105230001C1B0C1B14603B60C0E7102949D9E379A3
:10524000E318DA78920004329B181A7B1C1B091BA6
:10525000882A32D15A7B6C2A2FD1DA7C002A26D1B7
:105260001A7D102A23D15A7D182A20D15246183986
:105270001833116001203B60A0E70104090C1848B5
:10528000FEF7FCFCBEE7042200212800FFF748FBE4
:10529000BBE7012301212800124AFFF74BFC95E7E9
:1052A000022040428AE71048FEF7E8FC90E70A2017
:1052B000404283E70320404280E7092040427DE7E7
:1052C000072040427AE70620404277E70520404227
:1052D00074E70820404271E7FFFF0000B61300208A
:1052E000207F00100D0001004C7F0010F0B5DE465D
:1052F000574645464E460400E0B585B09A46884676
:10530000934601F0DBFBA37C002B05D1012120009B
:10531000FFF792FE0123A374A37B002B24D02F4F11
:105320002F4EBB6A99460EE0A17B002903D1237B57
:10533000627B9A421CD14B46ED1AB54245D8FA2001
:10534000800001F0FFFF200003AA02A9BD6AFFF759
:10535000B3FE0128E8D103990298FFF7D3FD0100BD
:10536000200001F0B1FBDFE7237B627B9A42D6D0BD
:105370005A4651460C3292B20A80D2430B714A808F
:10538000524641465171002251468A7141468E1E55
:10539000711E8E41012176428E43514601330E36F5
:1053A0000A814A81CE7123735B4603320F339343E4
:1053B0000091002202212000FFF702FD05B0F0BCA1
:1053C000BB46B246A946A046F0BD637B227B05489A
:1053D000FEF754FC02204042F0E7C0460040054082
:1053E00040420F00787F0010F0B557464E464546C4
:1053F000DE46E0B5294E9246B76A9846284AB36A17
:105400000500894683B0DB1B93422ED8254B9B4673
:1054100010E0022820D0002803DB01005846FEF7E8
:105420002DFCFA20800001F08DFFB36A1C4ADB1BC3
:1054300093421AD86946280001AAFFF73DFE041ED0
:1054400023D00128E5D101990098FFF75BFD010009
:10545000280001F039FBE4E70099019B4A00286825
:105460005208C90F01F0D4FFDBE7434652464946D4
:1054700002240D48FEF702FC6442200003B0F0BC99
:10548000BB46B246A946A046F0BD009A424500D9A7
:10549000424601990C9802F061FAEEE7004005409F
:1054A0003F420F009C7F0010C87F0010F0B54546BA
:1054B000904640225746DE464E465242934692461A
:1054C000E0B50024070083B08B449A4440222300B7
:1054D00040349146444502D94246D31A99465B4628
:1054E0001D19BB68EE0BF6039E420DD0802273405F
:1054F0005204934227D2FF22120413422FD1FF22DB
:105500001202134218D1BE60802253466D041B194B
:105510006D0C1202009301214B4638002A43FFF71D
:105520004FFC002801D14445D0D303B0F0BCBB46AA
:10553000B246A946A046F0BD012138000C4A330A04
:10554000FFF7F8FADFE700230A4A01213800FFF7E6
:10555000F1FAFF22BB68120473401342CFD0330C20
:1055600001213800044AFFF7E5FABB687340C6E73B
:105570000A0001000C0001000B000100F0B5CE464E
:10558000474680B5060083B004000800170089462E
:1055900002F03CFA431C9846443605001A0049467E
:1055A0003000FCF747FE4346F2183B0A1770537071
:1055B0003B0C3F0E9370D7702A00802321326F1D61
:1055C0001B019A4225D80822238AFF3201339BB25D
:1055D00062639046063A2382FF3A1B041343E36357
:1055E00000233A00310023643000A76302F0B6F9CB
:1055F0002A0023000021200015322833FFF776FE11
:10560000002806D13B004246022120000096FFF709
:10561000EBFE03B0C0BCB946B046F0BDF0B5CE4617
:10562000474680B5060083B00400080099468846C6
:10563000170002F0EBF94436451C3A004946701950
:1056400002F08CF92A0041463000ED19FCF7F2FD1A
:105650002A0080231C321B019A4226D8218A0A9BE9
:10566000013189B221821B0309041943022308274F
:1056700019430023FF372A00E1632364310030001F
:105680006763A56302F06AF923002A000021200065
:1056900028331032FFF72AFE002806D12B003A00EB
:1056A000022120000096FFF79FFE03B0C0BCB94660
:1056B000B046F0BD836870B5CE0B04000D00F60354
:1056C0009E420DD0802273405204934239D2FF2271
:1056D000120413422CD1FF221202134221D1A660E0
:1056E00080226D046D0C12022A4301212000FEF776
:1056F000D9FEC025A36806006D05AB420FD08022FD
:105700006B405204934238D2FF221204134228D134
:10571000FF22120213421CD1C0235B05A36030009C
:1057200070BD01212000194A330AFFF703FAD6E7BA
:10573000330C01212000164AFFF7FCF9A3687340DF
:10574000C9E7330E0121134AFFF7F4F9A368734048
:10575000BDE7C023012120000C4A5B03FFF7EAF9F3
:10576000DAE7C0230A4A5B0101212000FFF7E2F9D2
:10577000C023A2685B055340CAE71823012120001B
:10578000044AFFF7D7F9A3686B40BDE70A000100A0
:105790000B0001000C000100F0B5C646CE0B0D0059
:1057A0008168040090461F0000B5F6038E420DD0BC
:1057B000802371405B04994266D2FF231B04194287
:1057C00059D1FF231B02194225D1A66080224346EE
:1057D0006D046D0C12022A43012B23D03B000121E2
:1057E0002000FEF793FFC025A3686D05AB420FD0E4
:1057F00080226B40520493421AD2FF2212041342B9
:1058000022D1FF22120213422DD1C0235B05A360D7
:1058100080BCB846F0BD012120001F4A330AFFF7C3
:1058200089F9D2E73B0001212000FFF783F9DAE78D
:1058300018231A4A01212000FFF77CF9FF22A368F0
:1058400012046B401342DCD0C023154A5B010121D6
:105850002000FFF76FF9C023A2685B055340FF22C9
:1058600012021342D1D0C023012120000A4A5B0357
:10587000FFF760F9C9E701212000094A330CFFF75F
:1058800059F9A16871409CE70121044A330EFFF7E2
:1058900051F9A168714090E70A0001000C00010075
:1058A0000B000100F8B5CE46474604000D0080B558
:1058B000012900D1E4E1D74BC82798463F02C02612
:1058C00041462000FFF7EAFA3A0001212000FEF7E6
:1058D000E9FDA3687605B34212D0802273405204DA
:1058E000934200D3E7E0FF221204134200D0EFE01E
:1058F000FF221202134200D0FAE0C0235B05A3602E
:1059000041462000FFF7CAFA3A0001212000FEF7C5
:10591000C9FDC022A368520506009146934212D0E9
:10592000534080225204934200D39EE1FF2212048E
:10593000134200D08DE1FF221202134200D080E119
:10594000C0235B05A360F60700D4A1E1012D00D1BF
:105950009BE1B14DB14E31002000FFF79FFA0323C8
:105960002A0001212000FFF7E5F8C022A3685205B4
:105970009146934212D0534080225204934200D366
:1059800054E1FF221204134200D037E1FF22120239
:10599000134200D02AE1C0235B05A3603100200040
:1059A000FFF77CFA2A0001212000FEF77BFDC022D0
:1059B000A36852059146934212D05340802252046C
:1059C000934200D307E1FF221204134200D0F6E015
:1059D000FF221202134200D0E9E0C0235B05A3605E
:1059E00041462000FFF75AFA3A00C0270023012160
:1059F0002000FFF79FF8A3687F05BB4212D08022EA
:105A00007B405204934200D3C8E0FF2212041342A9
:105A100000D0B7E0FF221202134200D0AAE0C02358
:105A20005B05A360C027012001F0C0FC310020000D
:105A3000FFF734FA01232A0001212000FFF77AF84A
:105A4000A3687F05BB4211D080227B405204934261
:105A500000D386E0FF221204134200D075E0FF223B
:105A60001202134269D1C0235B05A36031002000FC
:105A7000FFF714FA2A00C02501212000FEF712FDCD
:105A8000A3686D05AB420FD080226B405204934255
:105A90004AD2FF22120413423AD1FF2212021342C9
:105AA0002ED1C0235B05A360012001F07FFCC0BCA8
:105AB000B946B046F8BD1823594A01212000FFF726
:105AC00039F8FF22A36812047340134200D10FE794
:105AD000C023544A5B0101212000FFF72BF8C023AB
:105AE000A2685B055340FF221202134200D104E773
:105AF000C023012120004C4A5B03FFF71BF8FCE6A2
:105B0000C02301212000484A5B03FFF713F8C8E7D0
:105B1000C023444A5B0101212000FFF70BF8C0239A
:105B2000A2685B055340B8E71823012120003C4AD6
:105B3000FFF700F8A3686B40ABE7C023012120000A
:105B4000394A5B03FEF7F6FF8DE7C023354A5B0158
:105B500001212000FEF7EEFFC023A2685B05534041
:105B60007DE71823012120002D4AFEF7E3FFA368FB
:105B70007B406FE7C023012120002B4A5B03FEF727
:105B8000D9FF4CE7C023274A5B0101212000FEF723
:105B9000D1FFC023A2685B0553403BE718230121D6
:105BA00020001F4AFEF7C6FFA3687B402DE7C023F5
:105BB000012120001C4A5B03FEF7BCFF0DE7C02358
:105BC000184A5B0101212000FEF7B4FFC023A26840
:105BD0005B055340FCE61823114A01212000FEF723
:105BE000A9FF4A46A3685A401300ECE6C0230121EE
:105BF00020000D4A5B03FEF79DFFCCE6C023094A57
:105C00005B0101212000FEF795FFC023A2685B0520
:105C10005340BBE60048101808C4000008441018A0
:105C20000C0001000B0001000A00010018231A4AB1
:105C300001212000FEF77EFF4A46A3685A40130068
:105C40009FE6C02301212000144A5B03FEF772FF88
:105C500076E6C023124A5B0101212000FEF76AFFAD
:105C6000C023A2685B05534065E618230A4A012158
:105C70002000FEF75FFF4A46A3685A40130055E62E
:105C8000B827084B3F02984619E6074D074E62E6D3
:105C90000748FDF76BFF59E60C0001000A00010000
:105CA0000B0001000038101808B400000834101868
:105CB000F07F00108022002352008281034A01609D
:105CC00083608373036183507047C0464C080000B3
:105CD00010B5FEF769F810BD10B5040082B0694632
:105CE000200001AAFFF7E8F9431C14D0031DF6D0E9
:105CF000012812D00228F2D10099019B4A002068A5
:105D00005208C90F01F084FB6946200001AAFFF781
:105D1000D3F9431CEAD102B010BD01990098FFF7F6
:105D2000F1F80100200000F0CFFED8E7F0B502271F
:105D3000C64698464B001F40802300B516001C3213
:105D4000040082B04D081B019A422BD83304008A0C
:105D50001B0CA363089B013080B21B0320823B43D2
:105D600000040343E3632000002332004146236420
:105D70006563443001F0F2FD230032000021200071
:105D800028331032FFF7B2FA002807D143462A0021
:105D90000093390033002000FFF726FB02B080BCDF
:105DA000B846F0BD05204042F8E7C04610B50400F3
:105DB000002909D0837C002B00D110BD00230021D5
:105DC0008374FFF739F9F8E700F078FEA37C002B25
:105DD000F3D101212000FFF72FF90123A374ECE791
:105DE000F0B5C6460600040000B5443682B0142261
:105DF0000F0030001849FCF71DFA238A8322013373
:105E00009BB223821B04E36300235200626390462B
:105E1000F23A3100A2632364300001F09FFD2300B9
:105E20002422002120002833FFF760FA051E0DD13F
:105E300014234246002120000096FFF7D5FA051EE4
:105E400004D1062231003800FCF7F4F9280002B032
:105E500080BCB846F0BDC04628F40310F0B55746E4
:105E6000DE464E464546E0B5B74B87B09B6A040018
:105E700043600F00FDF7CEFF002812D1FEF76EFA47
:105E80000A25FEF789FAB14E142200212000FEF700
:105E900097FAB04212D00120013D01F087FA002D9F
:105EA000F2D1AB48FDF762FE06256D42280007B02F
:105EB000F0BCBB46B246A946A046F0BD0022002178
:105EC0002000A44BFEF718FB0028EAD10022002195
:105ED0002000FEF793FA10231D2200212000FEF778
:105EE00029FE0028DDD19923042200212000FEF79D
:105EF00021FE0028D5D1BE23062200212000FEF776
:105F00000FFD0028CDD1082301212000924AFEF781
:105F100011FE0A254026012120008F4AFEF7C2FA11
:105F2000064209D10120013D01F040FA002DF2D1D5
:105F30008A48FDF71BFEB7E70023874A01212000AE
:105F4000FEF7F8FD20008649FEF7A8FFB822C0251D
:105F5000012120001202FEF7A5FAA3686D05AB42ED
:105F600012D080226B405204934200D33DE3FF22C3
:105F70001204134200D02CE3FF221202134200D07D
:105F80001FE3C0235B05A36020007549FEF786FF71
:105F9000B822012120001202FEF784FAC026A3686D
:105FA00005007605B34212D080227340520493421A
:105FB00000D3FDE2FF221204134200D0ECE2FF22E4
:105FC0001202134200D0AEE2C0235B05A360ED07CE
:105FD00000D4C0E320006349FEF760FFC822C0255B
:105FE000012120001202FEF75DFAA3686D05AB42A5
:105FF00012D080226B405204934200D38AE2FF22E7
:106000001204134200D016E3FF221202134200D002
:1060100009E3C0235B05A36020005249FEF73EFF61
:10602000C822012120001202FEF73CFAC026A36814
:1060300005007605B34212D0802273405204934289
:1060400000D3E7E2FF221204134200D0D6E2FF227F
:106050001202134200D0FAE2C0235B05A360ED07F1
:1060600000D47CE3C02502212000FFF71BFCA368BD
:106070006D05AB4212D080226B405204934200D394
:10608000FDE1FF221204134200D0ECE1FF221202D4
:10609000134200D019E2C0235B05A360C02503238F
:1060A00001212000304AFEF731FBA3686D05AB42A9
:1060B00012D080226B405204934200D3FCE1FF22B5
:1060C0001204134200D0EBE1FF221202134200D06F
:1060D000DEE1C0235B05A360C02500230121200071
:1060E000224AFEF713FBA3686D05AB4212D0802253
:1060F0006B405204934200D3FBE1FF22120413428F
:1061000000D0EAE1FF221202134200D0FAE1C023DC
:106110005B05A360164B174A9A46174B53449E5A89
:106120001B3AFF3A964200DB99E1144A9B5C002B34
:1061300000D094E1502E00DC91E1114B502599469E
:10614000104B5344984623E000400540ADBEEDFEA1
:1061500060800010B30402000E000100B480001043
:10616000003810180048101810C0000044C000008B
:10617000548100100E0300009E6803000D03000010
:1061800080800010AB6B03000135AE4200DC66E19D
:10619000434609224946581B01F066FC0028F3D10A
:1061A000534600212000E44AFFF780F9051E00D085
:1061B0007CE6BA22E14BE24992002000FFF776F933
:1061C000E04B04222000E049FFF7E6FA012120001D
:1061D000FFF768FB2000DD49FFF76CFA032303405B
:1061E000012B02D0DA48FDF7C1FC2000D949FFF7A6
:1061F00061FAC00700D532E2FA268023B60098463D
:1062000006E00120013E01F0D1F8002E00D198E215
:1062100001212000D04AFEF745F943460342F0D061
:10622000F02304222000CD49FFF7B6FA20230121F4
:106230002000CB4AFEF77EFCFA262023B6009846C3
:1062400006E00120013E01F0B1F8002E00D17DE210
:10625000082200212000FEF7D1F843460342F0D087
:106260000121C04A2000FEF71DF90222C3B21343E8
:106270000121BC4A2000FEF75DFC0823F02200212A
:106280002000FEF757FC02230121B34A2000FEF74D
:1062900051FC01212000B44AFEF704F9C30700D4E1
:1062A000E5E10F230121B14A2000FEF743FC002362
:1062B0000121AE4A2000FEF73DFC0121AB4A20003F
:1062C000FEF7F0F8042200212000FEF7C1F8C30712
:1062D00000D5D5E1C026A3687605B34212D080224E
:1062E00073405204934200D322E2FF22120413426D
:1062F00000D011E2FF221202134200D004E2C023B8
:106300005B05A360C02601212000994AFEF776F8BC
:10631000A3687605B34212D08022734052049342A0
:1063200000D3E0E1FF221204134200D0CFE1FF22AC
:106330001202134200D0DFE1C0235B05A3602000FE
:1063400000F0BCFBA37C002B05D101212000FEF74F
:1063500073FE0123A374874B2600190044360822DC
:106360002C3130009846FBF765FF834BF622DB218A
:10637000E364200000239200890251442265636592
:1063800058309946FBF756FF0822FF326263934666
:10639000FC2292009246A2630222238A310001333A
:1063A0009BB223821B041343E3634B465246236490
:1063B000300001F0D3FA282399468022A1444B46AD
:1063C00000212000D200FEF791FF002806D153469D
:1063D0005A46022120000096FFF706F84146132294
:1063E00038313000FBF726FF238A832201339BB22A
:1063F00023821B04E3630023520062639246F33A54
:106400003100A2632364300001F0A8FA4B46232236
:1064100000212000FEF76AFF002806D11323524610
:10642000002120000096FEF7DFFF636C002B00D0F8
:1064300019E1002220005149FFF7A0F801222000B5
:106440004F49FFF79BF8002F00D120E100230622DF
:10645000009320003B004B49FFF7E0F826E54A484F
:10646000FDF784FB20E5C023484A5B0101212000A1
:10647000FEF760FBC023A2685B05534006E61823C5
:1064800001212000424AFEF755FBA3686B40F8E566
:10649000C023012120003F4A5B03FEF74BFB18E6B7
:1064A000C0233A4A5B0101212000FEF743FBC023D1
:1064B000A2685B05534007E6182301212000344AF7
:1064C000FEF738FBA3686B40F9E5C02301212000EB
:1064D000304A5B03FEF72EFBDDE5C0232B4A5B0150
:1064E00001212000FEF726FBC023A2685B05534074
:1064F00008E6182301212000254AFEF71BFBA368AC
:106500006B40FAE5C02301212000224A5B03FEF71D
:1065100011FBFCE51823012120001D4AFEF70AFBB0
:10652000A3686B406BE5C02301212000194A5B037F
:10653000FEF700FB48E5C046C06B03002CF10310DA
:1065400014FD0700BA0045FFFCFF070008341018CF
:10655000E0800010003810180E0001002420001800
:10656000080001001E0001001F0001000F000100D3
:106570000885000014F40310061002000C800010BF
:10658000188000103C8100108C8000100B0001006E
:106590000C0001000A000100C023734A5B010121C5
:1065A0002000FEF7C7FAC023A2685B05534006E54A
:1065B0001823012120006D4AFEF7BCFAA36873403E
:1065C000F8E4C02301212000694A5B03FEF7B2FA18
:1065D000D7E4C023644A5B0101212000FEF7AAFA38
:1065E000C023A2685B055340C6E4182301212000A4
:1065F0005E4AFEF79FFAA3686B40B8E4C0235A4A8C
:106600005B0101212000FEF795FAC023A2685B051B
:1066100053401CE5182301212000544AFEF78AFA52
:10662000A36873400EE5C02301212000504A5B039C
:10663000FEF780FAEDE4C0234B4A5B010121200004
:10664000FEF778FAC023A2685B055340DCE4C02360
:1066500001212000464A5B03FEF76CFAFCE4454842
:10666000FDF784FAC8E54448FDF780FAE1E6012326
:10667000C0B2034301212000404AFEF75BFA10E656
:1066800083B2042200212000FEF74AF922E64246A6
:106690004346D26C4C3304929B8804AE02AF39005F
:1066A0002000B380FFF79CFB00280BD1029A049BCB
:1066B0009A4201D0FFF7FAFBBA88B3889A4201D018
:1066C000FFF7F4FB3900002000F014FEBEE6C02303
:1066D000254A5B0101212000FEF72CFAC023A268A5
:1066E0005B05534023E61823012120001F4AFEF7D3
:1066F00021FAA368734015E6C023012120001C4A3B
:106700005B03FEF717FA17E6C02301212000184AA1
:106710005B03FEF70FFAF2E5C023134A5B01012188
:106720002000FEF707FAC023A2685B055340E1E5AD
:106730001823012120000D4AFEF7FCF9A3687340DD
:10674000D3E50F48FDF712FAFFF7AEFB0D48FDF752
:106750000DFAFFF7A9FB0C48FDF708FA3AE40A48DE
:10676000FDF704FA7EE4C0460B0001000C000100B6
:106770000A000100E0800010248100101F000100C9
:10678000F48000100C810010F07F0010042230B55E
:10679000038A426401339BB2038282631B04023A80
:1067A00013430500C363A52100230400443541635E
:1067B0000364290083B00232280001F0CFF82300DF
:1067C0001422002120002833FEF790FD002806D176
:1067D0000423A522022120000095FEF705FE03B048
:1067E00030BDC0461A2230B5134B4263C518038A28
:1067F0000A3201339BB2038282631B04223A1343A1
:10680000C363002304000364290083B022324430B0
:10681000FBF710FD23003422002120002833FEF76F
:1068200065FD002806D124231A22022120000095AC
:10683000FEF7DAFD03B030BD28080000F0B5040013
:1068400083B0022946D801238B40002A3FD100277C
:10685000DEB225004435082220492800FBF7EAFC77
:106860004C2300221021E65408260133E254013360
:10687000E2540133E2540133E7540133E25401336B
:10688000E2540133E254238AA16301339BB2238291
:106890000E391B040B43FF362900E36322642800F2
:1068A0001032666301F05AF82300202200212000F4
:1068B0002833FEF71BFD002806D1102332000221E9
:1068C00020000095FEF790FD002003B0F0BDDFB280
:1068D0003E00BEE701204042F7E7C0464C81001071
:1068E00010B5006800F0E4F8013843425841C0B2E6
:1068F00010BDC04610B5284B82B01B68002B17D0C6
:10690000264C2000FFF7ECFF00283CD1244BE25C32
:10691000002A2BD1234BE25C002A1DD1224BE25CE2
:10692000002A0CD1214B1B68002B03D000F08CFCFB
:1069300002B010BD01212000FFF738FAF6E700226F
:106940002000E254FFF74EFF0122194BE250174B93
:106950001B68002BEAD1EDE700222000E254FFF78C
:1069600015FF114BE25C002ADCD0E8E70022692128
:10697000E254200000230092FFF7D8F9094BE25CB3
:10698000002ACBD0E8E72000FFF7A6F9044BE25C31
:10699000002ABFD0EAE7C046A0090020A8090020CD
:1069A000690800006B0800006A080000A4090020C4
:1069B0005C08000070B58023D025802604002D06D9
:1069C0005B04AB623604002200211820F9F78CFC2E
:1069D0006E62002200211720F9F786FCAE612100CB
:1069E0002000FFF767F98522002303211201A35439
:1069F000064AA350064AA3501432A152054AA35492
:106A0000054A13600122054BE25070BD5808000092
:106A10005C08000072080000A0090020680800005F
:106A2000F8B5040000F07AFC1C4E3368002B32D01D
:106A30000021200000F0DEFC0121200000F0DAFC43
:106A40002000FFF745F9D025802380275B042D0621
:106A5000AB620022002118203F04F9F745FC002218
:106A6000002117206F62F9F73FFC21002000AF6181
:106A7000FFF720F98522002303211201A354084ABD
:106A80003360A350074AA3501432A152064AA354BC
:106A90000122064BE25000F04BFCF8BDA00900209B
:106AA000580800005C080000720800006808000038
:106AB000D0231B065868C001C00F70473222014B1B
:106AC0001A607047A4090020784B70B5C3580500C0
:106AD0000C00DB0712D46368452B05D0312B07D897
:106AE000734A9B00D3589F46724BEA58012A38D00C
:106AF000714BEB58714A934225D070BDFAF7C6FC32
:106B0000002928D0FA2200239200FBF703F80100A5
:106B10006B4B62881800FDF7B1F86168582900D9FD
:106B200091E0684B8A00D358002B00D18BE019000C
:106B30006548FDF7A3F82E23E268E35CA16863488B
:106B4000FDF79CF8C7E701225B4B00212800EA50C3
:106B500000F052FCD1E7FA218900FAF79DFF01000D
:106B6000D6E7A268082A7AD0002AC1D10232EA50B8
:106B7000514BEB58BEE70122554B5648EA5200F004
:106B80006BFBB5E7A368062B74D00A2B06D8A222AC
:106B9000D200DA40130001221A425BD10422464B94
:106BA000EA50AAE7A368002BA2D1E368082B9FD183
:106BB0000222474BFF32E0E7A368002B98D163889D
:106BC000DB0764D52E23E15C002968D180233A4A93
:106BD000DB00A9580B43AB508CE70021280000F0E4
:106BE00011FC0022344BEA5087E7A368002B00D049
:106BF0007EE7E368022B00D07AE70122364BEA54A5
:106C0000344800F029FB2C4BEB5873E7A368002BAA
:106C10001DD1294BEA580F2319001140042902D134
:106C20009A430E3B1A4380239B001343224AAB50E6
:106C300060E7A368002B00D15AE7032B21D0022282
:106C40001D4BEA5059E72548FDF718F873E7062B66
:106C5000A4D14DE7E3680F2BA0D11D4BCFE78623CE
:106C600021001B01E8581E4B3031EB589847124B5E
:106C7000EB583FE78023104A1B01A9580B43AB5048
:106C800038E7E268002ADAD10B4AAB5035E72E2309
:106C90002800E15C00F0B6FB074BEB582AE7280020
:106CA00000F0AAFB044BEB5824E7C0465408000050
:106CB000B0F40310580800005C080000010E00004A
:106CC00088F4031018F603109CF40310A4F40310C6
:106CD0006A080000F568001069080000A0F40310BD
:106CE00064080000F8B54746CE46040080B58846E3
:106CF000160000F013FB1F4F00213D682000002DFF
:106D00000ED0FFF753F8320041462000FFF796FD02
:106D1000050000F00DFB2800C0BCB946B046F8BD28
:106D200000F068FB0121200000F064FB85231B01BB
:106D3000E5548023D0251B0499462D06AB61142011
:106D400000F034FB4B4632206B6100F02FFB00213A
:106D50002000FFF783F8051EDBD1074B2000E11868
:106D6000FFF73EF83222054B05481A60386000F004
:106D700073FAC8E7A0090020D3080000A409002086
:106D8000F5680010F0B5DE4657464E464546E0B57C
:106D90001600DC22924685B04B0002935B18DB00A4
:106DA000C518AA445246834628001268CC30009287
:106DB00002682B0001921C4A802094460E9C63447A
:106DC00080021860002C1CD08023DB04994601232C
:106DD00098463300D8352E0055469A46134F0391F6
:106DE0002000FAF72BFE4A46430113432B6053461B
:106DF0004246C34013403B433360631E1C40EFD107
:106E00000399029B5B18DB005B441A000099DC329B
:106E10001160019ACC331A6005B0F0BCBB46B24693
:106E2000A946A046F0BDC046CC30000080E000007E
:106E3000816B009B5140034A0B40944660440360C1
:106E40007047C04638100000F0B54E464546DE4655
:106E50005746E0B583B089460CA984460D781F2AB1
:106E600045D84946490088464944C9004618370074
:106E70003400DC373868CC34834620683100019018
:106E80001C4880248246A40251440C6069424D4152
:106E90001E216D428D4318498A465544052B0CD955
:106EA000A0201F214005D836540104430532053B7C
:106EB0003C600A403560052BF6D852019B0613430F
:106EC00042464A44D20062441000DC3213600300A0
:106ED000D8331D605B461360019BCC3003600020FB
:106EE00003B0F0BCBB46B246A946A046F0BD0520A3
:106EF0004042F5E7CC3000009FE00000F0B54E4680
:106F0000DE4657464546E0B589B005934A4B802694
:106F100099464A4B80469A46494B03919B460492B8
:106F200076035246B50C009200212A004846EB1C1D
:106F3000F9F7BCFA0700A84266DBF9F77FFA434687
:106F400005240122197902908A401C575B46013AB8
:106F50005859002C3DDB20235B1A9C424DD813006E
:106F6000A340184249D143461B689C4643469B793F
:106F7000002B42D1A240069202423ED1314B8022E8
:106F800098469201002391464644002911D0A84614
:106F90006546844608005A00A95A494500D2091995
:106FA000E21812329200013391518342F3D36046CA
:106FB0004546069B7F1B18435B4658510298F9F7DC
:106FC00049FA039B01201E60049B1F60059B1C6007
:106FD0001FE02024641A07940FD41300A3400693E3
:106FE000034220D08C462300110004E00A009A409E
:106FF0001C00104214D0013BF8D20298F9F72AFA8B
:1070000039004846F9F7A0FA002E01D0002688E79B
:10701000002009B0F0BCBB46B246A946A046F0BD70
:107020000A0061469FE743469B79002BE5D1434622
:107030001B689C46A2E7C046700900207CF703103D
:10704000380800200000205070B5059D049CAC4617
:1070500064440025202C02D8FFF750FF05002800CB
:1070600070BDC04670B50125160002790C00954030
:10707000013D9D40F9F7E2F9074B084A9C466444FC
:10708000240DA400A358AB43A350F9F7E3F9A119C9
:107090000348F9F759FA70BD0000E0AF3808002046
:1070A0007009002010B5034B01001800F9F74CFAE5
:1070B00010BDC046B413002010B5064B064C82B07C
:1070C0000100009300220B232000F9F7EFF902B032
:1070D00010BDC046A0F70310B413002003001149EF
:1070E000820151180868D90241400F4810B501408B
:1070F0000E48A02410180160012098400C4BE405B4
:1071000018600C4B802118600B4B4904E0500B4B6E
:107110009C46624413680B42FCD18023DB00E050A4
:1071200010BDC04610000050017800001010005043
:107130000434005014340050440400000C0000508B
:1071400010B5036801495B6A984710BD40050020EF
:10715000802010B5402207494004F9F713F90122B5
:1071600002211820F9F7E8F80D200121F9F734FA87
:10717000002010BD9971001010B5002202211820C6
:10718000F9F7DAF8802003494004F9F70FF90020F5
:1071900010BDC04699710010D0231B061A6810B5A7
:1071A00053009B18094A1B0194466344DB6A9B0702
:1071B00000D410BD002202211820F9F7BDF8044BBD
:1071C0000449186803685B6A9847F2E70041014088
:1071D0009C09002040050020164B70B51B68040078
:1071E000002B0ED0144D2A68002A01D0013A2A60E3
:1071F00098472B68002B05D1236820000F499B6915
:10720000984770BDFAF742F900230D4A0B4D8018DC
:1072100059410B008021020009068B4202D3012252
:10722000084B5242EB602368290020005B69AA608A
:107230009847E6E7A0090020A40900205005002097
:1072400050C30000FFFFFF7F10B50122022118206C
:10725000F9F772F810BDC046034B10B51868034922
:1072600003685B6A984710BD9C0900204005002018
:1072700010B504000848FFF79DFB084B00221C6076
:107280002368200006491B699847236820000549A8
:10729000DB699847012010BDA80900209C09002047
:1072A000517100104005002070B50D4D04002B6891
:1072B000002B13D003680B499B69984723680A4940
:1072C0001B6A20009847236800221B690749200099
:1072D00098470748FFF7A4FB00232B6070BDC0460A
:1072E0009C09002050050020400500207971001005
:1072F000A809002010B582B068460C00FCF71AFD02
:107300006B460622991C2000FAF794FF012223788D
:10731000934302221343237002B010BD034B10B5F8
:10732000186803685B68984710BDC0469C09002038
:10733000034B10B5186803689B68984710BDC0469A
:107340009C09002070B50400EFF30583002B14D1D5
:10735000144B1D68FAF79AF82200002312184B41CB
:10736000802109068B4204D229682800096B8847CE
:1073700070BD01220C4B5242F6E70A4B1D68FAF72A
:1073800085F82200002312184B41802109068B4208
:1073900002D30122044B524229682800C96A884757
:1073A000E6E7C0469C090020FFFFFF7FF8B50F4BC2
:1073B00006001F68FAF76AF8FA2204000D0000239D
:1073C000920030000021FAF7D9FE0B000200802164
:1073D00012196B4109068B4202D30122044B52421F
:1073E00039683800C96A8847F8BDC0469C09002042
:1073F000FFFFFF7F7047C04610B50148F9F706F858
:10740000C0F7031010B50148F9F700F8C0F70310F2
:1074100010B50148F8F7FAFFC0F7031010B5303087
:1074200000F066FB10BDC04670B544250400405D09
:10743000002814D1236C002B03DD216C206AF9F79E
:107440008FFE25003035280000F052FB280000F0A8
:107450007FFB482200212000FAF7E6FE70BD0021E4
:10746000F9F7BAF80449605DF9F7E6F9605DF9F7F4
:107470003BFB00236355DDE789750010002245239F
:1074800010B50C00CA54013BC85CF9F7B7F82000EE
:10749000383000F035FB0020002110BD012310B56D
:1074A00004000B724333C05CF9F7A8F820003830B1
:1074B00000F026FB10BDC046F0B5314BD6464F4616
:1074C00046461A685B6804009A462E4B904645254E
:1074D0009946C0B584B0200000F0C2F906000F0044
:1074E000F9F7D4FF32003B00121A8B41002B29DD43
:1074F00046452DD0635D002B08D0A26AE36A3000B8
:107500003900801A9941002927DC35D0236C002BE3
:1075100003DD216C206AF9F723FE0123A662E762EE
:1075200063550023206A02934B4632000093019476
:107530003B00F9F753FD2064236C002B0DDC002386
:107540006355C8E7002BC6D1002AC4D04645D1D127
:107550005745CFD1236C002B05DC04B0E0BCBA4604
:10756000B146A846F0BD216C206AF9F7F9FD002369
:1075700045222364A354F0E70028C7D0EDE7C046B6
:10758000E07B00107D74001070B5EFF305830C4AAA
:107590002A3B9B009C58002C0DD025003035002143
:1075A000280000F0BDFA002805D06B79012B03D02C
:1075B000280000F0CDFA70BD2000FFF77DFFF7E74F
:1075C00044080020F8B506001700303604003000EB
:1075D0000D0000F08DFA3800A84773790500012BE3
:1075E00004D0300000F0B4FA2800F8BD2000FFF706
:1075F00063FFF6E710B5383000F0A2FA10BDC046C0
:107600001000190010B5EFF30583002B02D0F9F735
:1076100047FF10BDF9F7DEFDFBE7C04610B530307F
:107620004379002B08D0D02300221B069A5604234E
:10763000C3569A4200D110BD0148F8F7E7FEC04694
:10764000E0F7031010B5040030346379012B03D048
:10765000200000F07DFA10BDFFF72EFFF8E7C046CE
:1076600070B506000D0004003036300000F040FA1E
:107670002900200000F0A8F873790500012B04D040
:10768000300000F065FA280070BD2000FFF714FFFD
:10769000F6E7C04670B506000D0004003036300035
:1076A00000F026FA2900200000F0A0F87379050008
:1076B000012B04D0300000F04BFA280070BD2000F0
:1076C000FFF7FAFEF6E7C04670B506000D000400AD
:1076D0003036300000F00CFA2900200000F09AF853
:1076E00073790500012B04D0300000F031FA280036
:1076F00070BD2000FFF7E0FEF6E7C04670B506005B
:107700000D0004003036300000F0F2F929002000AE
:1077100000F092F873790500012B04D0300000F0DE
:1077200017FA280070BD2000FFF7C6FEF6E7C04636
:10773000FF230370002343607047C04670B5040008
:107740000D00442200210430FAF76EFD1B4B23602C
:1077500003232383D0231B061B68A37668680028B5
:1077600028D020622000012201213830F9F7DCF90D
:1077700020003030F9F71CFA00202E78F9F7BEF916
:1077800003000020002B14DB190044250C4A1A3991
:107790008900FF308C50184063550A49F8F738FFCC
:1077A0000121605DF8F718FF605D3100F9F72EF9EF
:1077B000012070BDF9F70EFCD3E7C04600F80310B6
:1077C000440800208975001083680830002B04D11C
:1077D00007E018001B68002B03D09942F9D1002064
:1077E00003E00023016001200B6070478368002BD9
:1077F00008D0994202D107E0994206D018001B68D0
:10780000002BF9D10020704708300B68036001207D
:10781000F9E7C04643680430002B04D107E01800A4
:107820001B68002B03D09942F9D1002003E000230C
:10783000016001200B6070474368002B08D099421B
:1078400002D107E0994206D018001B68002BF9D13D
:107850000020704704300B6803600120F9E7C04640
:10786000F0B54646D6464F4683688046C0B5002BE5
:107870002CD0082343449946F9F708FE43469B68F9
:1078800004000D009C46002B20D01E0000234F4614
:107890009A46B268F36820002900801A99410029AD
:1078A00002DB14001D00BA4637003668002EF0D106
:1078B0005346002B48D05246196840460B68136067
:1078C0004B68984743469B68002BD5D143465C687C
:1078D000002C35D00025237A002B28D021006368A6
:1078E0002572404698472468002CF4D143469B6893
:1078F0009C46194B186859686346002B0FD06346A5
:107900001A689C68DD6894460B000200121BAB41AC
:10791000002B10DD634620002900002BEFD14346E9
:1079200018615961E0BCBA46B146A846F0BD24686A
:10793000002CD0D1DAE7002BDED1002AEAD1DBE738
:10794000054B18685968EAE743465C68002CC1D1CA
:10795000014B18685968D2E7E07B0010F0B5884207
:107960000AD98B18984207D2531E002A03D0CA5C4A
:10797000C254013BFBD2F0BD05000F2A0AD8561EA7
:10798000002AF8D00023CC5C1A00EC540133964254
:10799000F9D1F0E70324030026000B431E401C42EC
:1079A00030D11500103D2D0903000C00AC462F010D
:1079B0003F1825681D6065685D60A5689D60E56885
:1079C0001034DD601D001033BD42F2D165460F2337
:1079D0000C2401352D01491913404519144213D0C7
:1079E0008C59AC5104369C1B032CF9D8043B9B08E2
:1079F00001339B00ED18C91803231A40561E002AB4
:107A0000C0D1B8E7561EBDE71A00B8E710B5830726
:107A10000AD00300032102E001330B4205D01A789B
:107A2000002AF9D1181A10BD030019680C4A0D4C30
:107A30008A188A4322420FD15968094A04338A18A6
:107A40008A43224208D15968054A04338A188A4376
:107A50002242F1D000E001331A78002AFBD1E1E79D
:107A6000FFFEFEFE8080808030B5002A28D0030013
:107A70000B439B0713D1032A11D9134D0BE0043A92
:107A8000002A1DD0114C1C199C432C4218D10430E3
:107A90000431032A03D903680C68A342EFD00478A9
:107AA0000D78A5420ED1012A0AD0012306E0C45C5C
:107AB000CD5CAC4206D101339A4201D0002CF6D104
:107AC000002030BD601BFCE780808080FFFEFEFE52
:107AD00001B40248844601BC604700BFA1040020F5
:107AE00001B40248844601BC604700BFAD030020DA
:107AF00001B40248844601BC604700BF7501002004
:107B000001B40248844601BC604700BF290100203F
:107B100001B40248844601BC604700BFA1040020B4
:107B200001B40248844601BC604700BF65020020E2
:107B300001B40248844601BC604700BFC90100206F
:107B400001B40248844601BC604700BFC100002068
:107B500001B40248844601BC604700BFDD0200203A
:107B600001B40248844601BC604700BFB502002052
:107B70001D180010491800102D1A001019220010AD
:107B8000B1200010BD21001055190010651800101B
:107B90008518001099180010590B0010A11800103A
:107BA000050F0010E5170010B5050010253D001069
:107BB0000A2A2A2A2050414E4943202A2A2A0A000A
:107BC0004E6F207573657220495251732061726542
:107BD00020617661696C61626C65000000000000E4
:107BE000FFFFFFFFFFFFFF7F4861726477617265EF
:107BF00020616C61726D20256420616C7265616426
:107C00007920636C61696D6564000000486172648D
:107C100020617373657274006D697373696E672098
:107C2000646F75626C652066756E6374696F6E0053
:107C300052656C6561736500626F6F74325F773295
:107C40003571303830000000322E332E3100000004
:107C50007069636F5F770000626C696E6B00000093
:107C600053657020333020323032360006005250D7
:107C7000D3F07542307C001006005250E182887FBC
:107C8000387C001006005250ABB36053487C0010A3
:107C900006005250BBFF3CB6507C0010060052500C
:107CA000861C0302587C0010060052505422A29DEC
:107CB000607C001005005250DE65F46804FD03107E
:107CC000666E692B00000000666E69006E616E00D2
:107CD000666E692D00000000CA2D0010802D001076
:107CE000802D0010C22D0010802D0010802D00105E
:107CF000802D0010802D0010802D0010802D001090
:107D0000802D0010BA2D0010802D0010B42D001011
:107D1000802D0010802D0010AC2D0010202F0010A1
:107D2000DC2D0010142F0010DC2D0010022F00108D
:107D3000DC2D0010DC2D0010DC2D0010DC2D0010DF
:107D4000DC2D0010DC2D0010DC2D0010D22D0010D9
:107D5000DC2D0010DC2D0010DC2D0010DC2D0010BF
:107D6000DC2D0010D22D0010622F0010242E0010E8
:107D7000242E0010242E0010242E0010242E00107B
:107D8000242E0010242E0010242E0010242E00106B
:107D9000242E0010242E0010242E0010242E00105B
:107DA000242E0010242E0010242E0010242E00104B
:107DB000242E0010242E0010242E0010242E00103B
:107DC000242E0010242E0010242E0010242E00102B
:107DD000242E0010242E0010242E0010242E00101B
:107DE000242E0010242E0010C42E0010302F00105E
:107DF000C42E0010242E0010242E0010242E00105B
:107E0000242E0010242E0010242E0010242E0010EA
:107E1000242E0010242E0010242E0010242E0010DA
:107E2000242E0010242E0010242E0010242E0010CA
:107E3000242E00107C310010242E0010242E00105F
:107E4000242E0010242E0010242E0010242E0010AA
:107E5000242E0010242E0010242E00107C3100103F
:107E6000762F00107C310010C42E0010302F00102F
:107E7000C42E001000000000000000000000F03FD1
:107E800000000000000024400000000000005940F5
:107E90000000000000408F40000000000088C34048
:107EA00000000000006AF8400000000080842E41BD
:107EB00000000000D01263410000000084D7974109
:107EC0000000000065CDCD410D0A000063797734D4
:107ED000335F726561645F62797465732065727285
:107EE0006F72202564000000F07E001006FF000085
:107EF0000160401080E042B0014084105B4359575C
:107F000034335D2063797734335F6B736F5F7365F0
:107F100074282564293A206661696C65640A00004A
:107F20005B43595734335D20427573206572726F1D
:107F30007220636F6E646974696F6E206465746526
:107F40006374656420307825780A00005B435957D4
:107F500034335D206572726F723A20686472206DEE
:107F600069736D617463682025303478205E202544
:107F70003034780A000000005B43595734335D20E9
:107F80005354414C4C2825753B25752D2575293AB0
:107F90002074696D656F75740A0000005B43595762
:107FA00034335D20646F5F696F63746C3A20676F70
:107FB0007420756E657870656374656420706163A4
:107FC0006B65742025640A005B43595734335D2088
:107FD000646F5F696F63746C2825752C2025752C80
:107FE000202575293A2074696D656F75740A000043
:107FF0005B43595734335D20636F7265206E6F7435
:1080000020696E2072657365740000006275733AB2
:108010007478676C6F6D00006170737461000000AC
:10802000616D7064755F62615F7773697A65000086
:10803000616D7064755F6D7064750000616D706472
:10804000755F72785F666163746F720062737363E9
:1080500066673A6576656E745F6D736773000000DE
:108060005B43595734335D204661696C6564207405
:108070006F207374617274204359573433000000C9
:1080800056657273696F6E3A200000005B43595762
:1080900034335D20636F756C64206E6F7420666985
:1080A0006E642076616C6964206669726D776172B6
:1080B000650000005B43595734335D2074696D657A
:1080C0006F75742077616974696E6720666F7220BE
:1080D000414C5020746F206265207365740000006D
:1080E0005B43595734335D20636F7265206E6F7444
:1080F000207570005B43595734335D204854206E1F
:108100006F74207265616479000000005B43595709
:1081100034335D204632206E6F742072656164795D
:10812000000000005B43595734335D20434C4D2021
:108130006C6F6164206661696C6564006375725F71
:108140006574686572616464720000006770696FCD
:108150006F757400000000006514000091130000AA
:10816000911300009113000091130000911300007F
:10817000911300009113000091130000911300006F
:10818000911300009113000091130000911300005F
:10819000911300009113000091130000911300004F
:1081A000911300009113000091130000911300003F
:1081B000911300009113000091130000911300002F
:1081C000911300009113000091130000911300001F
:1081D00091130000004800476514000000000000F3
:1081E000000000000000000000000000000000008F
:1081F000000000000000000000000000000000007F
:10820000000000000000000000000000000000006E
:10821000000000000000000000000000000000005E
:10822000000000000000000000000000000000004E
:10823000000000000000000000000000000000003E
:10824000000000004442505018600100000000008F
:1082500000000000C51B0000C51B0000C51B00007E
:10826000C51B0000C51B0000C51B0000C51B00008E
:10827000D9130000D513000015140000DD3D0000E7
:10828000793900003B330000D93D0000C9350000BA
:10829000B13900001D3E00004FD50100D93A000061
:1082A000133400007F340000893E00008B3E000044
:1082B000FB380000AD3D00004DD50100C51B00009E
:1082C000C51B0000C51B0000C51B0000C51B00002E
:1082D000C51B0000C51B0000C51B0000C51B00001E
:1082E000C51B0000C51B0000C51B0000C51B00000E
:1082F000C51B00009FDC0000C51B0000C51B000063
:10830000C51B0000C51B0000C51B0000C51B0000ED
:10831000C51B0000C51B0000C51B0000C51B0000DD
:10832000C51B0000C51B0000C51B0000C51B0000CD
:1083300047FC0000C51B0000A3FD0000C51B00009A
:10834000C51B00009FFD00002BFC0000C51B0000AA
:10835000C51B0000C51B0000772E01005B33010028
:108360001B3501006F340100DF3301001F320100B3
:10837000C51B0000C51B0000C51B0000BD3501006A
:10838000C51B0000C51B0000C51B0000C51B00006D
:10839000C51B0000C51B0000C51B0000C51B00005D
:1083A000C51B0000C51B0000C51B0000C51B00004D
:1083B000C51B0000C51B0000C51B0000C51B00003D
:1083C000C51B0000C51B0000C51B0000C51B00002D
:1083D000C51B0000C51B0000C51B0000C51B00001D
:1083E000C51B0000C51B0000C51B0000C51B00000D
:1083F000C51B0000C51B0000C51B0000C51B0000FD
:10840000C51B0000C51B0000C51B0000C51B0000EC
:108410007916000081160000191F0000352E00009B
:10842000892E0000ED3F0000F93F00006951000077
:10843000D1B10000B9DC0000B1FB0000C135010082
:10844000691600008D1600009D1700009D180000A1
:10845000E51B0000851C0000F51C0000791D0000D4
:10846000251F0000A12E0000953F000005400000E0
:1084700005490000474C00009D4D0000A54D00003F
:10848000A94D0000C51B0000C54D0000FD4D0000BA
:10849000054E00005B4E00005F4E00006D4E000078
:1084A000956C0000C51B000085510000C51B000035
:1084B000056D00003D94000081A2000059A300005A
:1084C000C9A30000C5CA0000E5CA0000E1CE000053
:1084D000C1DC0000D1DC00002FE2000049E4000014
:1084E00091E8000083FB000089FB00001D170100DC
:1084F0000100000000000008200000000002000051
:1085000004000000FF030000500000000100000014
:10851000010000000A070801000000000800000038
:108520000104000001000000040004000800010034
:10853000000000000000000000000000000000003B
:10854000000000000000000000000000000000002B
:10855000000000000000000000000000000000001B
:10856000000000000000000000000000000000000B
:1085700000000000000000000000000000000000FB
:1085800000000000000000000000000000000000EB
:1085900000000000000000000000000000000000DB
:1085A00000000000000000000000000000000000CB
:1085B00000000000000000000000000000000000BB
:1085C00000000000000000000000000000000000AB
:1085D000000000000000000000000000000000009B
:1085E000000000000000000000000000000000008B
:1085F000000000000000000000000000000000007B
:10860000000000000000000000000000000000006A
:10861000000000000000000000000000000000005A
:10862000000000000000000000000000000000004A
:10863000000000000000000000000000000000003A
:10864000000000000000000000000000000000002A
:10865000000000000000000000000000000000001A
:10866000000000000000000000000000000000000A
:1086700000000000000000000000000000000000FA
:1086800000000000000000000000000000000000EA
:1086900000000000000000000000000000000000DA
:1086A00000000000000000000000000000000000CA
:1086B00000000000000000000000000000000000BA
:1086C00000000000000000000000000000000000AA
:1086D000000000000000000000000000000000009A
:1086E000000000000000000000000000000000008A
:1086F000000000000000000000000000000000007A
:108700000000000000000000000000000000000069
:108710000000000000000000000000000000000059
:108720000000000000000000000000000000000049
:108730000000000000000000000000000000000039
:108740000000000000000000000000000000000029
:108750000000000000000000000000000000000019
:108760000000000000000000000000000000000009
:1087700000000000000000000000000000000000F9
:1087800000000000000000000000000000000000E9
:1087900000000000000000000000000000000000D9
:1087A00000000000000000000000000000000000C9
:1087B00000000000000000000000000000000000B9
:1087C00000000000000000000000000000000000A9
:1087D0000000000000000000000000000000000099
:1087E0000000000000000000000000000000000089
:1087F0000000000000000000000000000000000079
:108800000000000000000000000000000000000068
:108810000000000000000000000000000000000058
:108820000000000000000000000000000000000048
:108830000000000000000000000000000000000038
:108840000000000000000000000000000000000028
:108850000000000000000000000000000000000018
:108860000000000000000000000000000000000008
:1088700000000000000000000000000000000000F8
:1088800000000000000000000000000000000000E8
:1088900000000000000000000000000000000000D8
:1088A00000000000000000000000000000000000C8
:1088B00000000000000000000000000000000000B8
:1088C00000000000000000000000000000000000A8
:1088D0000000000000000000000000000000000098
:1088E0000000000000000000000000000000000088
:1088F0000000000000000000000000000000000078
:108900000000000000000000000000000000000067
:108910000000000000000000000000000000000057
:108920000000000000000000000000000000000047
:108930000000000000000000000000000000000037
:108940000000000000000000000000000000000027
:108950000000000000F459B200000000FFF75E9F25
:108960000000000000F463B100000000FFF7419D2B
:1089700000000000FFF76D9C00000000F3F7AE98C8
:1089800000000000E9F7679E00000000E5F7989DF1
:1089900000000000E4F7829F00000000D3F77C9BFA
:1089A00000000000CFF7EC9900000000C9F7D89E46
:1089B00000000000C8F75A9F00000000C8F7B49CF0
:1089C00000000000C2F7549F00000000C0F7449C64
:1089D00000000000C0F7329A00000000BFF78C9D35
:1089E00000000000BFF7569F00000000C2F71E9D68
:1089F00000000000E1F7C29C00000000BFF70498EF
:108A000000000000BEF7A69E00000000BDF77C9F9E
:108A100000000000BBF76D9C00000000A2F73E9D27
:108A200000000000B7F7E29A00000000DDF7329B7B
:108A300000000000B9F7889E00000000B2F7669BB6
:108A400000000000B2F7F69A00000000B2F77C992F
:108A500000000000B1F7869A00000000DAF7669C7B
:108A600000000000B0F76E9E00000000C1F7FE9A03
:108A700000000000AEF73B9B00000000A0F7F69D51
:108A800000000000A0F7169C00000000ABF7F09E6D
:108A900000000000A2F7E09C00000000A2F7DE9AB0
:108AA00000000000A0F7FB98000000009FF7AE9FB9
:108AB000000000009EF7B699000000009DF77C9D25
:108AC000000000009BF7329D000000009AF7F89F1D
:108AD00000000000A0F7E09E00000000A0F70F9F3C
:108AE0000000000099F7DE9A00000000A0F7939CB8
:108AF00000000000D7F7289F00000000D7F71C9A5D
:108B000000000000D7F7169C00000000D9F78A9CEF
:108B10000000000093F7709A0000000093F7769928
:108B20000000000093F7CD9D0000000093F77D9BAF
:108B30000000000093F7B89A0000000092F7649FCD
:108B40000000000092F7029D0000000092F7D29A08
:108B50000000000092F700990000000092F71498BE
:108B60000000000092F7129B000000008FF724998C
:108B700000000000D7F7449B00000000D7F7129BCD
:108B800000000000D6F7989E000000008CF7539C70
:108B9000000000008CF7939D000000008BF74B9FB6
:108BA000000000008CF78E990000000089F7749E89
:108BB00000000000000000000000000000000000B5
:108BC00000000000000000000000000000000000A5
:108BD0000000000000000000000000000000000095
:108BE0000000000000000000000000000000000085
:108BF0000000000000000000000000000000000075
:108C00000000000000000000000000000000000064
:108C10000000000000000000000000000000000054
:108C20000000000000000000000000000000000044
:108C30000000000000000000000000000000000034
:108C40000000000000000000000000000000000024
:108C50000000000000000000000000000000000014
:108C60000000000000000000000000000000000004
:108C700000000000000000000000000000000000F4
:108C800000000000000000000000000000000000E4
:108C900000000000000000000000000000000000D4
:108CA00000000000000000000000000000000000C4
:108CB00000000000000000000000000000000000B4
:108CC00000000000000000000000000000000000A4
:108CD0000000000000000000000000000000000094
:108CE0000000000000000000000000000000000084
:108CF0000000000000000000000000000000000074
:108D00000000000000000000000000000000000063
:108D10000000000000000000000000000000000053
:108D20000000000000000000000000000000000043
:108D30000000000000000000000000000000000033
:108D40000000000000000000000000000000000023
:108D50000000000000000000000000000000000013
:108D60000000000000000000000000000000000003
:108D700000000000000000000000000000000000F3
:108D800000000000000000000000000000000000E3
:108D900000000000000000000000000000000000D3
:108DA00000000000000000000000000000000000C3
:108DB00000000000000000000000000000000000B3
:108DC00000000000000000000000000000000000A3
:108DD0000000000000000000000000000000000093
:108DE0000000000000000000000000000000000083
:108DF0000000000000000000000000000000000073
:108E00000000000000000000000000000000000062
:108E10000000000000000000000000000000000052
:108E20000000000000000000000000000000000042
:108E30000000000000000000000000000000000032
:108E40000000000000000000000000000000000022
:108E50000000000000000000000000000000000012
:108E60000000000000000000000000000000000002
:108E700000000000000000000000000000000000F2
:108E800000000000000000000000000000000000E2
:108E900000000000000000000000000000000000D2
:108EA00000000000000000000000000000000000C2
:108EB00000000000000000000000000000000000B2
:108EC00000000000000000000000000000000000A2
:108ED0000000000000000000000000000000000092
:108EE0000000000000000000000000000000000082
:108EF0000000000000000000000000000000000072
:108F00000000000000000000000000000000000061
:108F10000000000000000000000000000000000051
:108F20000000000000000000000000000000000041
:108F30000000000000000000000000000000000031
:108F40000000000000000000000000000000000021
:108F50000000000000000000000000000000000011
:108F60000000000000000000000000000000000001
:108F700000000000000000000000000000000000F1
:108F800000000000000000000000000000000000E1
:108F900000000000000000000000000000000000D1
:108FA00000000000000000000000000000000000C1
:108FB00000000000000000000000000000000000B1
:108FC00000000000000000000000000000000000A1
:108FD0000000000000000000000000000000000091
:108FE0000000000000000000000000000000000081
:108FF0000000000000000000000000000000000071
:109000000000000000000000000000000000000060
:109010000000000000000000000000000000000050
:109020000000000000000000000000000000000040
:109030000000000000000000000000000000000030
:109040000000000000000000000000000000000020
:109050000000000000000000000000000000000010
:109060000000000000000000000000000000000000
:1090700000000000000000000000000000000000F0
:1090800000000000000000000000000000000000E0
:1090900000000000000000000000000000000000D0
:1090A00000000000000000000000000000000000C0
:1090B00000000000000000000000000000000000B0
:1090C00000000000000000000000000000000000A0
:1090D0000000000000000000000000000000000090
:1090E0000000000000000000000000000000000080
:1090F0000000000000000000000000000000000070
:10910000000000000000000000000000000000005F
:10911000000000000000000000000000000000004F
:10912000000000000000000000000000000000003F
:10913000000000000000000000000000000000002F
:10914000000000000000000000000000000000001F
:1091500000000000D41B8000040000000008000094
:10916000B42280000400000008080000782380007A
:109170000400000010080000C42780000400000064
:1091800018080000302880000400000020080000BB
:10919000D8178100040000002808000000D08100DA
:1091A00004000000300800001C14820004000000CD
:1091B0003808000028388200040000004008000041
:1091C0006C6683000400000048080000ACAD83001A
:1091D000040000005008000008088400040000009B
:1091E000580800001C1A84000400000060080000F9
:1091F0009822840004000000680800002C8A840083
:109200000400000070080000D8BE840004000000C4
:1092100078080000C0BF840004000000800800003F
:1092200010C38400040000008808000078C984008E
:1092300004000000900800002C918400040000004D
:10924000980800000C4C820004000000A0080000F8
:10925000FCD9840004000000A808000084E3840016
:1092600004000000B008000018EC840004000000B6
:10927000B80800000C19850004000000C0080000B8
:1092800084C0860004000000C80800004466850011
:1092900004000000D008000010A2820004000000BA
:1092A000D8080000003B850004000000E008000032
:1092B00084B6850004000000E8080000E8B68500D8
:1092C00004000000F0080000CCBA85000400000093
:1092D000F8080000F8C8850004000000000900003C
:1092E000B0BE82000400000008090000ACD4850074
:1092F0000400000010090000E09B8400040000004E
:1093000018090000B8FB85000400000020090000D7
:1093100038E3860004000000280900006CEA86009B
:109320000400000030090000282586000400000029
:1093300038090000F0C08600040000004009000069
:109340003CC38600040000004809000018F98600AC
:10935000040000005009000064FA860004000000C8
:10936000580900004409870004000000600900005B
:109370001013870004000000680900001033870004
:1093800004000000700900005C3B8700040000003E
:1093900078090000A0D986000400000080090000C0
:1093A00058DA86000400000088090000B8608700D1
:1093B000040000009009000018E08600040000008E
:1093C00098090000ACE4820004000000A00900003D
:1093D00058EF820004000000A8090000E4F18200B8
:1093E00004000000B0090000C0F282000400000088
:1093F000B8090000D4D1870004000000C0090000B3
:10940000D4D4870004000000C8090000BCD687003F
:1094100004000000D0090000F4D987000400000017
:10942000D8090000C0DA870004000000E00900004D
:10943000DCDC870004000000E8090000F8DC87009D
:1094400004000000F009000088DD8700040000002F
:10945000F80900007CE2870004000000000A000018
:10946000CCE3870004000000080A0000F4E5870050
:1094700004000000100A000090268800040000008C
:10948000180A0000A40B830004000000200A00005A
:109490007C0E830004000000280A000008198300E5
:1094A00004000000300A000050588800040000004A
:1094B000380A00002059880004000000400A00001B
:1094C000D462880004000000480A00008469880013
:1094D00004000000500A0000DC988800040000002E
:1094E000580A00006846836941690BB503695A460A
:1094F00051460EB44A46414606B4C3688268416884
:10950000FEB40368C269EFF303810EB48269EFF31E
:10951000058106B4034801680029FED068468847E3
:1095200014B000BD3C14000062B6704772B67047BC
:1095300004490840002803D003490A6802430A602E
:1095400070470000FFFF000000E100E00449084010
:10955000002804D003490A68C04302400A607047EB
:10956000FFFF000080E100E002490968902288586E
:109570007047000044140000024909689C2288508A
:109580007047000044140000DDBAADBB00000000CD
:1095900000000000000000000000000000000000CB
:1095A0000000000000000000024A11681060081C62
:1095B000704700003C1400005648574900220A50EA
:1095C0000168564A0A40564F0F403F4206D1504666
:1095D000004202D04046004229D1FEE7FC2141581A
:1095E0000A680F2313400F2BF1D0012B01D0043157
:1095F000F6E708314B4B13404B4CA34206D100F029
:10960000C1F8804600F0CAF88146E9E7474CA3421A
:10961000E6D10B1F1B68464C23401824E3409C46B0
:1096200000F0B0F8824600F0B9F88346D8E7414927
:1096300021224250374A40498958FF23194219D004
:1096400051683E4B194215D01168344B1940D36A0A
:1096500010E0A3420ED0C0460CE0394989581942A7
:1096600008D03849895819409942FAD1364B1169C6
:109670001942FCD049463F4204D19823CB581024CC
:10968000E34001E0314BCB581C242340002B01D098
:1096900000F092F840462E49086048462D4908607F
:1096A00050462D49086060462C4908602C490F60DF
:1096B0002C4D2D490D602D482D49002204C08142BA
:1096C000FCD8043DAD46009DEC431023DD41AC4287
:1096D00010D1240CA400274D2C606B461B1B264880
:1096E000264D2860002C05D01D6805600433043029
:1096F000043CF9DC81B0224B1B490D68ED1A0D606A
:109700006C46E41AA546684600090001854600F04B
:10971000D7FCFEE70000001814060000FFFF000061
:10972000000000F000FF0F00002A0800000E0800F3
:10973000000000FFE0010000040600000000380007
:10974000180600000C0600000010000008040000CD
:1097500044140000481400004C1400005014000091
:109760004014000000000800945C0100BC5F010090
:109770009C6601009C5C01008C750200985C0100F5
:109780000000010008680F2204310240052AF9D1C7
:10979000014A1040F746000000F0FFFF08680F2262
:1097A00004310240052AF9D180221042F6D0014A44
:1097B0001040F74600F0FFFFFEE70000004870474A
:1097C000BC5F010000487047FC5F01000048704723
:1097D00060600100004870470860010003F04ABA69
:1097E00001238B402DE9F74FB3F5001F28BF4FF43D
:1097F0000013042B38BF04230330019320F003042B
:10980000FFF7E0FF354B0022D3F800B01546944631
:10981000134627E0D1F800A0A24522D301F10807A2
:10982000019E07EB0A08C6F10009C4EB080609EA25
:109830000606BE4215D3DDF8049009F1FF3919EA96
:10984000070FCDF8009002D0F71B072F09D9C4EB02
:109850000A075F4505D2424635466FB1BB4684468E
:109860000B46084641680029D4D13BB91C4A18462A
:109870001168013111602FE084460B46521B111B09
:10988000072909D918682A19401A08391860295176
:10989000596851605A6022461968891A072903D805
:1098A0005A68CCF8042004E05A50A1F108021A606A
:1098B0005B180C48002219685A6002688A18026016
:1098C00009480168083101608918084A1068814216
:1098D00088BF116003F10800BDE8FE8FF4030000AB
:1098E000F0030000140400004804000004600100BC
:1098F00038B5194B50F8082C196805468A1A1A60B1
:10990000164BA0F108041A68083A1A60FFF75AFFCC
:1099100002E0A34203D218464368002BF9D155F860
:10992000082CA9188B4205D119685B6852180832B7
:1099300045F8082C6360036803F108028218A2420C
:1099400007D155F8082C9B180833036063684360FF
:1099500000E04460002038BD14040000480400000A
:1099600010B500214022044605F04ADC104B23606C
:10997000104B6360104BA360104BE360104B2361EE
:10998000104B6361104BA361104BE361104B2362DA
:10999000104B6362104BA362104BE362104B2363C6
:1099A000104B6363104BA363104BE36310BD00BF08
:1099B00000000000F8370100F8370100915C010059
:1099C000945C0100BC5F0100BC5F01009C6601006B
:1099D0009C660100FCB60200FCB602008C6A030023
:1099E000FC0000000001000000000000000000007A
:1099F000F0B52D4D91B06846FFF7B2FF29780029E8
:109A000037D10898099C241A06D0224605F0F8DBC5
:109A10000898214609F06EDD22462449244805F0C5
:109A200015DC244B00241C7001232B70224D09F0FF
:109A300091DC2B68002B33D01A78002A30D09F8914
:109A40005E890CE02B681D4AD98910680AF076DC23
:109A50000134014630B1184B186806F0B1DBA31988
:109A6000BB42EFDB164B29681868012206F0ECDBDD
:109A700016E0144E317899B90A980B9C241A06D036
:109A8000224605F0BDDB0A98214609F033DD08487F
:109A90000D49224605F0DADB00232B7001233370D9
:109AA00009F058DC11B0F0BDFC0300009AFB8800FF
:109AB00055390100146001004404000090040000C6
:109AC0002C0400006C600100521E8900014B1868D4
:109AD000704700BF945C0100002070472DE9F04FF3
:109AE0009DB00AA8FFF73CFFFFF7F0FF0446FFF721
:109AF000F3FF0A9B0B9A0F99D21A0E9B0D9DC3EB95
:109B000001091199109B6E4ECB1A0C99DFF8008257
:109B1000C1EB050B93443268D8F8001002F50052EF
:109B2000521A4A44D2185A44141924180994DFF8D6
:109B3000E4A1644C644F2268DAF800506348AD1821
:109B40003A680893C5EB020CCDF81CC005F07EDB2B
:109B5000089B09F57E71019303F57E7307339B0A19
:109B600007310BF57E72890A073202930823920AA5
:109B70000091039359464B46554805F067DB33681F
:109B800020683968DDF81CC00190039300F57E70F1
:109B900003F57E730CF57E7601F57E720730073390
:109BA000800A9B0A07320736B60A920A029004938B
:109BB00048486346009605F049DB099905F57E7231
:109BC00001F57E7307339B0A0732920A00932946F8
:109BD000099B414805F03ADB404B414F1968414829
:109BE00005F034DB3968404B0A6846469A4203D098
:109BF0003E4805F02BDB25E01A910B4604E0156882
:109C00003948131D854203D11A461BAB9A42F6D33D
:109C100033681AAD009336482B461A9205F016DBCE
:109C20003B681A9AE91A3348D31A0A46009305F09A
:109C30000DDB33681A9A591B2F489B1A0A4600936A
:109C400005F004DB2D4B1B684BB31A783AB35989E6
:109C5000DD891A8901FB05F638354D4306F57E731B
:109C600007339B128DE8280005F57E7307339B129E
:109C700002932348334605F0E9DA2368DAF8002036
:109C8000991B9B185B1B03F57E7001F57E720730F4
:109C9000800A07320090920A1A4805F0D7DA1A4B68
:109CA0001D6809F081DD044609F078DD2946034688
:109CB0002246164805F0CADA1DB0BDE8F08F00BF95
:109CC0000460010014040000F4030000883901005E
:109CD00097390100D63901001B3A0100F00300005A
:109CE00068600100563A01004B415453713A01003B
:109CF000953A0100CC3A0100F13A01004404000019
:109D0000173B0100443B0100040400006C3B0100D0
:109D1000106001004804000008B57146034805F0D2
:109D200095DA0120BDE8084009F0249E9A3B010025
:109D300000487047186001002DE9F34107460C46C2
:109D400009F032DD10B909F035DD3AE00026204691
:109D50000DF106016A46ADF80660009607F10308AA
:109D60000AF072D9009D28F00308454440F63803F4
:109D70009D4226D82DB328463146FFF731FD0446D3
:109D8000F8B13146009A05F03BDA009BA781ED1A45
:109D9000E218C8EB050802EB0803A3606368013D05
:109DA00062F3140363601B0C65F34F13E3802046DA
:109DB00009F0DEDC01232080A370BDF80630E381CA
:109DC00004E0044B00241A6801321A602046BDE802
:109DD000FC8100BF4C04000038B50446E3895906F5
:109DE00021D4A278013AD2B2A270002A27D1E27817
:109DF00062B1134B204653F82250E9890AF0D4D9B6
:109E000028462146BDE8384006F0509ADA0516D4B7
:109E10000C4B2046A360218809F0D4DC2046BDE825
:109E20003840FFF765BD074B2046A3602188A56B2E
:109E300009F0C8DC2046FFF75BFD2C46CEE738BDB5
:109E400050610100EFBEADDEF8B51F4E01220D4698
:109E50003068002102F0AAFF00210822074630687E
:109E600002F0A4FF022D014610D107EA000414F409
:109E7000806406D0306821F48061002202F096FFF1
:109E80002C46FA041ED544F004041BE0052D10D125
:109E900007F40064D4F1010438BF0024BB0511D5D8
:109EA000306841F48061002202F080FF44F0200419
:109EB00008E035B9306829460522BDE8F84002F0CF
:109EC00075BF00242046F8BD0004000029B9034BEB
:109ED00011461868072202F069BF704700040000AD
:109EE0002DE9FF470446FFF723FF2368C462032BD5
:109EF00003D1474B18680FF0EFD92368A3F1100284
:109F00000F2A04D804B0BDE8F04709F0CF9B032B1B
:109F10000FD1404AE36C22F00102934209D1626CF6
:109F200006339361636C4FF0FF321A6004B0BDE8F2
:109F3000F087656CFFF7CAFD374E636CF169C3EBC0
:109F4000000A3268354805F081D9A36C2168009376
:109F5000636C22460193A36831480293E3680027AB
:109F60000393E36C05F072D9E36904F110010093E7
:109F7000236A2C480193636A4FEA9A0A0293A36A00
:109F8000B94603930EC905F061D9A36B04F12C0106
:109F90000093E36B24480193236CB84602930EC9E7
:109FA00005F054D9EB682148009395E80E0005F0C0
:109FB0004DD9EB6905F1100100931D480EC905F05C
:109FC00045D918E07A59D3070FD5FF2A0DD9194B77
:109FD0009A4204D902F16243B3F5801F05D81648AE
:109FE000394605F033D909F101090437B9F10F0FEA
:109FF00008F1010801D8D045E4D13368002043F4CA
:10A00000806386E8180004B0BDE8F04709F0B29C10
:10A0100000040000D1C0800070600100C63B010058
:10A02000DC3B0100113C0100443C0100733C010099
:10A03000913C0100F8370100AF3C0100036810B506
:10A04000022B044603D0084B18680BF0BDDE2046F7
:10A05000FFF746FF2368022B05D0034B1868BDE8C5
:10A0600010400BF0F19E10BD00040000014B186879
:10A07000704700BFB46001002DE9F04104464C2058
:10A080000E46154698460AF0D1D80746A0B10021E1
:10A090004C2205F0B5D84FF4F0637B634FF47A732C
:10A0A000FB631C233B640C237B640423C7F80C80F4
:10A0B0003E607D60BC60BB643846BDE8F08170479F
:10A0C00010B515F04BFF15F059FF15F0B3F816F069
:10A0D00005F8044615F06CF820461BF0D9FCFFF794
:10A0E00087FC2046BDE8104009F0AE9A002301E04D
:10A0F000013340080028FBD1C3F120007047C0178E
:10A100007047431E23EA0000FFF7F9BF4840FFF7FE
:10A11000F8BF22EA000208401043704708B5FFF775
:10A12000F8FFC0B208BD2DE9F843DDF820800646EF
:10A130000D4614469946002707E0E95DE25D30468A
:10A14000FFF7ECFF08F8070001374F45F5D1BDE8F0
:10A15000F8830379013BDBB2A3EB511300EB8300DF
:10A160008068D0F1010038BF0020704710F0010175
:10A1700030B51AD002230122591E01249DB214FACF
:10A1800001F1202D02D09C40013C01E04FF0FF3452
:10A1900000FB02F52C40A14234BF8918114601335F
:10A1A000212B0A46E8D1084630BD084630BD38B5F7
:10A1B000054600F51770FEF3BDF700240AE004F130
:10A1C000760005EB8000436813B10430FFF304F719
:10A1D0000134A4B2B5F85831A342F0D838BD2DE906
:10A1E000F041061D9AB004460431304604321D4643
:10A1F000FEF384F60746002D30D0204601210AAA3E
:10A20000202305F10408FFF3FDF647B9204629464F
:10A21000FFF368F60028D4BF0020012000E00120F1
:10A220000021FFF773FF3146054642463046FFF3F3
:10A23000FBF4012112AA20232046FFF3E3F602AE2D
:10A24000E8B20AA912AA20230096FFF76CFF636800
:10A250002046012132469B0000F0AEDA1AB0BDE87C
:10A26000F081F0B5071D9BB0044604313846043236
:10A270001D46FFF3D9F4064625B320230AAA01217F
:10A280002046FFF3BFF630460021FFF73FFF2A1DAF
:10A29000064639463846FEF331F6012112AA20233C
:10A2A0002046FFF3AFF602ADF0B20AA912AA2023AE
:10A2B0000095FFF738FF6368204601212A469B007E
:10A2C00000F07ADA1BB0F0BD2DE9F041B8B01546C8
:10A2D00006468846FFF3C4F66A68044602329300D5
:10A2E000502B4FD8D8F8043003339B00902B49D81B
:10A2F00024A9FFF379F50746002844D06A6805F1E0
:10A300000801920026A804F0F7DED8F804202046C1
:10A3100069460332FFF368F50446002833D0284627
:10A32000FFF3A2F66D686D01451B00E0203515F1C5
:10A330001F0FFBDB20464146FFF306F63DB13846D2
:10A34000294600F079DA2046294600F075DA201D0A
:10A35000391DFFF39FF220463946FFF3C3F500286D
:10A3600005DB204621463A460023FFF77AFF1DB160
:10A370002046694200F060DA30462146FFF3E4F5FA
:10A38000012000E0002038B0BDE8F08108B528B118
:10A39000FFF36AF6D0F1010038BF002008BD2DE9B7
:10A3A000F0410446ACB00D461646FFF359F66B6813
:10A3B00062682B94B2EB430F01D3201D08E001210A
:10A3C0000022DB00FFF3CAF42B9000284ED00430AB
:10A3D000291DFFF3DBF23046FFF7D8FF0121FFF71D
:10A3E00095FE20230BAA012180462046FFF30AF6A2
:10A3F0002B981BAD201A18BF01200121FFF786FE04
:10A400002B9907462046FFF39FF5012113AA20232D
:10A410002046FFF3F7F5F8B213A90BAA2023009505
:10A42000FFF781FE01212A4620232046FFF3EAF5AB
:10A43000324620462B99FFF747FF0646B8B1012167
:10A4400023AA20232046FFF3DDF503AE5FFA88F050
:10A4500023A92A4620230096FFF765FE32462046B0
:10A4600001212023FFF3CEF5012600E006462B9BB9
:10A470009C4202D02BA8FFF3AFF530462CB0BDE8CC
:10A48000F0812DE9F74FD2F804A007795FFA8AF935
:10A4900091F80480144600F1080609F1FF390D46D1
:10A4A00030460021BA005FFA89F9083404F0A8DECA
:10A4B000013F08F1FF3104EB890B6FEA0909C9B2CA
:10A4C0004FEA8909FFB208354FEA880805EB810594
:10A4D000CDF80490002306EB8706C8F1000900219F
:10A4E0001DE05FFA8AF84FEA88085C46C8EB060868
:10A4F000304600270DE03A46076854F804C90023A7
:10A50000D2196F5843F10003E7FB0C2340F80429EC
:10A510001F464045EFD1019804393350043E494568
:10A52000DFD10020BDE8FE8F2DE9F04FBDB0884699
:10A530004699D0F80C900C1D8568039400684C680F
:10A5400008F10401049109F10401059107901146F5
:10A5500028461A460023FFF794FF98F8042099F83C
:10A5600004302E790892002109F108009A0008357C
:10A57000069306F1FF3A04F043DE039805EB8A0ADE
:10A58000A50040194FEAC40B0A90CBEB0A0B5146C9
:10A59000A4460020AE462BE00B68079A0A9F53435F
:10A5A0000E4609932546002002910EE057F8043923
:10A5B00031680B93002342180B98099943F100036B
:10A5C000E1FB002346F80429184615F1FF35EDD2CA
:10A5D0000299A5004D1B07E01E680023821943F174
:10A5E000000345F804291846AB452B46F4D304393B
:10A5F0001CF1FF3CD0D2059A069B754602EB830600
:10A60000CBF80000CEEB0A0A2246002303E05AF8FA
:10A610000310F150043B013A971CF8D10021D9F8FE
:10A620000800FFF773FD0599039A07460498FFF3A6
:10A63000FBF202212B4640460CAAFFF3E3F40498F8
:10A64000089900EB810303E056F8042943F8042934
:10A6500014F1FF34F8D202211CAA2B464046FFF326
:10A66000D1F42CACF8B21CA90CAA2B460094FFF72D
:10A670005AFD4046022122462B4600F09DD800207C
:10A680003DB0BDE8F08F2DE9F04F04468BB0184681
:10A6900009921F460891FFF3E3F47B6804F5AC725E
:10A6A00006929B00002200250590A4F858210793EC
:10A6B0002E4668E004EB8609D9F80410002960D022
:10A6C0000698FFF3D7F0804600285AD10121424670
:10A6D000079B0598FFF342F305F1200A04EB8A0A71
:10A6E000CAF85C01D9F8040004EB8503C3F85C01E7
:10A6F000FFF7FCFCC0F11F00C0B204900999DAF822
:10A700005C01FFF321F4C146DDF810A032E04FF008
:10A71000010B05F1200884F860B204EB8808D8F832
:10A720005C1104F5177C60460A460B46CDF80CC058
:10A730000097FFF7F9FE049ADDF80CC053B2C9EB9D
:10A7400003030BFA03FB04EB86035B681BEA030FAE
:10A750000AD0002384F86032D8F85C116046089A69
:10A760000B460097FFF7E0FE0AF1FF3A5FFA8AFA1C
:10A7700009F101091AF0800FC9D00135EDB2A4F832
:10A7800058510136F6B294F84431B34292D80120C0
:10A790000BB0BDE8F08F2DE9F04F8346ADF52F7D6E
:10A7A00018461C4689469246FFF35AF4676801250D
:10A7B0008046BE0000212422A1A804F021DD294604
:10A7C000002233464046A195FFF3C8F229460022F5
:10A7D0003346AB904046FFF3C1F229460022334690
:10A7E000AC904046FFF3BAF202217B198B40AD904A
:10A7F000A1AA4046FFF3B2F2AA90AB9800F008D8A5
:10A80000267904F10805013EF6B255F8260010F04D
:10A81000010000F093804946AA9A2346AC98FFF3C2
:10A820002DF72346AB99AA9AAD98FFF327F755F871
:10A830002600FFF79BFC002105464FF41E7203A87B
:10A8400004F0DEDC05236A4221469AA88DF80C301C
:10A85000FEF37CF4514603A8FEF3DEF3234603A87F
:10A86000AC99AD9AFFF70FFF9DF8507107F1FF38D3
:10A870001FFA88F80FFA88F3002B4FDB03A800EBD0
:10A880008303596859A8FEF3BBF61F2846D803A9CD
:10A8900001EB8003D3F8DC11AD98FFF355F3C8F159
:10A8A000000800252DE0AD9901238DF86C329AA89F
:10A8B0000A460B460094FFF737FEBB1E1BB203A8E7
:10A8C000EA18C3185B1993F80431314601369942EE
:10A8D000E9DB00EB8203596891B1002359A88DF898
:10A8E0006C32FEF38DF61F2818D803A901EB800304
:10A8F000AD990094D3F8DC219AA80B46FFF714FE1B
:10A90000013D45454FF00006D7D19AA85946AD9A6A
:10A91000AB9B8DF86C620094FFF706FE03A8FFF76F
:10A9200046FCACA8FFF358F3ADA8FFF355F3ABA872
:10A93000FFF352F3AAA8FFF34FF301200DF52F7D8B
:10A94000BDE8F08F2DE9F04FB3B0039018461C46D8
:10A950008A469346FFF384F3D4F80490012509F165
:10A960000107BF0080464FEA890600213A4605A844
:10A9700004F046DC29460022334640460595FFF3A5
:10A98000EDF12946002233462E904046FFF3E6F1D2
:10A990002946002233462F904046FFF3DFF1294637
:10A9A0000022334630904046FFF3D8F102213B4667
:10A9B000319005AA4046FFF3D1F12D902E98FFF378
:10A9C00027F7267904F10805013EF6B255F826006E
:10A9D000DAF8047010F0010000F08B8051462D9AD7
:10A9E00023462F98FFF34AF62E992D9A2346309846
:10A9F000FFF344F655F82600FFF7B8FB7F0142420B
:10AA0000214626A8FEF3A2F3013F01E0A6F12007AC
:10AA1000BEB258463146FFF79CFB0028F6D109F13B
:10AA2000FF393FB20BF1080AA9EB67175AF8270064
:10AA3000FFF75CFB361A3BE0309901250A460B46CE
:10AA400026A88DF89C500094FFF76EFD294616AAA3
:10AA500020233098FFF3D6F230994FF000080B46D0
:10AA60002F9A26A88DF89C800094FFF75DFD1EAA02
:10AA7000294620233098FFF3C5F206F01F0015FA8F
:10AA800000F0A9EB67175AF8273041461840FFF746
:10AA90003DFB0EAFC0B216A91EAA20230097FFF7F8
:10AAA00042FB309829463A462023FFF385F6013EC3
:10AAB000B6B237B2002FBFDA00230399309A8DF86F
:10AAC0009C3026A82E9B0094FFF72EFD26A8FEF3AF
:10AAD00031F32FA8FFF380F230A8FFF37DF22EA808
:10AAE000FFF37AF22DA8FFF377F231A8FFF374F2A7
:10AAF000012033B0BDE8F08F2DE9F04FBFB00390D7
:10AB000018461D4689469246FFF3AAF26E68022354
:10AB10000124B60000278DF8F7300A233C93214624
:10AB20003A463346804637973B978DF8F640FFF319
:10AB300015F121462D903A4633464046FFF30EF17B
:10AB400021462E903A4633464046FFF307F1022154
:10AB50002F903A4633464046FFF300F121463090AD
:10AB60003A4633464046FFF3F9F0214631903A46E3
:10AB700033464046FFF3F2F0214632903A463346E0
:10AB80004046FFF3EBF0214633903A4633464046C9
:10AB9000FFF3E4F0214634900DF1F602234633989A
:10ABA000FFF30AF621460DF1F70223463498FFF32E
:10ABB00003F621463A4633464046FFF3CFF021469E
:10ABC00035903A4633464046FFF3C8F0214636906A
:10ABD0003A4633464046FFF3C1F0214638903A46A4
:10ABE00033464046FFF3BAF0214639903A463346A1
:10ABF0004046FFF3B3F021463A903CAA23463098F2
:10AC0000FFF3DAF530982B4602462946FFF729FB79
:10AC100003992A462D98FFF7C2FB2B4630992D9AAF
:10AC20002E98FFF32BF52E992A462F98FFF7B7FBA6
:10AC30002E982F9A01462B46FFF7D1FA2E98FFF750
:10AC4000A5FB2146FFF762FA29468446349A2F98DD
:10AC50002B46CDF808C0FFF704FB2E992F9A2B4600
:10AC60003198FFF76FFE4A462B4630992E98FFF336
:10AC700005F52E9829460246FFF374F251462E9AA6
:10AC80002B463598FFF3FAF452462B462E98294668
:10AC9000FFF7E7FA484629462F9AFFF363F22E980A
:10ACA0002F9A01462B46FFF3E9F42F983399319AF6
:10ACB0002B46FFF794FA2E992F9A2B463698FFF3DE
:10ACC000DDF4202321461DAA3598FFF39BF12023B4
:10ACD000214625AA3698FFF395F1DDF808C00DF15D
:10ACE000540B5FFA8CF01DA925AA3346CDF800B0AD
:10ACF000FFF719FA334621465A464046FFF32EF035
:10AD00002A46014637902E98FFF749FB2E98379A2E
:10AD100001462B46FFF3B2F44946379A2B462F984B
:10AD2000FFF3ACF42E982F9A01462B46FFF757FA03
:10AD3000524639982E992B46FFF751FA30992D9AA1
:10AD40002B462E98FFF39AF42B462E99379A389873
:10AD5000FFF394F438992A462E98FFF720FB2E989B
:10AD6000389A01462B46FFF389F44946389A2B4618
:10AD70002F98FFF383F42E982F9A01462B46FFF766
:10AD80002EFA52463A982E992B46FFF728FA339A14
:10AD90002B462E982946FFF764FA2E982146FFF39A
:10ADA0004BF52E982B4602463999FFF7CBFD2E988E
:10ADB000FFF7ECFA214681462E98FFF3AFF22146C9
:10ADC00040EA0900FFF7A2F9214681461DAA202387
:10ADD0003998FFF317F15FFA89F92023214625AA54
:10ADE0003A98FFF30FF148461DA925AA3346CDF83E
:10ADF00000B0FFF798F921465A4633464046FEF325
:10AE0000ADF720233B9021461DAA3798FFF3FAF0B7
:10AE10002023214625AA3898FFF3F4F00DF1140AF7
:10AE200048461DA925AA3346CDF800A0FFF77BF9B7
:10AE30002023284621461DAAFFF3E4F006F1FF393E
:10AE40003EAB994419F8843C03F00303032B03D071
:10AE5000444804F0FBD954E03A4640462146334684
:10AE6000FEF37CF73B4680462946339A2E98FFF73F
:10AE7000B6F92E980221FFF3DFF42B463B992E9A68
:10AE80004046FFF75FFD21461DAA20230398FFF3EC
:10AE9000B9F025AA202321464046FFF3B3F019F864
:10AEA000840C19F8641C00F0010001F00101FFF7A7
:10AEB0002DF929462B46074642462E98FFF7D1F931
:10AEC00021461DAA20234046FFF39CF0214625AAD7
:10AED00020232E98FFF396F00AEB0605F8B21DA981
:10AEE00025AA33460095FFF71EF921465246334600
:10AEF0004898FFF361F4499821462A463346FFF308
:10AF00005BF42DA8FFF368F02EA8FFF365F02FA8DF
:10AF1000FFF362F031A8FFF35FF030A8FFF35CF0BD
:10AF200032A8FFF359F033A8FFF356F034A8FFF32B
:10AF300053F035A8FFF350F036A8FFF34DF037A8D3
:10AF4000FFF34AF03BA8FFF347F038A8FFF344F0C3
:10AF500039A8FFF341F03AA8FFF33EF000203FB0DC
:10AF6000BDE8F08FE93C010000487047883D0100D2
:10AF700000487047103D0100004870474C3D0100FB
:10AF800000487047C43D0100012801D1FFF7F0BF20
:10AF9000022801D1FFF7F0BF032801D1FFF7F0BF6E
:10AFA000042801D1FFF7E0BF002070470048704738
:10AFB000DC60010000487047305D0100014B43F840
:10AFC0002010704750610100034B53F82000431AD2
:10AFD000584240EB030070475061010042893C2910
:10AFE00028BF3C21034691422CBF08461046988159
:10AFF0007047000000F13402342A08B5034606D930
:10B0000005482021054A04F061D9034808BD044AD7
:10B01000434252F8230008BD306101007F3E010029
:10B020000CA2880038B5049C1D467CB1FF2B0DD0C6
:10B0300002B95BB96B1C2070A170637025B1114619
:10B04000E01C2A4604F058D803356419204638BD60
:10B05000C0F3804070470000044B00F440321343BB
:10B0600003420CBF00200120704700BFD091540064
:10B0700038B50546FFF7F0FF38B10B4B2B4033B91D
:10B0800015F4900418BF182402E0044600E01024D0
:10B09000284605F0BDDF20B1034B2B40002B18BF25
:10B0A0001024204638BD00BFC4D1040000487047BA
:10B0B000685D010000487047785201000020704729
:10B0C00008B5FFF7F3FF41780278012313FA01F185
:10B0D00013FA02F20A4381788B4042EA030008BD6A
:10B0E0002DE9F7434FF0000804460F4616469946EF
:10B0F0004546012303FA08F313EA090F2BD06369CD
:10B100002046222B0ADDE3695A0607D540F62701BF
:10B1100000220EF0AFDA0146204600E000214FF495
:10B12000C4620EF047D9C0F8008063692046222B24
:10B130000ADDE3695B0607D540F6270100220EF021
:10B1400099DA0146204600E0002140F224620EF028
:10B1500031D903681D4308F10108B8F11F0FC8D1A8
:10B160009DF828304BB145B10123009320462B4672
:10B1700039463246FFF7B4FF05432846BDE8FE8353
:10B18000816838B540F63C039942044628D1C3682B
:10B190000B2B03D84FF0A871994001D40C2B1FD969
:10B1A00049F218239A4205D049F640439A4217D1F2
:10B1B0000C4D00E00C4D63692046222B0ADDE3694B
:10B1C000590607D540F6270100220EF053DA014652
:10B1D000204600E0002140F2DC620EF0EBD8056072
:10B1E00038BD00BF99010100B601010038B54369BF
:10B1F0000446222B0ADDC3695D0607D540F6270108
:10B2000000220EF037DA0146204601E020460021F8
:10B210004FF4C0620EF0CED80568204605F07C05DC
:10B22000AD08FFF747FF03E08378AB4207D00C304F
:10B2300010B10388002BF7D12046FFF73FFF0388AA
:10B240004FF47A70584338BD70B5044616460D4623
:10B250000AF0B0DD94F86023094B002818BF0123E1
:10B26000012A94F8682308BFD4F85C33012A0CBF84
:10B27000D4F864236FF000422B60326070BD00BFD1
:10B280000100820E2DE9FF471D46436990460022CA
:10B29000222B044689460292039209DDC3695F06A8
:10B2A00006D540F627010EF0E5D90146204601E01B
:10B2B000204600214FF4C4620EF07CD80560236A5A
:10B2C00020460C2B636916DD222B0ADDE3695E063E
:10B2D00007D540F6270100220EF0CCD901462046C2
:10B2E00000E000214FF4C5620EF064D807683F0CFF
:10B2F000BF05BF0D14E0222B0ADDE369590607D50F
:10B3000040F6270100220EF0B5D90146204600E0A4
:10B3100000214FF4C5620EF04DD807683F0AFFB216
:10B320000123AB4000262046494642460096FFF7DF
:10B33000D7FE0546012212FA06F32B4207D00092EF
:10B34000204649464246FFF7CBFE25EA0005013676
:10B350001F2EEFD1204602A903AAFFF775FF029B1B
:10B36000002625EA030A35460123AB4013EA0A0FFB
:10B3700008D0204649464246EBB2FFF783FF86429B
:10B3800038BF064601351F2DEED1B81C801904B018
:10B39000BDE8F0872DE9F041069E044615461F469C
:10B3A000FFF78EFE002870D010EA060800EA0707B3
:10B3B0002CD063692046222B0ADDE3695A0607D5A3
:10B3C00040F6270100220EF055D90146204600E044
:10B3D000002140F21C620DF0EDDF63690646222B6E
:10B3E00020460ADDE3695B0607D540F62701002207
:10B3F0000EF040D90146204600E0002140F21C62D8
:10B400000DF0D8DF036843EA08033360002F2BD028
:10B4100063692046222B0ADDE3695E0607D540F604
:10B42000270100220EF026D90146204600E0002127
:10B430004FF4C3620DF0BEDF63690646222B20463F
:10B440000ADDE369590607D540F6270100220EF010
:10B4500011D90146204600E000214FF4C3620DF0EF
:10B46000A9DF03681F433760079B9A0305D4BDE833
:10B47000F0810A2008F0C8DB01E040F2DD54D5F885
:10B48000E0319B0301D4013CF3D1BDE8F081F7B575
:10B490001E4643690446222B0F4615460BDDC36941
:10B4A0005A0608D540F6270100220EF0E3D800978F
:10B4B0000146204602E00097204600214FF0FF336E
:10B4C0004FF4CA620EF026DC6369222B0CDDE369BF
:10B4D0005B0609D540F62701204600220EF0CAD8A7
:10B4E00000960146204602E000962046002140F2E8
:10B4F00054622B460EF00EDCFEBDF7B51E464369C6
:10B500000446222B0F4615460BDDC3695B0608D5A2
:10B5100040F6270100220EF0ADD8009701462046E4
:10B5200002E00097204600214FF0FF334FF4CB623A
:10B530000EF0F0DB6369222B0CDDE369590609D5B7
:10B5400040F62701204600220EF094D800960146CE
:10B55000204602E000962046002140F25C622B4625
:10B560000EF0D8DBFEBDF7B51E4643690446222B1C
:10B570000F4615460BDDC369590608D540F627016D
:10B5800000220EF077D800970146204602E000978F
:10B59000204600214FF0FF334FF4CC620EF0BADBAF
:10B5A0006369222B0CDDE3695A0609D540F62701B1
:10B5B000204600220EF05ED800960146204602E0AA
:10B5C00000962046002140F264622B460EF0A2DB7A
:10B5D000FEBD436913B5222B04460DDDC3695B062E
:10B5E0000AD540F6270100220EF044D84FF48063BC
:10B5F00001460093204604E04FF480630093204608
:10B6000000214FF4C0620EF085DB1CBD2DE9F04F28
:10B61000013AD2B2082A85B004469A4615D8374B6B
:10B620009E5C374B9F5C374B13F80290364B9B5C0C
:10B630000393364B13F802B0354B9B5C0293354BAA
:10B6400013F80280344B9D5C07E00025A846029564
:10B65000AB460395A9462F462E466369222B0DDD86
:10B66000E3695B060AD540F62701204600220EF06A
:10B6700001D8CDF800900146204603E0CDF80090B7
:10B68000204600214FF0FF334FF4CB620EF042DB37
:10B690006369222B0FDDE36958060CD540F62701BC
:10B6A000204600220DF0E6DF07EA0A03B340014618
:10B6B0000093204605E007EA0A03B34020460093C2
:10B6C000002117FA06F340F25C620EF023DB039BC5
:10B6D00083B148FA0BF208EA0A0848FA0BFB204645
:10B6E000029C2946A2400BFA04F305B0BDE8F04FD6
:10B6F000FFF703BF05B0BDE8F08F00BF5C5101004C
:10B70000655101006E510100775101008051010027
:10B71000EC530100F8510100015201002DE9F843FA
:10B72000044689460DF040DE0021064620460EF014
:10B73000EBDB80462046FFF7B9FC074620460EF0BB
:10B7400055DA4946054642463B782046FFF79AFDC2
:10B750000B2302305843074B3146EB18B3FBF5F58A
:10B76000454320460EF0D0DB0A23B5FBF3F5A8B223
:10B77000BDE8F8833F420F0038B543690446222BE9
:10B780000ADDC3695D0607D540F6270100220DF0EA
:10B7900071DF0146204601E02046002140F214629C
:10B7A0000DF008DE63690568222B20460ADDE36997
:10B7B000590607D540F6270100220DF05BDF014650
:10B7C000204600E0002140F214620DF0F3DD036832
:10B7D0009D4214D063692046222B0ADDE3695A0694
:10B7E00007D540F6270100220DF044DF0146204630
:10B7F00000E0002140F214620DF0DCDD056828460F
:10B8000038BD38B51C461D68FFF7B6FF03462360F8
:10B81000401B38BD2DE9F743002504460F46164668
:10B8200098469DF828900195FFF7A6FF019063695F
:10B830002046222B0ADDE3695B0607D540F6270187
:10B8400000220DF017DF0146204600E000214FF4F2
:10B85000C2620DF0AFDDB9F1010F006801D108B986
:10B860000EE050B9B8EB451F09D92046394632469B
:10B8700001ABFFF7C6FF2D18D9E7002000E001203B
:10B880000B9B6D011D60BDE8FE832DE9F04F002686
:10B8900085B08046894692460396012503AF40460F
:10B8A0004946524643F6982300950197FFF7B2FFA9
:10B8B000044688B98DE881004023404649465246F7
:10B8C000DDF80CB0FFF7A6FF039B38B99B445E443C
:10B8D00043F697239E42E0D9284600E0204605B073
:10B8E000BDE8F08F2DE9F843994643690446222BC1
:10B8F0000E461546DDF82080099F0ADDC3695A0609
:10B9000007D540F6270100220DF0B4DE014620469F
:10B9100001E0204600214FF4C3620DF04BDD0368C7
:10B920002046C9F800306369222B0ADDE3695B0613
:10B9300007D540F6270100220DF09CDE0146204687
:10B9400000E0002140F21C620DF034DD0368204667
:10B95000C8F80030D5F8E0313B60FFF7B1FB07468F
:10B96000002872D0D5F8E031990304D4204631463E
:10B970002A46FFF78AFF63692046222B0ADDE36926
:10B980005A0607D540F6270100220DF073DE014666
:10B99000204600E000214FF4C3620DF00BDD636927
:10B9A0000646222B20460ADDE3695B0607D540F6F2
:10B9B000270100220DF05EDE0146204600E0002156
:10B9C0004FF4C3620DF0F6DC0368FF433B40336085
:10B9D00063692046222B0ADDE3695E0607D540F63F
:10B9E000270100220DF046DE0146204600E000213E
:10B9F00040F21C620DF0DEDC63690646222B204615
:10BA00000ADDE369590607D540F6270100220DF04B
:10BA100031DE0146204600E0002140F21C620DF0BC
:10BA2000C9DC036840F2DD541F40376002E00A20A1
:10BA300008F0EAD8D5F8E0319A0301D5013CF6D1F7
:10BA40006420BDE8F84308F0DF98BDE8F88337B517
:10BA5000044601AB4FF400616A460EF063DA636995
:10BA60002046222B0ADDE3695D0607D540F6270153
:10BA700000220DF0FFDD0146204600E000214FF4DA
:10BA8000CE620DF097DC056815F0005316D063699F
:10BA90002046222B0ADDE369590607D540F6270127
:10BAA00000220DF0E7DD0146204600E000214FF4C2
:10BAB000CE620DF07FDC0560012500E01D462046CA
:10BAC0009DE806000EF04CD928463EBD70B50446F0
:10BAD0000E460DF069DC0021054620460EF014DA12
:10BAE000314602462046FFF781FB2946064620469E
:10BAF0000EF00ADA304670BD014B1860704700BF87
:10BB000094610100F8B5484F04463A68002A40F0B5
:10BB100089804369222B09DDC3695B0606D540F69F
:10BB200027010DF0A7DD0146204601E02046002157
:10BB300040F214620DF03EDC63690568222B20465A
:10BB40000ADDE3695E0607D540F6270100220DF005
:10BB500091DD0146204600E0002140F214620DF024
:10BB600029DC03689D4214D063692046222B0ADD3C
:10BB7000E369590607D540F6270100220DF07ADD6A
:10BB80000146204600E0002140F214620DF012DC74
:10BB9000056842F2107008F037D863692046222BFE
:10BBA0000ADDE3695A0607D540F6270100220DF0A9
:10BBB00061DD0146204600E0002140F214620DF0F4
:10BBC000F9DB63690668222B20460ADDE3695B0620
:10BBD00007D540F6270100220DF04CDD0146204636
:10BBE00000E0002140F214620DF0E4DB03689E42A5
:10BBF00014D063692046222B0ADDE3695E0607D56F
:10BC000040F6270100220DF035DD0146204600E018
:10BC1000002140F214620DF0CDDB0668751B64262E
:10BC200075433D603868F8BD946101002DE9F74F18
:10BC30000446884691461F460DF0E8DF83460028FB
:10BC400040F0D98020460DF0AFDB594682462046B1
:10BC50000EF05AD9636905462D2B0CD1D0F8F4307B
:10BC6000B9F1000F02D023F0007301E043F000733C
:10BC7000C5F8F430B8E02046FFF718FAC37801267B
:10BC80009E4000F0B180B9F1000F5ED0636920469C
:10BC9000222B0ADDE369590607D540F627015A46EB
:10BCA0000DF0E8DC0146204600E000214FF4C362BD
:10BCB0000DF080DB036841463B6043EA0607012341
:10BCC000009320463B462A46FFF70AFA636907437A
:10BCD000222B20460ADDE3695A0607D540F62701E4
:10BCE00000220DF0C7DC0146204600E000214FF4A1
:10BCF000C3620DF05FDB414607602A462046FFF72E
:10BD0000C4FD4FF47A7007F07FDF40F2DD5702E0A8
:10BD10000A2007F079DF63692046222B0ADDE369F8
:10BD20005B0607D540F6270100220DF0A3DC014693
:10BD3000204600E0002140F20C620DF03BDB03687E
:10BD4000334242D1013FE3D13FE03A689AB9636997
:10BD50002046222B09DDE3695F0606D540F6270160
:10BD60000DF088DC0146204600E000214FF4C3625C
:10BD70000DF020DB026822EA06070123009320462B
:10BD80003B4641462A46FFF7ABF963690743374212
:10BD90000CBF00260126222B20460ADDE369590646
:10BDA00007D540F6270100220DF064DC014620464D
:10BDB00000E000214FF4C3620DF0FCDA4146076059
:10BDC0002A462046FFF761FD00E0012640F22D17CC
:10BDD00002E00A2007F018DF2B6903F48053B3EB6D
:10BDE000063F01D0013FF4D12046514603B0BDE8E3
:10BDF000F04F0EF0899803B0BDE8F08FF0B589B030
:10BE000004460D4606AA07AB4FF400610EF08AD82F
:10BE100029462046FFF75AFE4FF47A760022B0FBFF
:10BE2000F6F6134602212046FFF79DFB0022074647
:10BE3000134600F00F0503212046FFF794FB4FF651
:10BE400080733B40DF094FF4000320F07F420093F2
:10BE500003A804A9334603F09DDE05A80399049ABC
:10BE60001823774303F0DADE05B92D60059A4FF405
:10BE7000006300934FF4805303A804A9BA1893FBFE
:10BE8000F5F303F087DE02A80399049A0C2303F06C
:10BE9000C5DE20460699079A0DF062DF029809B0C8
:10BEA000F0BD10B504460DF0E7DE01462046BDE8C2
:10BEB0001040FFF7A3BF70B504461646FFF7F1FF29
:10BEC00063690546222B20460ADDE3695B0607D538
:10BED00040F6270100220DF0CDDB0146204600E0B0
:10BEE00000214FF4CC620DF065DA04230360D6F82C
:10BEF00064364FF47A70DBB2B5FBF3F5684370BD7E
:10BF000070B504460E460DF04FDA00210546204676
:10BF10000DF0FADF314602462046FFF7CCFF2946F6
:10BF2000064620460DF0F0DF304670BDFFF7E8BF53
:10BF300037B50446FFF7B5FF4FF400616A4601AB21
:10BF4000054620460DF0EEDF002213462046042170
:10BF5000FFF709FB00F47F40030A00B91B60B5FB43
:10BF6000F3F520469DE806000DF0FADE28463EBDBA
:10BF700070B504460E460DF017DA0021054620463E
:10BF80000DF0C2DF314602462046FFF77EFC204618
:10BF9000FFF78CF863690646222B20460ADDE36929
:10BFA0005A0607D540F6270100220DF063DB014653
:10BFB000204600E0002140F20C620DF0FBD9F3783E
:10BFC000012111FA03F3026829461A420CBF002628
:10BFD000012620460DF098DF304670BD70472DE9F0
:10BFE000FF47836E002204460D460292039263B11E
:10BFF000D0F8CC1000EB8101D1F8D400216E88423A
:10C0000005D1606E9847814602E0994600E091466E
:10C0100020460DF0C9D90021824620460DF074DF7C
:10C0200002A9804603AA2046FFF70EF9029F0026C8
:10C030000396F7B13B462046294642460096FFF755
:10C040004FF863693843222B029020460ADDE369EA
:10C05000590607D540F6270132460DF00BDB0146A5
:10C06000204600E000214FF4C3620DF0A3D9029BEB
:10C070000360039EFEB10027334620462946424610
:10C080000097FFF72DF863693043222B0390204679
:10C090000ADDE3695A0607D540F627013A460DF056
:10C0A000E9DA0146204600E0002140F21C620DF072
:10C0B00081D9039B0360294642462046FFF7E5FBF2
:10C0C000204651460DF020DFE36E5BB1D4F8CC2062
:10C0D00004EB8202D2F8D410226E914202D1606E3B
:10C0E00049469847BDE8FF8710B500220C4608F086
:10C0F000B1D8A0B90A4B1B688BB11A787AB1DA892A
:10C1000094420CD8184604F0E1D820B1054B1A68C7
:10C1100001321A6010BD044B1A6801321A6010BD5A
:10C1200044040000986101009C610100037E2BB172
:10C130004069D0F1010038BF0020704701207047EE
:10C14000014B03EBC0007047A0610100014B03EB02
:10C15000C0007047C061010070B50C46164609F07A
:10C16000B3DD80B100252846FFF7F0FF03681BB957
:10C1700080E85000184670BD0135EDB2042DF2D1B3
:10C180004FF0FF3070BD4FF0FF3070BD6FF0160004
:10C19000704770477047000003682DE9F041C0F810
:10C1A000203143680022C0F824318368C0F8283168
:10C1B000C368C0F82C310369C0F830314369C0F856
:10C1C00034318369C0F83831C369C0F83C3100F5B7
:10C1D0009073534E1C69DF699559D3F814C07D19CB
:10C1E0004FEAB41787EAF42787EA7467ED199F6965
:10C1F00027EA040704EA0C047C402C198D1811F876
:10C2000002C0EF78043247EA0C6795F801C0AD78B8
:10C2100047EA0C4747EA05256419DD61DD68402AD5
:10C220002544DD6093E8A01087EA0C0808EA0508B9
:10C230000CEA070C88EA0C074FEAB50C8CEA753C4F
:10C240008CEAB5553D442C4443F8044DC1D100F16E
:10C25000E00306F13C0500F120071A6955F8044F88
:10C26000D9695E6961184FEAB21484EAF22484EA5B
:10C27000726409199C69D3F85CC024EA0204324054
:10C2800062409E6B5C6A66444FEA744C8A188CEA82
:10C29000F44C996D8CEA942434194FEAF11686EA2D
:10C2A000B14686EAD10161185218D961D968891856
:10C2B000D96093E8520084EA060C0CEA010C26408F
:10C2C0008CEA06044FEAB10686EA713686EAB15175
:10C2D0006118891843F8041DBB42BED10368426847
:10C2E0005918436A0160D31843608268836AD3187F
:10C2F0008360C268C36AD318C3600269036BD31832
:10C3000003614269436BD31843618269836BD3181D
:10C310008361C269C36BD318C361BDE8F08100BFFC
:10C32000C0540100F0B5034696100F46002510E0FA
:10C3300057F8044B01354FEA146C83F800C04FEAFC
:10C34000144C83F801C04FEA142C83F802C0DC704F
:10C350000433B542ECDB26EAE67312F0030200EB8D
:10C3600083000AD051F823401821002334FA01F544
:10C37000C554013308399342F8DBF0BD00487047DB
:10C3800064540100D0F8B43170B5D3189342044618
:10C390000E461546C0F8B43104D2D0F8B03101339E
:10C3A000C0F8B031D4F8AC21AB183F2B0AD8A21892
:10C3B00002F5B67031462A4602F09EDED4F8AC3162
:10C3C0005D1925E0E2B1A0183146C2F1400200F546
:10C3D000B67002F091DED4F8B831201D04F5B671C4
:10C3E0009847D4F8AC31C3F14002403BB6185D1910
:10C3F00006E03146D4F8B831201D98474036403D1C
:10C400003F2DF6DC04F5B67031462A4602F074DEA4
:10C41000C4F8AC5170BD0000012910B5044640F8C5
:10C42000041B05D10A4B0B49C4F8B831142204E0AF
:10C43000094B0A49C4F8B831202202F05DDE002021
:10C44000C4F8AC01C4F8B001C4F8B40110BD00BF19
:10C450000D430000C055010045400000A0540100FC
:10C46000F8B5044600F5AA760D4600F58A77214610
:10C470003046142202F040DE306966497268411885
:10C480003068331F01EBF061F06820EA020CB068FD
:10C4900010408CEA0000091846F8041C687895F8EA
:10C4A00000C0000440EA0C6095F803C04FEAB202F5
:10C4B00040EA0C0095F802C0043540EA0C2041180F
:10C4C0009F42306146F8041C72601E46D4D304F5C6
:10C4D000827530694F497268411853F80409F7684A
:10C4E00001EBF061B06827EA0207104078400918B4
:10C4F000376BF0694FEAB2027840B76C72607840EF
:10C50000376D78404FEAF0703061081846F8040C37
:10C51000043EAB42DDD804F1B4061A4615693E4923
:10C520005068691853F80459D76801EBF5619568AC
:10C5300045407D404919176BD5694FEAB0007D40F1
:10C54000976C50607D40176D7D404FEAF575156121
:10C550004D1942F8045C043AB342DFD804F1640C8C
:10C560001A4615692D49101D691853F80459C1C898
:10C5700001EBF56186EA07050540374085EA0706C5
:10C580008919D569166B4FEAB0007540966C5060FA
:10C590007540166D75404FEAF57515614D1942F8F5
:10C5A000045C043A6345DCD804F114061D691C4997
:10C5B000586869181D68DF6801EBF5619D681A46C7
:10C5C00045407D4049191F6BDD694FEAB0007D4051
:10C5D0009F6C58607D401F6D7D404FEAF57549198D
:10C5E0001D6143F8041C043B9E42DFD323685918A5
:10C5F000216013686168CB1863605368A168CB1829
:10C60000A360E1689368CB18E3602169D368CB1815
:10C610002361F8BD9979825AA1EBD96EDCBC1B8FDE
:10C62000D6C162CA30B5034685B00C461546684689
:10C63000194607F0B3DE20466946102DB4BF2A46DE
:10C64000102202F059DD05B030BD07F0039F08B598
:10C6500007F0ECDE002008BD38B504460D46FFF7B4
:10C660008DFE0346E4B10022226062600122AA40EE
:10C6700001680A420AD100F114014069024204D162
:10C6800003F128019B6A1A420DD00B4604F11000F9
:10C6900063602560A0609B6829469847002038BDEC
:10C6A0006FF0010038BD6FF0160038BD08B5436863
:10C6B00013B1DB688068984708BD08B5436813B1BB
:10C6C0001B698068984708BD013806289ABF024B4D
:10C6D00018560020704700BFD4550100F8B5044635
:10C6E00000680E461546FFF7EFFF00284AD0D4F841
:10C6F000AC218021A31883F86C11531CA842B8BF49
:10C700000546382BC4F8AC3111D9A01800F5B67025
:10C710000021C2F13F02013002F072DDD4F8B831DD
:10C72000201D04F5B67198470023C4F8AC31D4F845
:10C73000AC210021A01800F5B670C2F1380202F059
:10C740005FDDD4F8B021D4F8B431D20042EA53729C
:10C75000DB00C4F8B021C4F8B431082204F5D2706B
:10C7600004F5D871271DFFF7DDFD384604F5B671D5
:10C77000D4F8B8319847304639462A46BDE8F840E3
:10C78000FFF7D0BDF8BD07280AD84FF0C243834059
:10C7900004D44FF0F053834004D401E040207047AC
:10C7A00000207047802070472DE9F0470C46B0B05C
:10C7B00090469A460746002846D00846FFF784FF71
:10C7C00081462046FFF7DFFF5045064607F180050A
:10C7D00013DA21462846FFF73FFF414652462846D6
:10C7E000FFF764FF284620A94A46FFF766FF4E453B
:10C7F000B4BFB246CA460DF18008002309E018F81C
:10C80000032082F0360182F05C020DF80310FA5426
:10C8100001335345F3DB2AEAEA7A07E036230DF8C1
:10C820000A305C2307F80A300AF1010AB245F5DB49
:10C8300021462846FFF710FF044638B928466946C6
:10C840003246FFF733FF01E06FF00104204630B0BD
:10C85000BDE8F08710B18030FFF728BF70472DE9A1
:10C86000F843DDF8208004461546994661B10E462E
:10C87000002707E032881AB120467168FFF7EAFF07
:10C8800001370836AF42F5DBB9F1000F09D0B8F136
:10C89000000F06D0204649464246BDE8F843FFF760
:10C8A000D9BFBDE8F8832DE9F0478A4690B090469D
:10C8B000064600282BD0D0F8807000F1800438465E
:10C8C000FFF761FF81463846FFF7FEFE05462A4620
:10C8D00020466946FFF7F1FE39462046FFF7BCFEC9
:10C8E000204631464A46FFF7E1FE204669462A4681
:10C8F000FFF7DCFE204669462A46FFF7DEFE50467B
:10C9000069464545B4BF2A46424602F0F5DB10B001
:10C91000BDE8F087F0B51446ADF5337D07460E4609
:10C920001D4602A8234639463246FFF73DFF04461E
:10C9300060B9BA9B02A800932946B89AB99BFFF741
:10C940008EFF02A8BB99BC9AFFF7ADFF20460DF5FC
:10C95000337DF0BD2DE9F04F93B01E9F81468B468D
:10C9600092461C461F9D002F68D0002D68D02BB129
:10C97000184602F0F1DC00F1010800E09846484654
:10C98000FFF7A2FE064600285CD0431EEB1893FB7F
:10C99000F0F3FF2B079355DC4FF6FF73984551DCFE
:10C9A0001D9A9A424EDC2B4BADF83420002C08BF68
:10C9B0001C461C9B01220E9312AB03F8012D109311
:10C9C000032300930023ADF82400ADF83C2001932D
:10C9D0000293A842D4BF0490049559464846524653
:10C9E0000BAB0C940A97ADF82C800397FFF792FFDE
:10C9F000044600282AD14FF0020819E0AD1B002D93
:10CA00000A9723DD04230093002301930293BF19A7
:10CA100048465946524609AB8DF847800397B542C0
:10CA2000D4BF04950496FFF775FF08F1010860B9BB
:10CA3000079A08F1FF339342E0DD07E03C4605E04A
:10CA40002C4603E06FF0160400E00446204613B0C5
:10CA5000BDE8F08F05EA89000B4B10B51A681C463B
:10CA6000904204D15A68914201D1184610BD6369C1
:10CA7000054A984206D19069143281420CBF104693
:10CA8000002010BD002010BD6C5D010073B5044690
:10CA90000CF0F6DE14237422204640F60C410CF014
:10CAA0004FDE2046012104220DF030D8204602211D
:10CAB00004220DF02BD801250021204640F61C62EF
:10CAC0004FF0FF3300950CF0A7DE112300930021F7
:10CAD000204640F618624FF0FF330CF09DDE41F225
:10CAE000021300930021204640F644424FF0FF33EA
:10CAF0000CF092DEF32320464FF45E614FF0FF32DC
:10CB00000CF01EDE0023204640F6F8514FF0FF32B5
:10CB10000CF016DE0023204640F6E4514FF0FF32C1
:10CB20000CF00EDE0823204640F6EC514FF0FF32A9
:10CB30000CF006DE0023204640F6E8514FF0FF32AD
:10CB40000CF0FEDDDB2320464FF45D614FF0FF3239
:10CB50000CF0F6DD0C220023204640F654410CF088
:10CB6000EFDD284B00210093204640F6BC524FF0E9
:10CB7000FF330CF051DE244B29460093204640F64B
:10CB8000BC524FF0FF330CF047DE204B02210093E4
:10CB9000204640F6BC524FF0FF330CF03DDE2A46F3
:10CBA0002B46204640F624610CF0CADD40F6FF73A8
:10CBB00000930021164E204640F6B4524FF0FF334A
:10CBC0000CF02ADE0021204640F6B8524FF0FF3329
:10CBD00000960CF021DE4BF6982300932946204660
:10CBE00040F6B8524FF0FF330CF016DE20464FF4FB
:10CBF0005C614FF0FF32334602B0BDE870400CF08C
:10CC00009F9D00BF101112131415161718191A1B27
:10CC10001032547613B50C4602B949B1084913B124
:10CC20000B681C4003E00B681C4324EA0304224009
:10CC300000920021702223460CF0BADB1CBD00BF1D
:10CC4000A404000013B5144642690A2A0FDD29B175
:10CC5000012905D002290AD1842202E0782200E0CD
:10CC60007C220093002123460CF0A2DB01E04FF070
:10CC7000FF301CBD2DE9F04104460CF07BDF0021A4
:10CC80000A460B4607462046FFF7C4FF00210A4626
:10CC90000B4606462046FFF7D5FF00220546022137
:10CCA00020461346FFF7CEFFD4F8788015E0D8F879
:10CCB000083083B198F80420002AD8F80C200CBF63
:10CCC0002846384600EA020012D03240904202D094
:10CCD000D8F800109847D8F81080B8F1000FE6D1C6
:10CCE000204641462A462B46BDE8F041FFF7AABF41
:10CCF0000028EDD1EFE74FF48030704738B50025BC
:10CD00001D70D1F8CC304FF4006113602A46044600
:10CD10000DF0ECD8054638B1D0F8E031DA0103D493
:10CD2000204601210DF0BCDC284638BD73B5044611
:10CD30000DF02AD818B920460DF0D2D860B320469D
:10CD400021466A460DF10703FFF7D8FF0646C0B13A
:10CD500040F22D1502E00A2006F056DFD6F8D43155
:10CD6000180706D4013DF6D103E00A2006F04CDF97
:10CD700001E040F22D15D6F8D431590701D5013D17
:10CD8000F3D1204600210DF08BDC9DF807301BB954
:10CD9000204600990DF0B8D87CBD10B5044607F0C8
:10CDA000CDD82046FFF7C2FF012010BDF0B585B0F9
:10CDB00004460D4617460DF093D8002800F09480E5
:10CDC000A66E6EB1D4F8CC3004EB8303D3F8D42034
:10CDD000236E9A4203D1606EB047064600E00026FB
:10CDE0002046214602AA0DF10F03FFF787FF002816
:10CDF00063D0082F61D8DFE807F005141C27354001
:10CE00004A550D000095204600214FF49C724FF0CA
:10CE1000FF334EE00021009120464FF49C720B46F8
:10CE200047E04FF0FF330093204600214FF49A7201
:10CE30003FE0002120464FF4EC720B4600910CF0CD
:10CE4000B7DA00F0010539E025B120230093204630
:10CE5000002103E002230093204629464FF4E872A4
:10CE6000222326E0002120464FF49A720B460091BF
:10CE70000CF09EDAC0F3C02520E0002120464FF4DC
:10CE8000E0720B4600910CF093DAC5B216E0002177
:10CE900020464FF49A720B4600910CF089DAC0F3E9
:10CEA00040250BE0EDB20095204600214FF4E072E2
:10CEB000FF230CF07DDA054600E001259DF80F30D8
:10CEC0001BB9204602990DF01FD8E36E6BB1D4F860
:10CED000CC2004EB8202D2F8D410226E914204D10D
:10CEE000606E3146984700E00546284605B0F0BD23
:10CEF00000487047C05D01000020704710B50C4627
:10CF000041B18B6823B9C06F09680EF029DBA060BE
:10CF1000A06810BDC06F10BD1FB5084A034600923F
:10CF2000074A08460192074A0749126802921A689E
:10CF3000064B02F0D5DB05B000BD00BF1456010062
:10CF40004039010090600100E555010008560100DC
:10CF500008B1D0F888007047642910DC632921DA11
:10CF60004A291FD005DC07291FDB08291ADD3C29C7
:10CF700012E0502916D018DB5C39032911E0C329CF
:10CF800004DCC2290EDAA83902290AE0B1F5847F4F
:10CF900008D003DCB1F5807F07D103E0A1F58971EA
:10CFA000012902D86FF0160070470020704700205A
:10CFB0007047C88810F0080018BF6FF0160070475F
:10CFC0004A6810B593424C8829DBE30603D5036811
:10CFD0001B7E002B26D1210703D503681B7E002B67
:10CFE00023D0A20602D5437E002B21D0630722D492
:10CFF00014F0030322D002994CF05EDE00281FD00B
:10D00000E10702D58379002B1DD114F002041DD055
:10D010008379002B0CBF6FF00500002010BD6FF06E
:10D02000010010BD6FF0040010BD6FF0030010BDD3
:10D030006FF00A0010BD6FF0160010BD184610BD4D
:10D040006FF01D0010BD6FF0060010BD204610BD32
:10D0500037B50546900723D58C6A0CB3A1682269C1
:10D0600063680905C3F30043117A44BF43F0020328
:10D07000DBB211B1D2F8080101E0D2F804017F223D
:10D080008DE80C000022383004F13C01134675F0A5
:10D0900081DB2846214603B0BDE830407CF0E69FA6
:10D0A00003B030BD2DE9F04F87B000230F4610AC20
:10D0B0001599049305938046934694E87002DDF831
:10D0C00050A04CF0F9DDB7F90630002B1ADA1BF04E
:10D0D000010FB9883A890CD04900CDF8009001962B
:10D0E000CDF80890CDF80CA0D8F8100001313346E7
:10D0F00005E08DE86006D8F810004900234607F0E7
:10D10000B3FD0FE0032D0BD9042204A8214601F042
:10D11000F3DF072D04D905A8211D042201F0ECDF5F
:10D120006FF0160007B0BDE8F08F000038B50C4670
:10D1300005460846484902F0D3DA4849204602F03D
:10D14000CFDA4749204602F0CBDA4649204602F0C2
:10D15000C7DA4549204602F0C3DA4449204602F0C6
:10D16000BFDA2046424902F0BBDAD5F8340137F085
:10D1700043DA20B9D5F8380139F0DEDA18B12046A3
:10D180003C4902F0ADDAD5F8340137F035DA18B1A0
:10D190002046394902F0A4DAD5F8380139F0CCDA62
:10D1A00018B12046354902F09BDAD5F830013AF043
:10D1B00001DC18B12046324902F092DAD5F830018C
:10D1C00005F0ACF918B120462E4902F089DA204664
:10D1D0002D4902F085DAD5F84C0165F04FDF18B122
:10D1E00020462A4902F07CDA2B6893F83B301BB1C9
:10D1F0002046274902F074DA2649204602F070DA08
:10D200002549204602F06CDA2B6A186909F020FCE7
:10D21000820707D52149204602F062DA20462049DC
:10D2200002F05EDA20461F4902F05ADA20461E4913
:10D2300002F056DA20461D4902F052DA20461C4917
:10D2400002F04EDA20461B4902F04ADA1A4920461B
:10D25000BDE8384002F0449A1D56010021560100F5
:10D26000265601002B560100345601003D560100A0
:10D2700041560100465601004D5601005756010027
:10D28000615601006A560100735601008256010082
:10D29000875601008E56010095560100A1560100E7
:10D2A000AA560100B7560100BC560100C65601003F
:10D2B000CB560100D0560100D856010030B585B0DC
:10D2C000054668460C4602F0F5D928466946FFF740
:10D2D0002DFF204605B030BD2DE9F04F03F00103CE
:10D2E000A9B004461493D4F87C3410691B680E4628
:10D2F000C358D0F858131B7891460F93D4F8803454
:10D30000B2681B681991C35808901B78099215934D
:10D31000138860680B9303F00C039B08022B08BF73
:10D320000B9913930B9A0CBFC1F3C0130023DBB20C
:10D330001A9302F44073A3F540756B4243EB050367
:10D3400031461C93379F03F08DDA369B04300E90E4
:10D3500083B11B7A0B2B07D1236893F8AD304BB107
:10D3600036988379072B05D836990E9A91F90F30A4
:10D37000D2180E92D4F8B031002B2DDA369B03B3BD
:10D380001B7A022B1FD194F8B022F2B90898036DD2
:10D3900013F008031CD136998A792168D1F8B810A6
:10D3A0008A4217D2032A15D90B2A13D8B2699000E2
:10D3B00010D4339A012A0FD10E9B012008330E930B
:10D3C00004E0369A04E0002304E000200C9005E01D
:10D3D0000C9203E00C9301E000210C91B568B38935
:10D3E000AA1F7633A5F176001D92B3810021702229
:10D3F000B060189001F004DFB38BD90402D4B26995
:10D40000520502D51B051B0D20E0D9F80420A04BC6
:10D410001340BBB10B9901F0FC03882B12D1099A80
:10D420001379D8070ED43398F289411E02F007020F
:10D430003298583209EB42028842D38806D1591CEF
:10D44000D18003E01399012906D111E01398012836
:10D450000ED00021079102E010220792002332989B
:10D460001B019BB200F00F0209991343CB8201E02C
:10D4700000220792099BA068DA8AB38B23F47E63AB
:10D4800023F01F0343EA1213B38314F003DA0107F6
:10D4900003D5B38B43F40053B3833498042808D1E5
:10D4A0002046089935F82A2C14F080DEADF8980053
:10D4B00019E03299339801F00F02B4F85A33411E43
:10D4C000329842EA0312884292B202D10133A4F8A0
:10D4D0005A333499520147F6E073134001F00702C2
:10D4E0001343ADF8983099F8D7303BB90B9A02F056
:10D4F000FC03802B02D0089883791BB9079941F06F
:10D5000020010791634B3B40002B40F0828007F0E5
:10D510004072B2F1807F00F08180139A012A30D9E5
:10D52000B369DA062DD4002B2BDB96F91F30002BC4
:10D5300027DB226A574BD2F8488008EA030323B955
:10D5400008F04073B3F1807F03D109980379DF07B6
:10D5500066D4D2F844804F4B08EA030323B908F09D
:10D560004073B3F1807F04D109990B7913F0010363
:10D5700059D0099A1379D80703D4D9F80830190774
:10D5800005D599F8407007F07F07B84649E00223B7
:10D590008DF8863027AB0093D4F85C011FAB494669
:10D5A00026AA7CF053DD0B98DDF87C8000F0FC03AC
:10D5B000482B209F01D0C82B0BD141460898002250
:10D5C0002AF0F4DE99F84070804607F07F070023C8
:10D5D00008E0B369329943F00063B361D1F101030C
:10D5E00038BF0023BDF89C20D20703D5B26942F4AE
:10D5F0000052B261226892F8E120BAB1D4F8F8067C
:10D600004946BDF8982005937CF0D4DA059B12902A
:10D610000DE00022B8461292134608E0B84603E037
:10D620004746002300E04746129300E0129222682A
:10D63000D4F8840492F84F2090F80CB012F0030252
:10D6400000F09C818278012A09D9216A91F94D1054
:10D65000A1F1010EDEF1000141EB0E0100E000211D
:10D66000012A5FFA81FA17D9226A92F94D20013214
:10D6700012D1D9F8042012F080420ED00E300221CF
:10D68000059302F0E7DC021C18BF0122059B04E0B1
:10D6900040000100FF0000C0002218F0407FD0B21F
:10D6A0005FFA88F207D01F2A02D9202A07D0553AFC
:10D6B000072A04D91CE0A0498A56002A18DAB8F1D2
:10D6C000000F15DB28F4801828F4407818F0407219
:10D6D00009D0BAF1000F03D1B2F1807F03D110B1AC
:10D6E00048F4801804E0BBF1010F08BF48F48078CB
:10D6F00017F0407FFAB207D01F2A02D9202A07D09C
:10D70000553A072A04D91BE08B498A56002A17DAB2
:10D71000002F15DB27F4801727F4407717F04072AD
:10D7200009D0BAF1000F03D1B2F1807F03D110B15B
:10D7300047F4801704E0BBF1010F08BF47F480777E
:10D74000B4F8582402F46052B2F5C05F2CD118F43A
:10D75000E0221FD118F0407F17D0D9F8042012031F
:10D7600013D5226892F83B2092B1089882797AB159
:10D77000D0F80821528E02F46052B2F5C05F0CBF9F
:10D780004FF400324FF4803204E04FF4803201E075
:10D790004FF4003218F0407F13D05FFA88F120294F
:10D7A00008BF4FF400320CE05FFA88F2F9B2202A89
:10D7B00008BF4FF08078202908BF4FF080774FF4E2
:10D7C000803227F4E02A17F0407F28F4E02848EA66
:10D7D000020818BF4AEA020A226A08BF4AF4803ADD
:10D7E000516C564A0A40002A53D101F04071B1F100
:10D7F000807F4ED018F0407F94F81C2204D0012A7C
:10D8000002D148F4000802E00AB928F400081AF02E
:10D81000407F94F81C2205D0012A03D14AF4000A63
:10D8200000F009BE002A40F006862AF4000A00F043
:10D8300002BED9F80410C8032BD5D9F80810090680
:10D8400027D5013225D118F0407F0FD05FFA88F23A
:10D85000A2F15701012909D9632A07D0642A05D00A
:10D86000652A03D0662A18BF48F480081AF0407F62
:10D870000FD05FFA8AF2A2F15701012909D9632A70
:10D8800007D0642A05D0652A03D0662A18BF4AF457
:10D89000800A2046494605931AF060DC18F0407271
:10D8A000059B45D01599022908D108F4E02BABF56A
:10D8B0000032D2F1000B4BEB020B01E04FF0000BFA
:10D8C0005FFA88F21F2A04D8072A94BF0021012199
:10D8D0000AE0202A06D0A2F15501072994BF0021B1
:10D8E000012100E00021C9B239B199F8FE1021B13F
:10D8F00099F8FF10003118BF012118F4000F1191A1
:10D900001ED01F2A04D8072A8CBF0022012209E05A
:10D91000202A05D0553A072A8CBF0022012200E0B8
:10D920000122D2B2002A0CBF024604220D9208E066
:10D930000D929346119204E058168900FF0000C032
:10D940000D901AF0407226D01AF4000F25D05FFA1D
:10D950008AF21F2A04D8072A8CBF0022012209E07C
:10D96000202A05D0553A072A8CBF0022012200E068
:10D970000122D2B2002A18BF04200EE028F4E028C9
:10D9800027F4E02A48F480384AF4803A10920D9245
:10D990009346119202E0109200E0109093B1089A21
:10D9A0003398D2F8301102EBC103C2B2C3F8382168
:10D9B0000131089A01F03F01C3F83481C2F83011F7
:10D9C000C9F820A218F0407703D15FFA88F31B93BF
:10D9D00003E0404674F058DE1B901398022800D0F4
:10D9E00088B9B4F868340E99994202DCB3695B01D6
:10D9F0000CD5099A1198137903F00103002B08BF85
:10DA00000120179004E01199179101E0119A1792E3
:10DA1000236A597D41B10F9B33B12FB9884A5FFA10
:10DA200088F3D356002B07DB236893F84F30980711
:10DA300027D037B3159820B3339A012A0ED90F9BFC
:10DA4000002B0CBF4FF0300A4FF0160AB3694AF4AE
:10DA5000803A23F00063B361D04612E089B10F9899
:10DA600078B167B908F07F03022B0AD0042B08D0E5
:10DA70000B2B06D0162B18BF4FF0010B01E04FF017
:10DA8000010B18F040710F911AD108F07F03162B8B
:10DA900016D86C4A9A4013D5149A62B15FFA88F38B
:10DAA000022B0BD0D9F8103093F92C3113F1FF333E
:10DAB00018BF012300E0149B0D9301E00F980D9017
:10DAC0001AF0407116911BD10AF07F03162B17D85C
:10DAD0005C4A9A4014D5149A6AB15FFA8AF3022B11
:10DAE0000CD0D9F8103093F92C2112F1FF3218BF65
:10DAF0000122109204E0169B109301E016981090FA
:10DB00001399D9F80430022908BFC9F8588113F4D1
:10DB100080334AD094F80D32002B46D094F811325D
:10DB2000002B42D0159A032A30D00F9B4BB908F036
:10DB30007F03022B2CD0042B2CD00B2B2DD0162B9B
:10DB40002ED00998037913F001032BD10B9901F022
:10DB5000FC02882A29D1349A032A26D8B3691C9852
:10DB600043F48053B361079B099900280CBF182226
:10DB70001E2243F4A04307938B5A23F060031B0437
:10DB80001B0C43F020038B52012207E000230CE022
:10DB90000F9808E00F990A9108E00F9A0A9205E0A1
:10DBA0000F9B02E000200A9000E00A931D99204696
:10DBB00000910E9A41460B9B20F08CD922AF204653
:10DBC00051460E9A0B9B009720F084D90622A5F1AE
:10DBD0004000394601F090DA169A62B90AF07F03E4
:10DBE000162B08D8174A9A4005D50E9B05F83C3CE1
:10DBF0001B0A05F83B3CB3690F995A0512D591B140
:10DC0000369A22B1127A042A01D00B2A1CD143F48D
:10DC10000063B361179894F8DA32002B18BF012023
:10DC2000179011E081B9064A5FFA88F3D356002BAA
:10DC30000ADA15F8063C03F00F03149307E000BF5F
:10DC4000581689000002102815F8062C14920B9B18
:10DC5000A42B14D009980379DB0710D40A9981B951
:10DC6000B36920465F05414602D517F021DD03E088
:10DC70000D9A359B20F008D9099A508014E00A9B30
:10DC800053B1414620460D9A40F62A131FF0DCDEC0
:10DC9000099980B2023048800B9AA42A04D10998CD
:10DCA000438825F83A3C19E009990B79D90701D442
:10DCB0000A9A2AB1002305F83A3C05F8393C0DE0F0
:10DCC000B36920465A05514602D517F0F1DC03E04E
:10DCD000109A359B20F0D8D825F83A0CB2699305F4
:10DCE00009D5B38C25F8343CF38C25F8323C079BDE
:10DCF00043F400530793329818B9079941F008018B
:10DD0000079109980379DF0712D4D00410D494F84E
:10DD100010320BB151060BD4520505D41A9919B122
:10DD2000199A92F828301BB9079B43F00103079317
:10DD3000924B34981399185C022915901CD1349A8F
:10DD4000032A19D894F80D32B3B11B9B042B13D9B5
:10DD5000D4F8340136F062DA70B91998159900EBED
:10DD600041039B8B13B1B3695B0505D5119A1AB9B1
:10DD7000079B43F480530793236A186966F018DC05
:10DD800000F46050B0F5C05F03D1079840F4807094
:10DD900007900C9919B1079A42F400420792079B29
:10DDA00025F8763C369810B394F8B03213BB089936
:10DDB0000A6D12F0080221D1037A0B2B06D12368D9
:10DDC00093F8AD30D3B18379072B14D8369A937971
:10DDD0002268D2F8B82093420FD2B26997000FD4CC
:10DDE0003698027B02F0070242EA031203E03699FA
:10DDF000079107E00022079204E00023079301E067
:10DE00000020079010994B1EDBB2012B04D8079A13
:10DE100042F400539BB20793A5F1720009990222C4
:10DE200001F06AD9002305F8703C05F86F3C05F84D
:10DE30004A3C05F8493C369B002B2FD094F8B03271
:10DE4000002B2BD10898036D180727D436990B7A2D
:10DE50000B2B06D1236893F8AD30FBB18B79072BE0
:10DE60001CD8369B9A792368D3F8B8309A4215D2D9
:10DE7000B369990012D41C9818B9099901F11802D4
:10DE800002E0099B03F11E021A9800B1023200233E
:10DE9000009320461899369B2EF078DC09990622CB
:10DEA0000431A5F15000139101F026D9BDF8983046
:10DEB00025F82A3CD4F84401089960F0E7DC35F8ED
:10DEC000303C80B243EA002325F8303C002305F8BB
:10DED000283C05F8273C05F8263C05F8253C05F8C4
:10DEE000243C05F8233C05F8223C05F8213C05F8C4
:10DEF000203C05F81F3C179A1AB9BBF1000F01D15D
:10DF0000E1E09B460022414608982AF04FDA0022C1
:10DF10000690514608982AF049DA069B089013F0BB
:10DF20004073189306D10699154BC8B21B56002BA7
:10DF300003DA14E0069874F0A7DB023818BF01205A
:10DF400070B1D9F8103093F92C31012B0AD0079A0F
:10DF500042F480439BB2079301230C9304E018988A
:10DF60000C9001E000210C91089B13F0407209D144
:10DF7000D8B2034B1B56002B07DA1DE06CE188007A
:10DF800058168900089874F07FDB023818BF01200A
:10DF900078B1D9F8103093F92C31012B0BD00798B8
:10DFA00001216FEA40436FEA53439BB207931191FB
:10DFB00003E0119001E00022119235F8763CBBF1AC
:10DFC000000F02D043F4006301E043F0060325F89C
:10DFD000763CBBF1000F0CBF4FF0140C4FF00E0C51
:10DFE000A5F11E0362460093204606990B9BCDF8CF
:10DFF00014C01FF06FDFDDF814C024AF62460B9B26
:10E000002046089900971FF065DF39460622A5F1E2
:10E01000480001F071D80C980D990E9AA5F11803DB
:10E020000B9300900191029200275946069A4346AD
:10E03000204603971FF06CDF25F8160C119B1098F3
:10E040000E9900930190029120465946089A534632
:10E0500003971FF05DDF25F8420CA5F11400BBF11A
:10E06000000F09D06FF03B0305F8183C05F8177C4A
:10E07000099A02F10A010EE06FF04B0305F8183C13
:10E0800005F817BC1399062201F036D8099BA5F1B3
:10E090000E0003F10A01062201F02ED81498189AF6
:10E0A00081B252B906989F4AC3B2D356002B04DA04
:10E0B00015F81E3C03F00F0301E015F81E3C1B028F
:10E0C000194314911FE059460622A5F11E0001F0E4
:10E0D00097D859461022A5F1180001F091D8A5F162
:10E0E00048005946062201F08BD805F842BC05F8D5
:10E0F00041BCCDF820B0CDF818B0CDF82CB0CDF89B
:10E1000044B0CDF830B0B3695A050FD50F9969B155
:10E1100028AB002223F8022D0093D4F8340149469D
:10E1200042460E9B36F096D805F8430C079B25F81F
:10E13000743C149825F8640C1699B1F1807F0BD0CB
:10E1400031B90AF07F03162B02D8774A9A4001D4DE
:10E15000012002E0169800E00220069A80B202F048
:10E160004073B3F1807F0BD033B902F07F02162ADF
:10E1700002D86D49914000D401239B009BB200E07E
:10E1800008230899184301F04073B3F1807F0BD046
:10E1900033B901F07F02162A02D86349914000D4B6
:10E1A00001231B019FB200E02027236A074318695F
:10E1B00066F0FED9C0B247EA002725F8627C0F9AC4
:10E1C000B2F1807F0CD032B908F07F03162B02D851
:10E1D000554A9A4001D4012300E00F9B9BB200E016
:10E1E00002230D98ADF89A30421ED2B2012A09D806
:10E1F00043F01003ADF89A302368D3F888309A6959
:10E2000001329A6141462046BDF89A707EF080DC6A
:10E21000B3690743B9B21B01ADF89A100ED5236854
:10E2200093F8E13053B1236A186967F099DB236AE8
:10E230000DF19A011869129A67F0ACDBBDF89A30BB
:10E24000414625F86E3CB4F85824204627F09AD968
:10E2500025F86C0C51462046B4F8582427F092D982
:10E2600025F86A0C179911B9BBF1000F0FD0069968
:10E27000B4F85824204627F085D925F8680C089969
:10E280002046B4F8582427F07DD925F8660C0F9A5B
:10E290004AB10D9B042B06D1204641460E9A1FF031
:10E2A00077DC25F8380C169848B11099042906D166
:10E2B000204651460E9A1FF06BDC25F8360CD9F833
:10E2C0000430580640F1AE801A9A002A00F0AA8065
:10E2D0001998159900EB41039B8B002B7BD0B369F8
:10E2E000590500F19F80329A002A40F09B800E9BD6
:10E2F000204641460D9A1FF0A7DB0B9B0990ABB15E
:10E3000006990C9A204617F041D808990746119AA9
:10E31000204617F03BD80B99B1F802B0BB4435F852
:10E32000427C1BE058168900000210280A9ABAB9EC
:10E3300041460D9A0A9B20461FF0A6DD099B5146D7
:10E3400000EB030B109A0E9B20461FF07DDB51461D
:10E350000746109A20460A9B1FF096DDC71902E077
:10E36000DDF824B00B9F1FFA8BF225F8702C25F8EE
:10E370004A7C1998159900EB41039B8B0998C318A7
:10E380009B1A9BB21A0419D4204641460D9A16F0E6
:10E39000FFDFFF2805D9B4F85A24904238BF02465F
:10E3A00001E04FF48072349992B204EB4103B3F868
:10E3B0005C34934202D0204618F076D8236893F854
:10E3C0004430002B2ED0349A032A2BD8D4F8600185
:10E3D00015995A4623E0236893F8443013B3349BCD
:10E3E000032B1FD81A480B99C75C204639B10C9AE9
:10E3F000069916F0CBDF0B9B5A8882180CE0414639
:10E400000D9A0E9B1FF020DB0D9A054641462046D3
:10E410000B9B1FF039DD4219D4F8600139464B4699
:10E4200050F0F0D8B369BDF8980043F08403B361AD
:10E4300029B0BDE8F08FD4F8842428F4800892F93C
:10E4400013202AF4800A012A7FF4F3A9FFF7FBB90D
:10E450006CE1880070B50B6912B15478032C01D8B7
:10E46000002212E04D6845F480744C605679012E0C
:10E470008DBF24F4806445F4A0654D604C605478F1
:10E48000052C2FD9062C03D1012283F8A42370BDBB
:10E49000147A14F0040F4C6814BF44F0806424F024
:10E4A00080644C60147A04F00804D4F1010438BF8D
:10E4B000002483F8A4438B6823F004038B60547812
:10E4C000062C0FD9127AD2060CD5026843F0040349
:10E4D0008B6092F80C21D00704D592075CBF23F023
:10E4E00004038B6070BD00002DE9F04FB5B09A4673
:10E4F0003F9B05460B2B894616463E9F409C40F2AB
:10E50000E6800C3B04931AF07DDE0021C8220590C2
:10E51000204600F075DE31460622204600F0ECDD94
:10E52000FA7ABB7A494643EA022303F00302012A3E
:10E53000A4F86230E38808BF84F83420BAF1000FF1
:10E5400014BF4FF4807200221343E38028465BF02F
:10E550009BDF60857A7A3B7A07F10C0B43EA022352
:10E5600007AFE385002128220DF14408384600F06A
:10E5700047DE2DAE00212822404600F041DE4FF05C
:10E58000FF3300210C223046ADF8CE3000F038DEEB
:10E590000DF1CE032F93049BBAF1000F0CBF4FF087
:10E5A000600A4FF0700A8DE8480028460021524664
:10E5B0005B462D97CDF8B8801CF0D6DA002840F0E5
:10E5C0008680059B4246DEB2284604F13803394670
:10E5D0001FF0D0DBBDF8CE304FF6FF72934217D05C
:10E5E0005A1E92B2DE2A75D843F480520E2B8CBF8D
:10E5F0004FF440430023D5F8580143EA020152F09A
:10E6000043D858B9D5F864319B889B0506D461E09E
:10E61000731E9BB2DE2BADF8CE605BD8BDF8CE305A
:10E620009E4203D1E28842F00202E280EB1893F8A6
:10E630003C20494684F86120284652B25BF0C8DE8F
:10E64000BDF8CE30A08543F480520E2B8CBF4FF422
:10E65000404300231343638600210C2230A800F0BE
:10E66000CFDD1F4B0DF16C0830931E4B002128228B
:10E670004046319325AF329500F0C2DDBDF8CE3073
:10E680000021202238468DF872301B9400F0B8DD4E
:10E69000049BD5F8940602930021524630ABCDF886
:10E6A000B080CDF894908DF8A4608DE8800857F084
:10E6B00011D988B9608E431EDBB2DE2B0AD802F076
:10E6C00059DA00280CBF00206FF0130004E04FF06F
:10E6D000FF3001E06FF0130035B0BDE8F08F00BFF0
:10E6E000112A8200812B82002DE9F04FA5B004464B
:10E6F000D2F808A18B4615460021282205A8984685
:10E7000000F07EDD0FA80021282200F079DDD4F88A
:10E710006C3313B104F55B7008E0236893F82F3075
:10E7200073B9236A5B7D052B04D1694805A973F091
:10E73000EFDF05E0042B03D1204605A91FF066DDBD
:10E7400005AF3B460FAE204629460AF138020DF1CF
:10E750006409009628F090DA00212422484600F04F
:10E760004FDD0021082222A81A971B9600F048DDF1
:10E7700094F84135CDF88C90DA0702D52A6DD70789
:10E7800008D49E0708D52B6D03F00603023B18BF83
:10E79000012302E0002300E00123226892F84F20C9
:10E7A00012F003020BD0D5F8EC2012F4805205D100
:10E7B0009DF8BC10002908BF1A4600E0002224ABD7
:10E7C00003F8082D1FFA8BF6009332460023D4F885
:10E7D0009406294657F056D82E9A00F10C09136872
:10E7E0000746994571D8404600210C2200F008DD0B
:10E7F000BAF82E30A8F80830AB7923B1012388F895
:10E800000A30002306E0D5F8EC2012F4803204D060
:10E8100088F80A3088F80B3004E0022388F80A30C0
:10E8200088F80B202A6D40F23713134043B195F856
:10E8300058302BB1B8F80A3043F01003A8F80A306A
:10E84000236893F830306BB9236A1B68022B09D117
:10E85000BAF86230980605D5B8F80A3043F02003BC
:10E86000A8F80A30236A5B7D43B194F872342BB167
:10E87000B8F80A3043F48063A8F80A30236893F8A4
:10E88000A9305BB1D5F8EC30590407D4AB792BB182
:10E89000B8F80A3043F48073A8F80A3022AB00932A
:10E8A00008F10C030193D4F894060023294632465C
:10E8B000029756F055DFBBF1800F03D1D5F89030A9
:10E8C0001C9A5A612E9BC3F8009025B0BDE8F08FCA
:10E8D000D40D89002DE9F04F4E688FB01746C6F36E
:10E8E000C0420C46D1F808A002920546002104A8B7
:10E8F0002822994600F084DC2369C6F3004B26F0F9
:10E900008646039326F4EA162AF083036660A36022
:10E91000002F00F0BF803B7897F8018043EA082879
:10E92000A4F80081BB7884F8023146F48033636038
:10E930002B6893F84120B2B193F842309BB146F472
:10E94000A026D4F82431666093F85D307BB91AF4C0
:10E95000007F03D094F82430D90608D528462146F4
:10E9600036F04EDC03E02846214636F03BDC06223A
:10E97000284621462DF05EDFA26812F0006222D107
:10E9800008F00C039B10012B94F8FE0094F8FF1084
:10E9900006D0032B09D043B9012284F8FE2001E000
:10E9A00084F8FE3084F8FF3003E084F8FE2084F819
:10E9B000FF2094F8FE30834207D194F8FF60761A66
:10E9C00018BF012602E0002600E0012618F4407F6F
:10E9D00003D0636843F08043636018F0010F03D0F5
:10E9E000A36843F08003A36018F0200F03D0A3684E
:10E9F00043F00103A36018F0400F03D0A36843F075
:10EA00000203A360A3680AF0030A03F003039A4514
:10EA100018BF012618F0100F03D1636843F4801368
:10EA2000636018F4804F03D0636843F00073636041
:10EA3000C8F34008B9F1000F38D005F53E70033037
:10EA40004946162200F058DBB8F1000F03D099F8C0
:10EA50000180C8F3800899F801301A0703D563686C
:10EA600043F08073636099F8023013F008030ED00E
:10EA7000039A41F61001D2F8083140F608425B8E45
:10EA800003F44043B3F5404F14BF0B461346A5F8BB
:10EA9000DC320BE02846214606222DF0CBDE28464C
:10EAA000214636F09FDB3E46B84619E01022F91C9D
:10EAB0000DF1250000F020DBD5F8843404A8997806
:10EAC00073F0E4DED5F86812284624F095DEFF23C3
:10EAD0000190002204A800930146134673F05ADE09
:10EAE000BBF1000F11D0636813F4803310D009AA72
:10EAF0000023E11812F8010F91F85110884206D155
:10EB00000133102BF5D1002302E05B4600E0012326
:10EB1000626802F48031C2F30042934500D163B1D0
:10EB200004F1510029B10DF12501102200F0E4DAC1
:10EB300002E0102200F064DB0126B8F1000F03D0E0
:10EB4000636843F400236360029B434500D146B1F0
:10EB5000D5F8843493F87B301BB9284621467BF0E6
:10EB600085DA0FB0BDE8F08F00F506612DE9F041C0
:10EB7000093104464AF0D6DF94F872380546002B76
:10EB800074D0002872D06A21206948F0CFDC46009A
:10EB900006F114084146206948F0C8DC0022074607
:10EBA0004146206949F004DB380406D43048314935
:10EBB0003A46BDE8F04100F0499BD4F88484012333
:10EBC00088F86D3198F828313BB1A068D8F8301139
:10EBD00011F044DE002388F82831204629460CF045
:10EBE000C2F998F81D3153B1012388F82831A06883
:10EBF000D8F83011D8F82421002311F009DE20695B
:10EC000006F1160148F092DCB4F8703883422DD139
:10EC10000022134679B22846D5F810615BF094DCE7
:10EC200028465BF0D7DBAB798BB9D5F81421D5F842
:10EC30000831128A5A852B7C4BB1D5F8EC309904F7
:10EC400005D473791BB92846012144F0E5DA002385
:10EC5000B37194F80C22D6F8F0309A4206D02846C8
:10EC600084F80C32BDE8F04124F04A9ABDE8F08106
:10EC70001B5A8900F14D89002DE9FF4104460D46DC
:10EC800016461F460A994BF017D8204629463246A9
:10EC90003B46FEF761F9B0F10008C0F2A18023689D
:10ECA0005B7E4BB9206956F02BDC28B1A06811F0CF
:10ECB000DBDD4FF0FF3893E03EB1032F05D903A809
:10ECC0003146042200F018DA01E000230393342DCA
:10ECD00018D008DC022D11DB032D13DDA5F11B0379
:10ECE000012B0BD80EE0D62D0CD001DCA32D04E0B7
:10ECF000FB2D07D040F20B139D4203D0002E65D0B0
:10ED0000002F63DD3E2D02D0402D62D135E0236817
:10ED10001B7E002B60D0D4F88424039992F81C3118
:10ED20008BB1CBB282F84631D4F884241172D4F876
:10ED30008424206992F8AC100122009201920022F2
:10ED400049F0C0DB3FE0204649B27DF095DEB0F1EE
:10ED5000000845DBD4F88434039A20461A722CF05C
:10ED600095DF20467DF028DF2046D4F8B0141EF051
:10ED700051DA204624F038DA32E0039B5A1C042A88
:10ED80002CD8013301D103230393D4F8843403999D
:10ED900093F81C2172B1C9B283F8AD10D4F8843451
:10EDA000002293F84531206900920122019249F036
:10EDB00089DB04E0236AC9B2186965F07BDAD4F80C
:10EDC0008434039ADA714FF0000809E06FF001080B
:10EDD00006E06FF0160803E0984601E06FF01C08AB
:10EDE000404604B0BDE8F0812DE9F341089C074698
:10EDF0000E46154698460094FFF73EFF10F12F0F80
:10EE00000CD010F1170F0BD1384631462A46434635
:10EE1000089402B0BDE8F04118F0B09B6FF0160006
:10EE200002B0BDE8F08113B504462CF011D820469D
:10EE30001CF0B8DBD4F88434012293F8AD102069BB
:10EE400093F846310092019249F03CDB206902B010
:10EE5000BDE8104056F0669B37B5036804465B7EFC
:10EE6000002B40F01A81006956F04ADB002840F080
:10EE70001481236893F8203033B9206947F072DE9B
:10EE80002368012283F82020206905F012FE236800
:10EE900093F8693113B120464BF042DCD4F8843446
:10EEA000032293F8513000928022002B14BF1346A6
:10EEB00000232046042126F04FDA2368DB6EE3B9F5
:10EEC000206948F0CFDF093017D12268D36E13F0E4
:10EED000020512D143F00203D366D4F864325959C3
:10EEE00041B18B7933B94B7923B10B7C13B12046F7
:10EEF0004AF05EDC0435202DEFD12368DB6E1BB1B8
:10EF0000204619F087D9C6E0206948F0F7DC20696F
:10EF100090F934114D1C03D1012148F0EDDC01E0E2
:10EF200048F042DC01236376204627F0ABDD2368FE
:10EF30002046596B0323009321B14FF480720021C6
:10EF4000134602E04FF480720B4626F005DAA06803
:10EF500011F006DD236801221A7694F8CF3173B1DF
:10EF600020462CF093DED4F854332046598E2BF0F3
:10EF7000BFD9002384F8CF31204624F035D9D4F806
:10EF800044260321204624F033D9204616F0E8DB3E
:10EF9000B4F83415204629F095D9206948F04EDFA1
:10EFA00003232022009320461346012126F0D4D9C2
:10EFB000236893F82F301BB1D4F818053BF0AADF73
:10EFC00020461DF08BD820467AF0D0DD01254FF485
:10EFD0007A72D4F8E8110123A06811F019DCD4F892
:10EFE0009C0184F82A5280F001DE20467DF0E4DDA9
:10EFF000D4F88434204693F9121017F0F1DD20463E
:10F000002DF034DD20462DF01DDD204629462DF063
:10F01000BFDDE36884F86056D3F82421294642F026
:10F020004002C3F82421236A0022186965F048D9F8
:10F03000236884F88C5693F8693113B120464BF05D
:10F04000AFDB6A21206948F071DA003018BF012077
:10F0500084F873087E21206948F068DA421E92B273
:10F060004FF6FD739A4206D8430001304000A4F8E1
:10F070005038A4F85208B4F8501821B12046B4F81A
:10F0800070272DF065DFB4F8521849B12046B4F866
:10F0900054282DF05DDF002003E06FF0080000E051
:10F0A00008463EBD2DE9F04FB5B0DDF8FC800D936C
:10F0B000B8F80A700D46ADF858701146BFB29146C7
:10F0C000129704461AF09ED8B9F81670C0B21A9773
:10F0D000B9F8047010900D9948461B9773F056DCF0
:10F0E000419F4FF0000A87F800A008F10C07159720
:10F0F000409F0F900C3F1897109FDDF860B00C9761
:10F10000159ECDF844A0CDF824A0CDF864A0CDF88C
:10F1100028A0CDF838A0CDF82CA0CDF850A0CDF87F
:10F120004CA0CDF820A0CDF81CA02F464FE033789E
:10F13000951C2D2B21D007D8012B13D043D3032BA3
:10F1400012D02A2B40D114E03D2B1DD005D80899B0
:10F15000322B08BF3146089136E04A2B1BD0DD2BFD
:10F1600032D11FE007962FE0B2784FF0010A0C92DF
:10F170002AE0B31C1393149226E0204631462A4617
:10F1800058F03ADA0A901FE0204631462A4658F0F5
:10F1900009DA0E9018E0204631462A4657F09CD9ED
:10F1A000199011E0032A0FD9B01C04229149FFF3F2
:10F1B0008FF7119B002808BF2B461193099B08BFAE
:10F1C0003346099300E00B967619C5EB0B0BBBF1A8
:10F1D000010F03DD7278531C5B45A8DB3D46099F98
:10F1E0003FB10A9F2FB920460999119A58F0B8D912
:10F1F0000A90002D7AD1129FBE0740F1DA830B9B53
:10F20000002B00F0D6832046991C5A784AF00EDD78
:10F210003190002800F0CD83037C002B40F0C9839F
:10F22000037A002B00F0C583D0F80831588E01F026
:10F230006FDC0C9F874240F0BC83319F20463946EB
:10F2400017F054DD002847D0384649460D9A43460A
:10F250001DF09ADF00283FD040993E9BD7F804610B
:10F2600003F110020191204649460123CDF80080A8
:10F270000296FFF739F9002830D1B6F830B0BBF16B
:10F28000000F2ED1216AD4F8843450315A469B782D
:10F2900006F1380073F052D94099384600910D9A22
:10F2A0004946434643F034D9CDF800B0CDF804B018
:10F2B0003B7C2046D3F1010338BF002302937D221B
:10F2C000394607F1DC03CDF80CB0CDF810B01EF0D4
:10F2D0008DD901220B9206E00B9504E000230B93DD
:10F2E00001E000210B914FB33D4601E000270B9751
:10F2F0001A9F3E9917F4404F0CBF4FF0000B4FF090
:10F30000010B01F10A07204629463A465B467AF08E
:10F310004DDB064600BB2B7C002B40F04D83204686
:10F3200029463A465B467AF043DC0646002800F060
:10F330004383204631467AF0ABDA0DE094F88E3202
:10F34000002B00F039833E9F204607F10A0131AAC5
:10F350007AF0D6DA064610B17368D80720D4089F31
:10F3600027B17878B91C27F07BDD58B9079F67B1C2
:10F37000B91C787827F074DD10F1000B18BF4FF03E
:10F38000010B04E04FF0010B01E0DDF81CB066B1A9
:10F39000BBF1000F07D1736843F00103736004E011
:10F3A0004FF0000B01E04FF0010BCDB1AB79DBB9B1
:10F3B0002B7A0BB3D5F808315B8E079303F46053B7
:10F3C000A3F5C052534243EB02030798089301F0A0
:10F3D0009FDB0C9FC11B484240EB010009900EE0EF
:10F3E0000895079509950AE0002708970797099758
:10F3F00005E000BFFE370100089307930993B4F8B6
:10F400008E32002B7FD0236A5B7DC3B10C9FD4F872
:10F410007C040E2F8CBF4FF44042002247F48051F1
:10F42000129F114307F02003D3F1010338BF0023DB
:10F430000193139A149BCDF800B071F0CDDE2368D0
:10F4400093F84F309B0712D00C9FD4F880040E2FF6
:10F450008CBF4FF44043002347F48051089F194369
:10F460000E9A0A9BCDF800B0019772F0D9DB94F8A0
:10F470008E32002B47D000210C222EA8FFF3C0F6BD
:10F48000944B1CAF2E93944B3846002128222F9387
:10F490003094FFF3B5F6BDF858100DF1980CDDF877
:10F4A00030E0ADF87610604600212022CDF818C07B
:10F4B0001C968DF874E08DF878B0FFF3A1F62D97C7
:10F4C0000D9F236827973E9F93F84F302897109FF2
:10F4D00003F003038DF8A8700F9FDDF818C02B9779
:10F4E000159F8DF8B0300197189FD4F8940600212D
:10F4F00090222EABCDF89890CDF8A480CDF800C026
:10F50000029756F0E7D994F88C32002B00F056821F
:10F51000099F002F00F05282236893F84F2097072D
:10F5200000F08A800E9F002F00F086800A9F002F37
:10F5300000F0828093F8A93033B1D4F878012946DD
:10F5400053F0F2DC002877D10E9F20467A78397884
:10F5500024F0ACDC079F034617F4404F0CBF002299
:10F5600001220A3254F822201192D5F8082162B102
:10F57000D28812F0200208D00A9F3A7812F00202D4
:10F5800003D00E9F7A78C2F380020992BAF1000F7D
:10F590000BD1109FDAB2BA4207D01846069301F099
:10F5A000B7DAB842069B40F00982D5F80821002A54
:10F5B0002DD01846069301F0ABDA0746079801F004
:10F5C000A7DA8742069B22D1D5F80821528E9A42AB
:10F5D00032D0002E30D02A7A002A2DD02046119920
:10F5E0002A4625F055DEFF28074600F0E781DDF8C2
:10F5F00024E0204629463A465FFA8EF315F088DE6D
:10F60000D0B1204629463A462DF0C6D914E0BAF1C9
:10F61000000F11D01846069301F07ADA0C9F069B72
:10F62000B84200F0CB8103F46053B3F5805F03D0A0
:10F63000B3F5C05F40F0C281419F01233B70236856
:10F64000D5F818A193F84F30980716D0AEB10A9F9D
:10F6500037B1199F2046009731460A9A0E9B0AE05F
:10F660002B7C53B97368D90307D50A9F20460097AE
:10F6700031463A463B4617F075D92B7C002B00F0FB
:10F68000BF803E9F0D9B204629464A468DE880015B
:10F6900015F02ADF236893F83B3043B10D9F2046D5
:10F6A000294632464B468DE880015EF013DA9AF81F
:10F6B00009301BB1284600212BF028D99AF80D30CB
:10F6C000DBB1D4F830371A680AB11F7A37B128464F
:10F6D000002110E0F1CF8100F5CF810004F020D9A6
:10F6E000D4F830371A69821AB2F57A7F05D9012227
:10F6F0001A72284639462BF001DCD4F830371B68E3
:10F70000002B48D01B9F0123C7F3C0120F9920463E
:10F710001EF08EDB98F8023098F801101B0443EAC3
:10F72000012398F80010B8F808700B4398F80310FC
:10F73000024643EA0163329398F8063098F80510C0
:10F740001B0443EA012398F8041034A80B4398F8EB
:10F750000710002F08BF642743EA016340F8043D07
:10F7600032A900F0E7D93846329A339980F05ADA54
:10F77000D4F83037BF021A68BA1A90420BD95A68C7
:10F78000BA1A904207D23F1A5F60D4F84401294662
:10F7900001225FF0CFDC236A5B7D2BB1129F2046F4
:10F7A000C7F380212CF076DAD4F85801079950F08D
:10F7B000B7DD80B1D4F85801079950F0A7D9236A72
:10F7C000186964F0F5DE079FB84204D10021204695
:10F7D0000A4625F079DE4A460D9BD4F844012946B5
:10F7E000CDF800805FF06ED8D5F8EC309A0458D58B
:10F7F000D4F84C0129464246409B63F0F7DF50E0C5
:10F80000BBF1000F03D1129FC7F3401300E00123A7
:10F81000DBB23EB1726813B142F0040201E022F0A3
:10F8200004027260226A527D4AB10193D4F87C04CA
:10F830002946139A149BCDF800B071F025DD23689A
:10F8400093F84F309B070AD0089FD4F880042946CC
:10F850000E9A0A9BCDF800B0019772F039DA0B9F2F
:10F86000FFB9D4F868329D420CD0284649460D9A1B
:10F8700043461DF089DC28B1284649460D9A434687
:10F880002CF0BEDA94F88E325BB9D4F868329D421F
:10F8900007D1284615F090DE18B1204641461BF0EE
:10F8A0002BD800210C222EA8FFF3AAF4454B1CAF45
:10F8B0002E93454B0021282238462F933094FFF396
:10F8C0009FF4BDF85810DDF830E01C9626AE2022DB
:10F8D000ADF87610304600218DF874E08DF878B0E0
:10F8E000FFF38EF42D970D9F236827973E9F93F883
:10F8F0004F302897109F03F003038DF8A8700F9FD7
:10F900008DF8B0302B97159F80220197189F2EAB52
:10F91000D4F894062946CDF89890CDF8A4800096A6
:10F92000029755F0D7DF9AF80230013BDBB2012B8A
:10F9300013D8AB798BB92A7C7AB1D5F8182192F813
:10F940006C20022A09D14FF0FF320192204629464D
:10F9500005F1DC02009329F07DDD0F9F17F0407F59
:10F9600001D1384602E00F9872F08EDE00F07F0081
:10F9700002280AD0042808D00B2806D0A0F1160CC3
:10F98000DCF1000040EB0C0000E001200190B9F830
:10F990000400B9F80610800B0290012000220390A9
:10F9A00099F91C302046090A009204950BF00DFBD2
:10F9B00004E000270B97C1E40026D0E435B0BDE891
:10F9C000F08F00BFF1CF8100F5CF81002DE9F04F1E
:10F9D00091F91530A1B0002504468A461E951F9561
:10F9E00073B11BF0D7DD58B12368BAF81C20D3F8E7
:10F9F0008830D3F8C8118A18C3F8C82100F0A3BC16
:10FA0000BAF80230606803F00703052B0B900A93E5
:10FA100000F2A48463690A9953F82100002800F0D9
:10FA20009D849AF81820022A089200F08984714B6C
:10FA30000221DB6B9847814638B920460A9914F0B9
:10FA4000BDDE8146002800F089842046494611AA7F
:10FA500023F0FEDF236893F89C30012B06D0BAF820
:10FA60000220BDF848309A4240F07384B9F80E3055
:10FA7000614E03F007030993604DF35C4946EB5C6C
:10FA800011AA0C93189B0D9318881EAB0E9000932F
:10FA900020461FAB18F094D9236893F84F309B078A
:10FAA00017D011A81BF0A4DC38B12368D3F8883034
:10FAB000D3F8A4220132C3F8A42211A81BF0AADCB7
:10FAC00038B12368D3F88830D3F8AC220132C3F8B8
:10FAD000AC22D9F818305D056CD511AD2046294609
:10FAE0002CF040DE08BB5346D4F834011E994A4638
:10FAF000009534F05DDB236893F8E130002B59D09A
:10FB00001E99002956D0BDF85000BAF80220009086
:10FB1000BDF84E30D4F8F8067AF086D8D4F85C01F7
:10FB20001E990C9A7AF0D2DB44E01F99A1B1089A91
:10FB3000072A11D1D1F8EC3098030DD4D4F84C0138
:10FB400063F0C0DC28B9D4F84C011F9963F01CDDC8
:10FB500010B11F984AF0F2DA11AB0093D4F83401D7
:10FB600053461E994A4634F085DA2368054693F8D1
:10FB7000E13093B11E9981B1BDF85000BAF802206E
:10FB80000090BDF84E30D4F8F8067AF04DD8D4F88D
:10FB90005C011E990C9A7AF099DB1F98002800F0FE
:10FBA000D2838379002B40F0CE830AF108016FF0F5
:10FBB000B9DBC8E3204611A9D9F834701BF040DC4A
:10FBC000BAF81C60FF0E07F001070F90BAF81A8010
:10FBD000E6B12368D3F88830DA68013A9219DA601E
:10FBE0001E9B9BB167B1D3F82C22013A9219C3F83E
:10FBF0002C220BE010A78800BAD588006CE18800A1
:10FC0000D3F83822013A9219C3F83822B8F1000F1C
:10FC100006D02368D3F88830DA68013A4244DA60C3
:10FC20000E98494600F48063D3F1010338BF0023E6
:10FC30000B98079300F016DED9F818509AF919308E
:10FC4000C5F3C06B002B00F0868023681E98D3F8A4
:10FC50008830D3F8A8210132C3F8A821D3F8C821ED
:10FC6000013A9219C3F8C82128B103691BB1DB68B6
:10FC7000DA6B0132DA63012E05DDD4F88C54013DD4
:10FC8000AD19C4F88C54079900294DD02368D3F8D6
:10FC90008830D3F8D8210132C3F8D82128B10369BC
:10FCA0001BB1DB685A6B01325A63012309990022A8
:10FCB00008F065F8D4F88C347BB12368D3F8883029
:10FCC000D3F8B4210132C3F8B4211E9B2BB11B69B8
:10FCD0001BB1DB68DA6A0132DA62D4F88C34012BAA
:10FCE00014D923681E98D3F88830D3F8B82101328C
:10FCF000C3F8B82128B103691BB1DB681A6B013264
:10FD00001A6309990C22012308F039F81E9B5BB194
:10FD10002FB1D3F828220132C3F8282204E0D3F807
:10FD200034220132C3F834221E9B13B12268926A36
:10FD30009A621F9B002B00F015829A79002A40F0EE
:10FD40001482197C002900F01482D3F810310125A7
:10FD50009A7190460FE215F4825543D023681E989D
:10FD6000D3F88830D3F8A8210132C3F8A82128B1EC
:10FD700003691BB1DB68DA6B0132DA63079A0AB3F5
:10FD80002368D3F88830D3F8D8210132C3F8D821BA
:10FD900028B103691BB1DB685A6B01325A63012336
:10FDA0000999002207F0EBFF1E9B5BB12FB1D3F83E
:10FDB00028220132C3F8282204E0D3F83422013289
:10FDC000C3F834221E9A002A00F0D8811F9B002B12
:10FDD00000F0DA819D79002D40F0DC8123689B6A78
:10FDE0009362D8E1089B032B09D0042B0CD1236824
:10FDF000D3F88830D3F810220132C3F81022A84675
:10FE00002F460126AB46DDE10898052829D1236855
:10FE10005A6BD3F88C103AB1B9F80E20954802F01D
:10FE20000702825C9448825C143201EBC2014A688A
:10FE3000D3F8883001324A60D3F8A0221E980132EC
:10FE4000C3F8A02209990422012307F098FFB4F80F
:10FE50003455002D00F0A381204623F0DFDA002581
:10FE60009DE10899012916D11F9B93B19B7983B11C
:10FE70001E9B73B11A7DD20704D493F824309B07DC
:10FE800040F16582204649465246079B3CF09ADC89
:10FE90004BE0089E4DE0089A062AB0D0072A51D1BF
:10FEA0001F99002900F05382D1F8EC309F0040F1F7
:10FEB0004E829E030DD4D4F84C0163F003DB28B9C5
:10FEC000D4F84C011F9963F05FDB10B11F984AF022
:10FED00035D91E99002900F03A821F9B9B795BB1AE
:10FEE00091F824309D0707D58B68580604D5012268
:10FEF000204613463CF0B4DBD9F81830590544BF0E
:10FF000043F48073C9F81830D9F8183023F400434B
:10FF1000C9F818301F9BD3F8EC309A0340F11782D0
:10FF200020461E994A4625F0BBDB0646002800F015
:10FF30003A81002520460AF114011BF021DBA84676
:10FF40002F465FE7BAF8063033B12368D3F888301C
:10FF50009A6B01329A6352E71B9B1B78DB0741D5F2
:10FF60007EB12368D3F88830D3F8A8210132C3F8D2
:10FF7000A8211E9B2BB11B691BB1DB68DA6B013218
:10FF8000DA63079B002B00F0138123681E98D3F8D7
:10FF90008830D3F8D8210132C3F8D82128B10369B9
:10FFA0001BB1DB685A6B01325A63099900220123A5
:10FFB00007F0E5FE002E00F0FD8023681E9DD3F8BB
:10FFC0008830D3F8AC210132C3F8AC21002D00F009
:10FFD000CD812D69002D00F0C981EB689A6B01324B
:10FFE0009A63C2E11F9B002B48D09A79002A45D121
:10FFF0001B7C002B42D00D98037CDD073ED53EB123
:020000041001E9
:100000002368D3F88830D3F8A8210132C3F8A82197
:100010000799002900F0CC8023681E98D3F8883017
:10002000D3F8D8210132C3F8D82128B103691BB114
:10003000DB685A6B01325A6309990022012307F0E9
:100040009EFE002E00F0B68023681E9DD3F88830F7
:10005000D3F8AC210132C3F8AC21002D00F0868129
:100060002B69002B00F07C81DB689A6B01329A636C
:1000700076E100BFBAD588006CE188000F9AB4F829
:100080006A341AB1984503DAB4F86C349E4261DBE5
:1000900022680798D2F88830D3F8C851AD19C3F850
:1000A000C851002800F08980D3F8B0110131C3F89D
:1000B000B011D4F8843493F81D1109B3D4F8681240
:1000C0008979E9B992F8642122B193F86D210AB1D6
:1000D00083F86D11D4F88414204601F582710BF079
:1000E00048F9D4F88434012283F82821D4F88434E0
:1000F000A068D3F83011D3F82421002310F088DB56
:100100001E9860B12FB1D0F830320133C0F83032D0
:1001100030E1D0F83C320133C0F83C322AE101230F
:100120000999082207F02BFE1E9B2BB11B691BB1FE
:10013000DB689A6A01329A62002502238DE8280062
:1001400020461F9914221B9B0295039504951DF0D0
:100150004DDA33E023680025D3F88830DA690132BC
:10016000DA614CE60125984605E001254FF00008CC
:1001700001E0012588462F462E4623E0012715463B
:1001800090463E4693461DE001271D4698463E4652
:100190009B4617E000250127A8463E4632E6A846C2
:1001A0002F4601260EE0054680460746834609E0B5
:1001B000079DDBE03546B046D9E0079D4FF00108CA
:1001C0002F464646B4F8343543B1D4F838352BB110
:1001D0000899052902D0204623F00ED9BBF1000F63
:1001E0004ED01E9B002B4BD011A81BF001D99DF8BF
:1001F0004E30834603F00303023BDBB2012B04D8ED
:10020000204611A92CF0B6DA00E0FF200A9A032A52
:100210000AD85B498B5C04EB4303B3F8362213091D
:1002200003F00F03120B03E0B4F86E34B4F870243B
:10023000009200220392BDF84C200190C2F30032DC
:100240000492D4F85C011E995246CDF808B07AF0B9
:10025000BFD8236893F8E13093B11E9981B1BDF8FE
:100260005000BAF802200090BDF84E30D4F8F806DD
:1002700079F0DADCD4F85C011E990C9A7AF026D871
:1002800020460A9901222CF0E7D81E9860B15EB191
:10029000E368D3F88021D9F830309A4204D91DB1EF
:1002A0000999D21A07F079FD1F9DB5B10AF1140121
:1002B00020462CF03DDB014628462CF0EFDB0E9A61
:1002C00002F0FC03082B01D0882B06D1079B23B139
:1002D0001F980AF108016FF025D81E99C9B10B7D4E
:1002E000D80716D41F9BA3B19A7992B91A7C82B110
:1002F0001A7A72B1D3F8EC2092040AD4D3F81031F0
:100300005B7933B9204652463B46CDF8008043F036
:1003100075D97EB10AF1140120462CF009DB49465B
:100320000246D4F8880463F01DDE0B98494601228A
:1003300003F0B2DF079828B10025C4F88C5402E01E
:10034000002500E0079D284621B0BDE8F08F01267A
:10035000EFE50B984946012203F09EDF0125F2E705
:10036000D5F868310133C5F868310025A846012762
:100370003E4627E7D0F84C310133C0F84C31CEE689
:100380006CE188002DE9F04F002BB5B007930CBF4E
:1003900004230A230993079B15690DF12C0918BF43
:1003A0002023044615AF884693460021282248465C
:1003B0000693D5F80C610DF1B80AFEF321F7002180
:1003C00028223846FEF31CF700210C225046FEF38B
:1003D00017F7336B20468DE808042946069AF36A1E
:1003E000CDF8B8902F9714F0F3DD002840F0F88096
:1003F000B8F80630D80715D5216A4B7D93B10A6D40
:100400000CA854310B92FEF377F6D5F8EC30990432
:1004100005D5D4F84C0129464A4663F08BD9002310
:10042000159308E015AB00932046294608F13802E1
:100430000BAB26F021DCF36A83B128A80021182237
:10044000FEF3DEF6F36A2D942893336B2993674B02
:100450002B93674B2A93674B2C9328AB1FAF00213C
:10046000242238460893FEF3CBF60BAB002108227A
:10047000219331A815AB2293CDF87CB0CDF88080C4
:10048000FEF3BEF62368294693F84F2034AB12F0F2
:10049000030218BFDBF80420D4F8940618BFC2F397
:1004A000004203F80C2D0093069A089B329755F0F2
:1004B000E9D9099B069900EB030A33AB0293204666
:1004C000424605F1E2038DE8000523F03FD80746D8
:1004D00030B920463946B5F82E2140F015DB80E0D2
:1004E000204629464246DDF8CC901CF05BDBA9F89B
:1004F0000000738CA9F80230339B04333393079BBD
:1005000013B9AAF1040A13E006F124094846FFF3DF
:10051000E3F410B93398494602E0339805F1F80145
:100520000622FEF3E9F5339BAAF10A0A0633339358
:1005300031AB0093339BD4F8940601932946069A75
:10054000089BCDF808A055F00BD9814628B160680A
:100550003946012203F0A0DE42E0339B0090019077
:10056000029003932046294657224B46CDF810A00F
:100570001DF03CD8706B18B103F06ADEC6F83490F9
:10058000079B23B1339B0AF1060A063B3393339B47
:100590000AF1040A043B3393079B504686F83C302B
:1005A00003F044DE706308B9B06305E03399524646
:1005B000FEF3A2F5C6F838A0B8F862300095C3F390
:1005C0004013019300230293039339462046D4F845
:1005D000BC255B4626F09AD9002808BF002700E01A
:1005E0000027384635B0BDE8F08F00BFCDCE810082
:1005F000DDCE8100FDCE81002DE9F04F95B006469D
:1006000006910792209C219DD0F800909B46002BDC
:1006100000F0B380ECB91E9A012A1CD11F9A931ED8
:10062000012B18D8032A16D1002D40F0AB80C36EE1
:100630005A1C05D01C3350F82350002D40F0A280E6
:1006400048460021B6F82E2140F0D6DD4FF00008D4
:1006500094E0002500E025464FF0B00806270DF194
:10066000200A002124225046FEF3CAF51E9B1F9A41
:100670000893229B099211A800210822CDF828B0E6
:100680000B930594ADF83040FEF3BAF5CDF848A0D1
:1006900044B1089B032B0FD14C2C0DDB4D2C01DDFD
:1006A0007E2C09D111AB0093D9F894063146B022C3
:1006B000002355F0E7D83F18079B41468DE8880096
:1006C00013AB02934846069A06F1E20322F03EDF9E
:1006D0008046002852D075B10023009301932A462A
:1006E000139B4846314658F00DDC95F90E30139AAD
:1006F000FF1AD21813921E9BDDF84CA09AB2AAF8EA
:1007000000201F9BAAF80230059BAAF804300AF1CA
:10071000060313933CB1032A17D14C2C15DB4D2C47
:1007200001DD7E2C11D111AA8DE80C00063F029745
:10073000D9F894063146B022002355F011D824B9D7
:10074000BDF830300BB1AAF80430B37913B1F368B7
:10075000DA6801E0D9F8BC259DF88C304146019358
:100760000023039348465B460096029526F0CED8B8
:10077000002808BF4FF0000800E09846404615B03A
:10078000BDE8F08F95F90E7044F2B008063766E7C1
:100790002DE9F0470446A4B090469A460D4600293C
:1007A0006DD0D1F86433002B69D004AF0EAE334660
:1007B0003A460DF1600923F01BD900212422484656
:1007C000FEF31EF5236A00216533082221A8189341
:1007D000CDF864808DF868A01B971C96FEF310F589
:1007E0002368CDF8889093F84F3013F0030307D0B7
:1007F000D5F8EC3003F48053D3F1010338BF002364
:1008000024AF07F80C3D294640220023D4F8940673
:10081000009755F037D82D9B0190009323AB02939E
:100820008046402120462C9A05F1E20322F08EDE1C
:10083000064620B3239BD4F8940601932946402210
:1008400000230097CDF8088054F08ADF28B1606853
:100850003146012203F020DD11E0D5F8EC3013F42D
:10086000005306D0D4F84C012946324663F0D8D95B
:1008700005E020463146D4F8BC2528F0DDDD24B063
:10088000BDE8F0872DE9F04390F8A03787B0044623
:100890002BB1002380F8A0374FF0010800E0984604
:1008A00023681A7E32B9B8F1000F00F03B8220466F
:1008B000022135E2206954F023DE18B1A0680FF060
:1008C000D3DF27E220461BF05DDB236A20461F6949
:1008D000D4F86832D3F814219D79167C1CF0FCD929
:1008E000031C18BF0123384671B22A4663F094DC1A
:1008F00094F88C36ABB12369D3F88830D3F82451FF
:1009000015F040050DD120462BF0C0D9236A84F89C
:100910008C56186929462A4663F0D2DC204622F01C
:1009200063DC236820469A6A01329A621CF0D4D9AB
:1009300018B9D4F8843483F8290120460AF0B7FDA9
:10094000236A186965F05AD80146204659F028DD17
:10095000236A186965F00CD90146204659F0D8DCA5
:10096000236893F93D307BB1D4F8240103A9002218
:1009700078F098DB01E00023C361D4F8240103A9D7
:1009800078F0A6DB0028F6D194F8D4314BB120469C
:1009900016F03EDB28B194F8E43113B1013B84F842
:1009A000E431204626F082D8204617F01DDC204690
:1009B00026F0D6D894F8D43113B1204624F068DA62
:1009C0002368DA6E002A40F0A58193F8693113B1EB
:1009D00020464BF023D9204647F030DB236893F8BC
:1009E0002F20CAB193F83030B3B120461CF09CD808
:1009F00090B1D4F864120023CA582AB1907918B182
:100A0000507908B112791AB10433202BF4D103E0E4
:100A1000D4F818053AF07EDAD4F828351B68A3B16B
:100A200020462AF0CFDCD4F828355A681B68B2FB80
:100A3000F3F103FB112313B9204615F089D8D4F83C
:100A400028355A6801325A600AE023689A6A1E23E0
:100A5000B2FBF3F103FB112313B920462AF0B2DCF9
:100A600094F88C3243B194F8F034013BDBB2022BA2
:100A700002D8204615F048DE0025D4F864325F59CC
:100A80001FB3BB790BBB3B7AFBB1D7F818319B7A0C
:100A9000DBB1384625F090DEB8B13B7CABB1D7F87E
:100AA00018319B7A8BB13B7A7BB107F1DC0630467B
:100AB000FFF312F2034640B94FF0FF32009001926B
:100AC00020463946324628F0C5DC0435202DD4D1E5
:100AD000204616F003DB236A5B7DB3B123689A6A74
:100AE0003C23B2FBF3F503FB152575B9D4F864324A
:100AF000585938B183792BB9037A1BB1037C0BB9F0
:100B000017F028DC0435202DF0D120462AF038DCFF
:100B100020B9D4F8180539F0A9DF38B1236A2021AB
:100B20001869002264F03ADD002604E0236A2021DF
:100B300018690122F6E7D4F864329D59FDB1D5F861
:100B4000A83013B1013BC5F8A830D5F8AC701FB17F
:100B5000013FC5F8AC7012E0AB7983B12B6D9907FA
:100B60000DD595F8A43053B102F0DADED5F8B01007
:100B700040F052DE18B1C5F8A87085F8A4700436AC
:100B8000202ED8D1B4F850371BB1013BA4F8503710
:100B900002E0204622F076DD002635460BE0D4F850
:100BA000C4329B195B6A23B1D4F8C82252F82500DD
:100BB000984701353836236893F8B4209542EEDB28
:100BC00093F83B5045B193F83C502DB194F8FC5547
:100BD00015B1E368D3F880510026D4F8643253F895
:100BE0000690B9F1000F40D099F80630002B3CD1A7
:100BF00099F80830002B38D099F85633DA0704D525
:100C00002046494699F8542305E0980705D599F8F8
:100C100055232046494624F0A7DB94F8FC3523B33E
:100C200099F804300BB3D9F818314A4619782046A0
:100C300029F02CDE236893F83B20B2B193F83C30C6
:100C40009BB194F88E3283B9D9F80831D4F85001A9
:100C5000DF8D93F86030BF0201335F4399F8441091
:100C60002B463A465CF066DFED190436202EB4D1EF
:100C7000236893F83B206AB193F83C3053B194F861
:100C80008E223AB994F8FC3523B1D4F850010121F1
:100C90005CF07ADF002384F8FC352268D4F88434D1
:100CA000926AB3F89E30B2FBF3F103FB112313B940
:100CB000204609F095FAD4F8683223B1D3F8182108
:100CC0000AB112781AB1D4F86402002202E01B7A49
:100CD000CBB9F8E7835893B19D79D3F8EC1015B1EF
:100CE000890405D40BE011F4005F08D0C90306D4D1
:100CF000197A21B1D3F818310BB11B781BB104322A
:100D0000202AE7D103E0A06802210FF027DE204669
:100D100019F0ECDFB8F1000F04D0204602210022C8
:100D20002BF050DF07B0BDE8F08300002DE9F04F55
:100D300092F82A301446B2F81CB08DB006460D4623
:100D4000D0F804A00F6952692BB1936894F82280FF
:100D500003F11A0903E09268984602F11809A368A2
:100D6000072B0DD93046494613F0E8DC40B1B9F8FD
:100D700006304FEA132949EA03291FFA89F901E0ED
:100D8000B4F8089095F8243003F01203022B0DD12B
:100D900048F68E03994509D12068D7F8081110301C
:100DA0000622FEF395F1002840F0C88394F82C3019
:100DB000EBB9A38B1B051AD53368D3F88830D3F869
:100DC0004C230132C3F84C23D5F824220132C5F854
:100DD000242205EB4802B2F8A410B4F87E20914218
:100DE00005D1D3F8BC210132C3F8BC21A6E3BB79FD
:100DF000CBF3802B002B32D1D7F818311A7B92B16C
:100E000094F82C207AB9BBF1000F0CD195F8CA10D8
:100E1000626A51FA02F2D00705D43846A18B0293D8
:100E200017F05CDB029B3268526BC2B11B7FB3B11F
:100E300094F82A309BB194F8283083B100213846C9
:100E400029F008DAD7F8EC30990408D5A28B12F40F
:100E5000005204D1D6F84C01394662F003D9238CF4
:100E60005A0700F16B83A38B03F4804363633BB9A0
:100E70003A6D40F237131340EBB197F85830D3B1C5
:100E80000023A3633046234651462A46CDF800800E
:100E90007AF042DB636B40B9002B00F04F83D5F84A
:100EA00064310133C5F8643148E323B1D5F86031CA
:100EB0000133C5F8603194F82C3043B908F1500380
:100EC000B4F87E0005EB43039A88988000E0002286
:100ED00094F82C3043B3636994F82A209B680AB1D4
:100EE0001A3300E01833B9F5006F40F06E81A26844
:100EF000072A40F26A811A7A1209042A40F06581B1
:100F00009A6912BA002A00F060815B7C012B40F0E4
:100F10005C8102F07043B3F1604F00F05681D2B2B1
:100F2000FF2A40F00B8350E1B4F87E0008F1180965
:100F300010F00F0340F0A38005EB8909D9F80410E5
:100F400079B11A465046029303F0A6D9029B05EBED
:100F50008802C2F8843008F14A02C9F8043045F822
:100F60002230BBF1000F00F03081E3686269039327
:100F700005EB88035A66A16B31B105F51C7005308D
:100F800014311022FEF3B8F063699A685868510D65
:100F9000C0F3140E9889DB8849058E44C3F34A13C5
:100FA0003168013302EB000C7344C969CCEB0303D5
:100FB000CEEB020E896803EB0E021018884234DA79
:100FC0005046FBF791F808F1180905EB8909C9F8B3
:100FD0000400002800F0B28262698068916853685A
:100FE00021F07F4E2EF4600E9289C3F31403C3EBFD
:100FF0000E03C91A9A18FEF37FF061698B684A687C
:1010000023F07F4323F46003C2F314029A1AD9F841
:1010100004309868801898609889821A9A81888923
:1010200000229881504603F037D9D6F8E015039B8B
:1010300005EB880259186FF005035B1A3168A14867
:10104000C96989685B18C2F8843061680822FEF3B8
:101050003FF06B6810B943F0080301E023F0080388
:101060006B60994861680822FEF332F0AB6810B9F2
:1010700043F0200301E023F02003AB60A5E005EB83
:101080008901496800293ED0504020F00F0020B966
:1010900002F00F02013293420FD00022504603F0BB
:1010A000FBD808F1180205EB82020023536008F117
:1010B000200205EB8202536021E0A16B49B105F5E6
:1010C0001C70053014311022FEF302F0002840F0AD
:1010D000358208F1200905EB8909A368D9F80420B5
:1010E00008F1180C93421DD905EB8C07504679681E
:1010F000002203F0D1D800237B60C9F8043008F146
:101100004A0845F828303368D3F888301A6E01321F
:101110001A662B69002B00F01182DB685A6D0132D0
:101120005A650BE28DE8080405EB8C0CDCF8041022
:10113000304609F104026368CDF808C013F036DFC9
:1011400050466169002203F0A7D8DDF808C0BBF162
:10115000000F3AD1DCF8042008F14A036261CCF8B0
:1011600004B045F823B09368928903F11801C9F8D7
:1011700004B06160A2F11801A16094F82910236005
:10118000E26021B103F11E011E3A6160A26094F891
:101190002A203AB1626884F8228002326260A26832
:1011A000023AA2601A785B7842EA0323A383636B56
:1011B0005BB1A36B4BB193F90E2061688A18626032
:1011C00093F90E30A268D31AA360A36B63B11B7AA4
:1011D000042B04D1304621467AF02ADA04E00B2BA6
:1011E00002D120461AF0ACDBBBF1000F40F0C48105
:1011F000626993695B0613D5BB792BB9D4F880106B
:10120000384618316EF08ED863699B69180640F134
:101210009581D6F830012946224601F0B5F9ABE1B7
:1012200023689888D988ADF81000ADF81210188995
:101230005989ADF81400ADF818109889D989ADF81E
:101240001A00ADF81C10188A598AADF82000ADF8C4
:101250002210988A94F82910ADF8240041B1198B16
:10126000588B9B8BADF82810ADF82A00ADF82C30C8
:10127000A38B13F4807F03F4007304D104A9616786
:1012800023B108AB05E008A961670BB906AB00E024
:101290000AAB6168236793683046C3EB010813F01B
:1012A0004DDA6369998988B1072940F247819A68C4
:1012B000A8F106084244C8EB01089A60A3F80C8024
:1012C000E26615E02C1D8900033801000D2940F26B
:1012D00035819A68A8F10E084244C8EB01089A606B
:1012E000A3F80C802389E266190A41EA032393815B
:1012F000A36B6BB11B7A012B0AD0032B08D03046AD
:1013000051462A46234679F0C7DE002800F01681B0
:10131000A36B33B11B7A022B03D1304621467AF0FE
:1013200087D997F85C339BB1E36E9B891A0A42EA2E
:101330000323934A1BB293420AD1304661690622C5
:10134000002315F0BBDD18B13046394649F006D907
:10135000626FE36E11881980508858809188998057
:10136000216F0888D88048881881898859816169E7
:1013700094F822E0C8890EF0070E20F007004EEA2C
:101380000000C8811178C9070BD53168D1F88810E1
:10139000D1F8D0010130C1F8D001F968886D013071
:1013A000886597F8591061B195F82410C80608D4DB
:1013B0009989080A40EA0121714809B2814240F046
:1013C000BD80D6F89811795C79B195F82410C906DA
:1013D0000BD49B89190A41EA03236A491BB28B4249
:1013E00003D026398B4240F0A980BB79EBB992F843
:1013F000008018F0010818D1D7F81831384693F852
:101400007420013283F87420D4F8801018316DF004
:1014100089DF61695046FFF325F201210346424608
:101420003846CDF800806DF0FDDFD6F8D0361B6869
:10143000FB58002B35D01B68002B32D0D4F86C80C1
:10144000B8F80C301A0A42EA03234D4A1BB2934201
:1014500027D197F8A73313B197F8F6330BB350465B
:101460006169424612232BF0C1DB00283BD0B8F85B
:10147000103050461A0A42EA0323616908F1120249
:101480009BB22BF0B3DB00282DD0636BD6F8D006CF
:10149000003318BF0123394642467DF077D9002832
:1014A0004CD17B69002B2FD0D4F86C80B8F80C306D
:1014B0001A0A42EA0323324A1BB2934224D150460D
:1014C0006169424612232BF091DB60B1B8F810300D
:1014D00050461A0A42EA0323616908F112029BB2DC
:1014E0002BF084DB30B93368D3F888305A6E013280
:1014F0005A6623E0626B7869003218BF01224146C8
:101500002B4643F0B3DAC8B9D5F89431DB070BD5D5
:1015100094F8293043B9E36E9B891A0A42EA0323FF
:10152000174A1BB2934209D1636994F829200093AA
:1015300030462946636F26F045DC1DE033685A6B60
:10154000AAB161691048CA89D3F88C3002F0070249
:10155000825C0E48855C50460C3503EBC5056B6814
:10156000AE6801336B60FFF37DF18019A8605046CF
:101570006169002202F090DE0DB0BDE8F08F00BF7F
:101580008E88FFFFB488FFFFBAD588006CE1880021
:101590002DE9F04F4FF0000AAFB0CDF8B0A0CDF874
:1015A000B4A0D68A984610939B890446212B0F46F7
:1015B0001546CDF864A08DF84EA0CDF850A08DF85A
:1015C00057A08DF854A08DF88CA08DF858A01192DA
:1015D0002B92CDF888A001D803684AE0D8F808908B
:1015E0001046494671F0D2D909F106030890C8F8AF
:1015F0002C000B93B9F806301946ADF8483001F0CD
:101600000C02184601F0F00301F44071A1F5407E90
:1016100092081B09DEF1000141EB0E01022A08BF0E
:101620004FEAD30AADF84A205FFA8AF2ADF84C309F
:101630008DF855108DF85620B5F804E00EF0030E25
:10164000BEF1020F04D100B2002801DADB0800E08D
:101650000023D8B28DF85700002914BF2823222375
:1016600002B1023300B1043310988089984206D247
:101670002368D3F888305A6E01325A667EE399F8AF
:101680000A3003F001038DF8583009F11E030C9362
:1016900011B109F124030C9300238DF859304AB19C
:1016A0000C9B5A781B7843EA0222DB0907928DF8DB
:1016B000593000E0079241463846FFF3D3F01099C5
:1016C00009908B68384606338B608B89063B8B818B
:1016D0009DF859301BB1FEF365F5014638460422EA
:1016E00002F084DD16F4404F9DF855200CBF4FF0FA
:1016F000000B4FF0010B00232D9302BBBDF84830C7
:101700000B9913F4407F09D101F1100620460A31EC
:101710005A462DAB78F00CDA2C9005E0D80501D5AF
:101720000E1D01E001F10A062D9B23B9204631462A
:1017300048F0F8D92D902D9B003318BF01238DF868
:101740005C302D9B13F1000A9DF8583018BF4FF004
:10175000010A43B90B992046043148F009DA061C06
:1017600018BF012600E00026D4F804321BB9236814
:1017700093F82C306BB3236893F83E20002A08BFFF
:101780004FF0000A7EBBBDF84820D20506D49DF874
:1017900058201AB1BAF1000F40F0F6829DF855209A
:1017A00012B19DF858203ABB93F82C30002B00F072
:1017B000C982BAF1000F04D12046294658F064DEF0
:1017C000C0E22D9B9B79002B40F0BC824FF0010AB8
:1017D00014E09DF858301BB9002E00F0B38202E0EF
:1017E000002E00F0D1829DF855302BB9BAF1000FD0
:1017F00000F0A8829A4601E04FF0000A9DF85630AA
:101800000BB39DF859304BB194F80E32002B00F019
:101810009982109B9A6942F040029A6107999E4A08
:1018200001F00703D25C9D498DF84E308A5C079920
:10183000149201F0100212118DF854200C9A8DF8B8
:101840008C3002320C92109BD989988911F4005285
:1018500018BFB3F850200C999B688218CB1A0E92CF
:101860004146D21A38460D920693FEF3FBF7069BCB
:101870000B9AC31A0F93937DD17D43EA0123ADF8F0
:10188000AA30BAF1000F2FD12CAB00930E9B20464B
:1018900001932DA92B4618F0ABDE002840F05282B0
:1018A00074E22D99002900F04D820B9A20460A32ED
:1018B0005B4678F07BD82C90002840F06D820B9A24
:1018C0002D9920460A325B4678F072D901462C9059
:1018D00030B92368D3F88830DA6E0132DA6631E243
:1018E000204677F0D5DF57E2BDF8483013F4407F4B
:1018F00004D12D9B1B7C002B3AD106E09DF855307E
:101900001BB92D9B1B7C002B32D020462D990A320F
:101910005B4678F04DD92C9018B913E22C9B1B69CB
:101920002D931EB123689A6A2C9B9A622D9BD3F843
:1019300010210792BAF1000F21D19DF85520F2B97C
:101940009DF858201AB1BDF84820D00510D49979D7
:10195000BDF8482011B1D1050AD510E01B7C02F476
:101960004072002B14BF4FF4007300239A4206D03C
:101970002368D3F888309A6D01329A65E2E12046F7
:10198000294658F081DD002388F8230083462D98EE
:1019900088F822308379ABB9BBF1000F12D05946D9
:1019A00095F91D20334658F0CFDD2946D4F8C426DA
:1019B000204658F00DDD3246014688F822002D9869
:1019C00058F010DE2C9B93F8922112B9D3F8F42032
:1019D00052B3BBF1000F27D0D3F8F010D3F8EC20AE
:1019E00042F821B0D4F88424517911F00100D3F8E1
:1019F000F01018BF95F91F0003EB8101C1F89C019D
:101A00005279521012F00101D3F8F02018BF95F965
:101A1000201003EB8202C2F8BC11D3F8F02001328F
:101A200002F00702C3F8F0209DF855202D9B0AB163
:101A3000DB6D3CE09A792C99002A31D04B6B2593D1
:101A40004B685A061BD59DF85620C2B1BDF8AA2096
:101A5000100714D191F8D7208AB10A7DD2070ED48D
:101A6000BDF84820D0040AD59A0308D5149A91F8F5
:101A7000C9301341DB0702D520463AF00FD9BDF833
:101A8000483013F4805F2C9B5A6814BF42F4003234
:101A900022F400325A600BE0BAD588006CE188006D
:101AA0004A6B25921A7C1AB9DB6DD80700D52593AD
:101AB0002D988379A3B9037C93B19DF858307BB9F5
:101AC000BAF1000F0CD1079B83F806A094F80C2202
:101AD000D3F8F0309A4203D084F80C3221F010DBB6
:101AE0009DF85830FBB12D998B79002B40F02A815D
:101AF0000B7C43B10B98E23110300622FDF3E8F283
:101B0000002800F01F810B980430FEF3D9F150B982
:101B10002D9890F8453033B90B99043148F076D9B7
:101B2000002840F00F81BDF8AA30089AA8F81C30B0
:101B30000B9BC8F82C201B7C2C9913F0010F099EDD
:101B40004FF0000707D0D1F854310133C1F85431B8
:101B5000F1E9622306E0D1F850310133C1F8503188
:101B6000F1E96023921943EB0703C1E900239DF8D3
:101B700058309BB999F8003099F801201A4399F828
:101B8000023013430AD0D8F82C10D4F85C016A8ACA
:101B900078F0C6DB2C9B0899C3F85C1199F90330E7
:101BA000002B07DA2368D3F88830D3F8A822013253
:101BB000C3F8A82299F8033013F0300F07D0236838
:101BC000D3F88830D3F8B0220132C3F8B0229DF8A0
:101BD0005830002B71D1D8F82C00236810F0407FCA
:101BE000D3F8886001D1C0B201E070F04DDD162855
:101BF0003AD00CD80B2825D004D8022816D00428B7
:101C00005BD119E00C2823D0122856D126E03028C9
:101C10003CD004D818282DD024284ED130E060289C
:101C200040D06C2844D0482847D135E0D6F8383227
:101C30000133C6F8383240E0D6F83C320133C6F8FA
:101C40003C323AE0D6F840320133C6F8403234E054
:101C5000D6F844320133C6F844322EE0D6F8483282
:101C60000133C6F8483228E0D6F84C320133C6F8C2
:101C70004C3222E0D6F850320133C6F850321CE024
:101C8000D6F854320133C6F8543216E0D6F858323A
:101C90000133C6F8583210E0D6F85C320133C6F88A
:101CA0005C320AE0D6F860320133C6F8603204E0F4
:101CB000D6F864320133C6F864329DF858301BB14F
:101CC0002D980BA91AF01ED99DF858302BBBD8F8C7
:101CD0002C0010F0407F01D070F0D6DC00F07F00C7
:101CE000022809D0042807D00B2805D0A0F116013E
:101CF000484240EB010000E001200022E98895F90C
:101D00001C3000920190A888090A800B02902D983F
:101D100003920490204609F058F92C994B685A0315
:101D20000BD59DF8583043B9BAF1000F05D1D4F85E
:101D300038010BAA33F038DE33E020460BAAFEF759
:101D4000F5FF2EE023685A6BC2B19DF85820AAB95E
:101D500010991548CA89D3F88C3002F00702825CCA
:101D60001248845C38460C3403EBC4046368A568ED
:101D700001336360FEF376F54019A0603846109990
:101D8000002202F089DA0CE0B24637E5BDF84830AF
:101D900013F4407F3FF485AD2D9B002B7FF4C1AD44
:101DA000BCE52FB0BDE8F08FBAD588006CE18800A3
:101DB0000B68C968DB691A6889B14B78012B0ED1B1
:101DC000B2F8BE3023F040031B041B0CA2F8BE3057
:101DD0008978890644BF43F04003A2F8BE30002052
:101DE0007047F8B591E88800DC6903680D461A6809
:101DF00092F8626126B1D3F8600806F073FF0646D8
:101E0000F86DF9F725F958B156B1E86858B143783B
:101E1000012B04D00C23A3804FF0FF30F8BDA0614C
:101E20000023A3800020F8BD38B503684C681A6809
:101E300092F8625125B1D3F8600806F053FF0546C9
:101E4000E06DF9F705F950B145B9D4F8A00300F0F9
:101E50002000002814BF0320002038BD032038BD17
:101E60002DE9F84391E808020568DC692B680E4605
:101E700093F86271D4F8008027B1D5F8600806F0B5
:101E800031FF0746D9F85C00F9F7E2F888B187B16D
:101E9000F06888B14278012A05D00C2323844FF0E2
:101EA000FF30BDE8F8836062D5F86008414607F06E
:101EB000D9FC002323840020BDE8F8832DE9F04FEE
:101EC0001C4692F801909B68D1F85CC089B000274D
:101ED00023F4C063B9F1010F80460E461546CDF8D4
:101EE00010C005970697A36040F23C81D278AB788A
:101EF00043EA0223012B40F03581A9F10203DBB252
:101F0000032B0ED81CF0400F00F02C8104222DF082
:101F1000F5DC002800F02681402363630423A363DB
:101F200029E12F1D384696490322FDF3D1F0824660
:101F3000002840F0178140463146EA792DF0DEDC7A
:101F4000002800F00F8104F1380B38465946FFF3A2
:101F50001DF0A9F10603DBB2012B11D8049B5F062B
:101F600040F100814046314604222DF0C7DC0028B4
:101F700000F0F880402363630423A3635746FAE02C
:101F80006A7A2B7A43EA0223012B40F0EB8005F1B9
:101F90000A0738467A490322FDF39AF0002840F0F8
:101FA000E180404631466A7B2DF0A8DC002800F035
:101FB000D98038465946FEF3E9F7A9F10C03DBB2A4
:101FC000012B06D8049B580640F1CC804023636364
:101FD000CEE0EA7BAB7B43EA0223012B40F0C080DA
:101FE00005F1100066490322FDF372F0002840F06D
:101FF000B780EB7C012B01D0052B02D1049A51064E
:1020000017D4062B02D1049A120612D4D8F8002055
:1020100092F862212AB1082B03D1049A12F4802F7E
:1020200005E0022B40F09C80049A12F0800F00F033
:1020300097805A1FD2B2012A01D9082B0BD1336DD8
:102040005B0504D4049B13F4922F00F08F80A368E7
:1020500043F48063A360336D5F0503D5A36858051F
:1020600040F1848005F1100004A90022FEF31AF764
:10207000002877D0049BA9F11202D2B2012A63632F
:102080008CBF2A7D0022B3F5802F01D151066BD57C
:10209000D8F87C06316D0DF11F0304F05FFA0028BB
:1020A00064D09DF81F301BB1A36843F40073A36094
:1020B000A9F11407FFB2002F4AD095F801A0A9F1A9
:1020C0001609C7EB0A0A05EB0A0393F803C003F1EC
:1020D000020B9B785FFA89F943EA0C2C4FEA191935
:1020E000002723E00BEB0713023305931023ADF811
:1020F0001C3004F114030093636B3046019306A96E
:1021000005AA07ABCDF80CC057F09ED9013720289F
:10211000DDF80CC00AD1059A62B1069B53B10121CA
:1021200000914046214638F033D903E0674501D09D
:102130004F45D7D15544EA78AB7853EA022317D0FC
:10214000059BBBB1069F002F0CBF3527002712E06F
:10215000404621463A463B46009738F019D90AE0F6
:102160002B2708E00C2706E02D2704E01F2702E0BC
:10217000002700E03527384609B0BDE8F08F00BFE2
:1021800022380100F8B591E8280007685B681E68EE
:102190003B6893F862415CB1D7F8600806F0A2FD95
:1021A00031460446D7F8600806F0A0FD064600E078
:1021B0002646E86DF8F74CFF30B124B1002E14BF6D
:1021C00003200020F8BD2046F8BD2DE9F34191E839
:1021D000480007685B680C46D3F800803B6893F8BA
:1021E00062315BB1D7F8600806F07CFD41460546D8
:1021F000D7F8600806F07AFD074601E01F461D4645
:10220000F06DF8F725FFA0B19DB197B10122002133
:1022100001A8FCF3F5F701A80521FEF3C9F301229B
:10222000A369F42001A9FDF30FF52368A2695B6897
:102230001A620020BDE8FC8173B503680C461A6879
:102240004D6892F8626126B1D3F8600806F04AFD45
:102250000646E86DF8F7FCFEB8B11EB9D5F8A03314
:10226000980612D50122002101A8FCF3C9F701A8A4
:102270000521FEF39DF30122A369F42001A9FDF3DA
:10228000E3F42368A2695B685A6100207CBD73B5E2
:1022900003680C461A684D6892F8626126B1D3F85B
:1022A000600806F01FFD0646E86DF8F7D1FE98B10C
:1022B0001EB9D5F8A0339B060ED50122002101A836
:1022C000FCF39EF701A80521FEF372F3F42001A9A7
:1022D0000122A369FDF3B8F400207CBD2DE9F3478A
:1022E0001746027A04460E46D0F80090D1F80080D6
:1022F0000AB1002B6AD0E3199D7A002D67D098F8B7
:10230000023194F8272003F01C039B08934238BF46
:1023100013463371304630F093DD98F802314FF4B4
:10232000005203F0030312FA03F3F36098F802314A
:10233000204603F003030D3386F83D31414607F193
:10234000360A2FF00BD856F82A5045B94FF4417091
:1023500001F06CDF0546002839D046F82A002846EF
:1023600000214FF44172FCF34BF702232B70002342
:10237000AF7085F8ED30D9F80030C5F8F48093F8E7
:1023800069318BB1484649F041DC38B1E37C984271
:1023900028BF184684F80434E07405E094F8043447
:1023A00013B1E37484F80404A27CE37C009294F8F3
:1023B0002F2048460192D5F8F4103A4632F036DF25
:1023C000D4F850321A6D01321A6500E01D462846D5
:1023D000BDE8FC872DE9F041D0F8E822002507464A
:1023E0000E46A8462B46D2F8B0100432002918BF7A
:1023F00098460133182B0D44F5D128F007083046D4
:10240000184908F10708FDF36BF105BB22E0D7F886
:10241000E83204F12C0253F822206423534330465F
:10242000B3FBF5F31049FDF35BF1104B2340002B98
:1024300003DA013B63F007030133072B05D1444561
:1024400003D030460A49FDF34BF1013400E000248B
:102450004445DCDD30460749FDF342F10020BDE88C
:10246000F08100BF225701002C57010007000080B7
:10247000375701001A2D890037B500230193079BB8
:102480000546032B144604D901A806990422FCF33F
:1024900033F60E2C2B6806D11B68002093F8D12050
:1024A000089B1A6001E06FF016003EBDF8B5C269E6
:1024B000002307460D461E46D1580433602B0E44B8
:1024C000FAD128461149FDF30BF1C6B10024FB698E
:1024D000284653F82420642353430D49B3FBF6F3F5
:1024E000FDF3FEF004F00703072B05D1172C03D0F2
:1024F00028460849FDF3F4F00134182CE7D12846AA
:102500000549FDF3EDF00020F8BD00BF5C57010068
:102510002C570100375701001A2D89000020704701
:1025200010B51C4603699B794BB9880501D5101D70
:1025300003E0C90510D502F10A00214608E0CB05E9
:1025400002D502F10A0002E0880505D5101DA11D83
:102550000622FCF3BDF580B9204602990622FCF361
:10256000B7F568B1204603990622FCF3B1F50028BF
:102570000CBF4FF0FF30002010BD4FF0FF3010BDFA
:102580004FF0FF3010BD00002DE9F04F5D4B0746C6
:102590001868EFB06A9015469A886C69ADF8AC215E
:1025A00053F8060FA2686C909B880491ADF8B43183
:1025B0007B68A98BD3F814B06B6805919B1A9BB20A
:1025C000D218A260A289D5F81090D31AA381002650
:1025D000B84664E0642E64D0A368E28903F10E0774
:1025E00012F4005218BFB4F85020BF07A08999898F
:1025F00005D04746FB6E1A6C01321A645BE0121874
:10260000DFF808A10F0A92B247EA01270392A18AD4
:10261000DAF800200E3752F82120BFB21AB13A4A38
:10262000F91C0A4000E03A460399914205D047461A
:10263000FB6EDA6B0132DA633DE06AAA00926CAAA3
:102640000192049805992A68FFF76AFF002832D1A1
:10265000E3899B0407D5B4F8503023B1A389FF1A4E
:10266000A4F8507000E0A7812246D8F8000059462F
:1026700019F0BCDEE38995F8222023F0070302F06D
:1026800007021343E38106AB43F82640A28ADAF837
:102690000030013653F82240039BC3EB0909002C9C
:1026A00098D14746B9F1000F01D105AB0FE0FB6EA1
:1026B0005A6C01325A6458466969002201F0ECDD17
:1026C0001DE053F8042F0021918209F10109B14561
:1026D000F7D124B158462146002201F0DDDD002467
:1026E0000BE006AB53F8243095F8292000933868A6
:1026F00004999B6825F066DB0134B442F1D16FB0D8
:10270000BDE8F08F2B380100FCFF0100E80300005A
:102710002DE9F04FB1B0DDF8F480079300230F925C
:102720002F9308F138023A9B0B92D1F808215B886D
:102730000C92079A0E931388814603F0FC03A3F1D1
:1027400020077B4243EB07030C463C9E85690893B8
:102750002BB13A9B4FF0300B04330A9303E0089AF5
:102760004FF0100B0A920021282210A8FCF348F524
:102770001AA800212822FCF343F5D5F86C332BB1BD
:1027800010A805F55B712822FCF3B6F40C9B0DF143
:10279000400A03F138070DF1680C3A4653462846C3
:1027A0002146CDF800C0CDF818C024F065DAD5F880
:1027B000843439469B7824AF00220B986FF0BEDE3C
:1027C000384600212422FCF31BF508F14D03DDF807
:1027D00018C02593CDF898A0B8F868300DF1B40A68
:1027E000504600210822CDF89CC028932496FCF383
:1027F00007F57368CDF800A0C3F300438DF8B4303B
:1028000021465A460023D5F894062E9753F03AD81D
:1028100004F1DC0300F1060A079A0D938DE8080421
:102820002FAB0A32029307465946284604F1E203C9
:10283000099220F08BDE844618B91122A8F868208E
:10284000E9E02F9B0022012119705A702A6A126850
:10285000022A04D194F92C210AB921221A70216D7F
:1028600040F237120A4032B194F858201AB11A884F
:1028700042F010021A8095F8722432B12A6A527D11
:102880001AB11A8842F480621A80B8F8682021468A
:102890005A80B8F820209A802F9B2DAA06338DE805
:1028A0008C002F93D5F894065A460023CDF818C013
:1028B00052F056DFDDF818C0002840F099800094EF
:1028C00098F81820E368029003900192DA6828468D
:1028D0003346614624F01AD8B8F8683023B1304640
:1028E000022176F0A5DB83E02F9B063B2F93B36894
:1028F00098050CD596F8243003F00303032B06D17A
:10290000D5F87C06214632465DF0C6DA83E0B8F899
:1029100020303146A6F8CC30284676F0B9DF0C9A44
:10292000022192F860300E9A3046934238BF134627
:10293000A6F8FA3076F004DED4F8EC30190309D5A5
:10294000284621461AF038DD012803D128462146C1
:1029500046F0F2DE2B689B6AF362089B53B10D9838
:102960000A990622FCF3B4F320B148460999E268BB
:1029700036F0A6DF0999E268484636F0C5DC2A68D9
:10298000D4F8EC1092F84F2011F4005318BF022332
:1029900012F0030205D0CA045ABF7268C2F30042A3
:1029A00000227F218DE806000B9806F13C010022F1
:1029B0006FF0F0DE2846314677F058DB606920B1D1
:1029C00006F11401012201F0D9FFD4F8EC309B0488
:1029D00004D5D5F84C01214660F064DB2B6893F8F0
:1029E000693133B128462146012202F0BDFF00E0E3
:1029F000BA463B9B3A9A01932F9B0092029348461A
:102A000021460F9A079BCDF80CA00496CDF81480B0
:102A100036F054D905E048462146079A434635F03A
:102A200029D931B0BDE8F08F2DE9F04F8569E3B0C9
:102A3000924698469DF8B421D5F864310C46079229
:102A40001BB19B79002B40F06A812B6893F82F30E3
:102A5000ABB1236D990712D594F8A4307BB100F087
:102A60005FDFD4F8B0103EF0D7DE002800F06C81B4
:102A70000023C4F8A830C4F8AC3084F8A430A3799B
:102A80001BB12379002B00F04A81BAF800B01BF487
:102A9000804B65D00AF10A03284621461A46069360
:102AA00076F080DF0746002800F03981D0F8D0307A
:102AB000002B00F0348198F803909DF8B8314FEA6C
:102AC00099190BB3D5F89C3253F82960E6B13369F4
:102AD000D3B1337AC3B1414603225BA8FCF30CF3B4
:102AE0005BA806F1140132690330FCF305F3316988
:102AF0005BA8033108AA02F0AFDA6C9A08F104006F
:102B0000111F08AA02F0CADA09F11C0954F8293089
:102B100093B11A696C984146143308F0F5DCC0B9DA
:102B200001230090019302900390049021462846CF
:102B30001722069B1AF05ADDD7F8D00001F088DB87
:102B40000023C7F8D03003230F2606934FF0010966
:102B5000D2E06C9A08F10408083A6C920F2601E062
:102B60005E465F46B8F80230B8F8009006932B68CE
:102B700093F8623173B1B9F1030F0BD16C9A079BD3
:102B800000920193D5F8600821465246434674F0FE
:102B900057D8C4E0069A032A00F2C180BBF1000FA7
:102BA00067D1012A40F0CC80B5F8AA0122F014D9EF
:102BB0000AF10A0B031C214618BF012328465A4676
:102BC00076F0F4DE014610B1284676F0F1DE2846B4
:102BD00021465A4676F0E8DF0746002800F0B2802A
:102BE0004368DA0408D52A6892F83020002A40F0B9
:102BF000A98023F4805343602846394625F0B2DD8E
:102C0000B9F1000F03D0B9F1010F2BD112E0B4F9E3
:102C1000543094F94420384601211BB916B976F096
:102C2000B9DC01E076F01EDA97F8243013F00103E6
:102C30001DD118E0B4F95430012B18D0384649465C
:102C400094F9442076F00EDA00238DE8080202930E
:102C5000039304932846214617225B461AF0C6DCEC
:102C60000D2649E00023012200930192EFE7002E98
:102C700042D100210C225FA8FCF3C2F2344B0DF5C7
:102C8000927B5F93334B00212822584660936195D5
:102C9000FCF3B6F2069BADF8346153AE304600212A
:102CA00020224A93CDF824914B97FCF3A9F26C9A19
:102CB00008F106030193931F00960293D5F894063A
:102CC0002146B0225FABCDF868B152F003DEBDF80B
:102CD00034618EB987B197F82430D8070CD52846CF
:102CE000214604220AF10A0300960196CDF80890C5
:102CF000039604961AF07ADC069A2046531C019338
:102D0000002303930493079B0AF10A01059304F13E
:102D1000DC023B46CDF800900296FDF76DFC28469C
:102D200021460AF10A0276F03DDE68B1A3795BB173
:102D300090F82430D90707D52B689B6A836203E09B
:102D40000E26D9E70126D7E763B0BDE8F08F00BFB4
:102D500011148400151484002DE9F04F9A46836EF7
:102D6000ADF5077D81468669CB58D1F80C01919C61
:102D70000D460D92DDF8408212930C90002C00F06D
:102D8000AA82002131A86C22FCF33AF29DF8483265
:102D90000D998DF8DC30B4F8CC303391CDF8D0A05B
:102DA000CDF8C4903295CDF8D480369423B92069FB
:102DB00047F04AD8A4F8CC00B4F8CC20D5F80831B4
:102DC0000021ADF8E4204CA828221093FCF318F25F
:102DD0000D98BAF800200388ADF82C2003F0FC030E
:102DE000A3F12000434243EB0003D9B28DF84730F2
:102DF00093B20A934B010E9394F824300F9103F091
:102E00000303032B03D1A368990500F13F82D6F891
:102E100064311BB19B79002B40F05782336893F8E3
:102E20002F30ABB12B6D9A0712D595F8A4307BB13A
:102E300000F076DDD5F8B0103EF0EEDC002800F0B2
:102E40004A820023C5F8A830C5F8AC3085F8A43014
:102E50000F9820B1B8F1090F40F2378209E0B8F1BC
:102E6000030F40F23282A8F104010AF1040B099128
:102E700004E0A8F10A020AF10A0B0992002767632D
:102E8000A763304621463A4676F0B4D9099BCDF87F
:102E9000F4B0012B3E93CDF8ECB040F316829BF8D2
:102EA0000130099802339842C0F20F8239460C2251
:102EB00083A8FCF3A5F1704B394683936F4B28220E
:102EC00084936AAB184608938596FCF399F156AA49
:102ED0000DF5E87C6B9260AA6C9260463946202220
:102EE000CDF81CC06A94ADF8C871FCF389F1089B59
:102EF00009997B933368DDF81CC093F84F30029139
:102F000003F00303CDF800C0CDF804B08DF8E8312C
:102F10000E9AD6F89406294683AB52F0DBDCBDF856
:102F2000C8210E9208B11746BFE1BDF82C30D4F885
:102F3000E000A4F8F83038B141780231FDF322F70F
:102F4000D0F1010038BF00200B900B98EB6D8DF88D
:102F5000E60023B12A6D40F23713134013B92B6DED
:102F60005B060BD5D4F8E03043B9AB79002B00F009
:102F70008F81D5F8EC30980440F18A81304656A90B
:102F800060AA4CAB1AF0F6DE002840F0858196F876
:102F90001C259DF844319A4240F07E8194F82430FB
:102FA00099070BD594F8D73023B13046214601223A
:102FB00039F0C0D92046FE2176F03AD895F9443050
:102FC000002BC0F2718194F82430DA0740F16C8153
:102FD000336893F8A9304BB1D6F870012AF04EDD72
:102FE000022803D10A99CB0540F154816D2215A81E
:102FF0000021FCF305F10023DDF830E11A4612E070
:1030000086A8C11811F8E41C01F07F016C2909D8C9
:103010001B48405C30B115AF40B2795432EA20020F
:1030200028BF012201337345EAD16168336A21F078
:1030300007016160587D12F1000C18BF4FF0010CC0
:1030400018B112B941F0010161605B7D33B10A9999
:10305000480503D4636843F0020363600A9A12F0E0
:103060002002139203D0636843F004036360109B53
:10307000986B002314E000BFB1118400CD138400CD
:10308000581689001099CA1892F83C20110606D5E6
:1030900002F07F0215A98A5C002A00F0FD8001334E
:1030A0008342EFD1336893F84F309A072AD06D9955
:1030B00041B34A7830460232CDF81CC054F09CDA55
:1030C000002207460092304621463A460023FBF78D
:1030D00001FCDDF81CC0AFB151A810220130F91C71
:1030E000FCF30AF051AA0023F11891F8011312F829
:1030F000010F0840884240F0CF800133102BF3D1FC
:103100004FF0020C129B9C45C0F0C680EA6D22B1C4
:10311000296D40F237130B4013B92B6D5B060BD5AD
:10312000636B23B1A16B40F237130B4023B92B6DB6
:1031300013F0410F00F0B8800A98C00618D5296D29
:1031400040F237130B409BB9490601D50B9979B171
:1031500030460D9E002301220093019202930393B7
:1031600004932946172206F10A031AF03FDA9BE07E
:10317000E2B12A6D40F237131340BBB1D30715D526
:1031800094F8D630012B11D1636B7BB105F1DC03D0
:10319000009305F1E20301930227304629462246B7
:1031A00004F11403029726F097D87EE0336893F871
:1031B00030304BB9336A1B68022B05D195F92C319D
:1031C00013B91398002869D0336A1B68022B05D104
:1031D00099F8003013B10A99480561D5304619F0C5
:1031E0007BDDD9F8283098425CD2304629461AF067
:1031F000E3D8D5F88430984254D2D5F8EC3099040D
:1032000008D5D6F84C0121465A46099B60F016DADB
:10321000002849D10E9A4CA9ADF82C213FA82822AC
:10322000FBF36AF70C99486B08B101F011D80F9ABB
:103230001AB1AAF1060A08F106089DF847000C9B8E
:1032400083F83C00404600F0F1DF0C99486308B970
:10325000886306E042465146FBF34EF70C9AC2F8EB
:10326000388001238DF8F03104F114010023062287
:103270007DA8ADF8F231FBF33FF731AB0093304658
:1032800029467CAA234635F051DD24E01E270CE0B8
:103290000D270AE0162708E0122706E0132704E0AE
:1032A000192702E0112700E00C2731AB03934846B1
:1032B00029467CAA0D9BADF82C71CDF800A0CDF865
:1032C00004800294FFF724FA05E0484629460D9A47
:1032D00031AB34F0CFDC0DF5077DBDE8F08F00BFDA
:1032E000D1F80C0130B5446B4CB1816B39B190F819
:1032F0003C50002D0CBF04250A25A94203D2002111
:103300001160196030BD251D1560196090F83C00F2
:1033100018B106390A34196014601A68043A1A6040
:1033200030BD0000024B00F00F0053F82000704742
:10333000746501002DE9F04FCB88D0F810218BB0D7
:103340009B0605460E460468D0F80C710892D0F82A
:1033500004A11DD5036D9A0712D558070BD501F1AD
:103360006F0004217CF0BADC90B906F183000421DF
:103370007CF0B4DC60B994F8413513F0020F05E03D
:10338000DA0705D594F8413513F0010F40F02B838F
:1033900020462946728E16233CF0D6D8002840F0ED
:1033A0004083738E204613F4404F0CBF002201224D
:1033B0000A3254F822902A46494621F069DFFF2854
:1033C000804600F02E8394F8903243F0040384F892
:1033D0009032236893F83B303BB120462946424661
:1033E0005AF000D9002840F01C83236A186961F064
:1033F000DFD840454DD0236A186961F0D9D8FDF374
:1034000087F383464046FDF383F3834509D1236A5E
:10341000186961F0CDD808F4605300F46050984208
:1034200037DC7B68022B0AD1BAF8BE30DB0706D541
:10343000BB68182B03D0089A536B042B29D1D4F8FE
:10344000580141464CF062DB204628F01FDC7B68C7
:10345000022B08D1B5F954302BB9D4F8D40629463B
:10346000324651F0B5DA2046414626F041DF236866
:1034700093F83B304BB1D5F83C335968D4F8C0359C
:10348000994202D0204623F0ABD820461FF0ACDE94
:103490000FE0D4F8580141464CF042DF48B1D4F86F
:1034A000580141464CF032DB002120460A4622F00A
:1034B0000BD8236893F83B3093B1D5F83C335A6866
:1034C000D4F8C0359A420BD0204628F0DFDBD5F87F
:1034D0003C332046596823F083D820461FF084DE11
:1034E00009F15003C822504631460993FBF304F614
:1034F000D9F80030AAF83280022B07D199F815804C
:10350000D8F1010838BF4FF0000801E04FF0000883
:10351000F38813F020030DD0236893F84F3013F095
:10352000030307D0D5F8EC3003F48053D3F1010343
:1035300038BF0023DBB20AF1380B0793FF22B8F142
:10354000000F18BF00238DE80C0058465946002292
:1035500043466FF01FD9D4F88434584609990122A4
:103560009B786EF0EBDF00282ED1B9F80820D9F84F
:103570000090B8F1000F05D120464146069220F098
:103580003BD9069ABAF8323003F46053B3F5205FA2
:1035900008D0B3F5C05F07D0B3F5805F14BF0A232E
:1035A000142302E0A02300E02823FF2101910290D0
:1035B000CDF800800393D4F8843458461B790999D8
:1035C00004934B466FF0AAD8D5F8EC3098040CD58C
:1035D0002946204620F010D9FF2300930190594638
:1035E0005846002202236FF0D5D82046594623F0D2
:1035F000D9DA96F9342020460032294618BF012234
:1036000046F0F2DC96F93430E3B9D5F808310122FE
:1036100083F86020D4F8440129465BF097D9284606
:1036200031463BF023DA28460E213DF05BD829468F
:10363000204646F051DE204629467A68BB6845F0B0
:1036400007D8CCE1D5F8EC30990405D5D4F84C0175
:10365000294652465FF0BADC20462946324676F0CB
:10366000A3DA804638B9204629463A460BB0BDE871
:10367000F04F3BF09D9F079AF2B1DAF86830BAF844
:103680006C900C33A9F10C0919464A462046069362
:1036900053F0CCDF069B844619464A462046CDF8B7
:1036A00018C053F099DFDDF818C0002203460092DD
:1036B0002046414662460AE04368DA0309D5F388AA
:1036C0009B0606D4079B2046009341461A46FBF70B
:1036D00001F9D8F80430D5F8EC2043F48053C8F849
:1036E000043012F400524FF07F0308F13C010093C4
:1036F00005D0079A584601920223002203E0079B57
:103700005846019313466FF045D82046414676F05F
:10371000ADDC204629463AF0C1DD236893F86231DA
:103720005BB1EB6D580308D5BAF8BE20D4F8600839
:103730004146C2F3801206F095F898F8243013F051
:103740000C0F40F04681B5F954A02368C5F800A1DC
:1037500093F86231002B7DD0EB6D190605D5D4F8B6
:103760006008294673F054DB10B9EB6D5A033CD561
:1037700000232946C5F80031D4F8600873F032DA26
:1037800029468246D4F8600873F040DA88B14FF4D5
:10379000802920462946324608238DE800063DF060
:1037A00019D830B10323C5F80031C5F85C909A46AA
:1037B0001BE0D4F86008294673F02ADBA0B14FF073
:1037C000800B4FF000092046294632460223CDF8EF
:1037D00000B0CDF804903CF0FDDF28B1C5F80091B1
:1037E000C5F85CB0CA4600E08246D5F80031032B2C
:1037F0000BD1D4F8DC0629463246EB6D6CF002D8CA
:1038000018B10023C5F800319A46D5F80031032BD2
:1038100020D1D4F8600805F065FA50B1D4F86008FA
:10382000414605F063FA20B1D4F86008294605F056
:103830001FF9D4F8600829464246334673F092DAFD
:1038400030B1284608210BB0BDE8F04F3CF04A9F4C
:10385000C5F800A1D7F80490B9F1020F1DD1BAF153
:10386000000F1AD1D4F8D4062946324651F0C8D8F0
:1038700098B1D5F80801FCF32FF370B9D4F8D0064D
:1038800029463246C5F800917BF00EDAD4F8D4060A
:103890002946324651F016DBCA460C21404675F0E7
:1038A0004FDE7B68022B23D1089A536B093B012B17
:1038B0001ED893464FF00009134616E00A2000FB7D
:1038C0000930D5F80811623006220693FBF300F4A4
:1038D000069B30B94FF49672ABF86820012283F84A
:1038E000502009F101090BF10A0BDA6C9145E5D37F
:1038F0007B68022B33D12B7A002B30D0BAF1020F28
:103900002DD1B6F8BE30DB0729D5089A536B042BAE
:1039100025D0BB68182B22D0284622F04DDF18B1E5
:103920002846002127F058D8284618213CF0DADE36
:10393000D8F80C30D4F8D406D5F808211BB1196991
:10394000002908BF00230093B6F862302946C3F36C
:1039500040130193434651F013DA064629E0284606
:1039600008213CF0BFDE4FF001090023CDF800A094
:10397000CDF80490029303930493B6F86230324674
:10398000C3F3401305932846434608F11401FCF79E
:1039900033FE2368064693F869311BB12046494639
:1039A00048F0D2D8A06839684FF4967200230CF022
:1039B0002FDF46B1D4F888041B49B5F82E213346D1
:1039C00060F0F8DA0BE0A06839684FF49B72334678
:1039D00003E00022A068396813460CF019DFBB7FB2
:1039E0000133BB771DE0F388708E23F46663F380A8
:1039F000FDF38EF040F480501FFA80F8708EFDF3D6
:103A000087F0B6F8BE300E288CBF4FF4404000203F
:103A100048EA000823F00A03A6F83280A6F8BE3070
:103A2000B6E40BB0BDE8F08FA59084002DE9F04F0F
:103A30009A461388D0F80C61A3B003F0FC030993F5
:103A4000B36894460B3BBAF80220012B04468B4620
:103A5000DDF8B0900568D0F80471ADF828201FFAA1
:103A600082F80BD80CF1100039460622CDF818C0A8
:103A7000FBF32EF3DDF818C0034660B1099A204627
:103A8000B2F1100318BF0123009300230193062114
:103A90000CF10A0248E0306C20B1069300F0D8DB4C
:103AA000069B7364484600F0C1DB306428B1C6F859
:103AB000449051464A46FBF31FF32B6893F8443079
:103AC0003BB1D5F86001BAF802104AF037DCAAF829
:103AD0000200B8F10B0F10D17368012B13D0B3683B
:103AE0000C2B10D000230093214628465A463B4613
:103AF0003BF0C6D820460C2177E0B8F1000F16D075
:103B0000B8F11E0F13D07368204613F1FF3318BFAE
:103B10000123009397F934303A46D3F1010338BFBB
:103B2000002301930121434639F0AEDBC1E02B684D
:103B30004FF000089B6AA9F10602CBF82C300AF17D
:103B400006030793089203930492434628462146AE
:103B50005822CDF80080CDF80480CDF8088019F007
:103B600045DD41460C221FA8FBF34AF3524B414668
:103B70001F93524B282220930DAB18460693219594
:103B8000FBF33EF3BDF828200DF15C094146ADF88A
:103B9000382048462022CDF834B0FBF331F3069BA1
:103BA000089A1E93079B02920193CDF80090D5F8D6
:103BB00094062146099A1FAB51F08CDE80460028FE
:103BC00077D1BDF83890B9F11E0F11D1129B28465C
:103BD000F36421463AF062DBF26CA86831681E3269
:103BE00043460CF015DE204619213CF07BDD60E0F9
:103BF000D4F8EC309B0406D5D5F84C015946079A09
:103C0000089B5FF07BDDBAF80420A4F8F62095F855
:103C10007338A5F8582383B192042869C421920C03
:103C200044F0C6DA05F50660093039460622FBF392
:103C300063F297F83230A5F870387368204613F1B4
:103C4000FF3318BF0123009397F934303A46D3F17C
:103C5000010338BF0023019300214B4639F014DBE8
:103C6000204659463AF026DAD5F868329C4220D0F0
:103C7000E36DF3B9236DD8071BD5E36E591C18D03B
:103C80001C3354F82320A2B1117A012901D0032951
:103C90000FD15089D3798DE8030002F1140102910C
:103CA000002104910591039728462146126954F09A
:103CB000C3DD23B0BDE8F08FD5548400616184007A
:103CC0002DE9F04FA5B092460C939DF8B820D0F89E
:103CD0000C310D920993BAF80220D0F8043101F1A9
:103CE0000A07BAF8049004460B9105680892384612
:103CF00019460622BAF800B01FFA89F80A93FBF3B6
:103D0000E7F100282ED1284621463A4675F04ADED2
:103D10000646002826D0099A9368082B01D00A2B62
:103D200020D1726842F4805272602A6892F862214F
:103D300072B1BBF1030F0BD10C9B0D9A0093019252
:103D4000D5F8600821460B9A534672F079DF92E06D
:103D5000082B02D1089B022B03E00A2B07D1089AFB
:103D6000042A04D0002300932046062180E0B8F105
:103D7000000F06D0CDF800B0204601213A46434658
:103D800077E041460C2221A8FBF33AF23B4B414637
:103D900021933B4B282222930FAB18460793239580
:103DA000FBF32EF2089AADF84C900DF164091092D5
:103DB000414620224846CDF83CB01196FBF320F254
:103DC000079B0C9A20930AF106030193931F029319
:103DD000CDF80090D5F894062146B02221AB51F0E1
:103DE00079DD002847D1BDF84C30002B3AD1BBF12A
:103DF000010F37D1089A022A34D10A2120463CF01B
:103E000071DCF368129A06F114011BB118690028DD
:103E100008BF002303930D9B01204FF0030C4FF0CC
:103E2000000E8DE8015004920593204633460A9A0D
:103E3000FCF7E2FB2146064628463AF02FDA46B167
:103E4000D5F888040F49B4F82E21334660F0B2D873
:103E500011E0099AA868116833464FF49B720CF080
:103E6000D7DC08E0191CCDF800B0204618BF0121AE
:103E70003A463DF025D825B0BDE8F08F6D6184004D
:103E800071618400A59084002DE9F04187680646A1
:103E90007D68B86851F805800C46FAF3D1F2C8F88D
:103EA0000400002830D0635900215868E422FBF355
:103EB000A7F1F86854F80580FAF3C2F2C8F80800D0
:103EC00010B3635900219868E822FBF399F1635914
:103ED0002949D3F8088033683246C8F8003098681A
:103EE00000230CF03FDDC8F8680068B1635923492E
:103EF000D3F8088033682246986800230CF032DD3E
:103F0000C8F8C00000282FD163599B68FBB1996E97
:103F100039B1336898680CF00DDD635900229B6855
:103F20009A6663599B68D3F8C01041B133689868AA
:103F30000CF000DD635900229B68C3F8C020635970
:103F4000F8689968FAF3A2F2635900229A606359FB
:103F5000596861B1B868FAF399F2635900225A605E
:103F60006FF01A00BDE8F0810020BDE8F0816FF02D
:103F70001A00BDE8F08100BF55BE84009DBC8400DE
:103F80002DE9F04F9FB006468B461446D0F80090BE
:103F90000493002B00F0DE828368049A5B6811466C
:103FA000D35848465D689B681CAA05931BAB36F046
:103FB00043D860B15CB9059C202204F148001B99EC
:103FC000FBF39AF02022E2804FF0870C0DE0062CE4
:103FD00000F2C382DFE814F00700C1026F00C102E3
:103FE0006C01C102E4014FF0710C049C6346484629
:103FF000716804F11402CDF80CC07DF03DDBDDF8F2
:104000000CC08046002800F0AC82BBF1030F06D143
:10401000D5F8D030B3F5802F08BF4FF0000BD8F89B
:104020000840ACF112039BB21B0204F1120A238276
:1040300000215F225046CDF80CC0FBF3E1F04BF0BD
:1040400088039BB21A0AE27423752B8B05F11C07B7
:104050001A0AA37562754846394620221FF048DDCA
:1040600004F11F0039462022FBF346F0DDF80CC0B6
:10407000ACF1710C1FFA8CF3BBB11A02A4F86F20DB
:10408000023BDD2284F8712084F8723087490322D4
:1040900004F17300FBF330F0042384F8763004F16C
:1040A00077001C991022FBF327F00B235F462B604F
:1040B0004FF0000B5AE2BBF1030F07D1D5F8D070D7
:1040C000B7F5802F14BF0327002700E05F46D5F81F
:1040D000D000802802D0B0F5802F04D147F49E573D
:1040E00047F0080703E0042802D147F4E477BFB2A1
:1040F000D9F8003093F8624154B1F6F7A9FF40B106
:10410000D9F8600804F0EEFD18B1B5F8D40000E06D
:104110002046AC88D5F8D0300419A4B2802BADF875
:10412000764002D0B3F5802F25D117F4805323D0E9
:10413000B6F8108018F0010808D130463FF03EDD97
:1041400030463FF05FDD013000F00B82336871686C
:10415000D3F87C065BF062DDB6F87C30BDF87620E3
:104160002633C31812F007029BB205D0C2F1080231
:104170009B189BB200E0002371341B19049C484635
:10418000716804F114029BB27DF076DA8046002853
:1041900000F0E781846800215F2204F1120A227492
:1041A00061745046FBF32CF03B0AE37427752B8BAC
:1041B00005F11C011A0AA375627504F11F00202283
:1041C000FAF39AF7AA8804F17100A968FAF394F750
:1041D000BDF876301A0A42EA0323A4F86F30D9F802
:1041E000003093F86231B3B1D5F8D000F6F730FF64
:1041F00088B1D9F8600804F075FD60B1AB68002B98
:1042000000F0B381A888D5F8D81050445F30B5F8D5
:10421000D420FAF371F7D5F8D030802B02D0B3F563
:10422000802F33D1F80431D521460DF17602304686
:104230003FF074DCBDF876301A0A42EA0323A4F892
:104240006F30049A936899050FD533682246D3F8E6
:104250007C0671680DF176035BF02CDDBDF87630DD
:104260001A0A42EA0323A4F86F30A37B3046009376
:10427000294652465B463FF0ABDA013006D1D9F809
:1042800004004146002200F007D866E194F86F2050
:1042900094F8703043EA0223228AD3189BB21A0A98
:1042A00042EA032323820C2316E100BF37380100C2
:1042B00096F87A704BF4607B3F0107F030074BEAC9
:1042C0000707B6F87CC0BFB20023BA0754BF0CF191
:1042D000710C0CF1790C049C1FFA8CFCADF8763053
:1042E00048466346716804F11402CDF80CC07DF0B5
:1042F000C3D9DDF80CC08046002800F03281846804
:104300005F234FF0000B04F1120AACF11202237488
:10431000594684F811B05046FAF372F73B0AE37439
:104320002775B6F87C3006F1BE011A0AA3756275CE
:1043300004F11F002022FAF3DFF6102206F18E01AD
:1043400004F13F00FAF3D8F6082206F1FE0104F169
:104350004F00FAF3D1F6B6F87C2006F15A0104F1C9
:104360007100ADF87620FAF3C7F6BDF87630304626
:104370001A0A42EA0323A4F86F30A37B294600936C
:10438000524607F003033FF023DA013040F09680F5
:104390004146D9F804005A46FFF37EF7D846E0E0DC
:1043A000D5F8D030802B03D0B3F5802F40F0D580E6
:1043B0003368AC88D3F87C067168ADF876405BF062
:1043C0002DDCB6F87C30BDF8762026337134C31866
:1043D00012F00702A4B29BB203D0C2F108029B18EC
:1043E0009BB2E318049C4846716804F114029BB226
:1043F0007DF042D98046002800F0B38084684FF0F9
:10440000000C5F224BF49C5704F1120A84F811C08F
:104410006146BFB222745046CDF80CC0FAF3F0F6F4
:104420003B0AE37427752B8B05F11C011A0AA3754F
:10443000627504F11F002022FAF35EF60DF1780B8D
:10444000A968AA8804F17100FAF356F63BF8023D18
:1044500021461A0A42EA0323A4F86F305A4630462E
:104460003FF05CDBBDF876301A0A42EA0323A4F879
:104470006F3033687168D3F87C0622465B465BF088
:1044800019DCBDF8763030461A0A42EA0323A4F854
:104490006F30A37B2946009352463B463FF098D9A4
:1044A0000130DDF80CC009D141466246D9F804005C
:1044B000FFF3F2F6DDF80CC0E04652E094F86F200E
:1044C00094F8703043EA0223228AD3189BB21A0A66
:1044D00042EA032323820D232B604FF0010B45E0BA
:1044E000B3F5802F14BFFE23022300E002235046C1
:1044F00005F15C01082200F8053BFAF3FDF517F021
:10450000030104D1D5F8D000FDF38EF10146BBF1D3
:10451000000F0CD0204605F18C0207ABFDF394F19F
:10452000F0B10AF14D0007A91022FAF3E5F573681E
:104530004146DA68484624F093DF059CD9F8080024
:10454000D4F8C0104FF47A7200230CF061D94FF008
:10455000010806E0DDF8108003E04FF0000800E0FD
:10456000804640461FB0BDE8F08F9B460323E373AF
:10457000D5F8D030802BB3D1B8E700BF2DE9F04F8C
:10458000054689B00E46D0F800A01F46002B00F06B
:10459000878183685B68FB585C68D3F80880D4F82F
:1045A000D000F6F765FD002800F07C81B8F1000F1F
:1045B00000F07A81BB68580507D4BB6B03F0020397
:1045C000002B14BF0123022300E00323D4F8D00002
:1045D0000793802805D0B0F5802F02D0042840F042
:1045E0006581337D96F8139043EA092919F0030396
:1045F000069302D1FDF318F1069004F15C0B012043
:10460000082306F117015A46FCF3F0F5834500F044
:104610004F8123680C2B00F0B7800D2B00F0188120
:104620000B2B40F0458109F4DC73B3F5847F40F037
:104630003F8104F13C032022184606F11F01049338
:10464000FAF35AF5BA68049B12F4806F09D12A680C
:10465000126892F86221C2B1D4F8D020B2F5802F4E
:1046600013D108F148020092B8F806206968019257
:1046700004F18C020292A28A07F114000392E23143
:1046800004F11C02FCF346F522E0696807F1140C02
:104690006046E23106220493CDF814C0FAF318F50F
:1046A000049BDDF814C0002800F0028108F14802E4
:1046B0000092B8F806206968019204F18C02029217
:1046C000A28A60460392E23104F11C02FCF322F755
:1046D00019F4807F10D0338A1A0A42EA03239BB26E
:1046E0005C2B40F2BF803046069904F18C02FCF34B
:1046F00077F7002800F0DC80338A1A0A42EA0323A5
:104700009BB25E2B40F2AE8096F86F1096F8702048
:1047100042EA012202F15F018B42C0F0A380C2B1E4
:10472000E188B4F8DC30CB189A4212D106F171005E
:10473000E16806F11209FAF3CBF488B1E388D4F802
:10474000E010994409F15F00B4F8DC20FAF3C0F4FA
:1047500030B1686807F1140111227DF025D9A7E076
:10476000002384F8CD302B68D8F8C01098680CF07E
:1047700075D858460821FDF35DF0284607990222B6
:104780003B46FFF7FDFB93E009F4D873B3F5807F58
:1047900040F08E8019F4807F08D03046069904F1ED
:1047A0008C02FCF31DF7002800F08280002384F8BF
:1047B000CD302B68D8F8C01098680CF04FD8228AFA
:1047C00007F11406238B50468DE84400696804F114
:1047D000AC027DF089D8D4F8D030802B02D0B3F56C
:1047E000802F02D11023236018E0042B16D10D2353
:1047F00023602B8AD90707D428463FF0DFD9284603
:104800003FF000DA013053D058460821FDF312F092
:104810002846079904223B46FFF7B2FBD4F8D03074
:10482000802B04D0B3F5802F01D0042B08D16B6806
:104830005046DB687921009332460623FAF7D4FA12
:10484000D4F8D030802B27D0B3F5802F30D123E09F
:1048500019F4807F15D0338A1A0A42EA03239BB2E7
:104860005C2B07D8DAF80030D3F888305A6E013262
:104870005A661DE03046069904F18C02FCF3B0F64E
:10488000B0B1002384F8CD302B68D8F8C0109868F8
:104890000BF0E4DF1023236028463EF0F3DF07E04F
:1048A000184606E0E92004E0404602E0002000E06F
:1048B000012009B0BDE8F08F2DE9FF470D9C0646A9
:1048C00017469A468946002952D0002C52D0836858
:1048D00000685B68E3585D68D3F80880294606F0F5
:1048E0001DFF09232B60484639463022FBF382F036
:1048F000736848B1626BDB6DB2F5802F0CBF03F4B7
:10490000802303F0800302E0DB6D03F00403C5F8AD
:10491000D0300C9B3068029321462A464B468DE8E6
:10492000800406F018FF30B37369012B02D1B8F888
:10493000060000B3002385F8CD303368D8F8C010E6
:1049400098680BF08BDF0A232B60A3685B0507D404
:10495000A16B01F00201002914BF0121022100E036
:104960000321304600222346FFF70AFB012002E024
:10497000084600E0204604B0BDE8F0872DE9F0438A
:1049800090E86000D6F808318E465B8E174603F437
:1049900040437246A3F5404EDEF1000389B0044661
:1049A0003146284643EB0E0375F000D880460028B8
:1049B0007CD047B1E368002B78D120464146FFF711
:1049C00063FA002872D1A3685B6858F803309F68C7
:1049D000238AD90702D420463FF04CD82B68C4F86C
:1049E0000C8093F86231ABB198F8D630032B0BD121
:1049F000D8F83430B3F5802F0CD12846414607F162
:104A0000480270F01BDC0FE023B9D8F83430B3F55E
:104A1000802F09D0238A9A0708D507F1480004F1AE
:104A20001A012022FAF368F32023FB80FB88202B55
:104A300035D12B684FF00009D3F8E800CDF8189075
:104A4000CDF81C900590FFF3F1F3074600282DD018
:104A500005AB8DE8080228465021D8F810203B46C7
:104A6000F9F742FED5F81805314606AA07ABFEF75E
:104A700037FC07F10C030093059B20460C3B019388
:104A8000E36801210293069A079B40F0D9D92B686D
:104A90003846D3F8E8300593FFF3DAF306E070699F
:104AA00006F11901327E43463FF054DA09B0BDE801
:104AB000F0834FF0FF30704770B50446D0F888009F
:104AC00000220A21D4F8D8300D0A33F81230CEB2C1
:104AD000CB189BB2013B46EA032605F0030503F41D
:104AE00040731D436FEA42636FEA5343A0F84035B9
:104AF000A0F82065A0F82C55A0F84035D4F8D8309F
:104B000033F8125001324919062A89B2DAD1204607
:104B100098215A8843F04CDBD4F8D83020469A21AB
:104B20009A8843F045DBD4F8D8302046DA881B88D1
:104B30009C2143EA022292B243F03ADBD4F8D83007
:104B400020465A891B899E2143EA022292B243F0F1
:104B50002FDB2046BDE8704040F0EE9CF8B50368BE
:104B60008E210446D3F8845442F0E0DC23684000F0
:104B70001B6886B293F8643106F1500106F1940780
:104B800089B2BFB213B1002385F86D31D5F8203159
:104B9000012B1CD002D3022B30D122E095F8E82063
:104BA000012010FA02F295F8583192B2FF2B03D08F
:104BB00010FA03F31A4392B2204643F0F9DA95F85B
:104BC000E83001229A402046394692B214E020464D
:104BD000B5F82A2143F0ECDA20463946B5F82C2105
:104BE0000AE095F8E83001229A40204692B243F05C
:104BF000DFDA20463946002243F0DADA95F81C2144
:104C000042B94C364FF6FE7120463140BDE8F840BF
:104C100043F0CE9AF8BD0000D0F8941010B50831DA
:104C2000044641F0F3D803492046BDE8104041F066
:104C3000D59800BF6C4F010038B5437C04468B42C9
:104C40000D4606D039B142F005DB38B94FF0FF30E0
:104C500038BD002038BD4FF0FF3038BD002084F84B
:104C60007600657438BD00002DE9F0438BB0129FCB
:104C700098460023032F04460D46139EDDF85090FE
:104C8000089309930CD9042208A84146FAF334F298
:104C9000072F05D909A808F104010422FAF32CF220
:104CA0005A2D089900F0B38032D8212D00F0D08021
:104CB00016D80E2D00F0A78008D8052D5BD00C2D3E
:104CC00000F09D80042D40F09B817CE0142DC0F00D
:104CD0009781172D40F2A081202D40F09181C5E0F1
:104CE0003F2D00F0F88009D8272D00F0CE803E2D12
:104CF00000F0EC80262D40F08381D4E0522D00F0AE
:104D00002A81542D00F02A81442D40F07981E7E07A
:104D10006A2D00F0618116D8642D00F0408109D819
:104D20005D2D00F08680632D00F01B815C2D40F02E
:104D300067817BE0682D00F0398100F23A81662DB1
:104D400040F05E812FE1792D00F0528109D8712D5C
:104D500000F04681782D00F04E81702D40F050819A
:104D60005AE17C2DC0F04C817D2D40F255818C2D77
:104D700040F0468163E0E06F98E8A000C66916F055
:104D800004060ED0002335FA03F2D607D9B203D4B5
:104D900001330F2BF7D119462A463B4604F0DADCE3
:104DA0002CE129463246022304F0CADE29462A466F
:104DB0000223E06F04F000DFE06F29463A46022349
:104DC00004F0E0DE2DE1B9F10B0F40F31C8100216E
:104DD0000A460223E06F04F0B3DE00210A460746CC
:104DE0000223E06F04F0CEDE002105460A46E06FA4
:104DF000022304F0E1DE37607560B060FEE0E06F32
:104E000004F0B8DE3FE0D4F88000884902E0D4F82E
:104E100080008749FBF390F020B100210A46FAF3A5
:104E200027F630E04FF0FF333360E9E094F81C31AF
:104E3000E3E0003118BF012184F81C11DEE0099A7B
:104E40004A4500F3E0802046334640F069D845E00B
:104E5000072F40F2D8800029C0F2D88002230093A7
:104E6000E06F0122099B04F01DDFC7E0032F40F231
:104E7000CA800029C0F2CA80022300930022E06F9A
:104E8000134604F00FDF3060B8E00B2F40F2BB8018
:104E90000029C0F2BB80099B002BACBF6FF0160647
:104EA0006FF00106BDE0072F40F2AD800029C0F28F
:104EB000AD80099A002AC0F2A98000250095E06F14
:104EC0002B4604F0FBDE30602E46AAE0E06F314650
:104ED00004F034DE02E0E06F05F006D80646A0E0FC
:104EE000236898680BF046DD0746E06F04F09ADE11
:104EF00010B3E06F04F0B2DE054618B9E06F01218F
:104F000005F004D83368E06F0093736808360193A6
:104F10000023029603934168D4F88820A368FAF32B
:104F2000A1F0002814BF4FF0FF3600266DB9E06FE6
:104F3000294604F0EBDF08E0E06F04F067DE0028AC
:104F400014BF6FF01D066FF0160623683946986887
:104F50000BF018DD65E0D4F860314EE0D4F8643130
:104F60004BE03146102204A8FAF3C6F0059D0C353B
:104F70002846FFF35BF1044600284AD031462A4612
:104F8000FAF3BAF0238820461B0B012B04D0FFF361
:104F90005FF14FF0FF3644E0FFF35AF13CE0236845
:104FA00093F8183629E04FF4B06326E0B4F81E31C8
:104FB00023E089B201292FD80323A4F81E1120462B
:104FC000009319B120220221134602E0022120227F
:104FD000002342F083D811E0204640F08BD952E7FD
:104FE0004B1C022B1BD8204649B242F0DDDB75E793
:104FF000C4F8381102E0D4F838313360002610E0EC
:105000006FF01D060DE06FF00D060AE06FF001066F
:1050100007E06FF01A0604E06FF0160601E06FF08B
:105020001C0630460BB0BDE8F08300BFFA6C890067
:10503000026D8900F0B587B004460668D0F8885044
:1050400000210C2202A8FAF3DBF0002320464FF0E7
:10505000FF31704A059342F031D823681B6893F8FA
:10506000693113B1204640F08BD8204643F014D864
:105070004FF40037204640F039DC009704233069B4
:10508000242105AA41F0AADA00210A46E06F04F0C3
:1050900081D96149204640F0A1DE2046FFF70CFD92
:1050A00002A9204640F05EDB20468021082243F022
:1050B0007FD80A2220465C2143F07AD82046D4F8D3
:1050C000201140F0EDD9554A2046554941F0F6DF10
:1050D0004FF00043C5F888314FF00073C5F88C31AC
:1050E0004FF48043C5F828314FF480336B620121BF
:1050F000204641F0D9DFE06F04F0F0D8A4F81201A7
:10510000A5F8A80616212046B4F8482043F050D848
:105110002046C021B4F86C2043F04AD82046C22172
:10512000B4F86E2043F044D82046182104F1A402BC
:105130000223009741F09EDA022320461C2104F14D
:10514000A602009741F096DA96F858361BB1002374
:1051500086F8583606E000973069242105AA042312
:1051600041F088DA20464421B4F8A82043F020D842
:1051700020464621B4F8AA2043F01AD8B5F888365C
:105180001B051B0DA5F888360123A5F89C360025C4
:10519000B5636319586910B1224B5B6898470435B1
:1051A000182DF6D11F4D6069AB6D98476B6F606924
:1051B00098472046002142F0BDDC23681B6893F825
:1051C000693113B1204640F00DD8A36F2046598BAA
:1051D0004FF48072CC3142F0EBDF637C032200920B
:1051E0001022002B14BF134600232046042141F057
:1051F00075DF2046AE2142F099D94FF4D8634000C4
:10520000C4F82401C4F82831304640F091DC07B0DE
:10521000F0BD00BF04040004943E01000000024001
:105220000000064010A7880070B5036804461B689C
:1052300093F86931002B00F08180836F598B3631F0
:1052400042F074D9236D0646D80777D5636D1906E9
:1052500074D4E36F9A69920002D5DA69D00704D555
:10526000DB69D90701D45A0768D5E36E9B0065D581
:10527000D4F888304FF49675B3F8B42692B242F061
:105280000302A3F8B426D4F88820B2F8B83623F085
:10529000C0031B041B0CA2F8B836236DD80719D520
:1052A000636D190616D4E36FDB695A0712D5E36EF6
:1052B0009B000FD5D4F888300121A3F8F016D4F85C
:1052C0008830B3F8F22692B2130A03F00F0302F00B
:1052D0003F0213E0D4F888300022A3F8F026D4F877
:1052E00088300121B3F8F226A3F8F016D4F88830FC
:1052F000C2F30512B3F8F236C3F30313042A02D142
:105300000BB1042E02D04FF4FB750AE06420FEF3CB
:105310007BF4013DC1D1F6E7013D08D00A20FEF340
:1053200073F4D4F88830B3F8B626D007F4D4B3F8C1
:10533000B82692B242F0C002A3F8B82670BD38B5C4
:105340008B7905460C463BB190F88E22002A21D17C
:1053500090F88F22002A20D10122627193B12B682C
:1053600093F8623173B1E36D58030BD5D5F860083B
:1053700003F0B8FC30B1637923B1D5F86008214659
:1053800003F076FBA07950B128462146BDE83840AD
:1053900044F0A29F4FF0FF3038BD4FF0FF3038BDD2
:1053A00043690BB90223436183690BB914238361F9
:1053B000C36913B94FF41673C361836813B94FF40B
:1053C0007A73836003690BB9034B0361C3680BB93C
:1053D000024BC360704700BF00350C00804F1200C5
:1053E0002DE9FF4703680446D3F80090D9F8103040
:1053F0009B6FB3F81AA099F81930002B5AD040F2DD
:10540000A47600253146D9F8100042F08FD8B11C9F
:105410000746D9F8100042F089D86B08023504AA73
:10542000EDB202EB830347EA00400436062D43F851
:105430000C0CE7D10AF1A40A5146D9F81000019FDB
:10544000039E029D42F072D851468046D9F8100062
:1054500042F06CD84BF6FF7202405146D9F810006A
:1054600042F0A6DE236A9F4202D2DB43D81900E055
:10547000F81A636A9E4202D2DB43991900E0F11ADE
:10548000A36A9D4202D2DB435A1900E0EA1AA368DC
:10549000276298426662A56203D3032384F83830FA
:1054A0000AE02369994207D2E3689A4204D2C8F31A
:1054B000803002E0F52000E0012004B0BDE8F08774
:1054C000F7B5099D0023032D06461746089C009357
:1054D00001930BD9042268462146F9F30DF6072DF6
:1054E00004D901A8211D0422F9F306F61C2F07D1C7
:1054F000D6F88030002093F838200A9B1A6001E02B
:105500006FF01600FEBD2DE9F041044616461F4619
:105510000D46002900F09D8030F0C4D8D4F8A031A9
:10552000804693F8661093F86C20002940F088803C
:10553000002A40F08580998842F20E72013989B2C2
:1055400091422DD8206940F2EA3140F0D3DD90B18C
:1055500020694FF47B7140F0CDDDD4F8A0319A88FA
:1055600041F64B539A4204D9206940F2ED3140F0A4
:10557000C1DDC5B200E00546206940F2EB3140F0E4
:10558000B9DD012330B13B70D4F8A031002283F89B
:105590006E2033E03870D4F8A02182F86E302DE010
:1055A0005A8D910706D5206940F2EE3140F0A2DD18
:1055B000C5B223E012F0010214D0B3F87B10002929
:1055C00073D0B3F87920002A6FD00A20414391FBB1
:1055D000F2F2062A69DDB3F87130012B67D0022B95
:1055E0000DD166E032703A70D4F8A021012382F820
:1055F0006C30D4F8A02182F86E3000E03DB9002371
:105600003370D4F8A031012283F86C201BE0D4F869
:10561000A03193F86D20022A07D9012283F8662071
:10562000D4F8A03183F8675002E0002333703B7058
:10563000D4F8A03193F86D20013283F86D2002E098
:105640000AB100233370D4F8A031C3F86880BDE8F4
:10565000F081D0F8A03193F866202AB9DB6E13F000
:10566000FF1F13D1BDE8F081022213462FF03EDC6C
:1056700001232046294602222FF038DCD4F8A0313D
:1056800083F86650D4F8A03183F86750D4F8A0218D
:10569000002382F86C30D4F8A02182F86E30D4F860
:1056A000A02182F86D30BDE8F0810625AFE7022524
:1056B000ADE70825ABE770B5036886B00C46054634
:1056C000002103A80A221E68F9F39AF5BDF80C30F0
:1056D00043F01003ADF80C3094F8AC30A3B1D4F81B
:1056E0008830D3F82031D8070ED5204642F0B8D9FB
:1056F000022200922046BDF80C300021102241F019
:10570000EDDC204641F064D9012185F83910336A77
:10571000186901F0C4FA06B070BDF0B5036887B02F
:105720000C460746002103A80A221D68F9F368F514
:10573000BDF80C3023F01003ADF80C302B699B6FD3
:105740005E8B94F8AC30002B3CD0D4F88830D3F882
:105750002031DB0736D5204642F082D90222BDF83F
:105760000C30009220460021102241F0B7DC236D5E
:10577000D80724D5636D190621D4E36F9A69920086
:1057800002D5DA69D00704D5DB69D90701D45A07F5
:1057900015D5E36E9B0012D5D4F88830B3F8B8263F
:1057A00092B242F04002A3F8B826D4F88820B2F8AA
:1057B000B83623F080031B041B0CA2F8B836204631
:1057C00041F006D9002487F8394006F136012869EE
:1057D000224642F0EDDC06F108012869224642F03B
:1057E000E7DC06F1F80122462869A43642F0E0DC45
:1057F0003146286941F09ADE4BF6FF72024031468D
:10580000286942F0D5DC2B6A97F83910186901F045
:1058100046FA6B7E43B1286940F2A47122460C23FC
:1058200042F0DAD8204601E06FF00A0007B0F0BD80
:105830007FB551F8383B00221868D0F868320092E2
:105840000192029201220391049219469822DC33BC
:1058500017F0CCDE07B000BD38B50446FFF7A0FD59
:1058600094F83830032B04D02046FFF7B9FD0546E5
:1058700000E0002594F83830013B032B73D8DFE8B3
:1058800003F00213304C01202146FFF7D1FF012D18
:1058900008D1E36A626901339342E36263D302236E
:1058A00084F83830002351E002202146FFF7C0FF82
:1058B000012D4FF000030BD1226BA16901328A4206
:1058C0002263E3624FD3032284F83820236338BD78
:1058D000E26A616901328A42E262236343D30122B0
:1058E00032E003202146FFF7A3FF94F83930012B63
:1058F00007D120466168FFF710FF0023236263622F
:10590000A362636BE2690133934263632BD3002389
:105910006363042384F8383038BD04202146FFF740
:1059200087FF94F839301BB920466168FFF7C3FE42
:10593000012D4FF000030BD1E26A616901328A4206
:105940002363E2620FD3032284F83820E36238BD78
:10595000226BA16901328A42E362226303D30122EE
:1059600084F83820236338BDF7B50368044693F8FC
:105970003C20002A40F0AC8093F86931002B00F005
:10598000A78044F06BDF022840F3A280204644F059
:1059900003DF002800F09C80206940F059DA23687A
:1059A0000646DA6ED4F86872002A40F091801B7EB9
:1059B000002B00F08D8094F8D4312BB120461FF0DD
:1059C00067DA002840F08480D4F8A0315A6B52780E
:1059D000D1070CD4DD795DB1D4F86832D3F8143135
:1059E0001B695B42AB42CCBF0825002500E00025C7
:1059F00006F00403002B18BF0825BB7916F010062B
:105A000018BF4FF4007623BBD7F8083193F9343030
:105A1000FBB13B7AEBB13B7C23B107F1DC00FAF33D
:105A20005BF2B0B994F88D32012B12D194F88E321A
:105A300023B1D4F8180535F019D850B9FB6DA3B1CE
:105A40003A6D40F2371313407BB197F86030D3B111
:105A50000BE094F88D325BB1D4F88C221D4B1340CF
:105A6000B3F5807F10D13B7C73B13543ADB20BE011
:105A700094F88E323BB1D4F8180534F0F7DF0028E3
:105A800008BF002500E01D46022120464FF40272A7
:105A90002B4600911FF060DC354219D00023D4F86A
:105AA0006422D15889B18A797AB90A7A6AB10A7CB2
:105AB0005AB1D4F8440158F0E9DE0146D4F8440163
:105AC00003B0BDE8F04059F0A9990433202BE6D18A
:105AD00003B0F0BD00FFFF002DE9F8430568044660
:105AE000D5F8A031D0F83480D3F810902B699B6F93
:105AF0005E8BFDF315F7A36CA064C31AB3F5617F49
:105B000001D2BDE8F883204645F0BAD984F83000C8
:105B1000204644F033DF84F83100204645F088D831
:105B200094F8453084F85A005BB194F8403084F81A
:105B3000303094F8413084F8313094F8423084F8B1
:105B40005A3098F801305B0721D5E76B284694F965
:105B5000311094F9302094F95A30B8475FFA89F936
:105B60004845074613D02846394645F0A7D8286946
:105B7000026D12F480020AD14EB1012F06F1A40188
:105B800001D1602301E06022134642F013DA284677
:105B90000122D5F86812FFF7E7FE98F80130980760
:105BA00015D5A66B94F95A30284694F9311094F91A
:105BB0003020B04794F832300646834207D028465A
:105BC000044932461FF0F8D808B984F83260BDE8BD
:105BD000F88300BF6FB0890073B50468054620469E
:105BE00044F0DADDD4F8A031064693F85E200132A5
:105BF00083F85E20236893F86931002B4AD000288F
:105C000048D0236A1B68022B44D1012803D12046C7
:105C1000294645F0B5DB6B6B5B78DB0703D528467F
:105C2000FFF75AFF36E0204645F05CD8D4F8A031A3
:105C3000DA7A72B1D4F86812D1F8141109694942BC
:105C4000914206DD721E012A1ED95E732046012193
:105C50000EE09A7A7AB1D4F86812D1F81411096971
:105C60004942914207DA042E0ED05E732046042189
:105C700045F024D808E0597B31B1204645F01ED8C4
:105C8000D4F8A03100225A732046D4F868120122B9
:105C9000FFF76AFE236893F86921002A51D0226A2F
:105CA0001268022A4DD101228DF806208DF80720B6
:105CB0004EB3042E27D093F8412022B393F842200C
:105CC0000AB3D4F864210AB19279E2B993F83E306C
:105CD000CBB1D4F8A03142F20E729988013989B261
:105CE000914203D9598D11F0030105D0013E012ED7
:105CF00009D82046012100E020460DF107020DF1F0
:105D00000603FFF700FC9DF807109DF80630A1F18F
:105D100001025142A3F1010041EB0201434243EB76
:105D2000000302228DF80630204613468DF8071036
:105D30002FF0DCD820469DF80610022201232FF018
:105D4000D5D8236893F8693123B1236A28461968A6
:105D500045F00CDFD5F88000FFF77EFD00207CBD0C
:105D60002DE9F04705689A462B68044693F84400ED
:105D70008EB00F461646002838D00DF10C094FF0B2
:105D80000008002124224846F9F33AF2414608224D
:105D90000CA8CDF81080CDF80C80F9F331F2424612
:105DA0004346D5F8C0063946CDF8349051F0FADCB8
:105DB000D4F8444180460FE08DE84001013304935C
:105DC000D5F8C00639464FF6FF720CAB059451F07A
:105DD000C9DC50B924684644049B002CECD1039ADA
:105DE00001209B18CAF8003000E000200EB0BDE88A
:105DF000F08702680146D2F86C31D2F8D80603F574
:105E0000C67203F5CE7305F077B8000000487047FE
:105E1000C4580100024B542202FB0030704700BFFF
:105E2000BC650100004870476466010038B58B7896
:105E30001C1DA24230D30A78012A30D1142B34BF62
:105E40001A4614224B78022B04D0032B1ED0012BB0
:105E500028D101E0002315E0002307E0CC182579C4
:105E600090F8234001332C4380F8234001309342C3
:105E7000F4DB0FE0CC18257990F8234001332C4057
:105E800080F8234001309342F4DB03E024300431F6
:105E9000F9F332F1002038BD6FF00D0038BD6FF01E
:105EA000240038BD002038BD38B5044610468A7835
:105EB000151DAB420FD30B78012B0FD1142A28BF2D
:105EC000142214238270C37004F124010430F9F306
:105ED00013F1002038BD6FF00D0038BD6FF02400C5
:105EE00038BD982970B504460D46164611D82430A1
:105EF00012B1FAF35DF501E0F9F3D6F72C2D0BD1D1
:105F00000121321CA06818BF01221DF071D90020A8
:105F100070BD4FF0FF3070BD002070BD70B50546FC
:105F20000C464EF067D8064680B190F861309BB9B8
:105F3000836923B9E420FEF37FF1B06130B1F369E6
:105F400053B9E820FEF378F1F06128B928462146DC
:105F5000BDE870404DF04E9E70BD00002DE9F04F41
:105F60009A469BB00D46D1F80C31D1F80461002857
:105F700000F0318189794468002940F02C81297C26
:105F8000002900F028819AF8011002291FD19B688E
:105F9000182B1CD102F10A00D5F808110622F9F3DA
:105FA00097F0A0B90AF1080031460622F9F390F003
:105FB00068B920462946D5F8082173F0F3DC30B1E2
:105FC00020462946324673F0EDDC074620B900230F
:105FD00000932846062138E0BAF80E308BBB00212A
:105FE0000C2217A8F9F30CF17C4B0DF1140917934F
:105FF0007B4B002128220DF13C0848461893199448
:10600000F9F3FEF00023002120224046ADF82430B1
:10601000F9F3F6F00AF110030193249BCDF8008008
:10602000103B0293D4F8BC062946D02217ABCDF81A
:10603000589051F0D3DB002840F0CD80BDF82430DB
:106040002BB102220092284601213246C1E0D5F848
:10605000103193F8F430F3B9D5F818311B7AD3B96D
:1060600094F890322846590744BF23F0040384F87B
:106070009032012124F0B0DCD5F81031012283F8F0
:10608000F4204FF4FA70FDF3BFF594F8903243F02A
:10609000040384F89032B6F83280236AD3F804B04F
:1060A00008F44043A3F54042D2F1000A4AEB020A49
:1060B000003318BF01230A3354F8239008F46053C7
:1060C000B3F5005F03D14046FAF3A2F5804608F429
:1060D0006053B3F5C05F27D1236893F84F309B0717
:1060E00014D0D4F85801D9F8041049F00FDB000798
:1060F0000CD499F8E530990708D5D9F80030022B6F
:1061000012D1D5F868339B789A070DD54046FAF33B
:10611000FFF440F480539BB20E288CBF4FF44048EC
:106120004FF0000848EA0308236A18695EF040DA75
:1061300040451CD04146D4F8580149F0E7DC2046E0
:1061400025F0A4DD2046414624F0D2D8236893F8F8
:106150003B304BB1D5F83C335968D4F8C03599423F
:1061600002D0204620F03CDA20461DF03DD82046E3
:1061700006F1380120F016DDD34524D0236A2046ED
:1061800039465A682B4673F03DDA2368206A93F843
:106190004F30503013F0030307F13C0108D03B6946
:1061A000D3F8EC3003F48053D3F1010338BF00235C
:1061B0007F228DE80C00002213466CF0EBDA2046BB
:1061C000394673F053DF02230021009328463246FC
:1061D0000B463AF075DE1BB0BDE8F08FA9B885001C
:1061E0000DBA85000B89F0B5C48F03F0F0060419D1
:1061F000360934F81650428FB0F83CE0013634F8D6
:106200001670CC688218864487B052190EEBC50E02
:106210002CB14E69C4EB060C8E69664400E026463C
:106220007D1BADB2CDF800E00195C0680290086812
:106230000494039005964868194600234FF084DFC4
:1062400007B0F0BDF0B50C460989C58E01F0F00627
:10625000878E4519360935F81630C7194FF00C0EE0
:106260000EFB037787B0428E0136009735F8165043
:106270008218ED1AADB201958068D218029020689C
:1062800000230390A0690490E069059060684FF0D6
:1062900041DE07B0F0BDF0B50C460989C58E01F0AE
:1062A000F006878E4519360935F81630C7194FF0B4
:1062B0000C0E0EFB037785B0428E0136009735F841
:1062C00016508218ED1AADB201958068D21802906E
:1062D00020680023039060684FF0F6DE05B0F0BD43
:1062E0002DE9F341B0F81280878AC68A8479804408
:1062F000C7198619F4B9254605F00F0336F81310AF
:10630000013336F813208A420ED00C4B521A18195A
:1063100080884FF00C0E009092B208EB0100E35819
:106320000EFB01714FF0CEDF013508340D2DE3D1A6
:10633000002001E06FF01600BDE8FC816859010003
:106340000378FF2B01D018467047437813B180784B
:10635000FF3070474FF6FF70704791E80C000989D5
:106360005268B02902D11268032A08D090F8420678
:1063700030B1D3F86433587810B102307047002040
:10638000704706207047036873B50446D0F824545C
:10639000D4F81C1498680AF061DA26E0EE690BBBA9
:1063A000D4F8243405F10E029D4208BFC4F82464D9
:1063B0002068214673F0F6DA024640B1012102233B
:1063C0008DE80A0020682146002372F053DF23681D
:1063D0002946586851F088DC94F82034013B84F851
:1063E000203401E0013BAB6135461DB1AB695A1C5D
:1063F000D4D116E02368D4F824249868D4F81C1467
:106400003AB90AF097DAC4F81C5484F8205402B060
:1064100070BD42F210722B4602B0BDE870400AF027
:10642000F799FEE77FB5D0F824040E4615461C46C2
:1064300098B104AB43F8040D0020009301463246A6
:106440002B4651F09FDC40B94EF660235C4342F28C
:106450001073B4FBF3F4039B9C6104B070BD0000A7
:106460002DE9F0410546D0F80080D0F81441FDF345
:1064700057F2D8F82030064618695EF099D8D5F85A
:1064800008315B8E834259D113F4404F09D1D8F8BB
:10649000003093F8693123B1404640F00FD800280E
:1064A0004CD0A36C002B53D0E16C721A9A424FDB94
:1064B00094F850301BB122695BB2934248DB94F8E8
:1064C0004430FBB12769EFB1FF1AD8F8C4366FF03A
:1064D000C7029742B8BF174613B19F42B8BF1F46C5
:1064E000B4F90E30002B03DA1A483246F8F3AEF650
:1064F000002213462846394654F026D8D5F80831EC
:10650000228A5A8594F8453013B3676907B3FF1A96
:10651000B4F93A3027EAE777002B04DA0E48E16C49
:106520003246F8F393F628463946002254F05AD8FA
:10653000D5F80831A48A9C85BDE8F081D5F80831EA
:10654000DA8DE36CD318E3649B1B002BC8BFE664B1
:10655000BDE8F081AEC58900DFC5890010B5002017
:1065600012F04004187002D012F0800F15D011F410
:10657000007005D012F0800F02D00120187010BDFD
:10658000490501D5130605D530B9D4F1010038BF4E
:10659000002010BD002010BD012010BD2DE9F04FDE
:1065A000836B0D46596C044640F2395087B09246D1
:1065B000002281428DF8172003D040F28B50814297
:1065C00008D1B4F8522002F44042A2F540414A42B8
:1065D00042EB01021869039268F072D828B3D4F82C
:1065E000E4235AB1D4F8F803012169F07FDE28B919
:1065F000A36BD4F8E413986869F0A8DC94F894309D
:1066000083B9D4F8F803B4F85210012269F038DEE7
:10661000C4F8E40330B1BAF1000F03D120465EF0B4
:106620004FDD46E10023C4F8E433B4F85210A36B05
:1066300001F46051B1F5005F986805D0A1F5C05232
:10664000514241EB020100E0022169F071DC064693
:10665000002800F02E8135B120462946B4F852209A
:1066600033465EF007DDB4F852904846FAF350F234
:1066700009F46057A36BB7F5005F986805D0A7F5DC
:10668000C053594241EB030100E0022169F050DCA4
:10669000A36B054610B99868314617E0B7F5005F5F
:1066A000986806D0A7F5C058D8F1000141EB080161
:1066B00000E0022169F03CDC804650B9A36B314612
:1066C000986869F043DCA36B2946986869F03EDC62
:1066D000EFE0D4F8E403B8B169F044DCB7F5005F4B
:1066E00006D0A7F5C05CDCF1000343EB0C0300E02F
:1066F0000223984208D0A36BD4F8E413986869F099
:1067000025DC0023C4F8E433D4F8E433FBB9A36BED
:10671000B7F5005F986806D0A7F5C05EDEF100010E
:1067200041EB0E0100E0022169F002DCC4F8E40351
:1067300068B9A36B3146986869F008DCA36B2946F9
:10674000986869F003DCA36B41469868BEE7D4F80B
:10675000E40369F02DDB20465EF04CD8284694F91E
:106760007B1069F017DD00230DF11702009320461E
:10677000434649465FF09CDC4046314669F054DBB5
:10678000404694F9651369F0ADDC4146284669F04E
:106790004BDB94F85810632902D8284669F0B6DC20
:1067A000284669F0DDDB284669F014DC94F867338D
:1067B00007469B0098426FF07F012846B8BFDFB2C2
:1067C00069F01EDCFFB25FFA80F9A36B84F87E707B
:1067D00084F87F908346186967F072DFB8B1D4F807
:1067E000F803B4F8521069F02DDE01280FD1B4F887
:1067F000521000224B46D4F8F80369F0D5DDD4F8E6
:10680000F803B4F8521000223B4669F0BDDD0023C6
:1068100084F891B084F8963084F88030BAF1000F93
:1068200003D02846514669F019DB94F88230284697
:106830000BB1039B23B194F97E1069F0C7DA03E032
:1068400094F97F1069F04EDCD4F8E403294669F02E
:10685000D1DAA36B186967F033DF98B1D4F8F80385
:10686000B4F8521069F0EEDD012803460AD1D4F8DD
:10687000E403A16B00908868B4F85220D4F8F813B0
:1068800069F054DDA36B3146986869F05FDBA36B58
:106890002946986869F05ADBA36B4146986869F00D
:1068A00055DBBAF1000F04D1D4F8543A0BB12046AD
:1068B000984707B0BDE8F08F10B590F86330002B13
:1068C0003CD0DB07C9B22CD5836E8B4223D190F824
:1068D000253A3BB10023846BE4180133082B84F87C
:1068E0002021F8D1836BD3F828411B1983F820218C
:1068F000836BD3F82841072C01D0013400E0002439
:10690000C3F8284190F8253A2BB190F8263A13B1F4
:10691000002380F8253A90F8633023F0010380F8D3
:10692000633090F8633013F0020F07D023F00203B6
:1069300080F86330836B186967F0BADE002010BD01
:10694000F8B590F863300446002B3AD1012902D003
:10695000022939D100E08266A36B80F863101A6ABD
:1069600094F8D900626618BB94F86C20002A2DD1E7
:1069700018698E2167F072DE400087B2062502E0BA
:106980000A20FDF341F1A36B07F174061869314643
:1069900067F064DE08B1013DF2D1A36B01221869F2
:1069A000314667F067DE204601F012F8024600E04B
:1069B000A122B4F85210204652B2BDE8F840FFF7C9
:1069C0007BBF6FF01800F8BD6FF00200F8BD10B586
:1069D00004465DF0EDDD0221C2B22046BDE8104064
:1069E000FFF7AEBF30B5026CCB8892F829463CB9B0
:1069F000846B64690A2C03D94C8A14F4807F14D008
:106A0000846B6569272D03D10C8A14F4006F0CD1B7
:106A10008C88DBB214F0030F01D09D2B05D0232D01
:106A200007D14D8A15F0200F03D001238B77002367
:106A30000AE090F92C031B18E00444BF92F91E26CB
:106A40009B180022CB778A770B7700234B7730BDDA
:106A5000C369043B082B06D8DFE803F018050907D3
:106A600009050B050D000020704717207047042012
:106A700070470720704790F83E03012808D003288C
:106A800014BF4FF483704FF48B7070470120704730
:106A90004FF48B707047836B13B51A6A044601324A
:106AA0001A6290F86020002A00F0AC80B0F8C8228A
:106AB0002AB1D0F8F013A1F83622A1F83A22B4F89E
:106AC000CC222AB1D4F8F013A1F82822A1F824226C
:106AD000B4F8CA222AB1D4F8F013A1F82222A1F8FE
:106AE0002622216F40F606220A402AB993F82C315B
:106AF00013B120465DF0F8DDA36B1A6A1B6EB2FB82
:106B0000F3F103FB1123A3B920465FF085DC236F6B
:106B100040F60202A16B1A400032086918BF012238
:106B2000B4F85210C3F3800367F0D2DD20465FF063
:106B300081DC226F40F60E231340B3B9A36BD4F867
:106B40008C21196AD2F89020D3F818318A1A9A4207
:106B50000BD394F8522020460121FFF7F1FEA26BDF
:106B6000D4F88C31126AC3F8902094F8633043B1A2
:106B7000A36B1A6A636ED31A052B02D9002384F81B
:106B80006330D4F8F4202AB1A36B196A1B6E8A1AF9
:106B90009A420CD3226F40F6020313403BB92046C1
:106BA0005DF016DE18B1A36B1B6AC4F8F430226FD7
:106BB00040F60F2313402BBB20465EF0B5DA20468B
:106BC0005EF054DAD4F88C31D3F8882012B1013A4F
:106BD000C3F88820D4F8B43A0BB120469847A36B89
:106BE000186967F023DD68B1A36B01A918690DF17D
:106BF000070267F01FDD20469DF80710BDF804204E
:106C00005DF0D4DD00201CBD03460021986B4018C8
:106C10000131082980F82021F8D19A6B0021C2F8AF
:106C20002811D16E032907D1D3F8C410C90703D5A1
:106C3000126A0832C3F8B8200022991802324FF6BF
:106C4000A470202AA1F8040AF7D10020012283F8B9
:106C5000240A83F8EC2A7047836B10B59A690446BE
:106C600092001BD590F8ED2A012A17D1B0F85220D6
:106C700012F4404F12D1186967F004DD636CB3F869
:106C8000B42692B242F00302A3F8B426636CB3F8C0
:106C9000B82692B242F0C002A3F8B82610BD80F820
:106CA000ED1A704730B5056C044687B028464FF49E
:106CB000007141F21C1260F047DB002800F09D805B
:106CC000072303932023059380230293002301903D
:106CD000049340F8043B0133802BFAD1204601A9EC
:106CE00065F0E8DE4FF43073204601A9049365F0A7
:106CF000E1DE206C41F22F1160F04CDB20460121D7
:106D000064F086DC20463E4936225DF0F7D9D5F89E
:106D1000C434204640F6F4114FF480426BB1134660
:106D20005DF0B4D9B5F85824B5F856342046D318D8
:106D300040F20C5140F2FF129BB25DF0A7D91E2227
:106D4000304920465DF0DAD9204661F011D820465E
:106D500063F014DA99210122002320465DF068D9FE
:106D600096210222002320465DF062D9A221012251
:106D7000002320465DF05CD9A52140220023204657
:106D80005DF056D9A6210122002320465DF050D99E
:106D9000A1210122002320465DF04AD930220023A0
:106DA000204602215DF044D96F2120464FF4005265
:106DB00000235DF03DD94FF48052134620466F21E9
:106DC0005DF036D904221346204640F2D7415DF0EB
:106DD0005DD940F2D7414FF470624FF48073204682
:106DE0005DF054D9204662F0DBDB204640F275515D
:106DF0004FF4007200235DF049D907B030BD00BFE9
:106E0000BE5A01002A5B0100F0B5072387B0066C6B
:106E1000029320230493012304460D460193304638
:106E200005AB4FF4007141F27332009360F08CDADD
:106E3000002849D0D6F8B865074601460023B3427A
:106E40002CBF9E46B64605EBCE0292F803C015F85D
:106E50003EE001334EEA4C5E92F802C052784EEAB0
:106E60004C3E4EEA4212802B059241F8042BE6D1AB
:106E70008DE809006946C0232046039365F01ADEB9
:106E80000023B3422CBF1A46324605EBC2021079EA
:106E90005179400240EA4140D179013340EA010290
:106EA000802B059247F8042BEBD14FF4107320464A
:106EB0006946039365F0FEDD236C41F29F31C3F810
:106EC000BC55206C60F066DA07B0F0BDF0B5076C19
:106ED00089B0002304460D4638464FF400714FF444
:106EE000965205930693079360F02EDA0646002823
:106EF00034D04DB9204605A906AA07AB5EF028DBC1
:106F000003953746002510E097F83336002BF8D06C
:106F1000B4F9283A0693B4F92A3A0793B4F92C3A0B
:106F200005934FF430730393EBE705A928460EC988
:106F300064F0B0DE0135802D47F8040BF5D107234E
:106F4000029320462023694604930096019565F03C
:106F5000B1DD206C41F2DF2160F01CDA09B0F0BD38
:106F60002DE9F047571A7E1C1FFA86F94FEA89036C
:106F70004FF6FC7186B004461940006C41F6DE32D3
:106F800060F0E2D90546002871D010234FF0600A66
:106F9000DFF8E0808DE8080404AA022320460021DF
:106FA000CDF808805EF0CCD8BDF81020BDF81230C6
:106FB00092059B059B0D920D43EA8222C246002357
:106FC00008E055F8231001F07F61114345F82310C4
:106FD00001339BB2BB42F4DD20234FF4A0788DE84F
:106FE0000801DFF894802A46334620460721CDF871
:106FF00008805EF0B3D8206C41F6F23160F0CAD957
:107000004FEA49094FF6FE71206C09EA010141F689
:10701000F53260F099D9054648B310234FF0620C61
:107020008DE808102046012300210DF11602CDF84D
:1070300008A05EF085D8002305E0BDF8162025F8ED
:10704000132001339BB2BB42F7DD10234FF4E07EE7
:107050008DE80840204607212A463346CDF80880AF
:107060005EF07CD8206C41F6024160F093D906B006
:10707000BDE8F087CD2187006149870010B504463F
:1070800060F098D92046012200234FF430615CF073
:10709000FDDF2046042200234FF430615CF0F6DF70
:1070A0002046082200234FF430615CF0EFDFF0222D
:1070B000204613464FF430615CF0E8DF4FF4706215
:1070C000204613464FF430615CF0E0DF2046002399
:1070D0004FF430614FF480525CF0D8DF2046062236
:1070E000042340F607315CF0D1DF20463822082324
:1070F00040F607315CF0CADF2046002340F6073136
:107100004FF4E0725CF0C2DF20463022102340F6DC
:107110000B315CF0BBDF40222046134640F60B31BA
:107120005CF0B4DF204640F60B314FF4F0624FF4D0
:1071300080635CF0ABDF204640F60B314FF4F04249
:107140004FF400535CF0A2DF94F8FC392046012B89
:1071500014BF4FF480534FF4105340F60C314FF6E8
:10716000FF725CF093DF204640F60C314FF6FF7261
:107170004FF480535CF08ADF204640F60D314FF625
:10718000FF724FF450435CF081DF204640F60E3131
:107190004FF6FF724FF478435CF078DF20461023FF
:1071A00040F60F314FF6FF725CF070DF20464FF46F
:1071B00031614FF6FF724FF478435CF067DF204691
:1071C00040F611314FF6FF724FF47D435CF05EDF05
:1071D00020460F22002340F612315CF057DF204694
:1071E000F022002340F612315CF050DF20460023ED
:1071F00040F612314FF470625CF048DF20460F22F7
:10720000002340F613315CF041DF2046F0220023DA
:1072100040F613315CF03ADF2046002340F613318C
:107220004FF470625CF032DF20460F22002340F6FC
:1072300014315CF02BDF2046F022002340F614319D
:107240005CF024DF204640F614314FF470620023D6
:107250005CF01CDF20460F2240F6153100235CF065
:1072600015DF2046F022002340F615315CF00EDFDA
:107270002046002340F615314FF470625CF006DFC3
:1072800020460322012340F616315CF0FFDE204643
:107290000C22002340F616315CF0F8DE2046302246
:1072A000102340F616315CF0F1DE2046C022402368
:1072B00040F616315CF0EADE2046002340F6163137
:1072C0004FF440725CF0E2DE204640F616314FF497
:1072D00040624FF480635CF0D9DE20460322002335
:1072E00040F617315CF0D2DE20460C2240F6173112
:1072F0004FF6FC735CF0CADE2046302240F61731B0
:107300004FF6F0735CF0C2DE2046C022002340F648
:1073100017315CF0BBDE204640F617314FF4407267
:107320004FF47F435CF0B2DE204640F617314FF455
:1073300040624FF47C435CF0A9DE2046012200232A
:1073400040F606315CF0A2DE1F222046134640F6CE
:1073500005315CF09BDE4FF6FF722046134640F687
:1073600004315CF093DE4FF6FF722046134640F680
:1073700008315CF08BDE204640F609314FF6FF7293
:1073800047F6FF735CF082DE2046082340F60A31A0
:107390004FF6FF725CF07ADE20463F2340F6023162
:1073A0004FF6FF725CF072DE2046FF2340F6033199
:1073B0004FF6FF725CF06ADE0F222046134640F65D
:1073C00001315CF063DEF0222046134640F60131C5
:1073D0005CF05CDE0122204613464FF430615CF025
:1073E00055DEA36B2046D96EBDE810405FF0029ACF
:1073F0002DE9F043044689B00F469046006C4FF4E7
:10740000806141F2366299465FF09EDF06460028B1
:107410004ED001221346204640F29C41C4F8D07061
:107420005CF034DE20469DF840105FF041DB2822FE
:107430002046394661F09CDFB0F5807F054603D9D0
:10744000206C41F2526131E0204640F2D6610322C5
:1074500000235CF01BDE08221346204640F2DA616E
:107460005CF014DE282342468DE82800204633468F
:10747000394665F061D9152303960593002620232C
:10748000204603A907930495069665F013DB9DF843
:1074900044302046019329464FF6FF723346CDF81B
:1074A000009062F0F1DF206C41F266615FF072DF04
:1074B00009B0BDE8F08300002DE9F04F00218FB046
:1074C000076C90F85250ADF83210ADF83410044605
:1074D000002109A80C22F7F393F60023ADF836300B
:1074E00097F8153613B197F8161601E097F81416A9
:1074F000D4F8DC002A465FF0BDDC8046002800F0AE
:107500006081204601215FF0D3DAB8F8005045B120
:107510002DB24FF47A726A432046012163F098DE5F
:107520000125B8F8023063B10135EDB21BB24FF45A
:107530007A725A432046294663F08ADE012D0AD129
:1075400000E0DDB1022300930121002301930293A7
:1075500020460A4608E002230121009301930023FC
:10756000029320460A460B4663F014DF20460521AD
:107570004FF486720DF1320361F01CDE00252E46B9
:10758000A94638F8051029B304200B238DE809001B
:1075900009B20DAA4FF4FA73204661F07BDBBDF807
:1075A0003420BDF832301C3AD21AB7F9181613B28B
:1075B00099420FDC0EA9062303FB061338F80510C9
:1075C000013623F8141C23F8122C23F8100CB6B241
:1075D0004FF001090235042DD3D102230693102365
:1075E00008930DF13603049300250123204604A9D6
:1075F0000593079562F094DE10238DE82800724B06
:1076000002210293204601230DF1360201355DF07F
:10761000A5DD402DF0D10025204629462A462B46DF
:1076200000950195029563F0B5DEB9F1000F40F0C9
:10763000B180C2E00EAB4FF0060909FB053939F8FD
:10764000148C0135EDB20FFA88FA4FF47A7202FB0E
:107650000AF22046294663F0FBDDB7F91A2639F90C
:10766000123C9A4201DD002006E0B7F91C269A423E
:1076700001DD012000E002205FF0F4DB2946024634
:10768000204663F039DEBAF1000FB8BFCAF1000A34
:107690004FEA8A0A4FF0000940F271239A450ADD49
:1076A00009F101095FFA89F9AAF59C6AB9F1200F7D
:1076B000AAF1020AF0D10FFA88F3002BD8BFC9F162
:1076C00000095FFA89F94FFA89F34FEA48086FF425
:1076D0001C7202FB0388002BB8BF5B42022B59DDF2
:1076E0004FF0000A002150465FF058DC0FFA88FB8B
:1076F0008BEAEB73A3EBEB73984244D10121504624
:107700005FF04CDC0221804650465FF047DCBBF165
:10771000000F82464FFA89F30ADA002BDBBF5FFACB
:1077200089FB0BF1400909F1FF3B0BF13F0B09E02D
:10773000002BDBBF5FFA89FB0BF1400909F1010B5C
:107740000BF1410B4FFA89F3204604A9079362F02D
:10775000E7DDBDF836302046984404A9ADF8368000
:1077600065F0A8D94FFA8BF3204604A9079362F07D
:10777000D7DDBDF8363020469A4404A9ADF836A0CE
:1077800065F098D906E00AF1010A5FFA8AFABAF1BF
:10779000060FA7D1B542FFF44DAF4FF00003012E05
:1077A00000930193029320464FF0050101D1324628
:1077B00001E00122134663F0EDDD204600215FF079
:1077C00077D90FB0BDE8F08F614987002DE9F74305
:1077D000904608220F461E4640F60701134604460F
:1077E000056CBDF828905CF051DC01221346204660
:1077F00040F607015CF04ADC4FF400521346204685
:1078000040F646015CF042DC204640F639013A463B
:107810005CF06EDC94F86D33204640F635010BB118
:10782000802200E020225CF063DC20464FF40461FB
:1078300000225CF05DDC204640F634017F223346B6
:107840005CF024DC20464FF401614FF480434FF498
:1078500040425CF01BDC94F86D33204640F6360164
:1078600013B14FF4807200E040225CF041DC20460E
:1078700040F646010F2208235CF008DC94F86D63A3
:10788000204640F64601F02256B190235CF0FEDB24
:10789000204640F646014FF470624FF4106308E052
:1078A00033465CF0F3DB204640F646014FF470624D
:1078B00033465CF0EBDB204640F633017F22434643
:1078C0005CF0E4DB4FEA0923204640F633014FF435
:1078D000FE4203F47F435CF0D9DB012620463B499E
:1078E0006422002300960196FFF782FD4FF4805238
:1078F0001346204640F6A5115CF0C8DB32463346FD
:1079000040F6881120465CF0C1DB4FF49670FCF322
:107910007BF13246204640F637015CF0E9DB44F665
:10792000216602E00A20FCF36FF1204640F63701A1
:107930005CF0CCDB30B1013EF4D103E00A20FCF373
:1079400063F101E044F62166204640F637015CF021
:10795000BDDB08B1013EF1D140F6370120465CF0B5
:10796000B5DBC10705D594F8153343F0010384F85E
:1079700015330023204640F6A5114FF480525CF0E9
:1079800085DB20465FF09CD92046002340F2A661AB
:1079900041F6FF725CF07ADBD4F88C312046B3F903
:1079A0008C20B5F9043C40F609019A42B4BFB5F801
:1079B000065CB5F848554FF68072ED0105EA020302
:1079C00003B0BDE8F0435CF0619B00BFA02526003A
:1079D000F0B54F4B91B0044602AA03F12006186897
:1079E0005968154603C50833B3422A46F7D11868CB
:1079F0009B882860AB80012384F8263AA36B8E21F4
:107A0000186966F02BDE400086B2972502E00A2056
:107A1000FCF3FAF0A36B06F17401186966F01EDE40
:107A200008B1013DF3D1A36B4FF44271186966F0C0
:107A300015DEA36B074640F20A31186966F00EDEC8
:107A4000A36B05464FF44371186966F007DEA36B1C
:107A5000064640F20E31186966F000DEBE193604A3
:107A60002D1876190AD194F8253A4FF67862ADF8B8
:107A70003820002B31D084F8266A2EE04FF486732C
:107A8000ADF83C3006F580760023760A00930FAB04
:107A9000360201930DAA0EAB20460CA90C965DF0A0
:107AA000BDDFBDF938201B4B9B1A002BB8BF5B42D2
:107AB000702B94F8EC2A02D85AB1282B09D94FF62A
:107AC0007863ADF8383094F8253A13B1002384F880
:107AD000263A12B1002384F8EC3A236CBDF9381031
:107AE00093F83536891008467BB14AB212F1560F29
:107AF0000BDA12F1690F08DB6FF056039B1A10AA1C
:107B000002EB430313F8380C401840B211B0F0BD3B
:107B10001839010078FEFFFF436C2DE9F041D3F8DE
:107B20002031044603F001030D4683F001061BB922
:107B3000836B186966F0B4DD2046276C5EF0C2DF07
:107B400040F27F41A7F802042046276C5CF0BEDAC1
:107B5000C005C00D4010A7F80404226F41F60623AB
:107B600013402BB944F62062102D08BFFA2200E022
:107B7000FA22A36BB821186966F07CDDA36B41F68D
:107B80000627186966F098DD2046FFF765F8236F31
:107B90001F407FB9A36B20461B6A0121C4F8D43073
:107BA000D4F88C815FF00CD9D4F88C31A8F88C0013
:107BB000C3F88870082D01D0E80606D503210A22F3
:107BC000204660F0B1D9082D01D0A90604D5204681
:107BD00064F0D0DC082D01D06A0604D5204662F09E
:107BE00071DE082D01D0EB0506D5236C93F817360E
:107BF00013B12046FFF760FC204660F0BBDD204655
:107C0000FFF72AF8082D01D028060BD5256C95F82A
:107C1000643523B1204666F0F1DBC5F854052046F3
:107C200065F074D820465CF053DB1EB9A36B18696D
:107C300066F036DD20460021FFF748F9236C93F803
:107C4000333673B120460121FFF740F9204640F258
:107C500037614FF440424FF40043BDE8F0415CF01F
:107C6000159ABDE8F081816BD0F8D4300A6A10B55E
:107C70009A42044601D3D31A01E0DB439B18D4F89F
:107C80002823934200D302BB8A6E93421FD3D4F8B9
:107C90008C31D3F88830D3B9012120465FF090D8D9
:107CA000D4F88C21B2F88C3019B28842CCBFC3EB27
:107CB0000000C0EB030094F8661300B2884208DAB3
:107CC000A36B9B6EC2F8883001E0012010BD00203C
:107CD00010BD012010BD01207047000001290BD10B
:107CE000012B09D8013B064902EB830251F82230EF
:107CF0005A1C03D0C01870470020704700207047FE
:107D0000745B0100142303FB010070478369DA6888
:107D10008A4218BFD960704738B5044625690068A3
:107D200035B105F5077115F031DC2846FCF390F20A
:107D3000E06C0025256108B1FCF38AF2E56438BDEA
:107D4000F8B5846905460668E06A08B1FCF380F27C
:107D5000E969B068002708F081DD00212846FFF7B7
:107D6000D5FF284684F83D70FFF7D6FF304623F054
:107D7000F9D827826762A762E7622783F8BD10B54A
:107D800050B1D0F8400238B1072905D83C2404FB93
:107D900001018858C3188B5010BD2DE9F0410C46E5
:107DA00016460546002831D0D0F84032002B2DD0A1
:107DB0003C2202FB013318221F6A3346FFF7DFFF24
:107DC000284621461C220123FFF7D9FFBE42284640
:107DD000214601D2242214E0B6EB470F01D228221B
:107DE0000FE0B6EB870F01D22C220AE0B6EBC70FEB
:107DF00001D2302205E0B6EB071F01D2342200E0A9
:107E000038220123BDE8F041FFF7B9BFBDE8F0819A
:107E100073B504680325204601214FF480620023D6
:107E200000951DF099DA002120460A4601230095AD
:107E30004DF084DB0026D4F864329D599DB1AB79B6
:107E40008BB9D5F818315A6C22F001025A641A78AD
:107E5000012A01D15B7F33B12846002122F0BCDD2D
:107E6000284667F0B1DA0436202EE4D1204602B06D
:107E7000BDE8704023F07698F8B5D0F8B0550446C8
:107E8000AE69F368002B30D0012B30D02846012199
:107E9000FFF73CFFA068E96908F0E0DC28B128465C
:107EA0000021FFF733FF012700E00746338A83B143
:107EB000236A18695CF07CDB338A834209D0204650
:107EC00023F0E4DE2046318A22F012DA20461BF04D
:107ED0008BD9D4F8B005FFF79BFF204624F0CED90C
:107EE0002846FFF72DFF3846F8BD0120F8BD0020D9
:107EF000F8BDFFF7C1BF002070472DE9F843DDF85A
:107F000020800446D8F800700E46154699460FB9F1
:107F10001FE01F463B68A3B1BCB12046F96832465A
:107F2000F7F3D6F028B9284679684A46F7F3D0F037
:107F300018B17B69002BECD10BE0C8F80070BDE8EC
:107F4000F8836FF00100BDE8F8836FF00100BDE831
:107F5000F883C8F800706FF01D00BDE8F8831FB506
:107F60000C46416B81B104A840F8041D00901946ED
:107F70001046BDF81C30069AFFF7BFFF30B92CB190
:107F8000039B1B68236001E04FF0FF3080B204B018
:107F900010BD10B50C4699B10B6863B10846F5F3F6
:107FA000CFF7E068FCF354F16068FCF351F1002373
:107FB0002360E36063602046BDE81040FCF348B1F5
:107FC00010BD2DE9F84F476B04460D4616469B46FB
:107FD000DDF828A0BDF82C90002F33D0B1B9AAB994
:107FE00030E07DB976B1BAF1000F0BD03046F968B8
:107FF0005A46F7F36DF028B9504679684A46F7F3C8
:1080000067F050B17B691BB9BDE8F88FB84601E055
:10801000B8461F46AF42E4D1A7B1636B39469F42D1
:108020007B6908BF6363C8F8143023685868FFF79A
:10803000B0FF94F83030013B84F83030636B0BB9FB
:1080400084F83030BDE8F88F10B5044605E04B6980
:10805000636323685868FFF79CFF616B0029F6D1C2
:1080600084F8301010BD2DE9FF471E46002303930E
:1080700090F830300446102B88461746DDF83090D3
:10808000BDF8345009D9416B39B14A680B7C009274
:108090000A890192CA68FFF794FF636B0393B8F1F2
:1080A000000F65D0002F63D0B9F1000F60D003AB93
:1080B0000093384631464A462B46FFF71EFF82465C
:1080C00028B9039B41461868F5F31EF755E01E30AA
:1080D00053D11820FCF3B0F0824600284BD0206921
:1080E000F5F3C0F6CAF80000B0B13046FCF3A4F0D6
:1080F000CAF80C0018B95046F5F322F70CE02846F0
:10810000FCF39AF0CAF8040050B95046F5F318F79A
:10811000DAF80C00FCF39CF05046FCF399F02AE0EE
:10812000636B2BB9012384F83030C4F834A007E026
:1081300094F83030013384F83030039BC3F814A036
:10814000DAF80C0039463246CDF80CA0F6F3D4F735
:10815000039B49461E7458682A46F6F3CDF7039BE5
:1081600041461D811868F5F3C1F64FF0000A04E09E
:108170006FF0010A01E06FF01A0A504604B0BDE842
:10818000F087F8B51E4614460D460CE0FEF7D8F809
:10819000B04215D07A78931C9C420ED9ED186FF03E
:1081A00001039B1AE41854B128462146FF22F7F335
:1081B00021F407460028E9D102E0002700E0274625
:1081C0003846F8BD08B511461A464FF4AE73FFF7AE
:1081D000D8FF58B14378A3F12102D2B2202A04D8A3
:1081E000029A013B1370033008BD002008BD2DE941
:1081F000F0470468A0B0D0F80480064602200F685B
:108200008946F4F761FA002501212A462023824697
:10821000606A1F95F1F3A2F501212A4620231D90E3
:10822000606AF1F39BF501212A4620231E90606AC3
:10823000F1F394F501212A4620231A90606AF1F3A4
:108240008DF5202301212A461B90606AF1F386F503
:10825000143729461C9052460FA808F1E205F6F3A0
:10826000CFF7062238462946F6F332F7002817A83A
:1082700007DD39460622F6F33FF70DF16200294685
:1082800006E029460622F6F337F70DF1620039467B
:108290000622F6F331F717AA01920C22002307AD4C
:1082A0000FA90292202752460220009303950497BB
:1082B000F4F730FB1B98F2F3ABF22A4601213B4660
:1082C0001A98F2F379F2A3691C9861691B9AF1F785
:1082D000C8FF1A981C9A0146F1F7F6FF1A981B9AE4
:1082E0000146A3690836F1F77AFF304698F818502E
:1082F000F7F332F080B201901FA9204608F119026D
:108300002B460096FFF72BFE08B91F9BA3B11A99C5
:10831000D9F8D4201F98F5F349F71DA91EAAD9F85A
:10832000D400F5F32BF61AA8F1F356F61BA8F1F3D7
:1083300053F61CA8F1F350F620B0BDE8F08770B5F5
:10834000456892B004460026286801A920221196AB
:108350001BF0CEDB2023012101AAD4F8C000F2F3E8
:108360002BF2286809A920221BF0C2DB686A0121D0
:1083700032462023F1F3F2F4119000B3012109AA4F
:108380002023F2F319F26B69D4F8B800D4F8C010C6
:10839000119AF1F724FFD4F8DC201199D4F8D40015
:1083A000F5F304F7D4F8DC000146F5F3B9F6D4F898
:1083B000DC0004F1C40104F1C802F5F3DFF511A8F3
:1083C000F1F30AF60021202209A8F6F319F701A813
:1083D00000212022F6F314F712B070BDF0B5C1B041
:1083E00007AD0C461746114628460222F6F384F6DE
:1083F00001210DF11E022023D4F8BC00F1F302F696
:1084000001210DF13E022023D4F8CC00F1F3FAF55E
:1084100001210DF15E022023D4F8D000F1F3F2F532
:1084200001210DF17E022023D4F8B800F1F3EAF522
:1084300001210DF19E022023D4F8C400F1F3E2F5EE
:1084400001210DF1BE022023D4F8C800F1F3DAF5C2
:1084500000238DE82800C2222025029238AE04F1C4
:1084600018012A46022003960495F4F753FAB81C23
:1084700031462A46F6F32CF6D0F1010038BF002031
:1084800041B0F0BD30B590F88C318DB004460D6828
:10849000002B3FD0D0F8D40008A909AAF5F36EF557
:1084A000202301216A460998F1F3ACF5D4F8703124
:1084B000E31893F893219DF81F305340D80724D533
:1084C00001210022EB69686AF1F348F4EB690A9034
:1084D00001210022686AF1F341F401210B900A9A0C
:1084E0002869F5F3A9F600230B980A99099AF1F780
:1084F000B8FE08990B9AD4F8D400F5F3D9F50AA878
:10850000F1F36AF50BA8F1F367F52046FFF717FFC3
:10851000002501E04FF0FF35E43404F1A000F1F351
:108520005BF504F19C00F1F357F504F1A400F1F3BD
:1085300053F504F1AC00F5F303F504F1B0000021AC
:108540002022F6F35DF628460DB030BD2DE9FF413F
:108550000546006832F8066F0C46D0F80080FFF739
:108560003DFF002833D06968A4F864608F7904F176
:1085700038068FB9D8F8D0063246202376F0ACDC26
:108580002368696814338DE888003246D8F8D0062D
:10859000202376F0B5DB17E01023009323684FF417
:1085A00080271433019308462022314604F1080342
:1085B000029750F095DE48B92168686814313A4650
:1085C000D5F88C30FDF72EFF012000E0002004B02C
:1085D000BDE8F0812DE9FF41D688B1F86430054649
:1085E0000068B3420C46D0F800803BD84FF6FF73CA
:1085F0009E4237D00632FFF7F1FE002833D069687B
:10860000A4F864608F7904F138068FB9D8F8D006E1
:108610003246202376F060DC2368696814338DE8E5
:1086200088003246D8F8D006202376F069DB17E0C0
:108630001023009323684FF48027143301930846D6
:108640002022314604F10803029750F049DE48B970
:108650002168686814313A46D5F88C30FDF7E2FE9F
:10866000012000E0002004B0BDE8F08173B50023D4
:1086700004460B99006801931646089D41F01CDBE7
:10868000079B032B04D901A806990422F6F334F5BD
:108690000C3E032E1CD8DFE806F00A0F0204A36A82
:1086A00008E0019B5A1E272A15D8A3620EE0E36A50
:1086B000C3F340032B6009E00198E36A18B923F083
:1086C0000203E36209E043F00203E362002004E0F6
:1086D0006FF0160001E06FF001007CBDF8B587680F
:1086E00005464FF4E0700E46FBF3A6F5044600285D
:1086F00078D000214FF4E072F6F382F526606560D1
:108700000023F451686AA4F8AC3001210022202330
:10871000F1F324F3C4F8BC00002866D0686A012194
:1087200000222023F1F31AF3C4F8B80000285CD02B
:10873000686A012100222023F1F310F3C4F8CC0071
:10874000002852D0686A012100222023F1F306F3A9
:10875000C4F8D000002848D0686A012100222023F4
:10876000F1F3FCF2C4F8C00000283ED02869F5F30C
:1087700079F3C4F8D400002837D02869F5F372F3F0
:10878000C4F8D800002830D02869F5F36BF3C4F89A
:10879000DC0050B31323A4F866302B68174998689F
:1087A0003246002308F0DED82B68A066144998688A
:1087B0003246002308F0D6D82B68C4F8B00011491F
:1087C00098683246002308F0CDD82B68C4F8B4006E
:1087D0000D4998683246002308F0C4D8C4F8E00078
:1087E000002408E06FF01A0401E04FF0FF3428463F
:1087F00031466DF0D5DC2046F8BD00BF85D187003D
:1088000079D187000DD187005DDF8700F8B5476813
:108810000646CD590C46DDB1436B0BB1FFF714FC96
:10882000D5F89C1049B13368986808F017D83368B8
:10883000D5F89C10986808F07DD8D4F8243413B18A
:1088400020464FF02FDA2846FBF302F50023E351D0
:10885000F8BD00002DE9F041D0F89830D0F8901024
:10886000013344688B4225688EB00246C0F89830C8
:1088700009D1D0F894307BB1D2F89C104FF47A72C1
:10888000A8685A4304E007D2D2F89C10A868214A8D
:10889000002307F0BDDF39E0D5F8D006214675F09A
:1088A00037DF237A002B31D0D4F80801F7F314F323
:1088B000074658BB227E04F1DC080EAE04F1190114
:1088C00006A846F8242DF6F317F42146424628461A
:1088D00071F068D804F1E203019302230246029387
:1088E000214643462846CDF8008020F0F5DC394685
:1088F000204639F0C9D92146284640F059DF28469C
:108900001A21324624230097F6F76EFA0EB0BDE81E
:10891000F08100BF80EE36002DE9F04F0D68ADB05C
:1089200004460121A86922AA2023D5F800B0F1F35A
:1089300069F34FF0080AD4F8683194F86C11E21822
:1089400004F1E40682F8E31006F18C020C210DF12B
:108950006809019206F190003246CDF80090F9F3D3
:1089600043F2D4F8701140480591F6F3F5F422AAC9
:1089700003464FF02008009206AF05993A4A484650
:10898000CDF804800297CDF80C80F9F307F20121AD
:108990003A464346D4F88801F1F30EF758466EF094
:1089A00017DAD4F88801A969F1F39CF2002836DAC5
:1089B000D4F88431CDF808B000932C4BD4F888114A
:1089C00001932869D4F89021D4F88031F5F3E8F2C6
:1089D00028BB94F88C3113BB2869D4F89011F5F3B7
:1089E000C7F4E0B1012384F88C314946D4F87021F2
:1089F00006F1B000F6F380F3D4F890012AA92BAA6F
:108A0000F5F3BCF22A992B9AD4F8D400F5F350F37D
:108A1000D4F8682128683146013A1BF069D894F8E7
:108A20006C310133DBB284F86C31AA6A934207D807
:108A30000AF1FF3A5FFA8AFABAF1000F7FF47BAFCE
:108A40000021502206A8F6F3DBF3002120221AA809
:108A5000F6F3D6F394F86C01AB6A984234BF002069
:108A600001202DB0BDE8F08F62E6890075EA87002D
:108A70002DE9F04F4368CFB0CB58044603F1080905
:108A800048468846F6F368F407460220F3F71CFED2
:108A900000234EA941F8043DBBB208F11902079327
:108AA0000692079A8346019298F818302046069A53
:108AB000CDF80090FFF753FA18B94D9B002B40F00A
:108AC0000A81012100222023606AF1F347F101218C
:108AD000002220234290606AF1F340F1012100223C
:108AE00020234390606AF1F339F101210022202311
:108AF0004490606AF1F332F1012100222023459075
:108B0000606AF1F32BF10121002220234690606A74
:108B1000F1F324F101210022E3694790606AF1F347
:108B20001DF10521024649902069F5F385F3E369BB
:108B300001210022606AF1F311F1042102464890FC
:108B40002069F5F379F32069F5F38CF14A902069F7
:108B5000F5F388F14B902069F5F384F108AD00211D
:108B600080224C902846F6F34BF33A462846494675
:108B7000F6F3C2F2012100223023606AF1F3EEF035
:108B80000121002230234090606AF1F3E7F00026D3
:108B900033460DF1E00A419098F818200195022023
:108BA00028AD069902970096CDF80CA0CDF810B02C
:108BB000F3F7B0FE302231462846F6F321F347485A
:108BC000F6F3CAF3454B302700930190514602203B
:108BD0005A46334602950397F3F7BCFE01213B4604
:108BE0002A464098F1F3E8F54098A2690146F1F76A
:108BF0006BFB429B48990093439B499A0193409891
:108C0000A369F1F779FF4299439A4B98F5F350F233
:108C100031463A462846F6F3F3F23148F6F39CF330
:108C20002F4B0190009351465A463346022002953D
:108C30000397F3F78FFE3B4601212A464198F1F353
:108C4000BBF54198A2690146F1F73EFB449B489968
:108C50000093459B499A01934198A369F1F74CFF12
:108C60004499459A4C98F5F323F24C994A9A4B98BB
:108C7000F5F3A2F0079A98F8183001924A99069AEB
:108C80002046CDF80090FFF7EEF946A947AA4A988A
:108C9000F5F374F142A8F1F39FF143A8F1F39CF1CD
:108CA00044A8F1F399F145A8F1F396F148A8F1F33E
:108CB00093F149A8F1F390F140A8F1F38DF141A8A7
:108CC000F1F38AF14BA8F5F33BF14CA8F5F338F139
:108CD0004AA8F5F335F14FB0BDE8F08FB85B01005D
:108CE000D25B0100C06A00F00100704721B18368C7
:108CF000CB5893F8BC017047084670472DE9FF41F7
:108D0000476804460023D0F8008038460E46A2F19A
:108D100068050393FFF7E6FF90B138464146FFF739
:108D2000E5FF68B103AB009321462B46386806F196
:108D30006002FFF747FA039D014610B99DB100E0BC
:108D40003146A5F12003202B0DD8B4F8AC309D425C
:108D500009D104F16C002A46F6F3BAF1002814BFD9
:108D60000520002000E0052004B0BDE8F0810000EF
:108D70002DE9F0419846B8B00023359336937F4BE8
:108D800007460C4630AE03F1100E18685968354698
:108D900003C5083373452E46F7D13D6801212023D2
:108DA00002F10806686A0022F0F3D8F735902869C6
:108DB000F5F358F0B8F1680F369015D97B689B79B8
:108DC000002B00F0B9802846FFF78CFF20B1284621
:108DD0002168FFF78BFF48B9A8F168081FFA88F8E7
:108DE000A4F8AC80464401E040F0A880D4F8BC0070
:108DF000012132462023F1F3DFF4D4F8BC00F1F373
:108E0000F9F2002840F09C80D4F8BC006969F1F3C5
:108E100069F0002880F29480012106F120022023CD
:108E2000D4F8CC00F1F3C8F40121D4F8D00006F155
:108E300040022023F1F3C0F4D4F8BC00D4F8B810F9
:108E4000F1F350F070B9D4F8CC00D4F8C410F1F3B9
:108E500049F038B9D4F8D000D4F8C810F1F342F092
:108E600000286FD0D4F8D800D4F8CC10D4F8D02093
:108E7000F5F31EF1002867D0D4F8BC10D4F8D40064
:108E8000369AF5F393F13698D4F8D8100246F4F3F5
:108E900093F73698D4F8C010024620AEF5F386F169
:108EA000369834A90022F5F369F0324620230121D7
:108EB0003498F1F3A7F00021202228A8F6F3A0F1BE
:108EC000202137AB324618AF019328A80B460097F4
:108ED000F8F38AF7D4F8B810D4F8BC206B69359849
:108EE000F1F77DF92023324601213598F1F38AF01C
:108EF0003146102204F10800F6F3FEF030A8F6F334
:108F00002BF22025402203460096039204AE294608
:108F100030AA384601950296F8F340F704F118009C
:108F200031462A46F6F3E8F004F138000CA92A4647
:108F3000F6F3E2F0002408E0FF2406E0042404E055
:108F4000032402E0012400E0022435A8F1F344F0F8
:108F500036A8F4F3F5F70021202218A8F6F350F113
:108F60000021502204A8F6F34BF120A80021202272
:108F7000F6F346F1204638B0BDE8F081FEE5890001
:108F80002DE9F04F1D46836889B0EF58436880464D
:108F9000CB580E460793184691463946129A139BB2
:108FA000FFF7E6FE0328044601D1009005E0022801
:108FB00001D0042816D103230093012301930293C7
:108FC000002303930493D6F808313046B3F8623097
:108FD00005F11401C3F3401305934A462B46F7F7F6
:108FE0000BFB65E0012862D0002861D1B7F8623040
:108FF00040460133A7F86230FFF774FE40B14046A7
:109000002946FFF773FE002814BF7E20002000E0F1
:10901000204601234FF0000A4FF0030B0193D6F8CE
:109020000831CDF800B00290CDF80CA0CDF810A01A
:10903000B3F8623005F1140CC3F340136146059395
:109040004A462B463046CDF818C0F7F7D5FACDF88A
:1090500000B0D6F808314FF0020BCDF804B0CDF8CF
:1090600008A0CDF80CA0CDF810A0B3F86230DDF860
:1090700018C0C3F34013614605934A462B46304659
:10908000F7F7BAFAD9F80030B96EC7F85930B9F81D
:109090000430A7F85D30D8F800309868079BD3F803
:1090A0008820534607F0B4DB87F858B000E0FF246F
:1090B000204609B0BDE8F08F2DE9F04FD0F804A0AC
:1090C00087B09AF8063005460C4693460768D1F8F3
:1090D000009043B390F8A93013B1013B80F8A93058
:1090E000D4F8B43138460093D4F8B83151460193DE
:1090F0005A464B46FFF744FF0646D4F8B40168B120
:109100000021D4F8B821F6F37BF0D4F8B401FBF3D6
:109110009FF00023C4F8B431C4F8B831002E14BF56
:10912000022000202DE03846FFF7DCFD38B138463C
:109130004946FFF7DBFD002814BF7E2000200323F3
:109140004FF001088DE8080100260290039604966E
:10915000DAF8083109F11401B3F862305A46C3F362
:109160004013059350464B46F7F746FA3B68A16E0D
:109170009868D5F88820334607F04ADB84F8588091
:10918000304607B0BDE8F08F052B10B503D1BDE820
:109190001040FFF791BF43689B792BB190F8A9303D
:1091A00013B1013B80F8A930022010BD2DE9F04138
:1091B0009846436805469B790C461646069F8BB138
:1091C00090F8A930013380F8A9303846FBF334F029
:1091D000C4F8B401002834D041463A46F5F38CF780
:1091E000C4F8B8710023A4F86030A4F86230A4F881
:1091F00064303368C4F85930B388A4F85D30286807
:10920000FFF770FD90B128682168FFF76FFD68B126
:1092100021462846FEF7EBFF2046FFF790F8284648
:1092200021463246BDE8F041FFF746BF20462946B9
:109230006CF04EDD20B9042384F85830BDE8F0818D
:109240000220BDE8F0812DE9F04387B015460F9A62
:109250000646012A0C461F46DDF83880D0F804C0C7
:10926000D1F8009059D19B88072D8CBFFA88FF2236
:109270000BB17E2B59D100217E2B84F8BC1103D178
:10928000012384F8BC3104E01BB96368DB6A9807EA
:109290004BD5132A16D0032101224D238DE80E0051
:1092A000002303930493DCF808316046B3F862307E
:1092B00009F11401C3F34013059342464B46F7F7F7
:1092C0009BF932E096F8A80007F1080196F8A990FA
:1092D00040B9012386F8A830B9F1000F28D1682DD4
:1092E0000AD904E0B9F1000F12D1682D0AD920463D
:1092F0002A466DF00FDAD8B90E953046214642461F
:109300003B460DE0304621466DF042D848460FE01E
:10931000304621466DF03CD809E042B90E954246F0
:1093200007B0BDE8F043FFF741BF022000E0002096
:1093300007B0BDE8F0832DE9FF4105680C46A3F1B5
:109340000807D1F80080A4F8AC70002128460391EA
:1093500002F10806FFF7C6FCA0B128464146FFF718
:10936000C5FC78B103AB009332463B4628682146E2
:10937000FEF728FFBDF80C300646A4F8AC3018B94B
:1093800013B90FE0A4F8AC70B4F8AC20A2F120033C
:109390009BB2202B06D804F16C003146F5F3ACF6F5
:1093A000002001E04FF0FF3004B0BDE8F0812DE96E
:1093B000F04F90E8C00089B00792139A8046012AC6
:1093C0000C469A46DDF848B00D6840F0AC80336832
:1093D000896E986807F042DA04F16C03002140229C
:1093E00018460693F5F30CF70021A4F8AC10079982
:1093F000BAF8042007298CBFBAF80610FF214C2ABE
:10940000069B3CD14FF00009184649464022A4F87B
:109410006090F5F3F5F6A4F8AC904046214652462C
:10942000079BFFF788FF3046FFF75CFC78B13046BA
:109430002946FFF75BFC50B1032201234FF07E0C5D
:109440008DE80C10CDF80C90CDF8109008E00323B7
:109450004FF0010E8DE8084000230293039304931C
:10946000D7F808313846B3F8623005F11401C3F378
:10947000401305935A462B46F7F7BEF849E04D2AAC
:1094800004D1B4F866308B4218D042E00AB17E2A8B
:109490003FD113290ED1079A3046019239465A46D8
:1094A0002B46CDF800A06CF0D5DF002814BF0220B9
:1094B000002076E0B4F86030052B01D900233BE0B2
:1094C000032201234FF04D098DE80C024FF00009F3
:1094D000CDF80C90CDF81090D7F8083105F11401B3
:1094E000B3F862305A46C3F34013059338462B460F
:1094F000F7F782F8B4F86030A16E0133A4F8603059
:109500003368D8F8882098684B4607F081D94846D8
:1095100047E03368A16E9868D8F88820002307F0E8
:1095200077D900203DE0931E012B4FF0000337D880
:10953000B1F86010052903D984F85830022030E0D2
:10954000032A09D132680131A4F860109068A16E35
:10955000D8F8882007F05CD93046FFF7C3FB38B154
:1095600030462946FFF7C2FB002814BF7E200020AA
:10957000032301248DE8180000240290039404942E
:10958000D7F808313846B3F8623005F11401C3F357
:10959000401305935A462B46F7F72EF8204600E075
:1095A000184609B0BDE8F08F2DE9F3470B688268D3
:1095B0005B680646D3F808A0D3F80490B3F810808F
:1095C0001B680D46032B5AF80240DAF810701DD1C3
:1095D000FFF788FBD0B130465146FFF787FBA8B1B3
:1095E000B4F8AC3093B1B9F1010F0FD1B8F14C0F11
:1095F00001D0BA7952B9AA69FF2000925D2104F125
:109600006C02DBB2F1F70EFD002001E06FF01600F6
:10961000BDE8FC872DE9F8430B6882685B68044667
:10962000D3F808905F681E8A1B6859F80280032BE4
:10963000D9F8105013D1FFF755FBA0B12046494689
:10964000FFF754FB78B1B8F8AC0060B1012F06D138
:109650004C2E01D0AB792BB90330BDE8F883002044
:10966000BDE8F8830020BDE8F8832DE9F04F0B68D2
:1096700082685B68B9B0D3F808805E681F8A1B688F
:109680008146032B58F80240D8F810A08D69D1F814
:109690001CB040F09F80012E48D137B1A7F14C0398
:1096A0009BB2012B01D97E2F0FD1B4F8663038A9B7
:1096B000284621F8043D0222F5F31EF502350FB1CC
:1096C0007E2F02D19AF806300BB14C2F13D14846A9
:1096D000FFF708FB20B148464146FFF707FB50B9AA
:1096E000B4F8AC203AB1284604F16C01F5F304F566
:1096F000B4F8AC30ED180FB17E2F6ED101212A469F
:109700002023D4F8B800F0F37DF4012105F1200204
:109710002023D4F8C400F0F375F4D4F8C800012174
:1097200005F140022023F0F36DF456E0022E54D1EF
:10973000B4F8623038A921F8023D28463246F5F3E4
:10974000DBF4BDF8DE3038AF27F8C83D01210DF15C
:109750001A022023D4F8B800F0F354F401210DF1DB
:109760003A022023D4F8C400F0F34CF401210DF1A7
:109770005A022023D4F8C800F0F344F401210DF17B
:109780007A022023D4F8BC00F0F33CF401210DF15F
:109790009A022023D4F8CC00F0F334F401210DF127
:1097A000BA022023D4F8D000F0F32CF44FF00008D4
:1097B000C22302930235304604F1180120224346A9
:1097C000CDF8008001970395CDF810B0F3F7A2F81B
:1097D000404603E06FF0160000E0002039B0BDE81D
:1097E000F08FF8B50B6804465A688368966851682C
:1097F000F558138A12683769032A2DD1012926D119
:109800000BB17E2B12D1BB796BB92046FFF76AFAF8
:1098100020B120463146FFF769FA20B9B5F8AC000F
:1098200008B1023000E002206030F8BD4D2B15D0A9
:109830004C2B11D1FFF756FA20B120463146FFF7E5
:1098400055FA58B9B5F8AC0050B10230F8BD02294C
:109850000CBF22200020F8BD0020F8BD0220F8BD7A
:109860000220F8BD19B18368CB5883F8BC2170473A
:1098700070B50C680D460646102208460021F5F327
:10988000BFF42C6020460021F268F5F3B9F404F52A
:109890002473C4F8EC3004F52C732560C4F824312B
:1098A00070BD2DE9F0470D4698462B68BDF8206045
:1098B000099C0768896B95F82CC073B193F80090E8
:1098C00093F801A049EA0A29A5F81C9093F816908C
:1098D000DB7D49EA0323A5F87E303B68B5F81C9090
:1098E00093F8D130002B5AD197F92735B3F1FF3FC8
:1098F00003D190F8A43313B151E0012B4FD0C9F339
:109900008027B5F87E9019F00F0901D127B987E0BB
:1099100027B94FF0010904E0012702E04FF00009E8
:109920004F460123002204F5227004F5237176F0DE
:1099300017DAD4F88832984505D1D4F88C32F31A66
:1099400018BF012300E001233FB933B1C4F8887286
:10995000C4F88C72A4F886725CE0B9F1000F08D0EC
:109960000020C4F88802C4F88C02A4F88602BDE87E
:10997000F087B5F87E50C4F88882C4F88C62A4F8E9
:1099800086524846BDE8F08706D18F88B74294BF1B
:109990000027012700E00127F8B2BDE8F087BCF1FD
:1099A000000F13D04B6B03EBC20153F832309845D4
:1099B00006D307D18888B04294BF0026012602E072
:1099C000012600E00026F0B2BDE8F087D1F8E030D3
:1099D00052019A18136998451CD302D1938AB34255
:1099E0001BD89369984506D307D1908BB04234BFFA
:1099F0000020012002E0012000E0002070B106F00C
:109A00007F06F308D05C06F00706304100F0010045
:109A1000BDE8F0870120BDE8F0870120BDE8F087B0
:109A20004B6B03EBC20153F832309845ACD2B2E72E
:109A30002DE9F04F1C4693F860B05F68D368ADF530
:109A4000117D064605919146156933B11B7A0B2BA2
:109A500003D13B7803F0010301E0FB789B09E3634A
:109A600094F82C304946009330462A46E36B4FF079
:109A700023DB0146A06320B12A6D40F23713134067
:109A80002BB9304621464A4671F002DAE2E090F9FD
:109A90000E2090F90F30D318A2689A42C0F0DA80F5
:109AA000A269138A13F0080F0DD0007A0B280AD18F
:109AB00096F8DC0538B18879032804D823F0080328
:109AC0001B041B0C13820B7A042B59D00B2B00F0B8
:109AD000AE80022B40F0C080BB7897F800A097F8CA
:109AE000068043EA0A2A7B794FEA084848EA0328B5
:109AF0003B7948EA0308FB79A76E48EA036817F048
:109B0000010740F0AC80284621465A464346CDF82E
:109B100000A0CDF80490FFF7C4FE002800F09F805D
:109B2000AB79002B40F067823368D3F88830D3F8E4
:109B3000DC210132C3F8DC2194F82C2022B1D3F8C7
:109B4000B4220132C3F8B422D3F8E8210132C3F8B9
:109B5000E821D5F8183193F834301BB1284600219C
:109B600065F0E0DB94F82C70002F00F0448233683D
:109B7000D3F88830D3F8C0220132C3F8C02269E09C
:109B80003B7897F801A097F8068043EA0A2AFB7908
:109B90004FEA084848EA03683B7948EA03087B79BA
:109BA00048EA03282B7C13B9EB6DDB0757D4A76E6B
:109BB00017F0010753D1284621465A464346CDF8AF
:109BC00000A0CDF80490FFF76CFE002847D0AB79D9
:109BD000002B40F010823368D3F88830D3F8DC21B2
:109BE0000132C3F8DC2194F82C2022B1D3F8B4223E
:109BF0000132C3F8B422D3F8F0210132C3F8F021C6
:109C0000D5F8183193F834301BB12846002165F09F
:109C100089DB94F82C70002F00F0ED813368D3F8C5
:109C20008830D3F8C8220132C3F8C82212E00237C4
:109C3000C83110223846F5F383F500280CDA8D4838
:109C400039461022F5F3ECF6A16B8B48C83110228F
:109C5000F5F3E6F60027CEE14FF00008C24696F88D
:109C6000B03293B92B6D1F070FD4A06B037A022B70
:109C700002D1F6F331F140B963699B69980004D4CD
:109C8000A3691B8A190700F1FB8063699B695A0667
:109C9000E0D4A3691A8A42F008021A82A16B0B7AF7
:109CA000013B0A2B00F2CE80DFE813F035000B00F9
:109CB00035006C00CC00CC00CC00CC00CC00CC003B
:109CC000AE000846F6F308F108B12B7C4BB1A36B4C
:109CD000D3F88820904504D80FD093F88C205A45AB
:109CE0000BD0A16B226804F14007384614310A32C8
:109CF000434601F0C3D9E76501E06433E365A16B36
:109D000004F14A0738461431E26D534601F080DA17
:109D10003846102110E06168032284A8F5F3ECF1C5
:109D2000A36B84A803F114011A690330F5F3E4F17D
:109D3000A36B84A81969033107AAFBF38DF1A36B08
:109D4000606893F90E30A168C018C91A07AAFBF31E
:109D5000A5F1A36B606893F90E30A168C018C91A09
:109D60004FF0FF32F6F3F4F0444BA2699842138AA5
:109D700004D123F010031B041B0C01E043F010037B
:109D800013827DE06368DF7817F020071FD00A692F
:109D900048A81431D200FBF303F60023216862695E
:109DA000484670F0A5DC0027A36B01900097196965
:109DB00048A82368E268EEF3C7F3831C05D1A369C2
:109DC0001A8A42F010021A825AE0013058D13368E0
:109DD000D3F88830D3F8DC210132C3F8DC21D3F882
:109DE000F4210132C3F8F42194F82C20002A00F069
:109DF000FF80D3F8B4220132C3F8B422D3F8CC22C6
:109E00000132C3F8CC22F6E001F11400E2682431FB
:109E1000236800F0F9DF00287FF41CAFA26BD2F8B2
:109E2000D8300133C2F8D83033F07C4328D1F22245
:109E30000192D6F89401294609F11402009376F0B4
:109E40005DDE1DE0AF79002F7FF404AF3368D3F8F7
:109E50008830D3F8DC210132C3F8DC2194F82C20BF
:109E6000002A00F0C580D3F8B4220132C3F8B4222E
:109E7000C1E000BFA2ED8900A8ED8900E320BBDEB0
:109E8000A36B616893F90E208A18626093F90E1033
:109E900093F90F208A18A1688A1AA26093F90E100C
:109EA00093F90F208A1821698A1A2261A269128AFD
:109EB00002F01802182A64D1AB79002B7FF4CAAEE5
:109EC00095F9442000930193029330463123D5F84D
:109ED000081170F0A7DA3368D3F88830D3F8DC21A2
:109EE0000132C3F8DC21D3F8EC210132C3F8EC21B4
:109EF000D3F8F4210132C3F8F42194F82C2072B184
:109F0000D3F8B4220132C3F8B422D3F8C422013208
:109F1000C3F8C422D3F8CC220132C3F8CC22A26BFE
:109F2000127A022A05D0032A12D0012A7FF492AEB7
:109F30000EE0D3F808220132C3F8082294F82C70FE
:109F4000002F58D0D3F8E0220132C3F8E02281E696
:109F5000D3F800220132C3F80022D3F8FC210132E9
:109F6000C3F8FC2194F82C70002F44D0D3F8D822E9
:109F70000132C3F8D822D3F8D4220132C3F8D42254
:109F800068E661698A89E26094F82D209AB993F9AC
:109F90000F20059892B2FAF329F16369DA899004E7
:109FA00002D5B3F850308BB9A36BE26893F90F3048
:109FB000D31AE3600AE00598F6F3F4F0A36B0146C8
:109FC00093F90F20059892B2FAF310F1A36BC4F83D
:109FD0006480A4F862A01B7A042B01D0022B09D163
:109FE000A36ED90706D43046214670F09DDF01E00C
:109FF000174600E0012738460DF5117DBDE8F08FCA
:10A000002DE9F341099F00230D9904469046089ECF
:10A010000A9D009301933FF04FDE032F0BD90422DA
:10A0200068463146F5F368F0072F04D901A8311DC1
:10A030000422F5F361F0A8F14C08B8F1050F2AD815
:10A04000DFE808F00A03160F231BD4F88434BDF8A8
:10A050000020A3F8922016E0D4F88434B3F89230AC
:10A0600017E0D4F88434BDF80020A3F896200AE065
:10A07000D4F88434B3F896300BE0D4F88434BDF8C7
:10A080000020A3F89E20002007E0D4F88434B3F821
:10A090009E302B60F7E76FF01600BDE8FC81D0F82A
:10A0A00084242DE9F843B2F8928004464145D4BF98
:10A0B00000200120B2F84A50B2F89690B2F89460AD
:10A0C000B2F898C010B1C8EB010701E0C1EB080776
:10A0D000B2F89030BFB2002B75D0BCF1010FADB219
:10A0E000334607D1002851D02BB203FB08F393FB72
:10A0F000F1F346E0BCF1020F2BD131B2B8B10FFA47
:10A1000089F3994203D10423A2F8983062E0132F17
:10A1100002D9A6F1140339E0092F02D9A6F10A03E6
:10A1200034E0042F01D9731F30E0B31E2EE00FFA84
:10A1300085F841451DD0132F02D906F1140325E0FF
:10A14000092F02D906F10A0320E0052F1CD9731D3F
:10A150001CE0BCF1040F39D133B238B10FFA89F1E8
:10A160008B4237D0052F38D9731F0AE029B28B42B2
:10A1700004D10123A2F89830BDE8F883052F2DD92A
:10A18000731D4FF0020C01E04FF0040C1BB229B21A
:10A190008B4204DC0FFA89F5AB42A8BF1D46236849
:10A1A000A2F89450A2F898C02DB229460122204668
:10A1B0001B7E72F0B1DC23682046294600221B7EFC
:10A1C00072F0AADC06E01846BDE8F8834FF0FF30D5
:10A1D000BDE8F8830020BDE8F8830020BDE8F883DF
:10A1E000D0F8843413B5B3F8902004466AB1036AFA
:10A1F0000DF1060118695BF0BFD980B12046BDF9A9
:10A2000006100122FFF74BFF09E06421012372F0E1
:10A2100083DC012220466421134672F07DDC1CBDE4
:10A2200008B5036AD3F8D80079B143784A789A42DE
:10A2300008D102300231F4F34BF7D0F1010038BFFE
:10A24000002000E00020C0B208BD084608BD2DE98E
:10A25000FF4799464369D0F8208082461B68044630
:10A26000174602695AF8180B0E464146D55801F0B8
:10A2700055FA2169206852466FF096DC0123C8F830
:10A2800000302B680146023B012B03D82369DB6DAC
:10A29000C8F8D0300C9B20680293424633468DE8C4
:10A2A000800201F058FA48B12B68022B05D1636A8D
:10A2B000D888003018BF012000E0012004B0BDE8BC
:10A2C000F0872DE9F04FC368044600F1180799B0F4
:10A2D0001646056A8A46006821693A4603936FF07C
:10A2E00063DC013E0290062E00F23881DFE816F0B2
:10A2F00007003601BC003601DB003601FF00EE68C6
:10A30000002E00F02C81D5F8D03013F4804B0CD007
:10A3100023682169D3F8D4060368CB581B781BB196
:10A320004AF04ADB834600E09B46636893F862315B
:10A33000A3B1D5F8D000F0F78BFE88B12368D3F82D
:10A340006008FEF7CFFC58B123680299D3F8600883
:10A35000FEF7CCFC20B1B5F8DC8002E0984600E0C6
:10A360008046B5F806C02068DC44C4441FFA8CFC63
:10A370000CF1710321693A469BB2CDF804C077F025
:10A380007BD9DDF804C00646002800F0E8800CF117
:10A390005F0CD0F808901FFA8CFC4FEA1C2343EAAC
:10A3A0000C2C09F11207A9F810C000215F223846D1
:10A3B000F4F326F74AF484731A0A89F8132089F80B
:10A3C00014302B8B05F13C011A0A89F8152089F805
:10A3D0001630202209F11F00F4F38EF6EA8809F105
:10A3E00071009344D8441FFA88F84FEA182343EACF
:10A3F0000828A9F86F80E968F4F37EF6636893F89B
:10A400006231F3B1D5F8D000F0F722FEC8B123686D
:10A41000D3F86008FEF766FC98B123680299D3F878
:10A420006008FEF763FC60B1EB68002B00F09B80D6
:10A43000E888D5F8E01038185F30B5F8DC20F4F380
:10A440005BF6D5F8D030580440F18D80236821693F
:10A45000D3F8D4060368CB581B78002B00F0838018
:10A460003A464AF0FFD97EE0206821693A467123D6
:10A4700077F002D90646002871D0D0F808905F2204
:10A48000002109F1120789F8112089F810103846C7
:10A49000F4F3B6F64AF480731A0A89F8132089F89F
:10A4A00014302B8B1DE0206821693A46712377F028
:10A4B000E3D80646002852D0D0F808905F22002149
:10A4C00009F1120789F8112089F810103846F4F3C1
:10A4D00097F64AF440731A0A89F8132089F8143061
:10A4E000EB8A1A0A89F8152089F816303BE02068B3
:10A4F00021693A46712377F0BFD8064678B3D0F881
:10A50000089000215F2209F1120789F8101089F8DC
:10A5100011203846F4F374F64FEA1A2389F8133001
:10A5200089F814A01FE0D5F8D000F7F37DF10146BB
:10A53000484605F18C0204ABF7F386F1044630B9C6
:10A54000314603982246F9F3A7F6264607E007F1BD
:10A550004D0004A91022F4F3CFF500E000263046A8
:10A5600019B0BDE8F08F032389F80F30D5F8D0007B
:10A57000F6F354F505F15C0400280CBFFE2302231A
:10A580003846082200F8053B2146F4F3B5F50821CA
:10A590002046F7F34FF11AF00301C9D1C3E72DE9C3
:10A5A000F04F91F813800B7D8BB043EA082818F028
:10A5B000030904460E4606924769056ACDF82080D5
:10A5C00005D1D5F8D000F7F32FF1844600E0CC4652
:10A5D00005F15C0A06F1170B012008235946524683
:10A5E000CDF810C0F6F302F68245DDF810C000F099
:10A5F000F78318F48071079110D0338A1A0A42EA5F
:10A6000003239BB25C2B40F2EB833046614605F19D
:10A610008C02F6F3E5F7002800F0E283338A1A0A89
:10A6200042EA03239BB25E2B40F2DA8396F86F1066
:10A6300096F8702042EA01225F329342C0F0D08344
:10A6400006F112020992594608225046F4F354F5D5
:10A6500005F1640059460822F4F34EF5D5F8D00010
:10A66000F6F3DCF4002868D018F4805F65D096F823
:10A670006F2096F8703043EA0223B3F5807F0BDD3C
:10A6800038462169012274F065DC206904F1180163
:10A69000012277F089D9E7E24FF48070F9F3C6F52B
:10A6A000824630B938462169012274F053DCD14624
:10A6B00098E32020F9F3BAF5834630B95046F9F310
:10A6C000C7F538462169012208E34FF48170F9F398
:10A6D000ADF5059068B95046F9F3BAF55846F9F367
:10A6E000B7F538462169012274F034DCDDF81490A6
:10A6F00078E3B9F1000F04D1D5F8D000F7F394F066
:10A700008146059B494605F19C0202930998002366
:10A710008DE8000CF6F394F781465046F9F398F56E
:10A720005846F9F395F50598F9F392F5B9F1000F4C
:10A7300003D138462169012220E396F815A0B37DA4
:10A74000D5F8D00043EA0A2AF6F38AF410B918F0D3
:10A75000080326D0BAF10D0F0BD003D8BAF1050FBC
:10A7600015D10DE0BAF1100F17D0BAF1200F0ED1AC
:10A7700011E018F0080F13D038462169022271E267
:10A7800018F0080F0FD03846216903226AE23846D4
:10A790002169042266E2022106E00422059204E017
:10A7A0000323059301E00121059118F0080900F049
:10A7B00026822B8A059A934203D0384621690522C6
:10A7C00050E2079B002B40F0C78003232B60D5F895
:10A7D000D0305A0606D4626892F86221002A37D037
:10A7E000580335D513F4804932D196F86F1096F896
:10A7F0007030042206F1710043EA0121F6F3F8F704
:10A800000246002833D04378132B03D838462169F9
:10A810000422B3E2636A2169483300934FF02009B0
:10A820002046063201F1DC03CDF8049073F054D8D1
:10A830008246E0B9636AA3F8069094F80834B3B18D
:10A84000A068D4F8041406F009D884F808A40EE02F
:10A8500019060CD5616AB1F8E42042B101F1480053
:10A86000C431F4F349F4636AB3F8E410D980636A3D
:10A87000DB882BB920463146069A72F0DFDFAFE263
:10A8800005F11C0906F11F012022484605F13C068E
:10A89000F4F332F420222068314619F029D9D5F892
:10A8A000D0305A040AD522682169D2F8D406026849
:10A8B0008A58127812B149F0FFDF3BE021690A6D36
:10A8C000100508D413F4922F05D1D1F8083193F86C
:10A8D00083309A0612D5636A04F1180003F1480226
:10A8E0000092DB88E231019305F18C030293AB8A7D
:10A8F0004A4603933346F6F30DF41BE004F1180ABD
:10A900005046E2310622F4F3E3F3002800F06882B7
:10A91000636A216903F148020092DB885046019383
:10A9200005F18C030293AB8AE23103934A46334626
:10A93000F6F3F0F540F63B623846216908EA020278
:10A94000012374F04BDB08B1042356E1384621693A
:10A950000D2274F0FFDA43E2069A4AB997F816908E
:10A96000B9F1000F0CBF4FF400794FF0000901E07E
:10A970004FF00009D5F8D000F6F350F341F2C83398
:10A98000002808BF4FF4E47303EA080218BF4FF031
:10A9900000099A4240F0248219EA080F40F0208210
:10A9A0002B68033B042B00F21B822946052341F848
:10A9B0001C3B06F11F002022F4F38AF3002840F02C
:10A9C0000F8296F86FA096F87030D5F8D00043EA61
:10A9D0000A2AF6F323F300283FD006F1710B5846FC
:10A9E00051463022F5F306F08146C8B1D5F8D03093
:10A9F00042785B0440F1FA8123682169D3F8D436A8
:10AA00001B68CB581B78002B00F0F081123A92B2F1
:10AA1000ECE1A86809F102010230F4F359F318B12E
:10AA200038462169072215E00AEB0B0199F801204D
:10AA3000C9EB010189B2901C81421CDD6FF001035A
:10AA40009B1A4844C9183022F4F3D4F798B121690D
:10AA50003846062274F07EDA09E0AB88534506D109
:10AA6000A86806F171015246F4F332F318B1206977
:10AA700004F1180142E0D5F8D000F6F3CFF278B136
:10AA800006F171005146F6F3A7F648B93846216938
:10AA9000092274F05FDA206904F1180101222EE026
:10AAA0002068036893F8623163B304F118092169DF
:10AAB0004A466FF079D88346D5F8D000F0F7C8FA47
:10AAC00000B32368D3F86008FEF70CF9D0B1BBF1EE
:10AAD000000F17D023685946D3F86008FEF706F92F
:10AAE00080B1514606F17100F422F4F383F7014678
:10AAF0002046FFF795FB28B920694946112276F0D8
:10AB000053DF6DE140F20B223846216908EA020268
:10AB1000032374F063DA814628B1062318F0400954
:10AB20002B6004D116E0384621690D2226E12A8ADD
:10AB300004F1180B2B8B20688DE80408216905F1BE
:10AB4000AC0276F0D1DED5F8D000F6F367F200283B
:10AB500034D003E03846216908220FE1514606F15E
:10AB60007100F6F339F642788046063A92B2EA82EC
:10AB7000837905F16C0903F0030385F8CC3008F103
:10AB800008014846F4F3B8F295F8CC200599EB8A11
:10AB9000009206F14F020191029298F80620216975
:10ABA00002F00402039220684A4676F021DE236810
:10ABB0002169D3F87C06324654F0ECDED5F8D0009B
:10ABC000F6F32CF2C0B108232B603846216900222D
:10ABD00074F0C0D923695A46DB6820680093792154
:10ABE0000623F4F701F923682269D3F8D4361B68E9
:10ABF000D35800221A70F3E006232B60F0E02B6894
:10AC0000052B40F2ED80236A05995A8A8A4208D0C2
:10AC1000D3F8D000F6F324F218B1384621690A229D
:10AC2000ACE008F46073B3F5607F40F0D98007238F
:10AC30002B60D5F8D000F6F3F1F18146002841D021
:10AC400018F4805F0BD096F86F1096F8703006F10C
:10AC5000710043EA0121F6F3BFF5814638B9216955
:10AC600038460B2274F076D94FF00009BAE04278EA
:10AC700005F16C0A063A92B2EA82837909F1080179
:10AC800003F0030385F8CC305046F4F335F295F821
:10AC9000CC20EB8A00926A8A2169019206F14F0268
:10ACA000029299F80620206802F0040203925246AC
:10ACB00076F09EDD23682169D3F87C06324654F095
:10ACC00069DE70E0BAF1200F55D84FF48070F9F3C7
:10ACD000ADF2834630B9216938460C2274F03AD976
:10ACE000D9467FE02020F9F3A1F2069050B95846EA
:10ACF000F9F3AEF2384621690C2274F02BD9DDF855
:10AD000018906FE04FF48170F9F390F2844680B9A7
:10AD10005846CDF810C0F9F39BF20698F9F398F273
:10AD2000384621690C2274F015D9DDF810C0E146CF
:10AD300058E0069B05F16C020792414605F19C0222
:10AD400001930290079B0998CDF810C0CDF800B090
:10AD5000F6F370F481465846F9F37AF20698F9F35F
:10AD600077F2DDF810C06046F9F372F2A5F816A08C
:10AD7000B9F1000F05D1216938460C2274F0EAD8E8
:10AD800030E0089A08F030031B110599009302F097
:10AD9000400301914F36039320682169079A534677
:10ADA000029676F025DD3846216908F00B0205236E
:10ADB00074F014D928B108232B6038462169002289
:10ADC00002E0216938460D2274F0C4D82369206856
:10ADD000DB687921009304F118020623F4F704F8E4
:10ADE0004FF0010948460BB0BDE8F08FA988931CCD
:10ADF00099427FF415AE0CE62DE9FF4790E810026A
:10AE00008E7905460F46002E63D140F21440F9F3C7
:10AE10000DF2804600285FD03851314640F214428E
:10AE2000F4F3EEF1AB8AD9F8D02608EB030448F826
:10AE300003902B694FF0010AE360EB686261A36045
:10AE4000AB6827616360E420C8F8006088F804A05C
:10AE5000C4F8FC63F9F3EAF12062002841D03146DE
:10AE6000E422F4F3CDF1E820F9F3E0F16062002888
:10AE700037D03146E822F4F3C3F1D4F82480E868EF
:10AE8000C8F8009019492246334605F06BDDC8F832
:10AE90006800002825D0E86815492246334605F0A9
:10AEA00061DD6063E8B1E86812492246334605F087
:10AEB00059DDC4F80404A0B1236A286A0193636AC7
:10AEC0006946009702938DF80CA0F3F313F4304613
:10AED00004E06FF0060001E04FF0FF3004B0BDE881
:10AEE000F0872846394672F099DBF5E7E15788008C
:10AEF000E9588800C958880038B51D4690B10368E4
:10AF0000848ACB5873B11C19114604F13000102209
:10AF1000F4F3F2F004F1400029462022BDE8384065
:10AF2000F4F3EAB038BDD0F88404F0B503F1560567
:10AF3000A83300EB430300EB8505B3F90A60AF6863
:10AF400090F8E940BE1B7618AE6026415E81B0F9EC
:10AF50005E31D0F86811CB1A9B18C0F868312341D4
:10AF6000A0F85E31F0BD10B50A7AD0F884342AB367
:10AF700090F82922D1F808012AB190F86000904297
:10AF800028BF024601E090F86020D1F8180104784B
:10AF900064B1007AD1F8081118B1C98D4A43002173
:10AFA00001E0CA8D012183F8291105E0012283F80F
:10AFB0002921D1F80821D28D0A3203E083F8292112
:10AFC0004FF49B72C3F8242110BD2DE9F04F8BB0D4
:10AFD000D0F884449A469DF85C30904608939DF8DA
:10AFE0005420B4F8C63007920393189A94F8E930C5
:10AFF0000F4609920593B4F8F020D4F8D81094F8CD
:10B000001C3106469DF950B09DF8585004920691A7
:10B01000002B00F0AB81036893F8693123B13BF05A
:10B020004DDA002800F0A281336893F864312BB127
:10B0300094F86D3113B1002384F86D3194F8283100
:10B040003BB1B068D4F8301105F008DC002384F877
:10B0500028318E2130693CF069DA43004E334FF6D7
:10B06000FE71194030693CF061DA94F8583181463C
:10B07000FF2B08D094F8E830012212FA03F300EA1B
:10B0800003091FFA89F994F8AF30AB4213D00023BB
:10B0900005F1320204EB8202E91A93604A4242EB64
:10B0A0000102323204EB820284F8AF50C4F8CC3093
:10B0B000C4F8C8309360BAF1000F00F05781079AC6
:10B0C000C2B9022F40F35281C7EB0A01B4F9F22052
:10B0D00009B204EB45039142A8BF0A46A3F8EA204F
:10B0E000D6F884345B79012B2AD9C8EB0B03A4F87A
:10B0F000EE3025E0049F04EB45023BB2B2F9EA7062
:10B10000C7EB0A07FF1A022F03DD1C2FA8BF1C275D
:10B1100000E00327D6F884245279012A10D9B4F923
:10B12000EE80C8EB0B08C3EB0808B8F1020F05DD91
:10B13000B8F11C0FA8BF4FF01C0801E04FF0030846
:10B14000D6F868329B792BB9089A1AB1304609991A
:10B15000FFF709FF05F1320204EB820293683046E3
:10B1600001339360C4F8CC30D4F838315146013300
:10B17000C4F8383105F14E0304EB83035A680132F9
:10B180005A605A462B46FFF7CEFED4F8E030D4F88A
:10B19000E420934203D9039B1BB2049307E0D4F845
:10B1A000DC00013301210690C4F8E03004910598D9
:10B1B000012212FA00F3D4F8CC1099422DD3D5F124
:10B1C000010B38BF4FF0000B0BF1A80C04EB4C0C3B
:10B1D00004EB4500B0F85A01BCF80AC0C0EB0C0CF7
:10B1E0000FFA8CFC94F86C018CEAEC7AAAEBEC7AFE
:10B1F0008245ACBF00210121844503910EDB94F808
:10B20000E8000BFA00F1894509D005F13C0104EB97
:10B21000810148688018486001E00392002205F12E
:10B22000540B05F12C0004EB800004EB4B01B1F949
:10B230000AC0D0F808A0CCEB0A0C674487600598D8
:10B2400007414F81D4F8C000B4F9B610059F411AE8
:10B250004144C4F8C0103941A4F8B61004EB85018C
:10B26000D1F8D010B4F9C400994204EB4B01B1F904
:10B270000A1028BF84F8B150884244DBD4F8CC00CF
:10B28000069FB8420CD9D5F1010194F8E82038BFE7
:10B29000002111FA02F291452FD005F13C0225E080
:10B2A000039F4FB394F844713DB1B4F9B2C07FB27B
:10B2B000C1EB0C0107EBC10106E0B4F9B4C07FB2E9
:10B2C000C1EB0C01C900C91B049FB1EBC70F13DB15
:10B2D000984211D3D5F1010194F8E82038BF00213C
:10B2E00011FA02F2914508D005F13E0204EB820208
:10B2F00051680131516000E02AB10120002D14BFD6
:10B300000321022106E0002D0CBF2846002014BFB7
:10B310000221032194F8AF2084F8492194F81D21DB
:10B320005AB1D6F8682292793AB938B130690B46E9
:10B33000009201923DF0C6D804E018B9D4F8CC20B0
:10B340009A4213D294F81D3183B1D6F868329B79B2
:10B3500063B9012284F82821B068D4F83011D4F8F8
:10B3600024210BB0BDE8F04F05F0529A0BB0BDE8B8
:10B37000F08F2DE9FF41D0F88454064695F81C3132
:10B380000C4695F8E970002B00F08180036993F872
:10B390000A31002B7BD0036893F8693153B13BF03D
:10B3A0008DD8034630B9B068D5F83411142205F0B1
:10B3B0002FDA6CE0336893F8643133B195F86D316E
:10B3C0001BB1002385F86D3161E0D6F83C33022BC8
:10B3D0000AD0D5F8E020D5F8E4309A4294BF4FF077
:10B3E00000084FF0010801E04FF0000895F81D310A
:10B3F000002B4CD0D6F868329B79002B47D1336AAA
:10B400000DF10F0118695AF00BDD9DF80F3085F82A
:10B41000AF30002B14BF03210221B8F1000F25D05B
:10B4200003F1020E05EB8E0E05EB4302DEF8B0C011
:10B43000B2F9B200C0EB0C00CEF8B000384103F115
:10B440002C0EA2F8B20003F1540205EB8E0E05EBB0
:10B450004202B2F9B200DEF8B0C0C0EB0C0078389E
:10B4600050FA07F7CEF8B000A2F8B27085F849316B
:10B47000002201238DE80C0030690B463DF022D8F4
:10B480009DF80F3054F82320013244F82320BDE802
:10B49000FF8110B5D0F8844494F81C3123B104F531
:10B4A0008671FFF766FF002384F8283110BD70B560
:10B4B000D0F88444054694F81C3103B3D4F8CC206A
:10B4C000D4F8C8309A4203D104F58A71FFF751FFCE
:10B4D000D4F8CC30C4F8C83094F81D317BB1D5F81D
:10B4E00068329B795BB994F8292142B1A868D4F8F5
:10B4F00034114FF4FA72BDE8704005F0899970BDBF
:10B5000038B5D0F884440546D4F83411806805F085
:10B51000A5D9D4F8CC20D4F8C8309A4204D1284612
:10B5200004F58A71FFF725FFD4F8CC30C4F8C83091
:10B5300038BDD0F8843400224FF6A271C3F8B82089
:10B54000C3F8BC20C3F8C020A3F8B220A3F8B420ED
:10B55000A3F8B620C3F86021C3F86421C3F86821BA
:10B56000A3F85A21A3F85C21A3F85E21A3F8EA10FE
:10B57000A3F8EC10A3F8EE10C3F8CC20C3F8D02049
:10B58000C3F8D420C3F83821C3F83C21C3F84021C4
:10B59000C3F8E020C3F8F420C3F8F820C3F8FC2077
:10B5A000C3F80021C3F80421C3F80821C3F80C2113
:10B5B000C3F81021C3F81421C3F8182183F82921F6
:10B5C0007047D0F88434D3F8CC208A60D3F838217F
:10B5D0008A6493F81D2112B193F8AF2001E093F82B
:10B5E000AC204A6093F81D210A6093F848214A650F
:10B5F0004A688A65D3F8D0200A64D3F8D4204A6414
:10B60000D3F83C21CA64D3F840210A65B3F9B220CB
:10B61000CA60B3F9B4200A61B3F9B6204A61D3F81D
:10B62000F4208A61D3F8F820CA61D3F8FC200A62BA
:10B63000D3F800214A62D3F804218A62D3F80821A2
:10B64000CA62D3F80C210A63D3F810214A63D3F8F5
:10B6500014218A63D3F81821CA63D3F84C21CA6530
:10B66000D3F85021D3F854310A664B667047F7B5CA
:10B67000D0F88444D4F84C518D4207D1D4F85051BD
:10B68000954203D1D4F854219A423CD001F00F05E1
:10B69000042D3AD8022D38D003F00302022A34D008
:10B6A0001F0907F00307022F2FD00A0902F00F022B
:10B6B000042A2AD8022A28D09E0806F00306022E61
:10B6C00023D09E0906F00306022E1ED0C4F8543182
:10B6D000036AC4F84C111B68C4F85011022B04BF54
:10B6E0003E462A46042A14BF1146314684F8AD105E
:10B6F000D0F88434012283F8461100920192006947
:10B700000B463CF0DFDE002001E06FF01C00FEBDC8
:10B7100070470000004870479466010010B50C4661
:10B72000C1B1886808B1F8F393F5E06808B1F8F39F
:10B730008FF5D4F8D80008B1F8F38AF5D4F8E00012
:10B7400008B1F8F385F520460021E422BDE8104059
:10B75000F3F356B510BD2DE9F74F0546D2F8D000EA
:10B76000019114469846DDF830B0DDF83490DDF8EC
:10B7700038A0F5F353F428B1404659463022F4F38B
:10B7800039F103E040465946F5F3E0F20646002859
:10B7900000F0D880D4F8D000F5F340F428B1484642
:10B7A00051463022F4F326F103E048465146F5F3C2
:10B7B000CDF20746002800F0C6802B6893F862316E
:10B7C000002B4FD0D4F8D000EFF742FC002849D02E
:10B7D000D5F86008FDF786FA10B3D5F868329B7982
:10B7E0002BB9D5F860080199FDF780FAC0B1484639
:10B7F0005146F422F4F3FEF08146002800F0A280C6
:10B8000040780230A4F8D400F8F310F5C4F8D8005A
:10B81000002800F097804946B4F8D420F3F36CF484
:10B82000D5F86008FDF75EFAE0B1D5F86008019937
:10B83000FDF75CFAB0B140465946F422F4F3DAF071
:10B84000054600287ED040780230A4F8DC00F8F3EA
:10B85000EDF4C4F8E000002874D02946B4F8DC20E8
:10B86000F3F34AF4022323826382D4F8D000F5F381
:10B87000D5F310B1042323826382D4F8D000F5F30A
:10B88000CDF350B106F10A0004F110010022F5F3E6
:10B89000A7F4002856D0002513E073780A2B0FDD9B
:10B8A000D4F8D05006F10E00A5F10802554245EB40
:10B8B000020504F110012A46F5F3B6F608B941E095
:10B8C00005462046218A2A4676F088D8002839D0B5
:10B8D000D4F8D000F5F3A2F330B1301D04F1120119
:10B8E0000122F5F37DF413E07378092B11DD06F1E5
:10B8F000080045B9F27A012A06D0A2F105035A429E
:10B9000042EB030200E0012204F11201F5F38CF690
:10B91000C0B178780230A080F8F388F4A06088B1D4
:10B920003946A288F3F3E8F370780230E080F8F348
:10B930007DF40746E06030B13146E288F3F3DCF392
:10B94000012700E007463846BDE8FE8F01320103BB
:10B95000323D00904C3300AAAA0300000088B400D6
:10B960000100000001010000010050F20100005040
:10B97000F20000409600000FAC00000FAC0600AAD9
:10B98000AA03000000AAAA030000F8000FAC0005FB
:10B990000400C9BF05F000CEBF0000000101000097
:10B9A00001011C7040002D02F0000A01280028014E
:10B9B0003801480158015501500150036666E20103
:10B9C0006666E3016666E4016666E5016666E601B1
:10B9D0006666E7016666E8016666E9016666EA0191
:10B9E0006666EB016666EC016666ED016666EE0171
:10B9F000CDCCF0010A000500080040060800050053
:10BA000008000800770008008A000800010005000F
:10BA100001000A0001000500400610091E091F0967
:10BA200024092509260920092109270928092909A6
:10BA30002209230930093109320912090F090009C5
:10BA400001090609070908090209030909090A0980
:10BA50000B09040905090C090D090E0911096502F4
:10BA600034028400740056006502340204000400AD
:10BA700004000300030003000300020001000100B2
:10BA800000000000FFFFFFFFFFFFFFFFFFFFFFFFC2
:10BA9000FFFF0000372E39352E3439202832323757
:10BAA0003162623620435929007265636C61696DA9
:10BAB0002073656374696F6E2025733A2052657434
:10BAC00075726E65642025642062797465732074D4
:10BAD0006F2074686520686561700A004D656D6F40
:10BAE00072792075736167653A0A00095465787444
:10BAF0003A20256C6428256C644B292C2044617401
:10BB0000613A20256C6428256C644B292C204273F3
:10BB1000733A20256C6428256C644B292C205374BF
:10BB200061636B3A2025644B0A00094172656E61BE
:10BB300020746F74616C3A2025642825644B292C8D
:10BB400020467265653A2025642825644B292C20FF
:10BB5000496E207573653A2025642825644B292C8D
:10BB60002048574D3A2025642825644B290A0009AE
:10BB7000496E20757365202B206F7665726865614C
:10BB8000643A2025642825644B292C204D617820B7
:10BB90006D656D6F727920696E207573653A202529
:10BBA0006C6428256C644B290A00094D616C6C6F2C
:10BBB00063206661696C75726520636F756E743A97
:10BBC0002025640A0009537461636B20626F7474EA
:10BBD0006F6D20686173206265656E206F76657297
:10BBE0007772697474656E0A0009537461636B201F
:10BBF000626F74746F6D3A20307825702C206C77EA
:10BC00006D3A20307825702C20637572723A20309E
:10BC10007825702C20746F703A20307825700A00D7
:10BC2000094672656520737461636B3A203078252C
:10BC30007828256429206C776D3A2030782578287B
:10BC40002564290A0009496E757365207374616360
:10BC50006B3A2030782578282564292068776D3A5A
:10BC60002030782578282564290A0009496E207536
:10BC7000736520706F6F6C202564282564293A2035
:10BC800025642825644B292C20772F6F683A2025BE
:10BC9000642825644B290A0009496E2075736520C4
:10BCA0002D20706F6F6C3A2025642825644B292C59
:10BCB00020772F6F683A2025642825644B290A00D5
:10BCC00009506B74496420546F74616C3A20256488
:10BCD0002C20467265653A2025642C204661696CEB
:10BCE00065643A2025640A006D77006D6400554E46
:10BCF000494D504C3A2072613D25700A0054434131
:10BD00004D3A20256420757365643A2025642065CA
:10BD100078636565643A25640A000A4657494420F9
:10BD200030312D25780A666C6167732025780A000A
:10BD30000A54524150202578282578293A207063EA
:10BD40002025782C206C722025782C2073702025DB
:10BD5000782C20637073722025782C207370737296
:10BD60002025780A00202072302025782C2072317E
:10BD70002025782C2072322025782C207233202523
:10BD8000782C2072342025782C2072352025782CB0
:10BD90002072362025780A00202072372025782C42
:10BDA0002072382025782C2072392025782C20729A
:10BDB00031302025782C207231312025782C2072CA
:10BDC00031322025780A000A20202073702B302081
:10BDD00025303878202530387820253038782025CF
:10BDE0003038780A00202073702B3130202530380D
:10BDF000782025303878202530387820253038785C
:10BE00000A0A0073702B257820253038780A0068DC
:10BE10006E6461726D5F61726D7220616464723A0A
:10BE200020307825782C206372345F6964783A205A
:10BE300025640A00627573737461747300535357F9
:10BE4000553A207072696D6520646F6573206E6F5E
:10BE50007420686176652070203D2033206D6F640A
:10BE6000203400000100000000010000200100005B
:10BE7000A1418000B9538000212C800079578000B7
:10BE80006D3D8000609D8800A09E8800549F8800C2
:10BE90008C9B8800409C8800FDFFFFFFD89A88009B
:10BEA000020000008001000030010000DD41800040
:10BEB000E5538000492C8000AD578000993D8000FB
:10BEC000749D8800C09E8800749F8800AC9B880089
:10BED000609C8800FDFFFFFFF89A880004000000C6
:10BEE000FF00000020080000253E8000B1518000C6
:10BEF000ED2B800035578000253D8000549D880043
:10BF0000809E8800349F88006C9B8800209C88005D
:10BF1000066D0700B89A88000300000009020000BF
:10BF200044010000F941800001548000892C800008
:10BF3000F5578000ED3D8000889D8800F09E8800C8
:10BF4000A49F8800DC9B8800909C8800FDFFFFFF79
:10BF5000289B8800706125643D3078252578007025
:10BF60006425643D30782525780070646825643D3B
:10BF700030782525780070646C25643D307825255F
:10BF8000780067637225643D307825257800253078
:10BF900032582530325825303258253032582D2528
:10BFA000303258253032582D25303258253032580D
:10BFB0002D25303258253032582D25303258253035
:10BFC00032582530325825303258253032582530F5
:10BFD000325800556E646566696E656420657272DC
:10BFE0006F72202564000000600104000500010359
:10BFF0006401040000002700240104000400000084
:10C0000028010400000000002C01040000000000D2
:10C010003001040000000000340104000A04700034
:10C0200034010400EFBED40034010400050000FF19
:10C030003401040001FF02FF300104001800000079
:10C04000340104000A04E00034010400EFBE48009B
:10C0500034010400050000FF3401040001FF02FF69
:10C060003401040000101801340104000203001020
:10C070003401040018F1F2F334010400BBCC0000D9
:10C08000300104003800000034010400000000000A
:10C0900030010400580000003401040000000000DA
:10C0A0003001040038000000340104000F200007B4
:10C0B00034010400000094003401040000000090EA
:10C0C0003401040074757677340104000000000028
:10C0D000340104000000050034010400FFFFFFFFED
:10C0E0003001040068030000340104006E84330052
:10C0F00034010400DCBA500034010400D40000AB69
:10C1000034010400BADABADA34010400001018F17C
:10C1100034010400F2F300103401040018F1F2F3CA
:10C12000340104001000000034010400000000008D
:10C130003401040000000A00340104000100000E74
:10C14000340104004252434D340104005F5445530E
:10C1500034010400545F5353340104004944010482
:10C160003401040082848B9634010400030101062B
:10C1700034010400020000003001040068000000E7
:10C18000340104000A04280234010400DCBA8000EF
:10C19000340104000000FFFF34010400FFFFFFFF33
:10C1A00034010400001018F134010400F2F300100F
:10C1B0003401040018F1F2F334010400D0AF0000A0
:10C1C00034010400000000003401040000000001FC
:10C1D000340104000200000E340104004252434DB9
:10C1E000340104005F54455334010400545F535339
:10C1F00034010400494401043401040082848B9614
:10C2000034010400030101063401040002010000AE
:10C210003001040068060000340104000A0428020A
:10C2200034010400DCBA8000340104000000FFFF88
:10C2300034010400FFFFFFFF34010400001018F177
:10C2400034010400F2F300103401040018F1F2F399
:10C2500034010400D0AF00003401040000000000ED
:10C260003401040000000001340104000200000E4B
:10C27000340104004252434D340104005F544553DD
:10C2800034010400545F5353340104004944010451
:10C290003401040082848B963401040003010106FA
:10C2A000340104000201000000010400000000014C
:10C2B0009004020000000000A0040200F1F300005E
:10C2C000B0040200EFFD0000A8040200FFFF000020
:10C2D000A804020000000000A20402000100000007
:10C2E000B2040200FBFF0000AA040200FFFF0000EE
:10C2F000AA04020000000000A4040200CF1A0000FB
:10C30000AC04020000000000BC04020000000000B9
:10C31000A6040200D7020000B6040200FFFD0000E0
:10C32000AE040200FFFF000006040200010000004E
:10C3300006040200000000000C04020018000000C7
:10C34000060402000000000048040200000C000087
:10C3500002040200200600000205020000000000A6
:10C360000005020000400000020502000400000079
:10C370000005020000400000020502000800000065
:10C380000005020000400000020502000C00000051
:10C39000000502000040000002050200C00000008D
:10C3A00080050200FFFF000082050200FFFF000081
:10C3B00084050200FFFF000086050200FFFF000069
:10C3C00088050200FFFF00008A050200FFFF000051
:10C3D0008C050200FFFF00008E050200FFFF000039
:10C3E00090050200FFFF000092050200FFFF000021
:10C3F00094050200FFFF000096050200FFFF000009
:10C4000098050200FFFF00009A050200FFFF0000F0
:10C410009E050200FFFF0000A0050200FFFF0000D4
:10C420009C050200F0FF00004005020000800000B3
:10C4300020050200060F00004005020000800000F9
:10C4400040050200008100002005020000FF0000FE
:10C450002C050200010100004005020000810000DF
:10C460004005020000820000200502001E28000096
:10C470002C050200000000004005020000820000C0
:10C480004005020000830000200502002931000061
:10C490004005020000830000400502000084000007
:10C4A00020050200323F0000400502000084000029
:10C4B0004005020000850000200502004041000008
:10C4C0004005020000850000120602000100000085
:10C4D0002E060200CDCC0000300602000C00000049
:10C4E000000602000480000096060200080000001A
:10C4F0009A060200E4000000880602000000000026
:10C500009C060200020000008806020000100000E5
:10C510009C060200020000008806020000200000C5
:10C520009C060200020000008806020000300000A5
:10C530009C06020002000000880602000B0F0000AB
:10C540009E06020007000000100502000B0000001C
:10C5500050040200014E0000520402005B01000082
:10C56000E40402009000000004040200B400000093
:10C5700054050200FFAF0000FE04020000000000AE
:10C580005E050200001000006001040004000103C9
:10C59000640104000000000064010400B400000015
:10C5A00064010400470047006401040000006400C7
:10C5B0006401040030094000600104000D00010323
:10C5C0006401040002000200640104000100C000D4
:10C5D0006401040005000000640104000000C000C4
:10C5E0006401040064006400640104000E0047005C
:10C5F000640104000005000060010400150001034F
:10C600006401040040003C086401040000000700CD
:10C61000640104000A000000600104001A00010324
:10C620006401040000C00000600104001D0001035B
:10C630006401040010270000600104001F000103D2
:10C640006401040000001C0C6401040006001027B3
:10C6500060010400250001036401040000003200B1
:10C6600060010400280001036401040000004C0A7A
:10C670006401040000003F0164010400FFFF0004A6
:10C680006401040046041E07640104000200EC0972
:10C69000600104002E00010364010400000000801A
:10C6A00060010400920101036401040064040000BD
:10C6B00064010400000040006401040096070000CB
:10C6C0006001040097010103640104001A080000DE
:10C6D00060010400BF0101036401040000000500C3
:10C6E0006001040008040103640104000702000063
:10C6F0006001040010040103640104000000010053
:10C70000600104001C0C010064010200FFFF000036
:10C71000600104001D0C010064010200FFFF000025
:10C72000600104001A000103640104000000200CF1
:10C730006001040023000103640104000000A60757
:10C74000640104000000A20A600104002600010345
:10C75000640104000A0E0B09640104000E020000CB
:10C760006001040032000103640104000000900B2A
:10C77000640104000000A0046401040000007C06C1
:10C780006001040058000103640104004252434D5B
:10C79000640104005F54455364010400545F535323
:10C7A00064010400494400006001040060000103CA
:10C7B000640104003900000064010400500000001E
:10C7C00064010400C0000000600104007000010367
:10C7D00064010400BE03BE0364010400BE03BE0383
:10C7E00064010400BE03BE0364010400BE03BE0373
:10C7F000640104000004EA0364010400D403BE03DE
:10C80000640104000B04F50364010400DF03C903A1
:10C8100064010400BE03BE0364010400BE03BE0342
:10C8200064010400BE03BE0364010400BE03BE0332
:10C83000640104000004EA0364010400D403BE039D
:10C84000640104000B04F50364010400DF03C90361
:10C85000640104001604160464010400160416049E
:10C8600064010400220416046401040016042E046A
:10C87000640104001604160464010400160416047E
:10C880006401040016041604640104003A0416044A
:10C89000640104001604160464010400160416045E
:10C8A00064010400220416046401040016042E042A
:10C8B000640104001604160464010400160416043E
:10C8C0006401040016041604640104003A0416040A
:10C8D0006401040000001F0064010400FF031F0046
:10C8E0006401040002000000640104000200000072
:10C8F00060010400980001036401040000001F00AF
:10C9000064010400FF031F00640104000100000033
:10C91000640104000100000060010400A0000103A4
:10C920006401040000001F0064010400FF031F00F5
:10C930006401040001000000640104000100000023
:10C9400060010400A80001036401040000001F004E
:10C9500064010400FF031F006401040001000000E3
:10C96000640104000100000060010400C000010334
:10C970006401040037243724640104003724372479
:10C9800060010400BA010103640104000100070210
:10C9900064010400070207036401040007000000AB
:10C9A00060010400DF010103640104002000CB01E9
:10C9B0006401040000005400640104000000AB089E
:10C9C00064010400000010046401040084000200FB
:10C9D000640104000000140064010400CF0102009F
:10C9E000640104004400000064010400AF08020078
:10C9F00064010400100464006401040002020000E9
:10CA0000640104001000CA016401040002003C003B
:10CA1000640104000000AA0864010400020010047C
:10CA200064010400540002086401040000000800CE
:10CA300064010400CE010000640104003400000021
:10CA400064010400AE080000640104001004440006
:10CA500064010400020A0000640104000800C90126
:10CA60006401040002003000640104000000A90811
:10CA70006401040002001004640104003C00021080
:10CA8000640104000000040064010400CD01000002
:10CA9000640104002C00000064010400AD080000E3
:10CAA0006401040010043400640104000212000058
:10CAB000640104000400C8016401040000002C00AB
:10CAC000640104000000A8086401040000001004D0
:10CAD0006401040030000219640104000000000039
:10CAE00064010400CC010200640104002C00000079
:10CAF00064010400AC08020064010400100430006A
:10CB000064010400021A000064010400C0000A0469
:10CB10006401040070000000640104003A010A048A
:10CB20006401040028022CC064010400F2020A041B
:10CB300064010400000000016401040060001404AA
:10CB400064010400380000006401040002011404C0
:10CB50006401040014012CC064010400DE0114040B
:10CB60006401040000008000640104002200370416
:10CB7000640104001500000064010400DF003704B4
:10CB80006401040065002CC0640104002E01370418
:10CB90006401040000002F006401040011006E8491
:10CBA000640104000B00000064010400D4006E84E2
:10CBB0006401040033002CC064010400FC006E8496
:10CBC00064010400000018006401040002008A9D52
:10CBD00064010400FB00020864010400C54EFA0071
:10CBE00064010400020A833464010400FE000210A0
:10CBF000640104006227F900640104000212421A71
:10CC000064010400FD00021964010400B113F8007E
:10CC100064010400021A811164010400FC00021C7A
:10CC200064010400C10FFC00640104000000C10F96
:10CC300064010400FC00000064010400C10FFC005A
:10CC400060010400500201036401040000000000C0
:10CC50006401040001007114640104000402000076
:10CC6000600104005402010364010400010000009B
:10CC70006401040001007114640104000402000056
:10CC80006001040058020103640104000200000076
:10CC90006401040001007114640104000402000036
:10CCA000600104005C020103640104000300000051
:10CCB0006401040001007114640104000402000016
:10CCC000600104006002010364010400000001002F
:10CCD000600104006C0201036401040020000000F4
:10CCE00060010400120401036401040000000C0050
:10CCF00060010400500501036401040018000000F5
:10CD000064010400983A983A64010400A60E640095
:10CD1000640104000000F401640104000400000048
:10CD200064010400C8AFA86164010400204E1E0025
:10CD3000640104000000030064010400030000001B
:10CD40006401040050C30000600104005B0501039E
:10CD5000640104000000140564010400E204000002
:10CD6000600104005F05010364010400204E00001F
:10CD70006401040000000F0064010400F4010300DA
:10CD80006001040065050103640104000000130054
:10CD900064010400000003006401040001000700B6
:10CDA00064010400C8AF000064010400881300009F
:10CDB000640104002C17DF40600104006C050103CE
:10CDC0006401040000002C01640104000000A00FB5
:10CDD000600104006F05010364010400000002000B
:10CDE0006401040000002C0164010400C000000084
:10CDF00064010400C04400006401040064000000F9
:10CE000064010400DC05401F6401040000004600CA
:10CE1000640104005000500064010400020000009E
:10CE200064010400F50A0000600104007A050103B2
:10CE3000640104002010409C64010400204E0000A6
:10CE400064010400B80B0000600104007E050103CA
:10CE5000640104000000204E64010400000005008D
:10CE600064010400DC053F0064010400710200005D
:10CE700064010400307500006001040086050103B0
:10CE800064010400C409A00F6001040089050103C6
:10CE9000640104000000D007600104008B05010359
:10CEA00064010400204E204E600104008E05010341
:10CEB00064010400200080406401040000000A00B6
:10CEC00064010400E803E81C64010400384A00001F
:10CED0006001040093050103640104000000640084
:10CEE000600104009F050103640104000200940234
:10CEF00060010400A105010364010400E1000000D9
:10CF000060010400A4050103640104003075000001
:10CF100060010400A705010364010400DC050000B2
:10CF200064010400581B000060010400AF05010308
:10CF30006401040000000F0064010400C800000048
:10CF400060010400B2050103640104000000020056
:10CF5000640104000000640060010400BB050103DB
:10CF600064010400A861701760010400C405010396
:10CF700064010400BE00000060010400380C0100E0
:10CF800064010200000000006001040003000200D0
:10CF9000640104001F00000060010400040002009E
:10CFA00064010400FF0300006001040005000200AA
:10CFB000640104001F00000060010400060002007C
:10CFC0006401040007000000600104000700020083
:10CFD0006401040004000000600104000800020075
:10CFE00064010400FFFF000060010400090002006A
:10CFF0006401040000000000600104000A00020057
:10D000006401040000000000600104000B00020045
:10D010006401040000000000600104000C00020034
:10D020006401040000000000600104000D00020023
:10D030006401040000000000600104000E00020012
:10D040006401040000000000600104000F00020001
:10D0500064010400000000006001040010000200F0
:10D06000640104001F0000006001040011000200C0
:10D0700064010400000000006001040012000200CE
:10D0800064010400000000006001040013000200BD
:10D0900064010400000000006001040015000200AB
:10D0A000640104000000000060010400160002009A
:10D0B0006401040000000000FFFF00000000000009
:10D0C00086060200D0090000800602003E3E0000F5
:10D0D000820602003E020000000702003C00000041
:10D0E0008406020012020000600104000300010037
:10D0F00064010200C00000006001040003000100A0
:10D10000660102000A000000600104000400010042
:10D110006401020014000000600104000700010027
:10D120006401020083010000600104002500010089
:10D1300064010200F401000060010400C505010063
:10D14000660102002B04000060010400C605010016
:10D15000640102000001000060010400E10101001F
:10D16000640102003C00000060010400E6010100CF
:10D17000660102003400000060010400EC010100BF
:10D18000640102003000000060010400F1010100B0
:10D19000660102002C00000060010400F70101009C
:10D1A000640102002C00000060010400FC01010089
:10D1B0006601020028000000600104000202010074
:10D1C0006401020028000000600104000702010061
:10D1D0006601020028000000FFFF000000000000C0
:10D1E000ED9F8000C1AD8000DDAE8000F9AB800016
:10D1F000B5B0800065AF8000C9B08000DDB08000B0
:10D2000071AD800085AD800009AC800005B1800063
:10D21000FDAA8000A1B0800065AE800035AA800024
:10D2200081A18000C5A1800031A880008DA8800068
:10D2300019A8800079AF8000B1A68000ADAB800056
:10D240008DAB8000E5AB80008DA380007DAB8000BE
:10D2500079A28000F5A3800045A7800045A080004A
:10D2600039A1800065A3800039A0800055A080000E
:10D270002D9F8000399F800000000000000000000A
:10D280000000000075A3800061A8800039A880001C
:10D2900071A2800095A78000219F8000199F8000C7
:10D2A000B9A0800085A08000E59E800028000000D5
:10D2B0000F0000000401000008070000000707003D
:10D2C0000007040000000404000004000000000146
:10D2D0000100000000000000030300000000000047
:10D2E0000000000000000000B10800000000000085
:10D2F0000404040404010400E20400080A0000001D
:10D300006A1000000000000000000000310600006C
:10D31000DDC88D000404040404010400E2040008D4
:10D320000A0000006A100000000000000000000079
:10D33000310400008C2EBA0004040404040104002B
:10D34000E20400080A0000006A100000000000006B
:10D350001818000000000000000606000000000091
:10D360000000000000000000311900000000A000D3
:10D370000C0C0C0C0A030400E20400080A00000074
:10D380006A1000000000000000000000B112000060
:10D39000277662000C0C0C0C0A030400E20400085F
:10D3A0000A0000006A1000000000000000000000F9
:10D3B000B10C00001443FD000C0C0C0C0A0304001B
:10D3C000E20400080A0000006A100000E02E0101DB
:10D3D0000150000000000000C832020101490000B5
:10D3E000899DD8004038030101420000AAAAAA0082
:10D3F000003C0401013E000000008000483F0501A0
:10D40000013B0000D05E4200A0410601013900004E
:10D4100049922400004B0701013200000000000087
:10D42000584D080101300000071F7C00204E090103
:10D430000130000000000000C05D0A01012800006A
:10D4400000000000A8610B0101260000666666006E
:10D4500090650C0101240000C44EEC0030750D01F4
:10D46000012000000000000040830E01011C0000AC
:10D470002449920018920F0201330000F93E560031
:10D48000009610020132000000000000409C1102D2
:10D49000013000000000000080BB120201280000E3
:10D4A0000000000020CB130201240000C44EEC0059
:10D4B000000000000000000000000000626F6172C8
:10D4C00064666C616773330073707572636F6E6648
:10D4D000696700000000000000000000B1190000B2
:10D4E000ABAA0A000B0C0C0C0A030400E2040008AF
:10D4F0000A0000006A1000000000000000000000A8
:10D50000B1120000143BB1000B0C0C0C0A03040018
:10D51000E20400080A0000006A1000000000000099
:10D5200000000000310D00007A0534000B0C0C0CDB
:10D530000A030400E20400080A0000006A10000068
:10D5400000000000121000000000000000000000B9
:10D5500000000000B1190000000040000C0C0C0C91
:10D560000A030400E20400080A0000006A10000038
:10D570000000000000000000B1120000FF88D80089
:10D580000C0C0C0C0A030400E20400080A00000062
:10D590006A1000000000000000000000B10D000053
:10D5A000F0FF4E000C0C0C0C0A030400E20400080F
:10D5B0000A0000006A10000006000000BC01000024
:10D5C000C54200003142000089450000780000009B
:10D5D00001000000394000003F40000041400000D1
:10D5E0008000000068000000FB440000F7440000D9
:10D5F000D144000067E6096A85AE67BB72F36E3CF2
:10D600003AF54FA57F520E518C68059BABD9831F0D
:10D6100019CDE05B982F8A4291443771CFFBC0B59A
:10D62000A5DBB5E95BC25639F111F159A4823F92ED
:10D63000D55E1CAB98AA07D8015B8312BE85312446
:10D64000C37D0C55745DBE72FEB1DE80A706DC9B07
:10D6500074F19BC1C1699BE48647BEEFC69DC10FB3
:10D66000CCA10C246F2CE92DAA84744ADCA9B05CEF
:10D67000DA88F97652513E986DC631A8C82703B0B2
:10D68000C77F59BFF30BE0C64791A7D55163CA06C0
:10D6900067292914850AB72738211B2EFC6D2C4DCC
:10D6A000130D385354730A65BB0A6A762EC9C281BA
:10D6B000852C7292A1E8BFA24B661AA8708B4BC250
:10D6C000A3516CC719E892D1240699D685350EF47A
:10D6D00070A06A1016C1A419086C371E4C77482731
:10D6E000B5BCB034B30C1C394AAAD84E4FCA9C5BA7
:10D6F000F36F2E68EE828F746F63A5781478C884F8
:10D700000802C78CFAFFBE90EB6C50A4F7A3F9BED9
:10D71000F27871C60123456789ABCDEFFEDCBA987C
:10D7200076543210F0E1D2C3142030401C20107720
:10D730006C2564002530347800776C25643A202508
:10D74000732025732076657273696F6E20257320B0
:10D75000465749442030312D25780A004E6F7620F7
:10D76000323920323032310032323A34393A3039BB
:10D7700000617020007374612000776D65200038AF
:10D7800030322E31316420003830322E3131682071
:10D7900000726D20006361632000616D706475200C
:10D7A00000616D7064755F74782000616D706475E0
:10D7B0005F72782000616D73647572782000616D0E
:10D7C00073647574782000726164696F5F7077723A
:10D7D00073617665200070327020006D6368616E41
:10D7E00020006466727473200074787077726361CD
:10D7F0006368652000737462632D7478200073740D
:10D8000062632D72782D3173732000776E6D200066
:10D810006273737472616E7320006D6670200073A2
:10D82000616520006964617574682000746B6F2005
:10D8300000776C63006770696F6F7574000000009B
:10D84000E156010002000080080000003D6F8900E1
:10D85000E2000000010000000000000000000000E5
:10D86000000000000200000000003131640031318E
:10D870006800313175005458204D435320203A0040
:10D8800020202564282564252529000A2020202021
:10D89000202020203A000000A18789000700800096
:10D8A0000100000000000000000000000000000077
:10D8B0005258204D435320203A006170707300612C
:10D8C0005F77706100615F777061690025733A204E
:10D8D000686F73745F656E61622025640A0062730D
:10D8E0007363666700627463006274635F646F737E
:10D8F0005F73746174757300955701000E0000002A
:10D900000700000000000000000000000000000010
:10D91000636D005F5F004B5200000000BC580100C7
:10D92000E0ED88000000000000000000B058010099
:10D9300000000000AA580100A458010000000000E7
:10D9400000000000805801002C5901008858010097
:10D950007FB2000000000000000000000000000096
:10D9600000000000000000000000000000000000B7
:10D9700000000000000000000000000090580100BE
:10D980000000000000000000000000000000000097
:10D990000000000000000000000000000000000087
:10D9A0000000000000000000000000000000000077
:10D9B0000000000000000000000000000000000067
:10D9C0000000000000000000000000000000000057
:10D9D0000000000001000000B1580100000000003C
:10D9E00000000000323032312D31312D32392032F9
:10D9F000323A34323A3434000000FF0000000000B4
:10DA0000FF00000000236E000000FFFFF000000098
:10DA10000000000000000000434C4D2044415441F0
:10DA200000000C000200392E31302E333900000086
:10DA300000000000000000000000312E32392E34BA
:10DA400000000000C4580100C8570100436C6D4934
:10DA50006D706F72743A20312E33362E3300000011
:10DA60000000000000000000000042726F6164636B
:10DA70006F6D2D302E30000000000000000000000F
:10DA80000000000000000000636E7472790064758D
:10DA90006D705F696E666F0013858900000000403D
:10DAA000080000000000000000000000000000006E
:10DAB0006576656E7471006662740000115A01002B
:10DAC00016000000775A0100180000008F5A01006C
:10DAD0001B000000275A01001C0000009CEF88007A
:10DAE0000E000000DA59010033000000DA5901008D
:10DAF00033000000435A010034000000435A010083
:10DB000034000000435A0100340000009BEF8800FD
:10DB100001000000D05901000A0000009AEF8800BF
:10DB20000100000003103036373839F4FFDD000102
:10DB30000203040607080920252829232A32300B6E
:10DB40000C424746333F4043363A3C3B2D3D484A22
:10DB50007F596145626B6C6F70BFC0C3C4C744F42A
:10DB6000DD69656D000001322124302E46363B2DE3
:10DB7000487F595E6BBFC74485F4DD01320C3541E7
:10DB800046303637393A382D3D484A7F5A5F586417
:10DB90006EBFC0C744F4DD00010203040605070898
:10DBA0000920252829232A32300B0C2E333F4043ED
:10DBB000424746363A3C3B2D3D484A7F5659456BD5
:10DBC0006C6F70BFC0C3C4C744F4DD01320C354173
:10DBD0004636373A382D3D484A7F5A5F6EBFC0C738
:10DBE00044F4DD0001322124302E463637393B2DF6
:10DBF000487F595E57636BBFC744859CF4DD6965F8
:10DC000072006C71004449524543542D007068798C
:10DC10000000A40400400000A40400800080D004A0
:10DC200020000000A404FF010000A404000400047C
:10DC3000A504FF032C01A50400E000A0A504001C1E
:10DC400000000D04FF0340000D0400700040A2041A
:10DC5000FF034000A20400700040A804FF00010080
:10DC6000D004C07F00000C05FF010000A604008066
:10DC70000080A604FF01FF009A04FF01FF00F409E1
:10DC800000800080F40900380020F409FF03370009
:10DC90009904FF0378009F0400C000409F04FF0325
:10DCA0009001D70408000800D70400700020AC09D8
:10DCB0003C001400F80904000400706B745F66698E
:10DCC0006C746572000000000C000000FFFFFFFF95
:10DCD000FFFFFFFFFFFFFFFF70726F745F67007051
:10DCE000726F745F6E000000EC5B010007000000C3
:10DCF00007000000FD5B01000600000001000000BD
:10DD0000000000000000000000000000534145201A
:10DD10004861736820746F20456C656D656E742072
:10DD2000753120503100534145204861736820749B
:10DD30006F20456C656D656E742075322050320021
:10DD40007361655F6D61785F7077655F6C6F6F7031
:10DD5000007361655F7077655F686E705F656E61A7
:10DD6000626C6500405C01002700000007000000B5
:10DD7000585C010028000000070000006E5C0100F4
:10DD80002600000007000000000000000000000066
:10DD9000000000007374665F74656D705F6D696E7E
:10DDA0005F647574795F6379636C65007374665F33
:10DDB00074656D705F6D6F6E69746F725F74696D9D
:10DDC00065007374665F74656D705F746872657307
:10DDD0006800696473757000747063007478630020
:10DDE0007761706900000000000000000000000082
:10DDF00000000000600A0000803801007364706356
:10DE00006D6465760000000000000000005D010008
:10DE10000000000000000000000000000000000002
:10DE20000000000000000000C5DF800045F6800013
:10DE300059F68000C9DF8000BDDF800089DF8000E7
:10DE400051DD80000000000055F680000000000059
:10DE500000000000C57C0100A17C01008B7C01005A
:10DE6000E1F6800000000000A5F68000F9F68000D1
:10DE7000C1F68000EDF68000000000000000000008
:10DE80000000000015880100698801000000000002
:10DE900011880100258C0100F589010059890100D4
:10DEA0000000000000000000000000000000000072
:10DEB00000000000C5890100000000001D1E1C0BB1
:10DEC00080BA8C0100C20100F20000008100000055
:10DED00010000000C0AD3A0200C20100EC000000DA
:10DEE0008100000022000000776C000000000000AC
:10DEF0000000000000000000C05D01000000000004
:10DF00000000000000000000000000000000000011
:10DF10000000000035E201001D8E8100E9898100CA
:10DF2000298F810000000000B58C810000000000F6
:10DF3000FD8D8100000000000000000000000000D6
:10DF400000000000010003000300060000000300C1
:10DF5000030003000E000D000E000E000E00020074
:10DF600009000C000A0008000D00010009000C0067
:10DF70000A0008000D00010009000C000A0008005A
:10DF80000D00010009000C000A0008000D0001004E
:10DF90000A000D000B0009000E0002000A000D002F
:10DFA0000B0009000E0002000900390016000E00E7
:10DFB0000E0005000900390016000E000E000500D5
:10DFC0000A000D000B0009000E0004000A000D00FD
:10DFD0000B0009000E0002000A000D000B000900F2
:10DFE0000E0002001400BF00C00015001100050063
:10DFF0001400BF00C0001500110005001400BF0090
:10E00000C0001500110005001400BF00C00015007D
:10E01000110005001400BF00C0001500110005002C
:10E020000900390016000E000E0005000900390035
:10E0300016000E000E0005001400BF00C000150001
:10E04000110005000900390016000E000E00050041
:10E050000900390016000E000E0005009600DE00D3
:10E06000DF001500110005001400BF00C0001500FE
:10E07000110005000900390016000E000E00050011
:10E080000900390016000E000E00050009006100AD
:10E0900016000E000E0005000900390016000E00E3
:10E0A0000E0005000C00B600190011001100080058
:10E0B0000900390016000E000E0005000900B60028
:10E0C00019001100110008000900B6001900110024
:10E0D000110008000900B600190011001100080025
:10E0E0000900390016000E000E0005000900B600F8
:10E0F00019001100110008000800370016000E007A
:10E100000E0005000900B6001900110011000800FA
:10E1100000000000000000000000000000000000FF
:10E1200000000000000000000000000000000000EF
:10E1300000000000000000000000000000000000DF
:10E1400000000000000000000000000000000000CF
:10E1500000000000000000000000000000000000BF
:10E1600000000000000000000000000000000000AF
:10E17000000000000000000000000000000000009F
:10E18000000000000000000000000000000000008F
:10E19000000000000000000000000000000000007F
:10E1A000000000000000000000000000000000006F
:10E1B000000000000000000000000000000000005F
:10E1C000000000000000000000000000000000004F
:10E1D000000000000000000000000000000000003F
:10E1E000000000000000000000000000000000002F
:10E1F000000000000000000000000000000000001F
:10E20000000000000000000000000000000000000E
:10E2100000000000000000000000000000000000FE
:10E2200000000000000000000000000000000000EE
:10E2300000000000000000000000000000000000DE
:10E2400000000000000000000000000000000000CE
:10E2500000000000000000000000000000000000BE
:10E2600000000000000000000000000000000000AE
:10E27000000000000000000000000000000000009E
:10E28000000000000000000000000000000000008E
:10E29000000000000000000000000000000000007E
:10E2A000000000000000000000000000000000006E
:10E2B000000000000000000000000000000000005E
:10E2C000000000000000000000000000000000004E
:10E2D000000000000000000000000000000000003E
:10E2E000000000000000000000000000000000002E
:10E2F000000000000000000000000000000000001E
:10E30000000000000000000000000000000000000D
:10E3100000000000000000000000000000000000FD
:10E3200000000000000000000000000000000000ED
:10E3300000000000000000000000000000000000DD
:10E3400000000000000000000000000000000000CD
:10E3500000000000000000000000000000000000BD
:10E3600000000000000000000000000000000000AD
:10E37000000000000000000000000000000000009D
:10E38000000000000000000000000000000000008D
:10E39000000000000000000000000000000000007D
:10E3A000000000000000000000000000000000006D
:10E3B000000000000000000000000000000000005D
:10E3C000000000000000000000000000000000004D
:10E3D000000000000000000000000000000000003D
:10E3E000000000000000000000000000000000002D
:10E3F000000000000000000000000000000000001D
:10E40000000000000000000000000000000000000C
:10E4100000000000000000000000000000000000FC
:10E4200000000000000000000000000000000000EC
:10E4300000000000000000000000000000000000DC
:10E4400000000000000000000000000000000000CC
:10E4500000000000000000000000000000000000BC
:10E4600000000000000000000000000000000000AC
:10E47000000000000000000000000000000000009C
:10E48000000000000000000000000000000000008C
:10E49000000000000000000000000000000000007C
:10E4A000000000000000000000000000000000006C
:10E4B000000000000000000000000000000000005C
:10E4C000000000000000000000000000000000004C
:10E4D000000000000000000000000000000000003C
:10E4E000000000000000000000000000000000002C
:10E4F000000000000000000000000000000000001C
:10E50000000000000000000000000000000000000B
:10E5100000000000000000000000000000000000FB
:10E5200000000000000000000000000000000000EB
:10E5300000000000000000000000000000000000DB
:10E5400000000000000000000000000000000000CB
:10E5500000000000000000000000000000000000BB
:10E5600000000000000000000000000000000000AB
:10E57000000000000000000000000000000000009B
:10E58000000000000000000000000000000000008B
:10E59000000000000000000000000000000000007B
:10E5A000000000000000000000000000000000006B
:10E5B000000000000000000000000000000000005B
:10E5C000000000000000000000000000000000004B
:10E5D000000000000000000000000000000000003B
:10E5E000000000000000000000000000000000002B
:10E5F000000000000000000000000000000000001B
:10E60000000000000000000000000000000000000A
:10E6100000000000000000000000000000000000FA
:10E6200000000000000000000000000000000000EA
:10E6300000000000000000000000000000000000DA
:10E6400000000000000000000000000000000000CA
:10E6500000000000000000000000000000000000BA
:10E6600000000000000000000000000000000000AA
:10E67000000000000000000000000000000000009A
:10E68000000000000000000000000000000000008A
:10E69000000000000000000000000000000000007A
:10E6A000000000000000000000000000000000006A
:10E6B000000000000000000000000000000000005A
:10E6C000000000000000000000000000000000004A
:10E6D000000000000000000000000000000000003A
:10E6E000000000000000000000000000000000002A
:10E6F000000000000000000000000000000000001A
:10E700000000000000000000000000000000000009
:10E7100000000000000000000000000000000000F9
:10E7200000000000000000000000000000000000E9
:10E7300000000000000000000000000000000000D9
:10E7400000000000000000000000000000000000C9
:10E7500000000000000000000000000000000000B9
:10E7600000000000000000000000000000000000A9
:10E770000000000000000000000000000000000099
:10E780000000000000000000000000000000000089
:10E790000000000000000000000000000000000079
:10E7A0000000000000000000000000000000000069
:10E7B0000000000000000000000000000000000059
:10E7C0000000000000000000000000000000000049
:10E7D0000000000000000000000000000000000039
:10E7E0000000000000000000000000000000000029
:10E7F0002DE9F84305468846FBF33EF20021284602
:10E80000FBF382F3044628466E69AF69F3F3F0F335
:10E810000A2E814616D90F2E16D02846FAF31EF579
:10E82000142E054603D9A36823F00803A360A36848
:10E83000142E43F00103A36014D9A36843F0080326
:10E84000A3600FE0022E0FD92846FAF375F5D4F82D
:10E85000A430054623F0FF0343F00203C4F8A430BC
:10E86000022303E0012301E0104D3023A268D20708
:10E8700007D407F01802082A0CBFB5FBF3F54FF4D4
:10E88000E11507F0030700260BE004F54073B8F12B
:10E89000000F05D03002181849462A460023C04709
:10E8A0000136BE42F1DBBDE8F88300BF00C63E057D
:10E8B0002DE9F8431646984604460D46FAF374F5DA
:10E8C000002107462046FBF31FF300228146134632
:10E8D000134988184068B0B90C225343CA18CE5067
:10E8E0005560C2F808802046FBF3C6F1D9F8243001
:10E8F0000C4D1E432E602046FBF3BEF12B68012514
:10E90000C9F8243004E001330C32052BE0D1002596
:10E9100020463946FBF3F8F22846BDE8F88300BFED
:10E92000BC5F0100E403000038B5124C002148220E
:10E930002046F0F365F4104A012384E80C0000251A
:10E940000E491F2204F10C00F0F332F584F82B502D
:10E95000F5F31CF34FF40023A3634FF40003E363C8
:10E96000074B20632364074B6563DB696564A36021
:10E9700038BD00BF186001004445424740390100DE
:10E980001C2B0900706001004369142B01DDFAF3B0
:10E9900017B57047436910B50A2B04460ADD0649CE
:10E9A00001220346FFF784FF20460121BDE8104005
:10E9B00007F096BA10BD00BF89160000C36910B5F4
:10E9C000590704460CD5074B00221968FBF3B4F035
:10E9D0000549204610222346BDE81040FFF768BFD6
:10E9E00010BD00BF2C040000FDB18000134B13B517
:10E9F0001360134601E0114C1C600433ADF17C043C
:10EA0000A342F8D3C41C24F003040D4B091B0D488A
:10EA10001960002303600C48083903600B4884E840
:10EA20000A0003600A4802600A4802F500520260C8
:10EA3000094A1360EAF7C6FE44601CBD4B415453BB
:10EA4000F403000014040000480400000460010006
:10EA50006860010010600100F003000008B50021AB
:10EA60001420EAF7BDFE054B002118601422F0F3D4
:10EA7000C7F3BDE80840F5F301B100BF3004000062
:10EA80002DE9F0474D1C2946824605F0A1FB134CA9
:10EA9000206000B34FEA850948460021EAF7A0FE4E
:10EAA0000F4F804638600F4E68B14A460021F0F3A0
:10EAB000A7F320680021F0F33FF73B6800221A60BB
:10EAC0003560BDE8F0875046216805F0D5FBC6F8F3
:10EAD0000080C4F80080BDE8F08700BFF8030000A4
:10EAE000E803000004040000F0B5184F85B00F21C2
:10EAF000386805F0C3FA0F2803903E4624D18420DD
:10EB00000021EAF76DFE124C2060D0B10021842272
:10EB1000F0F376F30025012304AA42F8043D0095A2
:10EB20000195386821684FF4F06305F0D5FA01309B
:10EB3000206803D03221ECF751FA05E0EAF7D8FE5D
:10EB40002560306805F0B8FA05B0F0BD2C0400006F
:10EB500044040000B1F5E06F73B504460E46154657
:10EB600006D103690091002101911E680A460CE05C
:10EB70000D4B00221868FBF3B9F1014680B12369FF
:10EB80000022009601921E6820462B46B04738B1FD
:10EB9000064BA0611A68656122621C60002001E0DA
:10EBA0004FF0FF307CBD00BF00040000F85F0100A3
:10EBB0002DE9F84310200C46002191469846EAF7CB
:10EBC0000FFE054620B3144E3068FAF3EDF3099BAF
:10EBD000074623B9306821464A46FBF387F130687F
:10EBE000FAF35CF501238340089AEB60AA600B4AB4
:10EBF000C5F8048011681560094A296011683068F9
:10EC00000B4313603946FBF37FF10020BDE8F88326
:10EC10006FF01A00BDE8F883000400003C04000017
:10EC20001004000013B500210446FBF36DF1174BEF
:10EC30001860174B00F5706018606369222B12DDB5
:10EC4000E36958060FD540F6270100222046FAF363
:10EC500011F501462046FBF357F10E4B00211860D9
:10EC60002046FBF351F100204FF4006102460A4BAD
:10EC700000900190FFF79CFF28B1012002B0BDE891
:10EC80001040F4F377B602B010BD00BF24040000BA
:10EC90009460010034040000E9B1800073B5374B83
:10ECA000374C0193374B0021202220461D682669EE
:10ECB000F0F3A6F201232360334B26611B68E36166
:10ECC00045F8044C00F048FCADF5FE513C390A46CD
:10ECD0002E48FFF78BFEF4F33DF3F4F3A5F700F0B5
:10ECE00073F8FFF721FE002006F0D4FD284D294CD3
:10ECF000286007F00FFA2060FFF794FFFFF7AEFEE1
:10ED0000206800F029FB206806F0E8FD224B20680F
:10ED10001A6802F580321A60204B1A6802F58032B8
:10ED20001A601F4B1A6802F580321A6000F0C0F8B2
:10ED300000221C481C49F5F3E7F002221B481C493D
:10ED4000F5F3E2F000221B481B49F5F3DDF0002249
:10ED50001A491B48F5F3D8F02068FFF715FE206824
:10ED6000FFF718FE2068FFF729FE286840F28F1190
:10ED7000FFF786FEFFF7B8FE20687CBDADDEADDE96
:10ED800070600100945C0100906001008C6A0300D7
:10ED90002C04000000040000F40300001404000030
:10EDA000046001008DDA890089190000138589004B
:10EDB00041B48000943B010091B680001DB28000F8
:10EDC000973B01007047000070B5174D2C682CBBB5
:10EDD000B0202146EAF704FD286010B32146B02296
:10EDE000F0F30EF24FF4806021462E68EAF7F8FC4B
:10EDF000B060286886681EB9EAF77AFD2E600DE0DB
:10EE00004FF48062C26021463046F0F3F9F12B687E
:10EE1000064A20461360064A536170BD4FF0FF302A
:10EE200070BD4FF0FF3070BDA860010050040000BD
:10EE30007060010070B5184C0546236833B9174E51
:10EE400033680BB9FFF7C0FF33682360206808B34D
:10EE500000230360C0F89C304360012380F8A43095
:10EE60006B6C0E3B012B03D928460D49FFF7C0FC04
:10EE70000C4B9A6812B12268C2F89C3020680123BA
:10EE8000C0F89C30F5F31EF0074808492268F5F3F6
:10EE90003BF0206870BD00BF50040000A860010076
:10EEA000716C010098600100242B870011BE800066
:10EEB00010B50023044610220A49FFF7F9FC00218F
:10EEC0002046FAF365F7002220464FF4A051EDF7F3
:10EED0006DFF054B002220469A60BDE81040FFF709
:10EEE000A9BF00BFE5BC80009860010038B50446AA
:10EEF0000D4651B11020F5F39FF1044B186020B17D
:10EF000080E830004FF4F063836038BDAC600100EE
:10EF1000134B02461B68006810B500F47041DC1EFC
:10EF2000090B042C08D800F47060000A0E3001238D
:10EF300013FA00F0484310BD072B0CD8002010BD79
:10EF400043F480741461146C013304F07F040134C1
:10EF50006403001901E0002318468B42F0D110BD74
:10EF60005014000003684068181823F007030833A2
:10EF700098428CBF0020012070470000044B054AD6
:10EF8000186890421ABF00F108021A60002070470A
:10EF9000A05C0100001000002DE9F34190E848005A
:10EFA00023F00704083413F0070202D19D19AC4284
:10EFB0004AD035468068002203E0875C0DF8027075
:10EFC0000132B242F9D19E18A64204D900293DD09F
:10EFD000361B951B00E0002623F00707C7EB030C48
:10EFE000002204E012F8078000F802800132624536
:10EFF000F8D18218002003E01DF80070175401308A
:10F00000A842F9D15B195219E71A002004E013F85D
:10F0100000C002F800C00130B842F8D1002E18DD5F
:10F0200000AB5D190023EA5CCA540133B342FAD144
:10F03000C918E4180022C3F1080302E0A05C885458
:10F0400001329A42FAD104E0104603E04FF0FF305B
:10F0500000E00020BDE8FC812DE9F0471C4B1D4C71
:10F060000026C4EB03081C4B4FEAA80803FB08F872
:10F07000474629E02368D4F808A023F007090025B3
:10F080001AF8052015F809309A4202D00120F4F34D
:10F0900071F40135082DF3D12046FFF763FF88B9DD
:10F0A0000E4B054603EBC70A013705EB09031AF8B7
:10F0B00005201B7A9A4202D00120F4F35BF401355B
:10F0C000082DF2D101360C344645D3DBBDE8F0877C
:10F0D0009013000000100000ABAAAAAA00080000CC
:10F0E000144B2DE9F0471B68134D9B68134F03F039
:10F0F0000F097F1B0123124A03FA09F9BB1002FB17
:10F1000003F80026444606E02846FFF72BFF00B927
:10F11000013401360C354645F6DB2246BB104FF074
:10F12000553404FB032307484946BDE8F047F0F394
:10F130008DB000BF4C1400000010000090130000C0
:10F14000ABAAAAAAA93B010041F4003138B5426339
:10F1500004460163652502E00A20F4F355F5236BAC
:10F16000002B01DB013DF7D138BD836A43F000433A
:10F1700083627047836A23F0004383627047F8B567
:10F180008668054601240F4606F00F06FFF7F2FFDA
:10F1900014FA06F6AC62EF62002405E0A1B228463C
:10F1A0000022FFF7D1FF0134B442F7DBF8BD0000C5
:10F1B0002DE9F041FFF7E2FE194E1A4BDFF870809F
:10F1C000194FF61A194BC8EB0707002814BF05465C
:10F1D0001D4604465D1BFFF783FF47B100214046F3
:10F1E0003A46F0F30DF040463946F4F383F146B168
:10F1F00000210C483246F0F303F00A483146F4F39C
:10F2000079F155B1002120462A46EFF3F9F720465F
:10F210002946BDE8F041F4F36DB1BDE8F08100BFCF
:10F220009013000000100000000800000010000013
:10F23000C5040000424B2DE9F74F1D68414928469F
:10F24000FFF79DFF404A414BA968D31A404A9B10E3
:10F250005A43019271D0012001F00F0110FA01F11F
:10F260008A4201DDF4F386F32846FFF751FE394B5D
:10F27000A0F1040B1A6899460E2A01D8861000E006
:10F2800001264FF00008314C4CE06368013B072B2E
:10F2900001D8A36813B90120F4F36CF32046FFF7FB
:10F2A00061FE38B9FFF76AFE074620B90120F4F382
:10F2B00061F300E0002720463946FFF76DFE10B1EC
:10F2C0000120F4F357F3DFF87CA0A1682268D9F895
:10F2D0000030CAEB010122F00702C9100E2B96BFC5
:10F2E00002EA0B02324346EA920289B22846FFF74D
:10F2F0002BFFA7B12268D9F8003022F00702CAEB31
:10F3000007010832C9100E2B98BF02EA0B0289B21E
:10F310008CBF324346EA92022846FFF715FF08F1F8
:10F3200001080C34019B9845AFDB2846FFF71DFF11
:10F3300003B0BDE8F04FFFF78FBE03B0BDE8F08F1C
:10F340004C140000000800009013000000100000A2
:10F35000ABAAAAAA501400002DE9F7430446FAF319
:10F360008BF4204600F008FA6B48EAF71DF92046B6
:10F37000F2F334F600F578704FF47A730730674F84
:10F38000B0FBF3F038602046F2F328F6644B654A90
:10F39000C3186169B3FBF2F3634A22291360634E19
:10F3A000634D04DDE369580601D5336800E02B683E
:10F3B00003F5C2630433D3F800E030682B682229D8
:10F3C00005DDE269520602D500F5C26201E003F5EF
:10F3D000C262043212689645F1D0222905DDE26945
:10F3E000520602D500F5C26301E003F5C26304339F
:10F3F000D3F80080EAF7B8F83168814660692A6876
:10F400001025222805DDE3695B0602D501F5C263FC
:10F4100001E002F5C26304331B689845F1D022284D
:10F4200005DDE3695E0602D501F5C26301E002F580
:10F43000C2630433013DD3F80080E2D1EAF794F8C7
:10F440003A68C9EB0006B2FA82F39A40191FB2FB80
:10F45000F6F2384B01321A604FF47A73A2FB0323A1
:10F460003548CA400160C1F1200113FA01F080184B
:10F47000ECF742FB396804230FE0B5FA85F2B6FADF
:10F4800086F0013A8242A8BF0246964095409B18FA
:10F49000B6FBF1F201FB1266551915F0404FECD0A6
:10F4A000264A1360264B40F2FF321D60236A002B70
:10F4B000244BC8BF6FF07F421A606369222B0CDDBA
:10F4C000E369580609D5002040F6270102461E4B85
:10F4D00000900190FFF76CFB05E020461A492022BE
:10F4E0000023FFF7E5F900201849F0F301F5184D66
:10F4F000286078B10120F4F36DF220462D68F2F314
:10F500006DF5B5FBF0F04FF47A754543114BA5F559
:10F51000FA651D60BDE8FE83E91E0000A45C0100E1
:10F520003F420F0040420F00B403000034040000CB
:10F5300024040000A8030000AC030000A4030000A2
:10F54000A0030000B003000019B980008C85020000
:10F5500084040000800400000D4B00211A6842F072
:10F5600010021A601A6822F400721A60094A1368BD
:10F5700043F0807343F480331360074B07221A6013
:10F5800043F8041C59685A60044B20221A607047E3
:10F5900014ED00E0FCED00E0241000E000E400E0E9
:10F5A00070B504460E46FAF367F32046F9F3FCF60D
:10F5B0000546EAF75BFD40F62A0102462046FAF3CB
:10F5C00095F48269436926B142F0004243F000435A
:10F5D00003E022F0004223F00043826129464361A8
:10F5E0002046BDE87040FAF38FB42DE9F843044695
:10F5F0001E4690460D46FAF33FF32046F9F3D4F643
:10F600004146324607462046FAF370F42046FAF3A4
:10F6100045F00646EAF72AFD40F62A010246204652
:10F62000FAF364F44FF00108814685B108FA06F553
:10F63000836933EA050502D14046E9F787FF0136C1
:10F640000120B040E9F774FFC9F818500EE0701CB3
:10F6500008FA06F608FA00F0E9F778FF4046E9F7FD
:10F6600067FFD9F818301E43C9F81860204639469C
:10F67000BDE8F843FAF348B4034630B1002000E097
:10F680001046421C5B08FBD1704770470346032BB2
:10F6900010B510460C461DD8FAB1022B0BD0032B27
:10F6A00014D0012B03D0FFF7E7FF0D4B06E0FFF767
:10F6B000E3FF0C4B02E0FFF7DFFF0B4B186043F852
:10F6C000044C5A6804225A60002010BDFFF7D4FF92
:10F6D000064BF3E76FF0010010BD6FF0010010BDA5
:10F6E000241000E0341000E0441000E0541000E06A
:10F6F00050B1431E034207D0002300E013465A1CBA
:10F700004008FBD1012098407047000070B5EAF72F
:10F71000E3F90446EAF7DAF9164E241826F4FE4611
:10F7200026F0FF0606F50046A41B1ED00125B4F501
:10F73000004F0FD3284631464FF40042FFF7A6FF93
:10F74000B0B90135EDB2042DA4F5004406F500462C
:10F75000EDD170BD20465CB1FFF7CAFF31460246CD
:10F760002846BDE87040FFF791BF4FF0FF3070BDF5
:10F7700070BD00BF8C6A03002DE9F8430446FAF31C
:10F780007BF2204640F60E010022FAF3AFF3054665
:10F79000002838D02046FAF36BF2014618B920460B
:10F7A0000A46F9F3F5F520462F68D5F80080F9F3FD
:10F7B00003F60428064605D825D108F4E028B8F554
:10F7C000403F20D100205049F0F392F3D8B907F020
:10F7D000F0073F090FE0013F072E2F6108D90C2EDB
:10F7E00006D02B6C03F44063B3F5406F00D010B12A
:10F7F000464B01206B61002FEDD1D5F8E83123F0A5
:10F800001003C5F8E831EAF731FC40F62A01024658
:10F810002046FAF36BF33E4D06462860EAF726FCD5
:10F82000314602463B48EFF311F52046F9F3C4F5A3
:10F83000394B18602B681A6842F080721A601A6897
:10F8400042F002021A600022C3F8E0216269272A0E
:10F8500005DDD3F8E02142F04002C3F8E02140F298
:10F86000DD5602E00A20F4F3CFF12B68D3F8E03143
:10F870009B0301D4013EF5D100210B4620464FF4F5
:10F880000062FFF7B2FE00210B46204640F612024E
:10F89000FFF7ABFE00210B46204640F62902FFF79A
:10F8A000A4FE20460121FFF77BFE00201B49F0F358
:10F8B0001FF300B32046F9F377F50646EAF7D6FBC7
:10F8C00040F62A0102462046FAF310F3D0F81490CD
:10F8D0000746D0F898802046F9F366F50123834067
:10F8E00043EA09037B6148F00103C7F898302046DA
:10F8F0003146FAF309F32B681A6A42F003021A62DE
:10F90000BDE8F843FFF702BF97850200FF7F0121A2
:10F91000B0600100BB3C0100B8600100A28502009C
:10F920000721C0F8A4114021C0F8A8114FF4F061DC
:10F93000C0F8C8111821C0F8CC1108210122C0F864
:10F94000D01106210A23C0F89C21C0F8B021C0F8CC
:10F95000DC11C8221C21C0F89831C0F8B421202342
:10F960001022C0F8E0110C21C0F8A031C0F8BC3161
:10F97000C0F8C031C0F8C421C0F8D431C0F8E411D7
:10F980000323C0F8E8210421C0F8F0210022C0F8C8
:10F99000D831C0F8EC11C0F8F421C0F8FC21C0F84F
:10F9A0000032704741F2E443984206D144F2F43009
:10F9B0000B1A584240EB0300704700207047D0F804
:10F9C0001C1238B5044659B1806804F0D0FB0546D6
:10F9D000D4F81C02F4F33CF40023C4F81C3200E019
:10F9E0000D46284638BD7FB5044606238420039380
:10F9F000F4F31CF4C4F81C02B8B100218422EFF324
:10FA0000FFF300251C23A068D4F81C1203AA00955C
:10FA1000019504F061FB0646013008D1D4F81C02C0
:10FA2000F4F316F4C4F81C5201E04FF0FF363046F0
:10FA300004B070BD2DE9F04104460D4616469846C7
:10FA400040F2E93702E00A20F4F3DEF063691A6D50
:10FA5000002A04DA013FF6D13846BDE8F081069A63
:10FA600046443602B2F1807F46F0004603D12A7840
:10FA700042F08072B6181E6540F2E93602E00A20B4
:10FA8000F4F3C2F063691B6D002B03DB2B700120C4
:10FA9000BDE8F081013EF2D13046BDE8F0810000C2
:10FAA0002DE9F0438BB01D46DDF848909F4B08468A
:10FAB000C3F8009011461746FFF774FF002800F0C6
:10FAC00030814FF40B70F4F3B1F30446002800F0DA
:10FAD000298100214FF40B72EFF392F3A560C4F873
:10FAE00014902046FFF71CFF914B1E68C4F8186263
:10FAF0001EB13678003618BF012604F128084046AA
:10FB000002214122F0F382F4002300930193029337
:10FB1000384629464A46139B06F024FBE06000283D
:10FB200000F0FA80F9F338F42060E068F9F344F467
:10FB30006769804A7B68804903F0010383F0010311
:10FB4000D4F800C0002B18BF114684F87A3140F673
:10FB500029039C456060D4F808E0E26807F500736B
:10FB600003D110B107F5087701E007F50477009796
:10FB7000D4F8BC010190D4F8C0010290D4F8C801B7
:10FB800003904FF0FF300490D4F8C4010590082092
:10FB9000069000200790704604F04EFC606200283A
:10FBA00000F0BA80D4F81812644FB9B10B78ABB139
:10FBB000D7F8B030984762492246D4F81802F0F3DB
:10FBC0002DF3D4F818025F49224604F0F1FA2EB161
:10FBD0002046FFF708FF002840F09E8002210A46D9
:10FBE000D7F8B830606A984720460021E2682B4673
:10FBF00000F06EF92061002800F08E8000210B4695
:10FC00002046514AF3F336F50023C4F8940184F8F2
:10FC10007D314E48F5F304F010B3EFF347F50123BF
:10FC200083404B48C4F88431F4F3FAF710B1EFF392
:10FC30003DF508B1D4F88401C4F888014549002095
:10FC4000F0F356F1030CA4F88C31A4F88E013BB10B
:10FC500000212046404A0B46F3F30CF5C4F890010E
:10FC600000203E49F0F344F1012808BF84F8220245
:10FC70002046F6F391F4002835D000200125C4F881
:10FC8000A40184F82A523649F0F332F120B184F805
:10FC900005523448EFF3DAF200203349F0F328F14B
:10FCA000C0B28DF8260068B100F00F004FF08073ED
:10FCB0000AA901F8020D4FF44072009320460F2369
:10FCC000FFF7B8FE0AA9082301F8013D6369002285
:10FCD0001D6F1A674FF0807300932046F023FFF7E3
:10FCE000A9FE63691D67214922462148F4F30CF1FE
:10FCF0002048F3F3ABF7204B04F58472511C1A60D3
:10FD00000332DA60D4F8F020596004F58571996007
:10FD1000C3F810805A6105E02046F4F399F20024FC
:10FD200000E0044620460BB0BDE8F08388040000E4
:10FD300044040000B9850200CB85020010A78800AA
:10FD400051E78000CDE7800091F08000E08502005F
:10FD50000A86020002860200EDE68000D5850200D8
:10FD6000C1850200E9850200AD85020095E68000AC
:10FD7000E03C0100F9E28000BC60010038B50025DC
:10FD8000044680F87951006900F0DEF82046F6F369
:10FD9000F5F5E0682946F9F3F9F2D4F8940128B1B1
:10FDA000F3F3ECF3D4F89401F3F312F4D4F89001E4
:10FDB00028B1F3F3E3F3D4F89001F3F309F4E06826
:10FDC00005F078FFD4F81C3223B11B7813B120461C
:10FDD000FFF7F5FD2046BDE83840F4F339B210B521
:10FDE0008469A068FFF7CAFFE06805F061FD0020A4
:10FDF00010BD000010B584690021342204F11C00FC
:10FE0000EFF3FEF1034BA06863622462F6F32AF37A
:10FE1000002010BD91F680002DE9F347274D99464B
:10FE20002B680646072B0F46924640DC05F032FD54
:10FE300080465020F4F3FAF1044600283AD000211D
:10FE40005022EFF3DDF12B68A4F8149084E8480009
:10FE50002761C4F80C80204641F2E4414A464346FB
:10FE60008DE88004FFF71CFEA06010B300200A9903
:10FE70000B9A134B8DE84004FEF79AFE074618B123
:10FE8000A068FFF77BFF12E0A068F6F367F12B682C
:10FE9000A0610F210B4A3046EFF318F2F7730A48BE
:10FEA0003146EFF3D3F12B6801332B6002E00024DD
:10FEB00000E004462046BDE8FC8700BFD460010096
:10FEC000C1F680003386020013860200F4F3C0B14D
:10FED0002DE9F0411B4F98463B780546072B144609
:10FEE00026D85420F4F3A2F1064610B30021542280
:10FEF000EFF386F13B78002286F8443001333B7003
:10FF00000123B46086E82001A6F84C20A6F8502012
:10FF1000A6F84E20A6F85220B3640420F4F386F12C
:10FF20000446306440B100210422EFF369F100E09F
:10FF300000263046BDE8F0813046F4F389F12646CC
:10FF4000F7E700BFD8600100C26B1AB1002353620B
:10FF5000826B5362C068FFF7B9BF0000054A064BC9
:10FF6000D17E1970117F5970517F9970927FDA702C
:10FF7000704700BF8C6A0300906001002DE9F04FCC
:10FF80008FB0E9F7A9FD474E474D336804900593BC
:10FF90002B68B3F5805F00F28180444F4449386894
:10FFA000EFF3A6F701287AD02B68DFF81C910393B2
:10FFB000D9F8003000240693DFF810812368DFF8B9
:10FFC00010A10793D8F80030DFF808B10893DAF8E9
:10FFD0000030384A0993DBF80030D7F800C00A93A4
:10FFE000354B126819680C920B913449301D096821
:10FFF000039A0D916146CDF808C00193EFF37CF0B0
:020000041002E8
:1000000021462A683868EFF3FBF02D4A019BCAF8B5
:1000100000202849294A04981C6014600C604FF0A5
:10002000FF32311A3C60C9F800402C60C8F800402B
:10003000CBF80040EFF38CF70599019BCA4390423F
:10004000DDF808C029D1039A06992A60C9F8001082
:1000500021681C4AC7F800C01160079A08992260FD
:10006000099AC8F80010CAF800200A990B9ACBF830
:1000700000101A600F490C9B039A0B600D9B0F49EF
:1000800060460B60311DEFF337F02A68301D2146C2
:100090000FB0BDE8F04FEFF3B3B0FEE7FEE70FB0EF
:1000A000BDE8F08F8C6A03009C5C0100985C010045
:1000B000828602004C140000481400005014000016
:1000C000DDBAADBB38140000945C0100441400009C
:1000D000341400004014000070470000774B2DE9F5
:1000E000F04F1B6891B0043B012B03D8744B186888
:1000F000FFF7F2FFFEF7D2FD00210446F9F334F7D3
:1001000020460021F9F300F7054658B12046F9F3DF
:10011000B3F52B6A002B05DA2046F9F3ADF54FF065
:1001200000432B62E9F7CBFF2046F9F3CBF00EA991
:100130000822EFF3F1F202462046D4F840B00B92C9
:10014000F9F38CF082462046F9F388F08146204688
:10015000F9F384F080462046F9F3EEF00746204696
:10016000F9F3EAF006462046F9F3E6F005462046A4
:10017000F1F334F7014620460C91F1F32FF7844652
:100180002046CDF834C0F1F329F70B9A0C99DDF82D
:1001900034C0029208F542484A4A05F5424500F546
:1001A00042400AF5424A09F5424908F5A87807F5A0
:1001B000424706F5424605F5A87501F542410CF5A2
:1001C000424C00F5A870B8FBF2F8B5FBF2F50CF55F
:1001D000A87CB0FBF2F00AF5A87A09F5A87907F532
:1001E000A87706F5A87601F5A871B1FBF2F1DFF862
:1001F000F8E0BAFBF2FA02FB1899B7FBF2F702FB40
:10020000156602FB10C2CDF804E0DFF8E0E02E4BEB
:10021000B2FBFEF2B9FBFEF9B6FBFEF608910992BD
:100220002A492B4A2B480093CDF80CB0CDF810A0EA
:10023000CDF8149006970796EFF308F0264840F69D
:100240000D0144F2F432FEF785FC38B1224840F645
:10025000290144F2F432FEF77DFC20B91F4A204BFD
:100260001D4D1A6000E00025204605F01BFE44F2FB
:1002700018334FF6FF72904214BF02461A4640F6FA
:1002800012011848FEF766FC1649002818BF002125
:100290004DB141B1124B28461B685B6898472B69EA
:1002A00028465B6898472046F9F3E6F42946FEF7AE
:1002B0001DFE204611B0BDE8F08F00BF50140000B5
:1002C0004C14000040420F007D8602003F86020071
:1002D0007E86020044860200A85C0100D45C010016
:1002E0008C040000945D010040390100A0860100EB
:1002F000084670472DE9F04FD1F8FC3091B00B93D0
:1003000003F560630446099371E10E220023204641
:100310000BA9E8F3DBF50F280746204602D1E8F3E6
:1003200073F56CE100220BA91346E8F3CFF510F04A
:100330000E0F40F061818B4E3A0D3E4040F23B4340
:10034000360A00F4F8789A4208924FEA181804D155
:1003500040F6FF739E4200F04A8100F478534FEA62
:10036000532B002B00F0438100F4F82A00F47803AB
:10037000DB0C4FEA9A3A13EB0A02079325D140F2BD
:1003800067339E4214D10CAB01930DAB02930EABBD
:1003900003930FAB049320460BA913460092E8F396
:1003A00035F5002800F023810C9BC4F858331EE17A
:1003B00040F2DC539E4208D040F20B539E4204D0E0
:1003C00040F627039E4240F01281D4F8D0503146C7
:1003D00005F1B60344F8237005F1C60344F8230081
:1003E0002046FFF785FF04EB8503C3F8D400002700
:1003F0000BE0012220460BA91346E8F367F500F055
:100400000E00022840F0F88001374745F1D10CABCF
:1004100001930DAB02930EAB002703930FAB049334
:1004200020460BA93A463B460097E8F3EFF420B18B
:10043000B94627E04FF0010900E0814640230093D0
:100440000CAB01930DAB02930EAB039300220FABE9
:10045000049320460BA91346E8F3D8F40028E9D109
:10046000B9F1010F0ED00D9B002B40F0C5800F9B02
:10047000002B40F0C1800E9AB2F5805F40F0BC8046
:100480009946DBE70C9A04EB8503C3F814210E9A16
:100490000127C3F8D4210CAB01930DAB02930EAB33
:1004A00003930FAB0022049320460BA93B46009216
:1004B000E8F3ACF460B1012F0AD10E9BB3F5805F75
:1004C00006D10C9904EB8502C2F89411C2F81432DB
:1004D00001370028DFD137464FF001082E4617E0DC
:1004E0000025002300930CAB01930DAB02930EABE0
:1004F00003930FAB049320460BA942462B46E8F327
:1005000085F408B10135ECE7002D75D008F101083C
:10051000D845E5D135463E4600271FE0C02300936D
:100520000CAB01930DAB02930EAB03930FAB049393
:1005300020460BA93A460023E8F368F400285BD074
:100540000F9B002B58D10E9BB3F5805F54D127B978
:100550000C9A05F1A60344F8232001375745DDD155
:10056000002739E000FF0F00802300930CAB0193BC
:100570000DAB02930EAB03930FABBBF1010F0CBF9E
:100580003A467A1C0493204600230BA9E8F33EF474
:10059000089A40F23B439A420DD140F235139E42F5
:1005A00009D1D4F870330C9904EB83020133C2F8FB
:1005B0007413C4F87033F8B10F9BEBB90E9BB3F50D
:1005C000805F19D1BAF1000F05D127B90C9A05F156
:1005D000A60344F823200137079B9F42C4D1B9F1F9
:1005E000000F04D1D4F8D0300133C4F8D0300B9BC5
:1005F000099A9342FFF489AE0023C4F8D03011B0B9
:10060000BDE8F08F10B5D0F87023002306E0D0F8D5
:1006100070134FF44C74C1F8004901330430934215
:10062000F5D110BD2DE9F84300270446154699463B
:100630000E46B84609E0304600210422EEF3E0F50C
:100640000137C6F80080B04676194F45F3DBC4F891
:100650000080BDE8F88370B50D460446D8B1D1B12D
:100660000E68C6B1B389CBB9738A03F00303012BBB
:1006700003D1F06908B1F3F3EBF5738A201D23F081
:10068000040373823146EDF361F723890020013BB7
:100690002381286070BD6FF0010070BD6FF00F0006
:1006A00070BD2DE9F74F0C9F019116469A46DDF873
:1006B00034B0BDF838900546002857D00F9B002B6A
:1006C00054D0002952D0002A50D0BBF1000F4DD099
:1006D0009BF80030002B49D000F104084046EDF3B0
:1006E00041F70446002844D0B9F1010F0BD157B9A6
:1006F00006FB0AF0F3F39AF5074638B9404621465F
:10070000EDF324F735E04FF0000800E080460021CB
:1007100024222046EEF374F5019B0822A360638A2D
:10072000204623F0030349EA030343F004036382F2
:100730005946EEF33DF60023B9F1010FE3710CD1F8
:10074000A4F814A0C4F81C80A66104F12000394666
:1007500032465346FFF766FF01E0EB6863612B8981
:10076000002001332B810F9B1C6004E06FF001001F
:1007700001E06FF01A00BDE8FE8F2DE9F84307464F
:100780000E461546002A2DD000282BD0002929DD41
:100790001020F3F34BF5044640B300211022EEF392
:1007A0002FF5E760242707FB06F966814846F3F337
:1007B0003DF5804630B92046F3F34AF56FF01A0054
:1007C000BDE8F88300214A46EEF31AF5204640F8CA
:1007D000048B41463A463346FFF724FF2C60002045
:1007E000BDE8F8836FF00100BDE8F8836FF01A00F0
:1007F000BDE8F88370B5064660B1046854B1258938
:100800005DB92068F3F324F52046F3F321F5356054
:10081000284670BD6FF0010070BD6FF00F0070BD15
:10082000FFF719BF1FB50024019203930A46234620
:1008300000940294FFF735FF04B010BDFFF70BBF23
:1008400051B1032902D80423136003E0033121F0DE
:1008500003011160002070476FF0010070472DE91F
:10086000F04186B005460C461E46DDF8308017463E
:1008700012B31BB1B8F1000F03D11DE0B8F1000FA6
:100880001AD12846214605AAFFF7DAFFB0B92EB1E2
:10089000059B7B4398450FD3B3070DD10D9B28468D
:1008A0000193012302930E9B21460393059A3B4635
:1008B0000096FFF7F6FE01E06FF0010006B0BDE81C
:1008C000F08110B5044690B1C36823B1406804F1CB
:1008D0000C01FFF7A5FFA36823B1606804F10801CC
:1008E000FFF79EFF2046BDE81040F3F3B1B410BD02
:1008F0002DE9FF41074610200D4616469846F3F3B2
:1009000095F40446F8B100211022EEF379F4124A6E
:1009100027606560019204F10802002302922846D4
:100920000C2132460093FFF79AFF034658B90B4A51
:100930000090019204F10C02029228460C214246DA
:10094000FFF78DFF18B12046FFF7BBFF00242046BC
:1009500004B0BDE8F08100BF9086020088860200E6
:10096000FFF7AFBF80697047008A40007047000002
:10097000808ACB69B2FBF0F300FB1322D2B242F0C3
:1009800000421B0642EA13438B61002300E001335F
:100990008869094A002802DA9342F8D106E09342B6
:1009A00004D0C30005D4C0F3407070474FF6FF7009
:1009B00070474FF6FF7070478096980010B58468B6
:1009C000002364694B61302CC4BFD1F8F43003F4C8
:1009D0007E03C1F8F430BDE81040FFF7C9BF2DE930
:1009E000F041002480460F46160125464046394610
:1009F000AA19FFF7E3FF4FF6FF73984206D0A8400D
:100A000001350443102DA4B2F0D100E00446204685
:100A1000BDE8F081BF230B80FF23138070470139AD
:100A200006291DD8DFE801F0040A1C1C101C170061
:100A30002023438240238382802310E0402343828B
:100A400083824FF480730AE06023438240238382D1
:100A50004FF4C07303E01023438240238382038258
:100A60000020704701390A2919D8DFE801F006088B
:100A70000A0C0E1810181818130040230CE06023FD
:100A80000AE0802308E0A02306E0C02304E04FF43E
:100A9000807301E04FF4C073438220238382838AF2
:100AA000428A53431B110382002070476FF01600E7
:100AB000704770B50446058A8068F8F375F4002124
:100AC0000646A068F9F320F2A2685369222B05DDDF
:100AD000C36C9B059B0D0733DB08A385104631468D
:100AE000F9F312F2A38D6D00E81A023870BD70B5EB
:100AF000044680680D461646F9F394F030B120465E
:100B000029463246BDE87040FFF769BF06F58066AA
:100B100035F8160080B270BDF8B5044680681646F8
:100B20000F46F8F341F400210546A068F9F3ECF113
:100B30003A4601462046FFF7DAFF29463080A06892
:100B4000F9F3E2F10020F8BD01392DE9F84F044630
:100B500091461E460E2971D8DFE801F0081870286A
:100B6000707070347070707070703B0090F82E2050
:100B7000838B0AB1C58C00E0C58BED1AA369D9053A
:100B80002ED53368AB4233D3A78B36E090F82E20B6
:100B9000038C0AB1C58C00E0458CED1AA3699A0557
:100BA0001ED53368AB4223D3278C26E083694FF0F0
:100BB000020513F4806F13D03368012B18D9876AAC
:100BC00002371AE0878CC58C8369ED1B13F4006F24
:100BD00005E0878BC58C8369ED1B13F4407F04D13E
:100BE00035606FF01D00BDE8F88F3368AB4204D26A
:100BF00035606FF00D00BDE8F88FA068F8F3D4F30E
:100C000000218346A068F9F37FF14FF00008824687
:100C100009E008EB070220465146FFF768FF08F19C
:100C2000010829F8020BA845F3D1A0685946F9F349
:100C30006BF1C6F800800020BDE8F88F6FF001006E
:100C4000BDE8F88F73B50023ADF80430ADF8063079
:100C5000836804465B690D46272B05DDCB691B05C0
:100C60001B0D1B11043B06E01B2B06D84FF49262B0
:100C70009A4002D50C2383620EE0242B01D0272B4F
:100C800004D1238A7F2B05D80C2304E0172B01D035
:100C9000182B01DD1423A362EB6903F4E023B3F501
:100CA000803F0ED04FF00443AB61002300E00133DE
:100CB000AA69002A2E4A02DA9342F8D157E09342F9
:100CC00055D02B69A26AA361033220462946FFF75B
:100CD0000EFF284BA269000903401343A36103F4EC
:100CE00040730022B3F5407F84F82E2002D1012307
:100CF00084F82E30A36A0DF106020433A383238AFD
:100D00002046E383E38401A9FFF784FEBDF80620B3
:100D1000BDF80430D61AB6B216B1E3836384A28458
:100D2000A369DB050AD520462946A26AFFF7DFFE44
:100D3000000980B200B1E083E38B00E0A38B238441
:100D4000AEB92046FFF7B5FEA36900EBD0704010A6
:100D50006084980509D5A26A204629460132FFF72A
:100D6000C6FE00096084A08401E0238CA3847CBDBE
:100D70008096980000FFFF00F8B543690546152BE3
:100D800001D0162B3CDD2846F8F340F70646002834
:100D900036D12846F8F33CF7002833D02846F8F33C
:100DA00003F3314607462846F9F3AEF00646EAF764
:100DB000FDF86B690446302B04DDF16901F47041E4
:100DC000090B03E0A96901F46011C90C91B1F36941
:100DD00003F4E0231B0C012B03D12046FFF742FE56
:100DE00003E013B92046FFF71AFE20463146FFF70D
:100DF00029FF00E00C4628463946F9F385F002E069
:100E0000002400E004462046F8BD08B54368DB68CE
:100E1000984708BD08B543681B68984708BD73B577
:100E2000002604460196EAF7C1F84C2231460546F1
:100E3000EEF3E6F16369152B2B6001D0162B02D976
:100E4000EAF7B8F868606B68D3B1AC602046F8F395
:100E500013F7E8602046F8F3DBF6064620B9204693
:100E6000012101AAF8F30AF76B6820461B6998472D
:100E7000054636B92046314601AAF8F3FFF600E0F0
:100E80001D4628467CBD2DE9F743994600230446BC
:100E90000F4690460193F8F3BBF6054620B920466D
:100EA000012101AAF8F3EAF62046F8F3B1F678B189
:100EB0002046F8F3ABF658B92046FFF7B0FF50B123
:100EC000436839465E6942464B46B047064604E0F1
:100ED0006FF0180601E04FF0FF3625B9204629468D
:100EE00001AAF8F3CBF63046BDE8FE83826041608C
:100EF000016070472DE9F041541A012C0F461E463F
:100F0000069D0EDD2046F3F391F1804670B139461F
:100F10002246EEF3F1F0C6F8008000202C60BDE818
:100F2000F081002018602860BDE8F0816FF01A00A1
:100F3000BDE8F0810EB4F3B581680446012945D9B6
:100F400008AB4068079A0193EEF3A8F2431C0646EB
:100F500003D0A368023B984202DD0020A06036E087
:100F600060683D21EEF3CAF140B367682568C71B8E
:100F700021E028463A46EEF3ABF0B0B9EB5D3D2BED
:100F800013D12846EEF3E8F16268471C731CDB1BA3
:100F9000521BE919D2182846EEF30EF16368DB1BE9
:100FA0006360A368DF19A76008E02B4613F8012BE4
:100FB0001D46002AFAD161688D42DAD3A368701CFD
:100FC0001B1AA36063681B18636000E00020BDE883
:100FD000FC4003B0704700002DE9F04FBBB01A9001
:100FE00019911B921893002B02F01C874FF480502C
:100FF000F3F31CF11290002802F0148737A812991D
:101000004FF48052FFF772FF00214FF48052129884
:10101000EEF3F6F0189A1168D9B10B78CBB1449A77
:101020001368022B03D814E0013A026000E04498F0
:1010300002688B1813F8014C1CB913F8023C002B02
:10104000F2D01298EEF358F04499389A0B68D318FE
:10105000389300238DF89C304FF0FF321593139393
:1010600001231192169302F0A8BE1999012251F89A
:10107000046B0023199117921493179949B1F25CEC
:101080005F1C1092013AD2B2FD2A0FD8F55D9F1C69
:101090000DE0F15C4A1ED2B2FD2A109103D88022E5
:1010A0000D46109200E0179D5F1C00E000257B19A3
:1010B000B3F5607F82F27E86109B202B28D005D866
:1010C000152B0BD01B2B42F0708664E0109922295F
:1010D00035D030D3802942F0688667E0F3195A781A
:1010E000F35D1202D318072B12DDBC1C3419224603
:1010F000E14937A8FFF71EFF2046EEF32DF1FA1C59
:101100001218DE4937A8B218FFF714FF02F04DBEDF
:10111000F4196278F35D1202D21837A8D849FFF7A4
:1011200009FFE378A2781B0237A8D6499A18FFF77F
:1011300001FF02F03ABEF25D149202F036BE149B3B
:101140000C2B02F02D869DF89C30002B42F02D8652
:10115000F35D042B42F0298607F1020806EB080430
:101160002046EEF3B9F6002842F01F8616F8083044
:10117000DB0702F11A8627A92046EEF325F3119921
:10118000013142F01286F3199A79DB791202D318F1
:10119000119302F00ABEF319DA799B7937A8BA499C
:1011A00043EA0222FFF7C6FE02F0FFBDF35DF41929
:1011B0008F2B02F2FA8501A252F823F03993010035
:1011C0006B9301005594010015990100F19A0100FB
:1011D000D598010053980100719801007B9401009B
:1011E000199B01008D9B0100B59B0100C99B01006B
:1011F00057BC01003B9A0100BB980100F797010022
:10120000619C0100A19C01004B930100E19C010045
:10121000EF9C0100119D01001F9D0100179301002B
:10122000D992010057BC0100FD9401002D9D0100E1
:101230001195010057BC010057BC010057BC0100CB
:10124000439D0100879D01009B9D0100BD9E010003
:1012500081A0010057BC010057BC010025A201007C
:10126000C9920100B9920100A99201009FA3010057
:10127000B3A30100C7A30100DBA3010057BC010019
:10128000E99B0100EF94010057BC010057BC01002D
:10129000ED930100A7A60100EFA301006B9D0100E3
:1012A000799D0100B5A601001DB4010057BC0100E5
:1012B00057BC010057BC010057BC01001D9501003F
:1012C00047A4010071A40100B3A40100F1A401002E
:1012D0002FA501006DA50100ABA50100E9A5010046
:1012E000FDA5010057BC0100C595010057BC0100D8
:1012F00057BC010057BC0100D79701003195010090
:1013000057BC010057BC010057BC010057BC01008D
:1013100071B4010057BC01000B9801002BA701001C
:10132000FBA7010051A901003BAA010025AB010068
:101330005FAB0100E7AB010035AC010043AD01003C
:10134000CDAE010079AF010025B001008FB40100DE
:101350007B9601003B97010071B00100ADB1010027
:10136000B9B20100C5B30100D5B40100AFB60100A8
:10137000E7B4010005B5010023B5010041B5010046
:1013800053B5010065B5010077B5010089B50100CD
:10139000F3B50100FFB501000BB601002FBC010041
:1013A00057BC010057BC010057BC010057BC0100ED
:1013B00057BC010057BC010057BC010057BC0100DD
:1013C00057BC010011A6010085A6010057BC010011
:1013D00057BC010001B7010069B70100EFB7010078
:1013E00075B80100A1B90100B3B90100BFB901008E
:1013F000E9B90100E1BA0100D9BB01004FEA950A41
:101400005FFA8AFA4FF0000801F03CB84FEA55093C
:101410005FFA89F94FF0000801F005B84FEA550965
:101420005FFA89F94FF0000800F0EBBF07F10108FF
:1014300006EB08042046EEF34FF5002842F0B58491
:1014400016F80830D80702F1B084204627A9EEF339
:10145000BBF1119B013342F0A884F3195A799B79AF
:101460001202D318119302F0A0BCA37862781B0279
:101470009A18119202F099BCDE93020005890200CD
:10148000378F0200748A020043920200647837A802
:10149000A54922461694FFF74DFD02F086BCE3787D
:1014A00022791B0443EA0263627837A81343A278C7
:1014B0009E4943EA0222FFF73DFD02F076BCA27886
:1014C00063781202D2189A4937A8FFF733FD2279C0
:1014D000E378120237A89749D218FFF72BFD062DA3
:1014E00042F26384A2796379120237A89249D21832
:1014F000FFF720FD082D42F25884237AE2791B027F
:1015000037A88E499A18FFF715FD0A2D42F24D842F
:1015100007F10A0807F1090416F80820335D1202E2
:10152000D21837A88649FFF705FD16F80830325D56
:101530001B0237A883499A18FFF7FCFC02F035BC60
:10154000814B0622B5FBF2F21A704FF00008994663
:1015500024E0434610217D4A1DA8EDF3B7F643462B
:1015600010217B4A2FA8EDF3B1F66378A2781DA96C
:1015700043EA022237A8FFF7DDFC6379A2791B0456
:1015800043EA0263E27837A8134322792FA943EA9A
:101590000222FFF7CFFC08F10108063499F8003069
:1015A0009845D6DB02F001BC022D06D137A8694967
:1015B0006278FFF7BFFC02F0F8BBA37862781B02E9
:1015C00037A864499A18FFF7B5FC02F0EEBBA27881
:1015D00063781202042D1A4405D92379E1781B0699
:1015E00009045B181A4337A85B49FFF7A3FC062DD3
:1015F00042F2DB83F3199A7959791202082D0A44D1
:1016000005D9197ADB7909061B04C9180A4337A8DA
:101610005249FFF78FFC0A2D42F2C783F3199A7AD9
:10162000597A12020C2D0A4405D9197BDB7A090676
:101630001B04C9180A4337A84949FFF77BFC02F08D
:10164000B4BB37A847496278FFF774FC02F0ADBB22
:10165000A37862781B0237A83A499A18FFF76AFC08
:1016600002F0A3BB01350021EDB2179102F09DBB42
:10167000A378627837A83C4942EA0322FFF75AFC74
:1016800002F093BB94F803A023794FEA0A4A4AEA8E
:10169000036A6378B5F1050B4AEA030A48BFA5F16E
:1016A000020BA3784FEAAB0B4AEA032A5FFA8BFBE3
:1016B0004FF0000824E043441021244A2FA8EDF302
:1016C00005F699F8003010214344214A1DA8EDF396
:1016D000FDF552462FA937A8FFF72CFCE3782279B5
:1016E0001B0443EA0263627837A81343A2781DA95A
:1016F00043EA0222FFF71EFC0AF1040A08F101087E
:10170000DFF844900434D84599F80030D3DB9B448B
:1017100089F800B002F049BB0B4BEA081A704FF091
:10172000000899464DE000BF2C940200349002005E
:10173000628D02005A9402008E8A02008D87020098
:1017400088900200FF8F020028610100003E010026
:101750000B3E01001F930200D98D0200238A020074
:10176000348A0200298B0200AF8D0200434610210B
:10177000B14A1DA8EDF3AAF543461021AF4A2FA8A0
:10178000EDF3A4F5E37822791B0443EA026362785F
:101790001DA91343A27837A843EA0222FFF7CAFB28
:1017A000E379227A1B0443EA0263627937A8134380
:1017B000A2792FA943EA0222FFF7BCFB08F1010836
:1017C000083499F800309845D0DB02F0EEBA94F86E
:1017D00003A023794FEA0A4A4AEA036A6378B5F11B
:1017E000050B4AEA030A48BF05F1020BA3784FEA4A
:1017F000EB0B4AEA032A5FFA8BFB4FF000083BE051
:10180000434410218C4A2FA8EDF360F599F800307D
:10181000102143448A4A1DA8EDF358F599F8003089
:1018200010214344874A33A8EDF350F552462FA9BF
:1018300037A8FFF77FFBE379227A1B0443EA0263B0
:10184000627933A91343A27937A843EA0222FFF74A
:1018500071FBE37A227B1B0443EA0263627A37A8B6
:101860001343A27A1DA943EA0222FFF763FB0AF1A0
:10187000080A08F101080834DFF8CC91D84599F836
:101880000030BDDB9B4489F800B002F08EBA6E4B8D
:101890000C22B5FBF2F21A704FF0000899463EE0B8
:1018A00043461021644A33A8EDF310F54346102156
:1018B000634A1DA8EDF30AF543461021614A2FA89B
:1018C000EDF304F5E37822791B0443EA02636278BE
:1018D00033A91343A27837A843EA0222FFF72AFB71
:1018E000E379227A1B0443EA026362792FA9134346
:1018F000A27937A843EA0222FFF71CFBE37A227B96
:101900001B0443EA0263627A37A81343A27A1DA933
:1019100043EA0222FFF70EFB08F101080C3499F8A4
:1019200000309845BCDB02F040BAE37822791B0412
:1019300043EA0263627837A81343A278434943EA33
:101940000222FFF7F7FA02F030BAA378627837A8DC
:101950003F4942EA0322FFF7EDFA02F026BA4FF0C0
:101960000509B5FBF9F95FFA89F94FF0000816E0AF
:1019700063781021374A2FA8EDF3A8F42379627910
:101980001B0443EA0263A27837A81343E2782FA925
:1019900043EA0222FFF7CEFA08F101080534C845F0
:1019A000E6DB02F002BA37A82B496278FFF7C2FAE9
:1019B000022D42F2FA8137A82849A278FFF7BAFA35
:1019C00002F0F3B9002237A825496378FFF7B2FA8D
:1019D000022D42F22D82012237A82149A378FFF778
:1019E000A9FA032D02F02482022237A81C49E378C9
:1019F000FFF7A0FA042D02F0D681032237A8184978
:101A00002379FFF797FA0122139202F0CEB9627898
:101A100037A81249FFF78EFA37A811490122A37897
:101A2000FFF788FA02F0C1B937A80E496278FFF7CC
:101A300081FA02F0BAB900BF003E01000B3E01007E
:101A4000163E0100223E0100286101004587020088
:101A5000299002002E3E01006A8A020031910200A4
:101A60009C8702005A8B0200AB1E0E2B02F29D8156
:101A700001A151F823F000BF6199010057BC01009A
:101A800057BC010057BC010057BC0100D9990100A7
:101A9000A7990100879901006F99010057BC0100C7
:101AA00057BC0100D9990100A7990100879901004D
:101AB0006F99010037A8A9496278FFF73BFA02F055
:101AC00074B937A8A649627AFFF734FA0C2D8CBF97
:101AD0004FF009084FF0000801E04FF00008F3193B
:101AE00037A89E491A7AFFF725FA0C2D07D9B8F1C5
:101AF000000F08BF4FF0080801E04FF0000807F1A1
:101B00000709984916F8092037A8FFF713FA0022A9
:101B100037A8954916F80930FFF70CFA0C2D07D9AC
:101B2000B8F1000F08BF4FF0070801E04FF00008C0
:101B30004FF00009A27863788C491202494437A813
:101B4000D21809F10909FFF7F5F90234B9F11B0FB1
:101B5000F0D10C2D42F22981B8F1000F08BF4FF0EF
:101B60000608834CB844B04404F1240998F80220D4
:101B700098F801301202214637A8D2180C34FFF72A
:101B8000D9F94C4508F10208F0D102F00EB9142D34
:101B900019D0172D03D0132D42F0078119E006EB61
:101BA0000708744998F8162037A8FFF7C3F9724957
:101BB00098F8152037A8FFF7BDF937A86F4998F8AE
:101BC0001420FFF7B7F9F31937A86D49DA7CFFF74E
:101BD000B1F9A946A2464FF000082546AA786B78CD
:101BE00068491202414437A8D21808F10908FFF7E2
:101BF000A1F90235B8F11B0FF0D14D464FF00008A6
:101C0000227AE37960491202414437A8D21808F1D8
:101C10000B08FFF78FF90234B8F1210FF0D100243F
:101C20009AF80E209AF80D3058491202091937A86F
:101C3000D2180B34FFF77EF9212C0AF1020AEFD1FA
:101C400002F0B3B8E1786278A3780091217937A8DF
:101C5000019161790291A1790391E1790491217A4D
:101C600005914B49FFF766F902F09FB8A9464FF07E
:101C70000008254615F8013FFF2B04D037A8454939
:101C80004246FFF757F908F10108B8F1040FF1D106
:101C9000B9F10C0F4D4642F2888004EB08035B78E3
:101CA000FF2B04D037A83B494246FFF743F908F120
:101CB0000108B8F10C0FF0D1102D42F2768004EB40
:101CC00008035B78FF2B04D037A832494246FFF760
:101CD00031F908F10108B8F1100FF0D102F065B840
:101CE000627837A80AB1A3781BB92B49FFF722F90C
:101CF00002E02A49FFF71EF9F31937A82849DA78D4
:101D0000FFF718F902F051B8A378627837A825498F
:101D100042EA0322FFF70EF902F047B8E37822798E
:101D20001B0443EA0263627837A81343A2781E4972
:101D300043EA0222FFF7FEF802F037B837A81B4942
:101D40006278FFF7F7F8022D42F22F8037A8184982
:101D5000A278FFF7EFF802F028B800BF368E020035
:101D6000D38E02009B9302004A890200D38B0200AB
:101D7000B38F0200BD8D0200E6900200E7860200EC
:101D8000C68B0200E98D020096900200B786020021
:101D9000A6870200458A020039920200849502005B
:101DA000A78C02003C8D0200CB870200A7940200A2
:101DB000E89402007C1C325D37A8764902F00F02DD
:101DC000FFF7B8F8325D37A81209BC1C7249FFF75B
:101DD000B1F8325D37A8714902F00702FFF7AAF89F
:101DE000325D37A8D2086E4902F00302FFF7A2F86D
:101DF00001F0DBBF7C1C325D37A86A4902F00F029C
:101E0000FFF798F8325D37A81209BC1C6649FFF746
:101E100091F8325D37A8654902F00702FFF78AF8AA
:101E2000325D37A8D208624902F00302FFF782F858
:101E300001F0BBBF37A85F496278FFF77BF801F07C
:101E4000B4BF627837A85C49FFF774F8A27837A866
:101E50005A49FFF76FF837A85949E278FFF76AF84F
:101E600001F0A3BF37A857496278FFF763F801F084
:101E70009CBF37A854496278FFF75CF801F095BF22
:101E8000A2786378120637A8504942EA0322FFF786
:101E900051F801F08ABF627837A84D49FFF74AF838
:101EA000A27837A84B49FFF745F82379E2781B025F
:101EB00037A849499A18FFF73DF801F076BF37A8CF
:101EC00046496278FFF736F801F06FBF37A84449FA
:101ED0006278FFF72FF801F068BFA37862781B02E1
:101EE00037A840499A18FFF725F801F05EBF94F82B
:101EF000028063784FEA082898441FFA88F83A4924
:101F00004FEAD82237A8FFF715F808F4E062120A62
:101F1000364937A8FFF70EF808F0F802D20834491E
:101F200037A8FFF707F808F006025208314937A82A
:101F3000FFF700F837A8304908F00102FEF7FAFF72
:101F4000042D41F232872379E4781B021C19A4B2D4
:101F5000E20A37A82949FEF7EDFF04F4E062120A0D
:101F600037A82749FEF7E6FF04F0F802D20837A8A1
:101F70002449FEF7DFFF04F00602520837A8224981
:101F8000FEF7D8FF37A8214904F00102FEF7D2FF7F
:101F900001F00BBFF487020042880200C68E0200E7
:101FA00039880200BF94020038870200558C020075
:101FB000438E020093920200E6930200478D0200D6
:101FC000D4930200B7930200E78E0200AC8E0200A9
:101FD000048E0200CC8D02000E900200438F02009E
:101FE000F29402009B8C0200F5880200CC9402005F
:101FF0006D870200E4880200D99402007692020004
:10200000888B0200E3890200F18E0200A89302008F
:1020100000226378674937A8FEF78CFF4FF000086D
:102020006549A27837A8FEF785FFCDF800802279B0
:10203000E3781202D318019302226049434637A87D
:10204000FEF778FFCDF80080A27963791202D318E9
:10205000019302220123594937A8FEF76BFFCDF8FF
:102060000080227AE3791202D3180222019337A862
:1020700052491346FEF75EFF1E2D41F29686627AA4
:1020800037A84F49FEF756FFA27A37A84D49FEF709
:1020900051FFE27A37A84C49FEF74CFF227B37A864
:1020A0004A49FEF747FFCDF80080A27B637B12020E
:1020B000D31801930522434637A84049FEF73AFF5B
:1020C000CDF80080227CE37B1202D3180193052215
:1020D000012337A83949FEF72DFFCDF80080A27CF7
:1020E000637C1202D31801930522022337A83349D7
:1020F000FEF720FFCDF80080CDF80480227DE37C40
:102100001202D318029305226C234FF0010937A85D
:102110002F49FEF70FFFCDF80090CDF80480A27D87
:10212000637D1202D318029305226C234FF0020A3A
:1021300037A82749FEF7FEFECDF800A0CDF80480B1
:10214000227EE37D1202D318029305226C2337A866
:102150001F49FEF7EFFECDF80080CDF80480A27E87
:10216000637E1202D31802930522682337A8184908
:10217000FEF7E0FECDF80090CDF80480227FE37EEC
:102180001202D3180293052237A868231049FEF7DC
:10219000D1FECDF800A0CDF80480A37F627F1B02A2
:1021A0009B18029337A80A4905226823FEF7C2FE4E
:1021B00001F0FBBD4A8902002C880200A6860200BD
:1021C000E4910200C2920200409002007B9402005F
:1021D00026920200012263789C4937A8FEF7AAFEE6
:1021E0004FF001089A49A27837A8FEF7A3FECDF870
:1021F00000802279E3781202D3180193022200238F
:10220000944937A8FEF796FECDF80080A27963794D
:102210001202D318019302228E49434637A8FEF7D3
:1022200089FECDF80080227AE3791202D3180222C7
:10223000019337A887491346FEF77CFE1E2D41F215
:10224000B485627A37A88449FEF774FEA27A37A86B
:102250008249FEF76FFEE27A37A88149FEF76AFEEF
:10226000227B37A87F49FEF765FECDF80080A27B70
:10227000637B1202D31801930522002337A8754906
:10228000FEF758FECDF80080227CE37B1202D318C3
:1022900001930522434637A86E49FEF74BFECDF861
:1022A0000080A27C637C1202D318019305220223D2
:1022B0004FF0000937A86749FEF73CFECDF80090C3
:1022C000CDF80480227DE37C1202D318029305220C
:1022D0006C2337A86449FEF72DFECDF80080CDF8B9
:1022E0000480A27D637D1202D318029305226C2321
:1022F0004FF0020A37A85C49FEF71CFECDF800A09B
:10230000CDF80480227EE37D1202D31802930522C9
:102310006C2337A85449FEF70DFECDF80090CDF898
:102320000480A27E637E1202D318029305226823E2
:1023300037A84D49FEF7FEFDCDF80080CDF80480AA
:10234000227FE37E1202D3180293052237A8682366
:102350004549FEF7EFFDCDF800A0CDF80480A37F3E
:10236000627F1B029B18029337A83F49052268230E
:10237000FEF7E0FD01F019BDA27863781202D218D1
:102380003A4937A8FEF7D6FDA279637912061B04F5
:10239000D218237937A81B02D218E3783449D2180F
:1023A000FEF7C8FD122D41F20085A27A637A12066B
:1023B0001B04D218237A37A81B02D218E3792D49BF
:1023C000D218FEF7B7FDA27B637B12061B04D2185E
:1023D000237B37A81B02D218E37A2749D218FEF7CD
:1023E000A9FDA27C637C12061B04D318227C37A8AB
:1023F00012029B18E27B21499A18FEF79BFD01F01F
:10240000D4BCA27863781202D31800930222434608
:1024100037A81B4908F10108FEF78CFD0234C845B6
:10242000EFDD01F0C2BCA27863781202D3180093EA
:102430000522434637A8124908F10108FEF77AFD44
:102440000234C845EFDD01F0B0BC00BF4A8902008C
:10245000DA8E0200A6860200F2910200CF920200FC
:102460004B9402008A940200269202008692020097
:1024700098860200169102008C930200028F0200DF
:10248000138A0200CDF80080A27863781202D31874
:10249000019305226C2337A8BB4908F10108FEF718
:1024A00049FD0234D045EDDD4FEA55095FFA89F95F
:1024B00009F1010B09F10209B944BB4406EB090417
:1024C0004FF00008CDF800802278C9EB040313F820
:1024D0000B301202D31801930522682337A8AA49AA
:1024E00008F10108FEF726FD0234D045EADD01F0CF
:1024F0005CBCA37862781B0237A8A4499A18FEF73F
:1025000019FD01F052BCA37862781B0237A8A049DC
:102510009A18FEF70FFD01F048BCA37862781B0201
:1025200037A89C499A18FEF705FD01F03EBCA37838
:1025300062781B0237A898499A18FEF7FBFC01F055
:1025400034BC2279E37812061B04D218A37837A88A
:102550001B02D21863789149D218FEF7EBFC227A5D
:10256000E37912061B04D218A37937A81B02D218EC
:1025700063798B49D218FEF7DDFC227BE37A1206E1
:102580001B04D318A27A37A812029B18627A8549D5
:102590009A18FEF7CFFC01F008BCA278637812020B
:1025A00037A88149D218FEF7C5FC042D41F2FD83FE
:1025B0002379E2781B0237A87C499A18FEF7BAFC07
:1025C00001F0F3BB2279E37812061B04D218A3783A
:1025D00037A81B02D21863787549D218FEF7AAFCF7
:1025E000062D41F2E283227AE37912061B04D31806
:1025F000A27937A812029B1862796E499A18FEF7E1
:1026000099FC01F0D2BBDFF8BC914FF00108A8455E
:1026100081F2CB832279E37812061B04D218A378C7
:1026200049461B02D218637837A8D21808F104086B
:10263000FEF780FC0434B8F1190F09F11809E6D14E
:1026400001F0B3BBDFF880914FF00108A84581F29B
:10265000AC832279E37812061B04D218A37849468A
:102660001B02D218637837A8D21808F10408FEF7C5
:1026700061FC0434B8F10D0F09F11309E6D101F042
:1026800094BBDFF848914FF00108A84581F28D8393
:102690002279E37812061B04D218A37849461B025C
:1026A000D218637837A8D21808F10408FEF742FC64
:1026B0000434B8F10D0F09F11409E6D101F075BB2E
:1026C000DFF80C914FF00108A84581F26E83227962
:1026D000E37812061B04D218A37849461B02D218CD
:1026E000637837A8D21808F10408FEF723FC0434F5
:1026F000B8F10D0F09F11409E6D101F056BBDFF86E
:10270000D4904FF00108A84581F24F832279E378F5
:1027100012061B04D218A37849461B02D21863780C
:1027200037A8D21808F10408FEF704FC0434B8F105
:102730000D0F09F11409E6D101F037BBA3786278D7
:102740001B0237A81C499A18FEF7F4FB01F02DBBB9
:10275000A37862781B0237A818499A18FEF7EAFB9B
:1027600001F023BB2279E37812061B04D318A27868
:10277000647812029B1837A8114901221B19FEF731
:10278000D9FB01F012BB00BF00920200F48F0200DF
:10279000B790020080890200598902001691020058
:1027A0008C930200028F02009C920200AF92020002
:1027B000A9910200C0910200B98E02003794020074
:1027C0003B910200998A0200628C02009788020005
:1027D00048950200F09302002279E37812061B0468
:1027E000D318A278647812029B1837A8974902225E
:1027F0001B19FEF79FFB01F0D8BA37A894496278FD
:10280000FEF798FB01F0D1BA9249627807F102080D
:1028100037A8FEF78FFB16F808208F49120937A852
:10282000FEF788FB16F8082037A88C4902F00F0243
:10283000FEF780FB032D41F2B882E27837A8884981
:10284000FEF778FB07F10508227937A88549FEF7DE
:1028500071FB16F8082037A892088349FEF76AFB37
:1028600016F8082037A8814902F00302FEF762FB40
:1028700037A87F49A279FEF75DFB01F096BA94F87C
:10288000028063784FEA082898441FFA88F84FEAD4
:10289000D82237A87749FEF74DFB08F4806302225F
:1028A0009B0A37A87449FEF745FB08F4007302221F
:1028B0005B0A37A87149FEF73DFB08F4F873022262
:1028C0001B0937A86E49FEF735FB08F00E030222FC
:1028D0005B0837A86B49FEF72DFB022208F00103C5
:1028E00037A86949FEF726FB2379E4781B021C19F7
:1028F000A4B2E20A37A86549FEF71CFB04F4806322
:1029000005229B0A37A85C49FEF714FB04F4007308
:1029100005225B0A37A85949FEF70CFB04F4F8734B
:1029200005221B0937A85649FEF704FB04F00E03E5
:1029300005225B0837A85349FEF7FCFA37A852492D
:10294000052204F00103FEF7F5FA01F02EBAA27891
:1029500063781202D21837A84D49FEF7EBFA94F8C3
:1029600004E0E3784FEA0E2E0022734437A8494969
:10297000FEF7E0FA217AE27909028A1894F806E073
:1029800063790092A17A627A09024FEA0E2E8A18C0
:102990007344019237A800223F49FEF7CBFA227B0D
:1029A000E37A0092627B37A80192A27B3B490292B4
:1029B0000022FEF7BFFAA17C627C09028A1894F813
:1029C00010E0E37B0092217DE27C09028A180192EB
:1029D000A17D627D09028A180292217EE27D0902B0
:1029E0008A180392A17E627E09028A180492217FCE
:1029F000E27E09028A180592A17F627F09028A1885
:102A0000069294F82010E27F09028A18079294F83F
:102A1000221094F8212009028A18089294F82410B0
:102A200094F8232009028A18099294F8262094F831
:102A30002510120252184FEA0E2E0A9237A8184992
:102A400000227344FEF776FA01F0AFB93B91020021
:102A5000508D0200808A0200328B0200FF89020042
:102A6000D7870200958B020009910200879102002E
:102A7000129202006E8D02009B910200118F0200E3
:102A8000D791020099940200C1930200D8860200F7
:102A9000458C02004A89020021870200A88B0200AF
:102AA000EE8B020094F802E063784FEA0E2E0122CA
:102AB000734437A8AA49FEF73DFAA1796279090261
:102AC0008A1894F804E0E3780092217AE279090206
:102AD0004FEA0E2E8A187344019237A80122A149A9
:102AE000FEF728FAA27A637A0092E27A37A8019276
:102AF000227B9D4902920122FEF71CFA217CE27B97
:102B000009028A1894F80EE0637B0092A17C627C33
:102B100009028A180192217DE27C09028A18029238
:102B2000A17D627D09028A180392217EE27D09025D
:102B30008A180492A17E627E09028A180592217F7A
:102B4000E27E09028A180692A17F627F09028A1832
:102B5000079294F82010E27F09028A18089294F8EC
:102B6000221094F8212009028A18099294F824204E
:102B700094F82310120252184FEA0E2E0A9237A828
:102B80007A4901227344FEF7D5F901F00EB994F8A1
:102B900002E063784FEA0E2E0222734437A8704990
:102BA000FEF7C8F9A179627909028A1894F804E05D
:102BB000E3780092217AE27909024FEA0E2E8A1810
:102BC0007344019237A802226649FEF7B3F9A27A4C
:102BD000637A0092E27A37A80192227B62490292DC
:102BE0000222FEF7A7F9217CE27B09028A1894F8F9
:102BF0000EE0637B0092A17C627C09028A1801923C
:102C0000217DE27C09028A180292A17D627D09027F
:102C10008A180392217EE27D09028A180492A17E1D
:102C2000627E09028A180592217FE27E09028A18D3
:102C30000692A17F627F09028A18079294F82010F9
:102C4000E27F09028A18089294F8221094F8212051
:102C500009028A18099294F8242094F82310120289
:102C600052184FEA0E2E0A9237A8404902227344A6
:102C7000FEF760F901F099B8627837A83C49FEF791
:102C800059F90122A37837A83A49FEF753F90222ED
:102C9000E37837A83749FEF74DF96379227903F0D5
:102CA00001031B0237A834499A18FEF743F901F0D3
:102CB0007CB8A27863781202D318009328220023EC
:102CC00037A82E49FEF736F92279E3781202D31895
:102CD00000932822012337A82849FEF72BF9A2796F
:102CE00063791202D31800932822022337A82349BC
:102CF000FEF720F9227AE3791202D31800935022CA
:102D0000002337A81D49FEF715F9A27A637A12024B
:102D1000D31800935022012337A81849FEF70AF967
:102D2000237BE27A1B029B18009337A81349502299
:102D30000223FEF7FFF801F038B8A2786378120298
:102D4000D21837A80E49FEF7F5F82379E2781B026E
:102D500037A80C499A18FEF7EDF801F026B800BF25
:102D60004A89020021870200A88B0200EE8B020034
:102D7000E5870200F48602002D930200F590020020
:102D8000118802005292020094F804E0E3784FEABE
:102D90000E6E1B049E44A3786C221B029E44637833
:102DA00037A873449749FEF7C5F894F808E0E3792B
:102DB0004FEA0E6E1B049E44A3796C221B029E44B4
:102DC000637937A873449049FEF7B4F894F80CE09F
:102DD000E37A4FEA0E6E1B049E44A37A6D221B0217
:102DE0009E44637A37A873448649FEF7A3F894F8A3
:102DF00010E0E37B4FEA0E6E1B049E44A37B6D2222
:102E00001B029E44637B37A873447F49FEF792F808
:102E100094F814E0E37C4FEA0E6E1B049E44A37CFE
:102E200068221B029E44637C37A873447549FEF7F1
:102E300081F894F818E0E37D4FEA0E6E1B049E447F
:102E4000A37D68221B029E44637D37A873446E49AC
:102E5000FEF770F894F81AE0637E4FEA0E2E6C22AB
:102E6000734437A86949FEF765F894F81CE0E37EDF
:102E70004FEA0E2E6D22734437A86449FEF75AF8C4
:102E8000A37F647F1B0237A8604968221B19FEF7E5
:102E900051F800F08ABF94F802E063784FEA0E2EF2
:102EA0007344682237A85A49FEF744F82279E37838
:102EB0001202D318009368226C2337A85549FEF7F5
:102EC00039F8A27963791202D318009368226C232F
:102ED00037A85149FEF72EF8227AE3791202D31867
:102EE000009368226D2337A84A49FEF723F8A27A97
:102EF000637A1202D318009368226D2337A84649DB
:102F0000FEF718F8227BE37A1202D31868220093A6
:102F100037A813463F49FEF70DF8A27B637B1202E8
:102F2000D3186822009337A813463B49FEF702F8EE
:102F300094F810E0E37B4FEA0E2E73446C2237A81E
:102F40003349FDF7F7FFA27C637C1202D3186C2291
:102F5000009337A813462F49FDF7ECFF227DE37C51
:102F60001202D3186C22009337A813462A49FDF7A2
:102F7000E1FFA27D637D1202D31800936C2207F15A
:102F800018086D2337A82349FDF7D4FF16F8082049
:102F9000E37D1202D31800936C226D2307F11A0906
:102FA00037A81D49FDF7C6FF16F80920637E1202F7
:102FB000D31800936C22682337A81649FDF7BAFF8F
:102FC000227FE37E1202D31800936C22682337A875
:102FD0001149FDF7AFFFA37F16F808E01B02682236
:102FE000734437A80D49FDF7A5FF94F8203016F873
:102FF00009401B0237A809496C221B19FDF79AFFEB
:1030000000F0D3BE328C02008F950200DC920200E9
:10301000248F0200D78F0200428B0200688B0200CF
:103020006378002237A8AA4903F01F03FDF782FF47
:10303000A378012237A8A64903F01F03FDF77AFF02
:10304000E378022237A8A24903F01F03FDF772FFBD
:103050006279237902F01F020092A27937A802F068
:103060001F020192E2799B4902F01F02029203F0D3
:103070001F030022FDF75EFF627A237A02F01F022F
:103080000092A27A37A802F01F020192E27A9149D7
:1030900002F01F02029203F01F030122FDF74AFF14
:1030A000627B237B02F01F020092A27B37A802F012
:1030B0001F020192E27B874902F01F02029203F095
:1030C0001F030222FDF736FF00F06FBE6378002277
:1030D00037A8814903F03F03FDF72CFFA3780122B5
:1030E00037A87D4903F01F03FDF724FFE378022290
:1030F00037A8794903F01F03FDF71CFF6279237994
:1031000002F03F020092A27937A802F03F0201923A
:10311000E279724902F03F02029203F03F0300227B
:10312000FDF708FF627A237A02F01F020092A27A6A
:1031300037A802F01F020192E27A684902F01F02EA
:10314000029203F01F030122FDF7F4FE627B237B52
:1031500002F01F020092A27B37A802F01F02019228
:10316000E27B5E4902F01F02029203F01F0302227B
:10317000FDF7E0FE00F019BE0022637837A8584939
:10318000FDF7D8FE0122A37837A85549FDF7D2FEF6
:103190000222E37837A85249FDF7CCFE00222379BA
:1031A00037A85049FDF7C6FE0122637937A84D497B
:1031B000FDF7C0FE37A84B490222A379FDF7BAFEFE
:1031C00000F0F3BD94F8028063784FEA0828984431
:1031D0001FFA88F84FEAD83300930522002337A856
:1031E0004149FDF7A7FE08F4F043DB1200930522E6
:1031F000002337A83D49FDF79DFE08F4E0631B124C
:1032000000930522002337A83949FDF793FE08F003
:103210008003DB1100930222002337A83249FDF717
:1032200089FE08F07803DB1000930222002337A800
:103230002E49FDF77FFE08F00703009302220023CA
:1032400037A82B49FDF776FE2379E4781B021C1979
:10325000A4B24FF000084FEAD4390522682337A8FA
:10326000244904F4F04A4FEAEA2A8DE8000304F402
:10327000E064FDF75FFE0522682337A81E4924128B
:103280008DE80005FDF756FE682337A81B49052287
:10329000CDF800800194FDF74DFE052237A86D237F
:1032A00014498DE80003FDF745FE05226D2337A87C
:1032B00011498DE80005FDF73DFE37A80F490522AD
:1032C0006D23CDF800800194FDF734FE00F06DBD54
:1032D000B18C02006689020032890200C3900200AC
:1032E0004C8E02007D8B0200059302006594020063
:1032F0004F90020005870200528A0200118E0200E0
:1033000094F8028063784FEA082898441FFA88F8F6
:103310004FEAD83300930522012337A8B549FDF7BA
:1033200009FE08F4F043DB1200930522012337A8BD
:10333000B149FDF7FFFD08F4E0631B12009305227D
:10334000012337A8AD49FDF7F5FD08F08003DB1137
:1033500000930222012337A8A649FDF7EBFD08F0F0
:103360007803DB1000930222012337A8A249FDF75E
:10337000E1FD08F0070300930222012337A89F49CB
:10338000FDF7D8FD2379E4781B021C19A4B24FF095
:1033900001084FEAD4390522682337A8984904F474
:1033A000F04A4FEAEA2A8DE8000304F4E064FDF7EE
:1033B000C1FD0522682337A8924924128DE8000533
:1033C000FDF7B8FD682337A88F490522CDF80080A6
:1033D0000194FDF7AFFD052237A86D2388498DE8DC
:1033E0000003FDF7A7FD05226D2337A885498DE869
:1033F0000005FDF79FFD37A8834905226D23CDF811
:1034000000800194FDF796FD00F0CFBC94F8028097
:1034100063784FEA082898441FFA88F84FEAD833AF
:1034200000930522022337A87249FDF783FD08F4B3
:10343000F043DB1200930522022337A86E49FDF703
:1034400079FD08F4E0631B1200930522022337A8DC
:103450006A49FDF76FFD08F080030222DB1100933B
:1034600037A813466349FDF765FD08F0780302228B
:10347000DB10009337A813465F49FDF75BFD02227E
:1034800008F00703009337A813465C49FDF752FD87
:103490002379E4781B021C19A4B24FF002084FEA0A
:1034A000D4390522682337A8554904F4F04A4FEA75
:1034B000EA2A8DE8000304F4E064FDF73BFD0522F1
:1034C000682337A84F4924128DE80005FDF732FD27
:1034D0000522682337A84C49CDF800800194FDF7F8
:1034E00029FD6D2337A8464905228DE80003FDF725
:1034F00021FD052237A86D2342498DE80005FDF71F
:1035000019FD37A8404905226D23CDF800800194AC
:10351000FDF710FD00F049BC94F802E063784FEA33
:103520000E2E2822734437A83849FDF703FD94F87E
:1035300004E0E3784FEA0E2E2822734437A834497A
:10354000FDF7F8FC94F806E063794FEA0E2E50225E
:10355000734437A82D49FDF7EDFC237AE4791B026B
:1035600037A82B4950221B19FDF7E4FC00F01DBCC5
:10357000A27863780092E2782521019222791DA831
:10358000029262790392A2790492E2790592227AF8
:103590000692627A0792A27A0892E27A0992227BD4
:1035A0000A92627B0B92A27B0C92E27B0D92227CB0
:1035B0000E92184AEBF38AF637A817491DAAFDF7B1
:1035C000B9FCF2E37C1C325D37A8144902F07F029B
:1035D000FDF7B0FC325D37A81149D209FDF7AAFC0E
:1035E000E3E3A378627837A80E4942EA0322FDF7A5
:1035F000A1FCDAE305930200659402004F900200FB
:1036000005870200528A0200118E02004C910200CE
:10361000148902003A3E010068910200B29402004F
:103620006692020070910200A378627837A89449EC
:1036300042EA0322FDF77EFCB7E3E37822791B041C
:1036400043EA0263627837A81343A2788D4943EABC
:103650000222FDF76FFCA8E3E37822791B0443EA1A
:103660000263627837A81343A278874943EA0222AB
:10367000FDF760FC99E3E37822791B0443EA0263D7
:10368000627837A81343A278804943EA0222FDF703
:1036900051FC8AE3A378627837A87D4942EA032285
:1036A000FDF748FC81E3A378627837A8794942EABC
:1036B0000322FDF73FFC78E3A378627837A87649C8
:1036C00042EA0322FDF736FC6FE3A378627837A85D
:1036D000724942EA0322FDF72DFC66E394F801905B
:1036E0005FEA990900F061834FF00008A179E2795F
:1036F000090294F803E041EA0241627923790A431E
:103700004FEA0E2E4EEA034EA3780092617AA27A17
:10371000090241EA0241227A37A80A430192217B39
:10372000627B090241EA0241E27A4EEA03030A435C
:1037300002925B49424608F10108FDF7FBFB0C349D
:10374000C845D3DB31E337A856496278FDF7F2FB71
:103750002BE337A854496278FDF7ECFB25E3227A86
:10376000E17923791143A27994F803E01143627956
:103770004EEA030EA3780A434EEA030E63780092E2
:10378000227BE17A4EEA03031143A27A37A8114360
:10379000627A0A430192227CE17B1143A27B1143AE
:1037A000627B0A43029241490022FDF7C3FB227E5D
:1037B000E17D237D1143A27D94F813E01143627DE6
:1037C0004EEA030EA37C0A434EEA030E637C00928A
:1037D000227FE17E37A81143A27E4EEA0303114304
:1037E000627E0A43019294F82020E17F1143A27F78
:1037F0000A43617F0A4302922C490122FDF79AFB9A
:10380000D3E2A37864781B021C19A4B204F00F035E
:1038100000932822002337A82549FDF78BFB04F0ED
:10382000F0031B1100932822012337A82049FDF73C
:1038300081FB04F470631B1200932822022337A833
:103840001B49FDF777FB37A81A492822E30BFDF740
:1038500071FBAAE22179E27809028A1894F802E061
:1038600063780092A2796179120252184FEA0E2E03
:10387000019237A8104900227344FDF75BFB94E2E4
:10388000D38802003F930200579302006F93020017
:10389000588E02006D8E0200828E0200978E02000A
:1038A0006890020024910200D4890200798D020000
:1038B000998D0200ED920200538702002179E2788F
:1038C00009028A1894F802E063780092A17962797B
:1038D00009028A180192217AE27909028A18029271
:1038E000A17A627A09028A180392217BE27A09029C
:1038F0008A180492A17B627B09028A180592217CB6
:10390000E27B09028A180692A17C627C09028A186D
:103910000792217DE27C09028A180892A17D627DCE
:1039200009028A180992227EE17D120252184FEA9A
:103930000E2E0A9237A87B4900227344FDF7FAFA4B
:1039400033E22179E27809028A1894F802E0637878
:103950000092A179627909028A180192217AE279AA
:1039600009028A180292A17A627A09028A180392DD
:10397000217BE27A09028A180492A17B627B090208
:103980008A180592217CE27B09028A180692A17CA2
:10399000627C09028A180792217DE27C09028A185A
:1039A0000892A17D627D09028A180992227EE17D3A
:1039B000120252184FEA0E2E0A9237A85A490022D4
:1039C0007344FDF7B7FAF0E12179E27809028A1829
:1039D00094F802E063780092A179627909028A186A
:1039E0000192217AE27909028A180292A17A627A16
:1039F00009028A180392217BE27A09028A1804924A
:103A0000A17B627B09028A180592217CE27B090274
:103A10008A180692A17C627C09028A180792217D8D
:103A2000E27C09028A180892A17D627D09028A1847
:103A30000992217EE27D09024FEA0E2E8A180A922F
:103A40007344002237A83949FDF774FA217FE27EDA
:103A500009028A1894F81AE0637E0092A17F627FBF
:103A600009028A18019294F82010E27F09028A184C
:103A7000029294F8221094F8212009028A180392E5
:103A800094F8241094F8232009028A18049294F8D8
:103A9000261094F8252009028A18059294F8281017
:103AA00094F8272009028A18069294F82A1094F8AC
:103AB000292009028A18079294F82C1094F82B20D8
:103AC00009028A18089294F82E1094F82D20090201
:103AD0008A18099294F8302094F82F101202521884
:103AE0004FEA0E2E0A9237A8104901227344FDF7BF
:103AF00021FA5AE1A37862781B0237A80C499A1878
:103B0000FDF718FA51E137A80A496278FDF712FA71
:103B10004BE1A378627837A8074942EA0322FDF710
:103B200009FA42E14F8802008C890200FE940200EB
:103B3000458C0200018802007E870200E27823792A
:103B4000120442EA03626378217A1A43E379207B04
:103B50001B0443EA0163617994F802C00B43E17AE4
:103B600094F806E0090441EA0061607A42EA0C2216
:103B70000143A07A43EA0E2341EA00210091E17B50
:103B8000207C090441EA0061607B0143A07B41EA9B
:103B900000210191E17C207D090441EA0061607C03
:103BA0000143A07C41EA00210291E17D207E0904CD
:103BB00041EA0061607D0143A07D41EA002103915B
:103BC000E17E207F090441EA0061607E0143A07E1E
:103BD00041EA00210491E17F94F82000090441EAC0
:103BE0000061607F0143A07F41EA0021059194F8C4
:103BF000231094F82400090441EA006194F821009C
:103C0000014394F8220041EA0021069194F827002C
:103C100094F82810000440EA016094F8251001434C
:103C200094F8260041EA0021079137A88249FDF760
:103C300081F9BAE0E2782379120442EA03626378F8
:103C4000217A1A43E379207B1B0443EA01636179FB
:103C500094F802C00B43E17A94F806E0090441EAC3
:103C60000061607A42EA0C220143A07A43EA0E2303
:103C700041EA00210091E17B207C090441EA0061D6
:103C8000607B0143A07B41EA00210191E17C207D22
:103C9000090441EA0061607C0143A07C41EA002103
:103CA0000291E17D207E090441EA0061607D0143CB
:103CB000A07D41EA00210391E17E207F090441EAD1
:103CC0000061607E0143A07E41EA00210491E17F12
:103CD00094F82000090441EA0061607F0143A07F5D
:103CE00041EA0021059194F8231094F82400090476
:103CF00041EA006194F82100014394F8220041EA6E
:103D00000021069194F8270094F82810000440EA56
:103D1000016094F82510014394F8260041EA00213F
:103D2000079137A84549FDF705F93EE00B2D3CD139
:103D3000A37862781B02D21837A84149FDF7FAF838
:103D40002379E2781B02D21837A83E49FDF7F2F832
:103D5000A37962791B02D21837A83B49FDF7EAF82C
:103D6000237AE2791B02D21837A83849FDF7E2F826
:103D7000A27A637A120237A835499A18FDF7DAF861
:103D800013E0E37822791B0443EA0263627837A8E0
:103D90001343A2782F4943EA0222FDF7CBF804E04F
:103DA0000022149201E00123139310997B19FF293B
:103DB0007DF463A9159A01321592159B1B998B42CC
:103DC0007DF453A9119A511C03D037A82249FDF75D
:103DD000B1F89DF89C3023B137A8204927AAFDF7F8
:103DE000A9F8169B0A2B0CD800201D49ECF3A4F06F
:103DF00038B9139929B937A81A49139AFF23FDF73F
:103E000099F8389A002302F8013B449B1A980093D2
:103E10001299189B3892FDF76DF804461298F0F34A
:103E200017F201E06FF0010420463BB0BDE8F08FCF
:103E300001211391B9E700BFC28C0200FF8C020080
:103E40004F8F0200638F0200778F02008B8F02007A
:103E50009F8F02002C8E02001D900200F489020048
:103E6000468902009C8702002DE9F04F8DB0059233
:103E700005468A4606A80021142298460B91EBF3CA
:103E8000BFF1594B1C78002C40F0A3806B69232BA9
:103E90000CDD1C222846214623460094F5F388F2C7
:103EA000002806DA01260227B14605E0042701268C
:103EB00001E00C270326A1462846F5F30BF2012862
:103EC000834602D0022813D105E028465146EBF381
:103ED000CBF040000BE02846FCF7A1FF044638B1C8
:103EE000FCF793FFC20503D52046FCF793FF0B9028
:103EF0000B9800284ED0F0F399F1044600286ED0BC
:103F0000BBF1010F03D0BBF1020F1BD10BE00B9BE8
:103F1000002101930290059A28465346009103918F
:103F2000EBF3A0F00CE00B9A0CAB520843F8042D15
:103F3000284601212246FCF7A6FF0B9B5B000B9352
:103F4000002840D122884FF6FD73013A92B29A427E
:103F500003D92046F0F37CF11CE0B9F1000F03D047
:103F600004EB4707069719E0E31962880693A388D4
:103F7000A7F5805707EB12221B0602EB1343E31849
:103F80000793E388DB19E31808932389DF19E719FE
:103F9000099703E0154B002406930126169A504614
:103FA000009206A932464346FDF716F850B9169B13
:103FB00028461A68D8F8001001F038FDD8F800201B
:103FC0000B4B1A6014B12046F0F342F1064A01236C
:103FD0001370169B0020C8F80000186001E06FF015
:103FE0001A000DB0BDE8F08F29610100608B02005E
:103FF0008893020030B51946039B049C43B14CB131
:1040000000251D6025600394BDE83040FFF72CBFFC
:10401000184630BD204630BD014B00221A70704753
:1040200029610100F8B50C4F06463C688CB10125AA
:104030000BE0284600212C46E6F7C6FF20B12846B3
:104040003146E6F7BBFF04E001353B689D42F0D9FD
:1040500000242046F8BD00BF2C61010010B5847813
:1040600001462046E6F7B0FF28B120460021E6F7DA
:10407000A5FF002010BD4FF0FF3010BD70B50C4EF5
:104080000D46306880B90B49E6F798FF012404E03B
:1040900020460021E6F792FF013433689C42F7D9AD
:1040A000034B28461D6070BD4FF0FF3070BD00BF50
:1040B0002C610100ADDEADDE064B1A68194632B147
:1040C000012300E001339342FCD900230B60002060
:1040D000704700BF2C6101002DE9F0470C461668BF
:1040E0008246154608468422002198469DF8247091
:1040F000EBF386F02046FFF795FFC0B2002832D0E0
:10410000012323709DF82030A070003318BF0123D5
:10411000E3703C233C2EB4BFB1464FF03C09A4F8F9
:104120000E806770A381002615E0504641463A464E
:10413000F0F390F030B96368002B0CBF6FF01A00F9
:1041400000200BE0A3780136C370636843612389C4
:104150006060013323814E45E7DB002023896381C2
:104160002B60BDE8F0874FF0FF30BDE8F087F8B571
:1041700006460C4600250BE07B6930466360002351
:104180007B61FB703946E278F0F386F00135ADB221
:104190006768002FF0D1238920465B1B2381638948
:1041A0005D1B6581FFF75AFFA77027703846F8BD81
:1041B00010B5C37C032B08D09C1D00EBC404013355
:1041C0006160A260C374002010BD4FF0FF3010BDCD
:1041D0002DE9F84311F01F0618BF012606EB511711
:1041E00007F107094FEA890948460D4601F01F0803
:1041F000F0F31CF0044600283BD000214A46BFB231
:10420000EAF3FEF76780A580E580A4602146224698
:10421000002303E04FF0FF30906101330432BB42D2
:10422000F8D356B14FF0FF3202FA08F87B1D04EBC9
:1042300083035A6882EA08025A6017F01F0318BF06
:10424000012307F01F0003EB57172780002203E02C
:104250004FF0FF358D6001320431BA42F8D343B1DB
:104260004FF0FF338340013704EB87077A685340F0
:104270007B602046BDE8F8830846EFF3E9B7436B5F
:1042800023B14FF47F629A60436B05E0836B4BB1BF
:104290004FF47F629A60836B9868D0F1010038BF59
:1042A00000207047012070470346002001E00130E4
:1042B000C0B25B08FBD170470B6843F440330B601E
:1042C00008680B6800F4403023F440330B60A0F51D
:1042D0004031484240EB0100704708B5416B09B9D5
:1042E000816B21B1806AFFF7E7FF012008BD084616
:1042F00008BD2DE9F047DDF820801F88099D104694
:10430000894614461E46394642462B46EFF38EF444
:104310008246E8B1012313FA07F72B68013BDB194A
:10432000B3FBF7F35F43631EDB195F4017EA090F26
:104330000ED02046FFF7B8FF30805046EFF380F4F0
:104340003188204642462B46BDE8F047EFF36EB475
:104350005046BDE8F08770B5002301290CBFB0F8C6
:104360004620B0F86C2086B00493B0F844301201B7
:1043700001290446ADF816300D46806A41F6FF73F8
:1043800029D104AED4F8C410009604F15C0601965D
:10439000994214BF4FF480314FF4005104F150069C
:1043A0000DF116030296FFF7A4FF002840D0BDF8D8
:1043B0001630E26D15FA03F3511EC918B1FBF3F183
:1043C0004B43A3659B1A9BB2C018A4F86030049BB2
:1043D000E06363662BE004ADD4F8CC10009504F1E3
:1043E00084050195994214BF4FF480314FF4005178
:1043F00004F178050DF116030295FFF77AFFB8B1C5
:10440000BDF81630012515FA03F3D4F88420511EA7
:10441000C918B1FBF3F14B43C4F880309B1A9BB22F
:10442000C018A4F88830049B2064C4F88C30284657
:1044300006B070BDFFF78FBF2DE9F74F8DE8030081
:104440000EAEE02014469A460D9F96E8400ADDF82D
:104450004C80EFF3EBF60546002800F0798100214F
:10446000E022EAF3CDF69A4B0021B8F1000F08BF25
:1044700098460A46C5F81C802046F4F38BF70C9B3F
:10448000C0F30030AB63934B03212B60002285F80F
:104490003000C5F834A02846EDF3F8F5082205F100
:1044A00020000199EAF384F7002385F82730009B68
:1044B000EC62AB62BBF1FF3F14BF5B46CC23B9F1AA
:1044C000CC0F88BFC3EB0909C5F89830BDF844305C
:1044D000A5F84670C5F89C309DF84830A5F86C608A
:1044E000C5F8A0300C9BA5F89490002B45D0AA6B82
:1044F0001368D80704D523F001031360AA6B136077
:10450000AB6B4FF0FF329A602046F4F345F740F66C
:104510003C03984212D1E86AF4F34EF7052809D01B
:10452000E86AF4F349F7082804D0E86AF4F344F79A
:104530000C2803D1AB6B4FF0FF329A60AB6B9A68DB
:104540001205120D1AB15A6842F00F0201E041F64D
:10455000FF72C5F8CC201A6802F4E012920C85F8BC
:10456000B5201A6802F46002520D85F8BA201B6863
:1045700003F040731B0E85F8BB30BAF1000F4DD02D
:104580006A6B1368D90704D523F0010313606A6BC3
:1045900013606B6B4FF0FF329A60E86AF4F3FCF63D
:1045A00040F63C03984212D1E86AF4F305F7052877
:1045B00009D0E86AF4F300F7082804D0E86AF4F3B5
:1045C000FBF60C2803D16B6B4FF0FF329A606B6BDC
:1045D0009A681205120D1AB15A6842F00F0201E0F2
:1045E00041F6FF72C5F8C420C5F8C8201A6802F465
:1045F000E012920C85F8B6201A6802F4E072920973
:1046000085F8B7201A6802F46002520D85F8B820C8
:104610001B6803F040731B0E85F8B93062680023F5
:10462000012AC5F8A430C5F8AC3018D1A268B2F59B
:10463000026F03D040F63C018A4202D14FF00043A2
:1046400003E04FF08042C5F8A420C5F8A830D5F8A3
:10465000A430C5F8AC30D5F8A830C5F8B030204645
:10466000F4F39AF640F62903984208D12046F4F371
:10467000A3F620B12046F4F39FF602280FD9204676
:10468000F4F38AF640F6340398420CD12046F4F352
:1046900093F620B12046F4F38FF6012803D10023CE
:1046A00085F8313004E02846FFF717FE85F8310021
:1046B0002846FFF7E4FD85F8B40068B10D23FF2F0D
:1046C000A5F844300CD8FF2E09D80C2305E000BF14
:1046D000906101008C5001000423A5F844304FB1D3
:1046E000BC002046EFF3A2F5E86468B3002122463F
:1046F000EAF386F54EB1B4002046EFF397F568670C
:1047000010B300212246EAF37BF527B128460121A8
:10471000FFF790FEC0B126B128460221FFF78AFEBE
:1047200090B1D5F8A4305BB195F8313043B9AB6D99
:10473000B3F1804F08D8D5F88030B3F1804F03D85B
:10474000012385F8DD3003E02846EDF3F9F4002578
:104750002846BDE8FE8F00BF10B50446F5F38CF285
:10476000002120460A46F4F315F6C30407D5204677
:1047700001F0DBFA00280CBF2020402010BD2020D3
:1047800010BD2DE9F0470446266A09A9042E666A81
:104790009DF82000CCBF06F4781606F4F01691E8D8
:1047A0002202760C4FF000084BE031F828A01FFAE7
:1047B00083FCE24501EB880703D197F802C08445EA
:1047C00004D008F101085FFA88F83AE0002A35D0F1
:1047D00006FB08F800252EE063692046222B0ADD3F
:1047E000E3695A0607D540F627010022F4F342F7A1
:1047F0000146204600E000214FF4CC62F4F3DAF5E4
:10480000056063692046222B0ADDE3695B0607D554
:1048100040F627010022F4F32DF70146204600E080
:10482000002140F26462F4F3C5F509EB880353F804
:10483000253001350360EBB2B342CDD3F878BDE843
:10484000F087A845B1D30020BDE8F0872DE9F843F3
:1048500004461E46002B00F0B480436A02EB0615A6
:1048600003F4F8594FEA192955F8043C013E0BB9F5
:1048700000279FE020469847002800F09E80F7E739
:104880000122BA4055F8103C1A4200F09280636948
:104890002046222B0ADDE3695A0607D540F6270198
:1048A0000022F4F3E7F60146204600E000214FF431
:1048B000C462F4F37FF5076015F90C2C22B1012ACC
:1048C00019D0013275D144E063692046222B09DDFD
:1048D000E3695B0606D540F62701F4F3CBF6014603
:1048E000204600E0002140F22462F4F363F555F81D
:1048F000083C03605DE063692046222B0ADDE36922
:10490000590607D540F627010022F4F3B3F6014615
:10491000204600E0002140F22462F4F34BF5636985
:104920008046222B20460ADDE3695A0607D540F669
:1049300027010022F4F39EF60146204600E0002104
:1049400040F22462F4F336F555F8083C026813434C
:104950002DE063692046222B0ADDE3695B0607D55B
:1049600040F627010022F4F385F60146204600E0D8
:10497000002140F22462F4F31DF563698046222B86
:1049800020460ADDE369590607D540F627010022D3
:10499000F4F370F60146204600E0002140F2246264
:1049A000F4F308F555F8082C036823EA0203C8F865
:1049B000003001374F457FF463AF103D002E7FF488
:1049C00053AFBDE8F883000070B59D490446002050
:1049D000EBF38EF2002800F0318100209849EBF3D0
:1049E00087F2974905460020EBF382F29449064688
:1049F0000020EBF37DF215F0006500F0AC804FF481
:104A00000012002113462046E6F741FD022206214E
:104A100013462046F4F344F663692046222B0ADD50
:104A2000E3695A0607D540F627010022F4F322F67F
:104A30000146204600E000214FF4C162F4F3BAF4CD
:104A40000668002506F480761BE04FF47A70EFF3D9
:104A5000DBF063692046222B0ADDE3695B0607D59C
:104A600040F627013246F4F305F60146204600E001
:104A700000214FF4C162F4F39DF40668013506F499
:104A800080761EB9B5F57A7FDFD170BDB5F57A7F36
:104A900000F0D4804FF47A70EFF3B6F008220621CC
:104AA00013462046F4F3FCF5002306210422204699
:104AB000F4F3F6F54FF47A70EFF3A6F0636920464D
:104AC000222B0ADDE369590607D540F627010022AB
:104AD000F4F3D0F50146204600E000214FF4C06217
:104AE000F4F368F40568002605F001051BE04FF4B7
:104AF0007A70EFF389F063692046222B0ADDE369BF
:104B00005A0607D540F627010022F4F3B3F5014613
:104B1000204600E000214FF4C062F4F34BF4056836
:104B2000013605F001051DB1B6F57A7FDFD102E04F
:104B3000B6F57A7F03D120460621082279E029467E
:104B40004FF480122B462046E6F7A1FC20460621B2
:104B500001222B466EE0730170D54FF4801213468C
:104B600029462046E6F793FC0122062113462046FB
:104B7000F4F396F54FF47A70EFF346F00422062131
:104B800013462046F4F38CF5062108222B462046D6
:104B9000F4F386F54FF47A70EFF336F0636920464C
:104BA000222B0ADDE3695E0607D540F627012A4677
:104BB000F4F360F50146204600E000214FF4C062A6
:104BC000F4F3F8F30668002506F001061BE04FF445
:104BD0007A70EFF319F063692046222B0ADDE3694E
:104BE000590607D540F627013246F4F343F501464E
:104BF000204600E000214FF4C062F4F3DBF30668C6
:104C0000013506F001061EB9B5F57A7FDFD102E065
:104C1000B5F57A7F03D120460621042209E0002160
:104C20004FF400120B462046E6F731FC20460621E1
:104C300002220023BDE87040F4F332B570BD00BF1E
:104C40006853010046F29053994210B5044609D0CA
:104C500049F21823994207D0B1F5964F0CBF1F2394
:104C6000002302E02A2300E03C230521FF22204606
:104C7000E6F779FC4FF40002062113462046E6F7DA
:104C80003CFC1E20EEF3C0F7204606214FF4000244
:104C90000023BDE81040E6F730BC0000F0B5036A21
:104CA000466A042BCCBF06F4781606F4F01685B0DD
:104CB0000446760C00253BE0102168461F4A2B462F
:104CC000EAF304F300206946EBF336F100282ED016
:104CD00000210A46EAF3CCF663690746222B2046F8
:104CE0000ADDE369590607D540F627010022F4F3EF
:104CF000C1F40146204600E000214FF4CC62F4F3F9
:104D000059F3056063692046222B0ADDE3695A06E0
:104D100007D540F627010022F4F3ACF40146204603
:104D200000E0002140F26462F4F344F307600135CF
:104D3000EBB2B342C0D305B0F0BD00BFD5950200C1
:104D4000F0B5036A85B0042B0446466A03DD06F01D
:104D5000F866B60D02E006F0F076760D00253BE031
:104D6000102168461F4A2B46EAF3B0F2002069463C
:104D7000EBF3E2F000282ED000210A46EAF378F6A1
:104D800063690746222B20460ADDE3695A0607D5E8
:104D900040F627010022F4F36DF40146204600E0BE
:104DA00000214FF4CB62F4F305F3056063692046FC
:104DB000222B0ADDE3695B0607D540F627010022B6
:104DC000F4F358F40146204600E0002140F25C6212
:104DD000F4F3F0F207600135EBB2B342C0D305B093
:104DE000F0BD00BF0C990200F0B5036A85B0042B3A
:104DF0000446466A01DDF60E02E006F0F056760E35
:104E000000253BE0102168461E4A2B46EAF35EF27D
:104E100000206946EBF390F000282ED000210A46CE
:104E2000EAF326F663690746222B20460ADDE3698A
:104E30005B0607D540F627010022F4F31BF4014678
:104E4000204600E000214FF4CA62F4F3B3F205609B
:104E500063692046222B0ADDE369590607D540F62F
:104E600027010022F4F306F40146204600E0002169
:104E700040F25462F4F39EF207600135B542C1D1AD
:104E800005B0F0BD1B99020000487047C0AD3A0262
:104E90002DE9F04304460F4685B0002090491546A1
:104EA0001E46EBF325F060B92046394615B1FFF7F1
:104EB000EBFF07E0FFF7E8FF4FF47A75B0FBF5F57D
:104EC00000E0054600208749EBF312F000F00F00E8
:104ED000012808D0022809D0834B844A032814BF34
:104EE0009146994604E0DFF8149201E0DFF8109251
:104EF00029462046FFF7A6FE2046F4F355F200218E
:104F000080462046F5F300F0794B0246002E4BD147
:104F10000193032302933946204632462B460096DE
:104F2000CDF80C90FFF72DFC0746002837D06369B9
:104F30002046222B0ADDE3695B0607D540F62701F0
:104F40003246F4F397F30146204600E000214FF487
:104F5000C062F4F32FF20268BF004FF68373134070
:104F600007F07C0205F17F07FF09013F42EA07478E
:104F70001F4363692046222B0ADDE369590607D5E2
:104F800040F627010022F4F375F30146204600E0C5
:104F900000214FF4C062F4F30DF2076096E0294659
:104FA0005448EAF353F192E000218DE80A0003230C
:104FB0000293204639462B46CDF80C90FFF7E1FBD3
:104FC000002D00F083802046E6F774F8064606E0E0
:104FD000AB4203D16369222B07DC12E00C36002EB2
:104FE00074D03388002BF3D170E0E3695A0608D5FA
:104FF00040F6270120460022F4F33CF30146204608
:1050000001E0204600214FF4C062F4F3D3F10268BE
:10501000B37802F07C02B3EB920F57D03579F37876
:105020002D061B0505F0706503F4700300214FF099
:105030007F622B432046E6F796FA737902211B051F
:105040002D4A43F400332046E6F78DFAB3686FF03B
:105050007F42032113402046E6F785FA6369204624
:10506000222B0ADDE3695B0607D540F62701002203
:10507000F4F300F30146204600E000214FF4C06243
:10508000F4F398F102684FF6837335881340B278D1
:105090007F35ED119200013D02F07C0242EA0545A8
:1050A0001D4363692046222B0ADDE3695E0607D5AE
:1050B00040F627010022F4F3DDF20146204600E02D
:1050C00000214FF4C062F4F375F10560012620461B
:1050D0004146F4F319F7304605B0BDE8F08300BF50
:1050E000EC950200745301008C5101000C52010038
:1050F00006970200A39502000000FE1F80530100E6
:10510000F85301002DE9F04399468BB00023079333
:1051100008930993036A476A042BCCBF07F47817F6
:1051200007F4F01704460D4690467F0C00260CE06D
:10513000102103A8334A3346EAF3C8F0002003A93C
:10514000EAF3FAF620B90136F6B2BE42F0D34EE0E9
:1051500008AB009309AB019320462946424607ABB2
:10516000E6F7C0FB012329464A462046FFF790FE9A
:1051700020462946FFF792FD236A012B2CDD636947
:105180002046222B0ADDE3695E0607D540F627019B
:105190000022F4F36FF20146204600E000214FF4B4
:1051A000C062F4F307F163690646222B20460ADD4C
:1051B000E369590607D540F627010022F4F35AF2B5
:1051C0000146204600E000214FF4C062F4F3F2F003
:1051D000036843F480633360089B20460093099B77
:1051E000294601934246079BE6F7D4F807E020469C
:1051F00029464A460023FFF74BFE0028A8D10BB0F2
:10520000BDE8F083D59502002DE9F04F002587B069
:1052100004460E4604950595F4F3C6F029468346E8
:105220002046F4F371F6A14982462846EAF384F653
:1052300048B1012384F8603329462A46EAF318F47A
:10524000C4F85C0301E084F8600300209849EAF3A5
:1052500073F648B10123002184F868330A46EAF363
:1052600007F4C4F8640301E084F868032046F3F30C
:10527000F5F7904B676A98428F4B94BF2025212504
:10528000A3F1080898BF984607F4F8573F0A08EBBF
:10529000C50863692046222B0ADDE3695A0607D553
:1052A00040F627010022F4F3E5F10146204600E034
:1052B00000214FF4C462F4F37DF018F8083C013D7E
:1052C000036063692046222B0ADDE3695B0607D58C
:1052D00040F627010022F4F3CDF10146204600E01C
:1052E00000214FF4C562F4F365F058F8043CA8F1CE
:1052F00008080360002DCCD147E0082102A86F4ABE
:105300002B46E9F3E3F7002002A9EAF315F600289B
:105310003AD000210A46EAF3ABF3236A80460C2B0D
:1053200007DDB0F5803F04D2C3B24FEA102843EA4C
:10533000084863692046222B0ADDE369590607D530
:1053400040F627010022F4F395F10146204600E0E3
:1053500000214FF4C462F4F32DF005606369204628
:10536000222B0ADDE3695A0607D540F62701002201
:10537000F4F380F10146204600E000214FF4C562BD
:10538000F4F318F0C0F800800135BD42B5D12046D5
:1053900031464B4A1F23FFF759FA00253EE008210A
:1053A000484A2B4602A8E9F391F7002002A9EAF344
:1053B000C3F58146002830D063692046222B0ADDE0
:1053C000E3695B0607D540F627010022F4F352F1AA
:1053D0000146204600E000214FF4C462F3F3EAF7EF
:1053E000056063692046222B0ADDE369590607D56B
:1053F00040F627010022F4F33DF10146204600E08B
:10540000002140F22462F3F3D5F7002180460A46DA
:105410004846EAF32DF3C8F800000135BD42BED17D
:10542000204604A905AAE5F70FFF049F52463B4614
:105430003146002520460095E5F752FE384304909A
:105440002046F4F347F4059A049B002A3CD01A4303
:1054500063690592222B20460ADDE3695A0607D5C7
:1054600040F627012A46F4F305F10146204600E004
:10547000002140F21C62F3F39DF763690546222B7D
:1054800020460ADDE3695B0607D540F627010022C6
:10549000F4F3F0F00146204600E0002140F21C62E7
:1054A000F3F388F7059B02683AE000BFC595020058
:1054B00000970200BFAD3A0200960200E795020095
:1054C0001C970200E2950200002B2BD06369204656
:1054D000222B09DDE369590606D540F62701F4F3CE
:1054E000C9F00146204600E0002140F21C62F3F3BF
:1054F00061F763690546222B20460ADDE3695A06F7
:1055000007D540F627010022F4F3B4F00146204607
:1055100000E0002140F21C62F3F34CF7049B0268A8
:1055200013432B60049BABB163692046222B0ADD39
:10553000E3695B0607D540F627010022F4F39AF0F1
:105540000146204600E000214FF4C362F3F332F736
:10555000049B0360059BABB163692046222B0ADDE7
:10556000E369590607D540F627010022F4F382F0DB
:105570000146204600E0002140F21C62F3F31AF7D6
:10558000059B0360314652462046E6F77EF94FF40C
:10559000FA60EEF339F320465946F4F3B5F407B058
:1055A000BDE8F08FF8B5044615460E46F3F3FCF659
:1055B000002107462046F4F3A7F4314602462B4665
:1055C0002046FFF79FFD204631462A46E5F7D8FDE5
:1055D00020463946BDE8F840F4F396B438B5036A7E
:1055E0000446012B2DD14369222B0ADDC3695A06DB
:1055F00007D540F627010022F4F33CF0014620468F
:1056000001E0204600214FF4C062F3F3D3F6636952
:105610000546222B20460ADDE3695B0607D540F6E6
:1056200027010022F4F326F00146204600E0002185
:105630004FF4C062F3F3BEF6036823F400732B60EB
:1056400038BD2CDD4369222B0ADDC369590607D515
:1056500040F627010022F4F30DF00146204601E058
:10566000204600214FF4C062F3F3A4F663690546B7
:10567000222B20460ADDE3695A0607D540F62701AA
:105680000022F3F3F7F70146204600E000214FF433
:10569000C062F3F38FF6036843F400732B6038BDE8
:1056A00070470120704738B505460C46FFF79CFB54
:1056B000284621460022FFF7F3FF28462146BDE891
:1056C0003840FFF781B9000038B504460D46002088
:1056D0003149EAF331F440B100210A46EAF3C8F156
:1056E0002946C3B20122204603E020462946012272
:1056F0000523E5F78BFF00202849EAF31DF448B1A4
:1057000000210A46EAF3B4F12946C3B20922204631
:10571000E5F77CFF00202249EAF30EF448B10021AE
:105720000A46EAF3A5F12946C3B205222046E5F769
:105730006DFF00201B49EAF3FFF348B100210A4640
:10574000EAF396F12946C3B206222046E5F75EFF4A
:10575000002120464FF478624FF43863E5F7CDFE20
:10576000002120464FF460424FF42043E5F7C5FE88
:105770004FF4C022002113462046E5F7BEFE012269
:10578000002120461346E5F7B8FE20462946BDE82D
:105790003840FFF7D5BA00BF12970200DB95020030
:1057A00012990200CA95020038B5036A0446092B13
:1057B00069DD4369222B0ADDC3695B0607D540F624
:1057C00027010022F3F356F70146204601E0204668
:1057D00000214FF4C062F3F3EDF5026812F001020C
:1057E00053D163692046222B09DDE3695D0606D5A6
:1057F00040F62701F3F33EF70146204600E0002182
:1058000040F26C62F3F3D6F54FF0004303604FF4BF
:105810007A70EEF3F9F163692046222B0ADDE36921
:10582000590607D540F627010022F3F323F7014676
:10583000204600E0002140F26C62F3F3BBF50568FE
:105840006369ED04ED0C222B20460ADDE3695A065C
:1058500007D540F627010022F3F30CF70146204656
:1058600000E0002140F26C62F3F3A4F56D03002325
:10587000036005F54245064805F5A875B5FBF0F54A
:105880006420684338BD002038BD002038BD00BF0B
:10589000A086010038B5002105461020E3F7A0FFDF
:1058A000002104461022E9F3ABF46560204638BDC0
:1058B00008B1E4F71DB8704710B50446E4F706F9DF
:1058C0006060E0602068E7F716FA6368A0F50060A2
:1058D000206118180123A060237610BD38B5054655
:1058E000F4F3CAF11C20EEF3A1F4084C00211C22B1
:1058F0002060E9F385F420680560FFF7DDFF0449C7
:1059000022682846BDE83840E6F726BC900400002F
:10591000D93F00002DE9F84F0C46F4F3ADF141F208
:105920000100E568EEF382F400287CD000F1010C60
:10593000064620E001321970D2B2434639783D461E
:105940000137C1B13D2903F10108F3D13270294675
:105950004646002203E001323770D2B2664611F8A3
:10596000017FC3EB0508B04406F1010C002FF2D112
:105970001A7008F10105E768A368FB189D4205D27B
:105980002B781BB12F4663460022D7E7254601231B
:10599000E2688346BA1A2A823BE0594611F8012B85
:1059A0009A4202D14FF0000C0AE0102B2AD10F2AA4
:1059B000F8DC27E01BF8018F07F80C800CF1010CD4
:1059C0006245F7D101EB0208895C07EB020C4FF04E
:1059D0003D0907F8029008F1010B0CF1010701F1F4
:1059E0000109002203E018F802A00CF802A001321D
:1059F0004A45F8D17A184FF0000C07F801C08B44E3
:105A0000571C06E011F802B001EB020C0BF1010B80
:105A1000E344B345C1D301330235112BB8D1BDE8FE
:105A2000F84FEEF315B4BDE8F88F0000F8B50E4658
:105A300017460446F4F320F13020EEF3F7F3054661
:105A400068B1C660074E30234360336887600360E7
:105A500029462046FFF75EFF35600020F8BD6FF055
:105A60001A00F8BD9404000008B5064B1B683BB94A
:105A7000054B196821B1054B1A680AB1FFF7D6FF2B
:105A8000002008BD94040000985C01009C5C0100AB
:105A9000F8B5104B07461C681E46BCB1E3689BB1C5
:105AA0000D4D2A689A420FD1F4F3E6F0E068EEF368
:105AB000CFF300232B6007E038462568F4F3DCF0D1
:105AC0002046EEF3C5F32C46002CF5D100233360BD
:105AD000F8BD00BF940400008893020073B5856E82
:105AE00004466DB1D0F8CC3000EB8303D3F8D4205A
:105AF000036E9A4203D1406EA847054600E0002598
:105B00002046F3F351F4002302A941F8083D06466C
:105B10006946204601AA0DF0C1FE9DE806004FF43B
:105B2000FF20E9F3E9F220463146F4F3EDF1E36EAC
:105B30005BB1D4F8CC2004EB8202D2F8D410226EF0
:105B4000914202D1606E294698477CBDF8B5044663
:105B5000F0F3BAF000284FD0A56E6DB1D4F8CC3078
:105B600004EB8303D3F8D420236E9A4203D1606EF2
:105B7000A847054600E000252046F3F315F4002170
:105B800007462046F4F3C0F10121064600222046D4
:105B9000F0F3BAF04FF480110A462046F0F396F085
:105BA00040210A462046F0F3A5F04FF080710A46E6
:105BB0002046F0F38BF02046FFF790FF0F4B0121BA
:105BC000C6F804354FF4FC73C6F808350A4620467B
:105BD000F0F39AF020463946F4F396F1E36E5BB1A8
:105BE000D4F8CC2004EB8202D2F8D410226E914279
:105BF00002D1606E29469847F8BD00BFF2003940D7
:105C000001207047C36B44F2583293420DD004D840
:105C100044F25632934218D112E04AF62E229342B1
:105C200008D04AF62F2293420FD1C0F884334AF6A7
:105C3000322303E0C0F884334AF63123C36370474C
:105C4000C0F8843344F25433C363704738B541F22B
:105C5000E443044603630D4629B108460F49EAF3BD
:105C600047F1A06240B928460D49EAF341F1A0622C
:105C700010B94FF6FF73A3620A492846EAF338F1D8
:105C80000949E0622846EAF333F10849606328468F
:105C9000EAF32EF184F8550038BD00BF2D990200BB
:105CA0002399020064990200439902004E99020070
:105CB0007047000030B585B00190002404A840F87A
:105CC000044D01A90422E9F317F2019DB5B12B4659
:105CD000D3F88C2012B10022C3F88C200134043395
:105CE000102CF5D10398FEF797F90398FFF7D0FE33
:105CF000034B9D4202D02846EEF3AAF205B030BD18
:105D0000E46101000367D0F8CC3010B500EB8303E9
:105D1000029CD3F8D43044668166C266036610BD27
:105D200000238366C366036770478069C0F3C06061
:105D300070472DE9F84304461E46089D099FFAF76F
:105D400061FC00212046F4F3DFF080462046F3F3A7
:105D500033F30A28C8BFD8F82C306061C8BFA364E9
:105D60002228D8F80430C8BFD8F8AC20A361C8BF37
:105D7000E261DA001CD5222814DDE3695B0611D547
:105D80000022204640F62701F3F374F40146204632
:105D9000F4F3BAF0D0F80436002163622046F4F33D
:105DA000B3F002E0D8F80436636294F8243023623A
:105DB0004FF4E063A3604FF0FF33E36011232361EE
:105DC000A1464FF0000817E04146F4F39DF020464D
:105DD000F3F3E2F22046F3F3EFF21EB1D9F81431F7
:105DE0009E4203D0D9F88C309F4201D1C5F8008083
:105DF00008F1010809F10409D4F8D030204698458B
:105E0000E2D32968F4F380F00120BDE8F883F7B508
:105E1000002213460D4601210446E5F738FB002118
:105E2000282207460B4620460091F3F3C1F20646AE
:105E3000280709D0204601210622F3F367F6204601
:105E400002210622F3F362F615F0F00F04D020468B
:105E500000210222F3F35AF615F4706F0ED020469B
:105E600000210122F3F352F601210A462046F3F302
:105E70004DF6204602210122F3F348F601213B466C
:105E800020464FF0FF32E5F702FB20460021282292
:105E90004FF0FF330096F3F38BF2FEBD0020EAF3E0
:105EA00027B0000010B50C490446FFF7F7FF80B299
:105EB00088B9D4F880000849EAF31AF080B250B9E2
:105EC000D4F880000549EAF313F04FF6FF7380B26F
:105ED000002808BF184610BD6D9902007B9902008A
:105EE000436907B50A2B09DD003118BF0121009174
:105EF000242200210123F3F35BF201E04FF0FF3095
:105F00000EBD07B50021F8220B460091F3F350F2C5
:105F100000F00F000EBD00002DE9FF47DDF83080D6
:105F20009246DDF834900F464FF463720021044628
:105F30001E460E9DB8F1010F08BF4FF00008E9F3AF
:105F40005FF111232361C4F88860C4F85C90C4F841
:105F500058A0C4F80480B8F1000F40F0C580204676
:105F600041463A464B46FFF74BFE002800F0C08002
:105F70004FF0C0531A68130F02F47021236093B2DC
:105F800002F47002120D626444F25832090C93421A
:105F9000E36321640AD004D844F25632934208D114
:105FA00004E0A3F52A432E3B012B02D82046FFF73D
:105FB00029FE636C20460E3B012B8CBF002301237E
:105FC00084F84C304FF0C0513A46FAF793F9D4F8C0
:105FD000D030002B00F08A80002704AB43F8047D0A
:105FE0008DE8480020464FF0C0513A463B46FFF747
:105FF000A0FE00287CD02046FFF736FD0F9B0095C1
:106000000193204639463246A36DFDF7F3FF002881
:1060100070D105B12D683A4E20462946FFF716FE8D
:106020003278002A42D16369132B19DD4FF40061E5
:106030002046F3F35BF7334907462846E9F37CF73C
:1060400038B128462F49E9F353F7B0F1FF3F08BFB5
:1060500000200023BB650399F8652046F3F354F74D
:106060002046A16DFFF7BAFA2046A16DFFF71BFB92
:1060700028462549E9F33CF7024620B92046A16DA0
:10608000FFF792FB0246C4F88823A16D2046FFF774
:1060900089FA2046FFF75AFD2046A16DFFF7B4F8B4
:1060A0002046A16DFFF710FB012333702046F3F368
:1060B000E1F528461549E9F33FF738B11349284679
:1060C000E9F316F701462046FFF7A1FE28461049DE
:1060D000E9F332F778B128460D49E9F309F70146AB
:1060E0002046FFF7E5FD06E0002404E01C4602E040
:1060F000044600E03C46204604B0BDE8F08700BFFF
:10610000E06101003E9902005B9902007399020070
:10611000349902001FB50F4C02462378BBB910B961
:106120000346014601E00C4B191D00200090019030
:1061300002930391094844F210714FF0C053FFF7E6
:10614000EBFE28B1064B20221A600123237003487E
:1061500004B010BD7065010064620100E4610100DB
:10616000A00400002DE9FF4707464FF463708846FE
:1061700091469A460D9E0E9DEEF358F00446C8B126
:106180000C9B3946019342464B46CDF800A002963F
:106190000395FFF7C1FE074620B92046EEF358F0FD
:1061A0003C4607E006B13668C4F8806005B12D684A
:1061B000C4F88450204604B0BDE8F08770B50646A8
:1061C00086B04FF4BC70EEF331F00446E8B1002124
:1061D0004FF4BC72E9F314F00D4B266000930D4BA5
:1061E0000025019330680C490C4A2346029503951B
:1061F0000495059500F0D8FE30B94FF49663C4F8C5
:10620000603184F8640100E02C46204606B070BD81
:10621000A53881005D3D8100D8D288003CC5890049
:1062200010B5044650B1036805491868224600F0CD
:1062300060FE2046BDE81040EEF30AB010BD00BF7E
:106240003CC589002DE9F041054686B08020EDF37C
:10625000EDF70446002844D000218022E8F3D0F76F
:1062600004236360B4232560A381A046C5F8584782
:10627000274600260EE01C2202FB06423C61A8686D
:106280001B4910320023FAF36DF338621C370028E3
:106290002BD0013663689E42EDDB164B1649009306
:1062A0000023019302930393049305932868134AF0
:1062B000234600F079FEC0B913E0D8F8201031B1C0
:1062C00023689868FAF336F30023C8F820300135C4
:1062D00008F11C0863689D42EFDB2046EDF3B8F738
:1062E0000024204606B0BDE8F0810025F2E700BF9B
:1062F00049488100A94681007CD388007F3F8900FE
:1063000070B5044600281ED003680F49186822465D
:1063100000F0EFFD254600260DE0296A29B123682B
:106320009868FAF307F300232B62E86908B1EDF3EC
:106330008FF701361C3563689E42EEDB2046BDE8D0
:106340007040EDF385B770BD7F3F890010B50446FE
:10635000C06F08B1FFF764FFD4F8840008B107F0FC
:10636000C1FED4F8800008B1FFF7CAFFD4F8B0002E
:1063700008B100F013F9A06808B101F0E3F9204674
:10638000BDE81040EDF364B72DE9F04F07468DB03E
:10639000B8208A4690461D46179EEDF347F70446FF
:1063A000002800F0A0804FF0000B0021B822E8F395
:1063B00027F7266084F88CB03846FFF76BFA0BABF2
:1063C000C4F8A8B02A4601900693814641F2E44100
:1063D00020463346CDF800B0CDF808A0CDF80C80AB
:1063E0000494CDF814B001F05DFA0546002875D08C
:1063F000A06010F06FDA2B691021E3603C4B606005
:10640000A3643C4A3346276164643846E8F35EF788
:106410002B69D86FF2F356F749F6981398422B6917
:10642000D86F06D8F2F34EF708210346324A09A87E
:1064300005E0F2F347F7314A0346082109A8E8F3DB
:1064400045F7314609AA2E4B2E48E8F3FFF63246AF
:10645000002016992C4B8DE88001F8F7A9FB064621
:1064600000283BD16368012783F8787008210A4629
:10647000286930F0D5DA36213A46D5F89802EFF798
:1064800030FD2846FFF7DEFEC4F8800030B3284612
:1064900007F0F6FDC4F8840000B32846FFF78EFE2F
:1064A000E067D8B16368194983F8E070184B029629
:1064B0008DE848000396049605962868154A2346F9
:1064C00000F072FD50B9284600F032F8C4F8B00070
:1064D00020B111482146EDF3A9F120B120464946EB
:1064E000FFF734FF002420460DB0BDE8F08F00BF59
:1064F000BD888100DB550100E05501004D49890050
:106500004039010081990200FD8D81002CD5880061
:10651000198A810058FB8900F589810001207047A4
:10652000024B01221A70E3F763BA00BFFC030000BC
:1065300070B5064686B02020EDF37EF60446F0B135
:1065400000212022E8F35CF64FF4E153E3804B2373
:1065500023810A2363810E4B266000250093306857
:106560000C490D4A2346019502950395049505951E
:1065700000F01AFD30B93368012283F86321204608
:1065800006B070BD2046EDF363F62C46F7E700BF7A
:106590007D9A81008CD58800C04B890010B50446D7
:1065A00078B1FBF309F3236822461868054900F027
:1065B000A0FC2046EDF34CF6236800221B6883F80C
:1065C000632110BDC04B89000368D3F8D42041F289
:1065D0006B03116B99420BD1936AEF2B28D001D832
:1065E000D62B04E0F52B23D040F20F118B421FD0A5
:1065F000936A40F2C65293421AD040F274529342C8
:1066000016D0036A7F2210E0482283F8FD2006E0BE
:1066100002F0C002921102EB810183F8FD10036ABF
:1066200093F9FD20142A0BDC482283F8FD207047E3
:10663000036A93F8FD104AB2B2F1FF3FE8D1E3E7F5
:106640007047D0F8E81110B5044629B18068FAF314
:1066500071F10023C4F8E831D4F8001229B1A06820
:10666000FAF368F10023C4F80032D4F88434D3F884
:10667000301139B1A068FAF35DF1D4F88434002206
:10668000C3F83021D4F8501329B1A068FAF352F1BD
:106690000023C4F85033D4F8541529B1A068FAF394
:1066A00049F10023C4F85435D4F8F41529B1A06891
:1066B000FAF340F10023C4F8F435D4F8C41729B133
:1066C000A068FAF337F10023C4F8C43710BD10B541
:1066D0000446006807F0D8F8D4F8800620B106F028
:1066E00021F80023C4F88036D4F87C0620B106F0E7
:1066F00049FA0023C4F87C36D4F89C0120B108F094
:1067000089FE0023C4F89C31D4F88C0120B101F03B
:1067100025FE0023C4F88C31D4F8400120B102F0EA
:1067200069FF0023C4F84031D4F8540120B1FEF3CE
:10673000FFF30023C4F85431D4F8300120B102F043
:1067400019FC0023C4F83031D4F8340120B102F030
:10675000C1F90023C4F83431D4F8380120B102F073
:106760001BFB0023C4F83831204602F0D5FAD4F8D8
:106770004C0120B106F0BAFA0023C4F84C31D4F829
:10678000480120B108F078FD0023C4F84831D4F85E
:10679000440120B106F032F90023C4F84431D4F8A2
:1067A0005C0120B108F016FA0023C4F85C31D4F87B
:1067B0002C3113B10023C4F82C31D4F8600120B17E
:1067C00004F0B4F90023C4F86031204608F0AAFAB6
:1067D000204605F09FFFD4F8500120B105F0FAFFE4
:1067E0000023C4F85031D4F8700120B101F09EFCB0
:1067F0000023C4F87031D4F8780120B104F0A8FC6B
:106800000023C4F87831D4F87C0120B107F06CFE85
:106810000023C4F87C31D4F8740120B108F072FD73
:106820000023C4F87431D4F8840120B101F01CFCB9
:106830000023C4F88431D4F8880120B104F0E2FBCD
:106840000023C4F88831D4F8780420B107F0F4FCB0
:106850000023C4F87834D4F87C0420B107F02EFD6E
:106860000023C4F87C34D4F8800420B107F0C0FDC4
:106870000023C4F88034D4F8940120B108F0A2FEBB
:106880000023C4F89431D4F8640820B108F0F6FE6F
:106890000023C4F86438D4F8F80620B108F040F9B1
:1068A0000023C4F8F836D4F89C0620B104F0E2FEC8
:1068B0000023C4F89C36D4F8A00620B101F060FD96
:1068C0000023C4F8A036D4F8CC0620B104F0BAFEF8
:1068D0000023C4F8CC36D4F8D40620B104F0F4FC7C
:1068E0000023C4F8D436D4F8D00620B108F084FAD6
:1068F0000023C4F8D036D4F8600820B107F0D6FEE3
:106900000023C4F86038D4F8DC0620B107F0FEFBA1
:106910000023C4F8DC36D4F8BC0608B105F081FDCC
:10692000D4F8C00608B105F07CFDD4F8A00120B170
:1069300003F0F8FE0023C4F8A031D4F8F00620B12B
:1069400006F0C2F90023C4F8F036D4F8300720B1BD
:10695000EDF37EF40023C4F83037D4F8A40620B158
:1069600005F03AFD0023C4F8A436D4F8940620B10B
:1069700004F070FF0023C4F89436D4F8240120B149
:1069800008F06CF80023C4F82431D4F8280120B1B1
:1069900003F0A6FD0023C4F82831D4F8880420B100
:1069A00006F0A8FA0023C4F88834D4F8E80520B12A
:1069B00004F0D2FD0023C4F8E835D4F8380620B13D
:1069C000F9F7CEFF0023C4F838362046BDE8104062
:1069D00004F0D4BB70B5D0F88434056801220446B5
:1069E000A3F89020D5F8D8003C49E9F3A5F240B1CE
:1069F000D5F8D8003949D4F88464E9F379F2A6F8D7
:106A00009000D4F884346422A3F84A20D5F8D80042
:106A10003349E9F391F240B1D5F8D8003049D4F8C0
:106A20008464E9F365F2A6F84A00D4F88434642259
:106A3000A3F84C20D5F8D8002A49E9F37DF240B1FB
:106A4000D5F8D8002749D4F88464E9F351F2A6F8C0
:106A50004C00D4F884346422A3F89220D5F8D800EE
:106A60002149E9F369F240B1D5F8D8001E49D4F8BC
:106A70008464E9F33DF2A6F89200D4F8843401224C
:106A8000A3F89620D5F8D8001849E9F355F240B19B
:106A9000D5F8D8001549D4F88464E9F329F2A6F8AA
:106AA0009600D4F884340422A3F89E20D5F8D800A8
:106AB0000F49E9F341F240B1D5F8D8000C49D4F8B8
:106AC0008464E9F315F2A6F89E00D4F884346422B5
:106AD000A3F894200122A3F8982070BD079A020021
:106AE000239A0200E3990200749B0200CD990200F0
:106AF000B5990200F7B5036A044693F9FC00421CFD
:106B00002CD0236893F87C200A2A02D8FEF308F2DE
:106B100025E0D3F8D85014492846E9F3E9F11349A0
:106B20008DF804002846E9F3E3F111498DF80500DA
:106B30002846E9F3DDF100258DF806002E4601AF69
:106B40007857FEF3EDF176B2E8550135B042A8BFB3
:106B50000646032DF6B2F2D1304600E00820236A43
:106B600083F8FC00FEBD00BFF5990200FB9902000E
:106B7000019A02000368D0F8842470B5D3F8D85085
:106B80000323D371D0F8842404461372D0F88424EC
:106B9000444982F8AD30D0F88424284682F8AE30DB
:106BA000E9F3A6F140B220B928463F49E9F3A0F144
:106BB00040B2431E0E2B0CD80128D4F8842401D1F6
:106BC000002302E0022804D10123D371D4F88424E5
:106BD0001372D4F8843493F81C210AB10322DA71B9
:106BE00032492846266AE9F383F186F8FC002046FC
:106BF000FFF780FF2E492846266AE9F379F186F8E7
:106C0000FD002046FFF7E0FC236A93F8FD2083F89F
:106C1000FE20216841F26B02D1F8D430186B90420B
:106C200029D1226A92F9FC00082824DC9B6AD12B26
:106C300012D0E92B10D0902B0ED08B2B0CD08D2B9B
:106C400001D10D2315E0932B0AD1B1F87A301B0541
:106C50001B0DB3F5826F01DC18230AE01B2308E04B
:106C60008E2B01D1102304E0D62B01D0E42B02D1CE
:106C7000172382F8FC30236840F27452D3F8D430E2
:106C80009B6A934203D040F2C652934207D1236AD3
:106C900093F9FC20082A02DC172283F8FC2001204B
:106CA00070BD00BF579A02001F9A0200959B020018
:106CB000519A020010B504461C4980682246002300
:106CC000F9F350F6C4F8E80170B3A06818492246F9
:106CD0000023F9F347F6C4F8000228B3A068154969
:106CE00022460023F9F33EF6C4F85003E0B1A06851
:106CF000114922460023F9F335F6C4F8540598B13A
:106D0000A0680E4922460023F9F32CF6C4F8F405D6
:106D100050B10023A0680A492246F9F323F6C4F8CB
:106D2000C407003018BF012010BD00BF713D8200B4
:106D30005D01820075EF81001DFD8100CD3782006D
:106D4000A5CF810070B5FF220446012384F8732487
:106D500084F8DB2241F20101D4F884240026037672
:106D6000A4F858146420032184F8400584F876348C
:106D700084F87264D171D4F8842440F62A15117213
:106D8000A4F85A54A4F85C54A4F85E54A4F86054CF
:106D9000A4F86254A4F86454A4F86654A4F86E14D9
:106DA00040F62B150221A4F86854A4F870140725A6
:106DB0000421A4F86A54A4F86C14A4F82E06A4F8CC
:106DC000686384F82062A4F82C6684F8346284F83E
:106DD000236284F8216284F8F26484F8B06284F853
:106DE000276521684FF0FF3081F8533048632168F0
:106DF000204681F84130216881F84230216881F8CD
:106E0000D160216881F84360216884F80E6284F8BB
:106E10000F62C4F8506681F89430216881F8F5302B
:106E2000216881F8F430216881F89D30216881F86B
:106E30003431216881F86931216881F8286121683D
:106E400081F86161216881F86A612268966684F838
:106E5000643384F8653392F84F10890718BF82F8BD
:106E6000523003230125002284F8DC3184F8E43118
:106E70004FF44873A4F8343584F85065A4F84E25CF
:106E800084F8DC5505F096DD052384F82036236868
:106E900084F8206184F8585683F8115123684FF024
:106EA000FF31A4F87017A4F8541884F8736784F8B5
:106EB000A15784F8B05783F84251236883F84351AF
:106EC000236883F85C61236883F86451236883F83E
:106ED0006651236883F86B51236883F867512368F0
:106EE00083F86851236883F83B612368C3F83C61E9
:106EF00070BD2DE9F0470F469246002834D0046853
:106F0000002C35D04FF00008C14628E0D4F8C40268
:106F100039464044E8F300F2E8B9D4F8C8324FEA01
:106F2000890653F82930534515D1D4F8C432434467
:106F30005D6B013D5D63EDB9184629463822E8F3E3
:106F40005FF1D4F8C802294680190422E8F358F109
:106F50002846BDE8F08709F1010908F138082368DF
:106F600093F8B4309945D1DB6FF01D00BDE8F08790
:106F70006FF01D00BDE8F087F8B500250F460668E4
:106F80002C4608E0D6F8C40239464019E8F3C4F1AB
:106F9000383538B10134336893F8B4309C42F1DBB2
:106FA0006FF01D042046F8BD2DE9F0478A461146D2
:106FB000984691460468FFF7DFFF031E05DA236851
:106FC000002693F8B42035463BE0D4F8C822382098
:106FD00042F82380D4F8C42200FB0320436B013322
:106FE00043630020BDE8F087D4F8C43206F13801CD
:106FF0009F5D98191FBB49461F22E8F3D9F1D4F8C9
:10700000C4320C999E19089BC6F820A0B362099B54
:10701000384673620A9BF3620B9B3363D4F81837CC
:1070200043F8351003EBC5020D9B5360736B0133BE
:107030007363D4F8C83243F82580BDE8F087013582
:107040000E469542D0DB6FF01500BDE8F0872DE9C4
:10705000F04107680C4615469846D7F8CC02002642
:1070600004E003689C420BD0064600690028F8D172
:1070700011E0002303610EB1306101E0C7F8CC02DA
:10708000069B80E83001C3600020BDE8F0816FF00E
:107090001500BDE8F0811420EDF3C8F00028E8D118
:1070A000F5E7000013B5002304460093214600686D
:1070B000194AFFF7CCFF014658BBD4F888040322D5
:1070C000164B05F07FFF014618BBD4F88804022256
:1070D000134B05F077FF0146D8B9D4F88804052290
:1070E000104B05F06FFF014698B9D4F888040622CA
:1070F0000D4B05F067FF014658B9D4F88804082203
:107100000A4B05F05FFF002814BF4FF0FF3000204E
:1071100001E04FF0FF301CBDC9A381002DCC8100E0
:10712000B12C8200F92E8200FD4E000029FD810065
:10713000026810B5D2F8CC0200230EE00468A14228
:1071400009D101690BB1196101E0C2F8CC12EDF36C
:107150007FF0002010BD034600690028EED16FF0DB
:107160001D0010BD41F2E443984208D10023064AB5
:107170009A5A8A4205D00233B3F58C7FF7D10020AA
:1071800070470120704700BF5C9A02002DE9F04370
:10719000D0F854530021C82287B004462846E8F3AB
:1071A0002FF06423EB85032385F860300022012350
:1071B000D4F858014FF4805139F042D8FF280746DF
:1071C00005D1236A186919684DF094D90746236AD6
:1071D0006F860021A4F85674204607F46057B3F870
:1071E00008801E680CF008DBB7F5205F05F1380950
:1071F00008D0B7F5C05F07D0B7F5805F14BF0A2786
:10720000142702E0A02700E028270021FF238DE8B3
:107210000A00D4F88434029003971B794246049301
:10722000484633465BF07ADA236893F84F309A0782
:1072300003D0EB8843F02003EB8007B0BDE8F08378
:1072400082B010B514246143D0F8D4420393635044
:10725000059B60184360069B02618360049BC360CA
:10726000BDE8104002B0704730B503680446DB69E2
:1072700085B09A6D4068D4F83C16DB6DF9F738FBA1
:10728000C4F83806002800F0DE81204604F068F9D2
:10729000C4F8E805002800F0D981204605F04AFE30
:1072A000C4F88804002800F0D481204603F048F98F
:1072B000C4F82801002800F0CF81204607F098FB91
:1072C000C4F82401002800F0CA81204604F0D6FC4E
:1072D000C4F89406002800F0D181204605F08EF80D
:1072E000C4F8A406002800F0CC81204604F0F2FE89
:1072F000002840F0C981204604F04EFF002840F0ED
:10730000C381204604F076FF002840F0BD8120466E
:1073100004F0D4FF002840F0B781204605F00AF8B9
:10732000002840F0B181204605F020F805460028ED
:1073300040F0AA810321D4F8A4060A4605F054F9C6
:10734000C4F8BC06002800F0A281D4F8A4060221EB
:107350002A4605F049F9C4F8C006002800F09A81D1
:107360002946C04AC04B20460095019407F084FB93
:10737000BE4B1A1D07CA1B688DE80700082122466C
:107380002046FFF75DFF206806F062FA204606F00F
:1073900065FFC4F87804002800F07F81204606F0DD
:1073A000A7FFC4F87C04002800F07981204607F08C
:1073B00035F8C4F88004002800F07381204601F0FD
:1073C00063FEC4F81805002800F06D81A84B204624
:1073D000C4F8543101F0E8FDC4F83001002800F091
:1073E0006481204601F0A0FBC4F83401002800F0BD
:1073F0005E81204601F000FDC4F83801002800F04D
:107400005881204601F092FC002840F0558120462A
:1074100007F092FBC4F85C01002800F05081204680
:1074200007F06CF9C4F86008002800F04A81206871
:107430002146A2688F4B03F0CBFEC4F898020028C7
:1074400000F04181204603F0BBFBC4F86001002836
:1074500000F03B81884B2046C4F82C3105F000FB3E
:10746000C4F84401002800F03281204607F01EFFD6
:10747000C4F84801002800F02C81204605F074FC77
:10748000C4F84C01002800F02781204602F0D6F80D
:10749000C4F84001002800F021812368012283F80C
:1074A000A120204604F0EAF8C4F89C06002800F069
:1074B0001781204607F09EFB002840F013812046EC
:1074C00005F0E4F9C4F85001002800F00D812046D1
:1074D00005F004F9002840F00981204600F03CFE48
:1074E000C4F87001002800F00381204603F09AFDE3
:1074F000C4F87801002800F0FD80204607F010F85D
:10750000C4F87C01002800F0F880204607F010FF46
:10751000C4F87401002800F0F380204600F0BAFDA2
:10752000C4F88401002800F0ED80204603F034FD0B
:10753000C4F88801002800F0E780204607F0BEFF6D
:10754000C4F89401002800F0E180204600F06AFEB3
:10755000C4F88C01002800F0DB80204607F070FFA3
:10756000C4F89C01002800F0D580204669F094DE24
:1075700060B1204608F036F8C4F86408002800F02E
:10758000C9802368012283F8322102E0236883F84E
:107590003201204607F08EFAC4F8F806002800F001
:1075A000BB80204605F002FBC4F87C06002800F0F2
:1075B000B580204605F0C4F8C4F88006002800F025
:1075C000AF80204607F03EFCC4F8D006002800F04B
:1075D000A9802368012283F8A320204600F0E2FE60
:1075E000C4F8A006002800F09F80204603F0D4FFD6
:1075F000C4F8CC06002800F09980204603F08AFEEB
:10760000C4F8D406002800F09380204606F08EFDD2
:10761000C4F8DC06002800F08D80236893F86931F7
:107620003BB1204603F09CF8C4F8A001002800F00C
:107630008380204605F022FBC4F8F00600280CBF2A
:107640007620002079E04FF4967076E040F22D101D
:1076500073E04FF4977070E040F22F106DE04FF43C
:1076600098706AE019348200E5338200389A02008B
:10767000EFBEADDE41FF8100EFBEAD0D40F2311037
:107680005BE04FF4997058E040F2411055E040F251
:10769000471052E04FF4A4704FE024204DE0252025
:1076A0004BE0262049E02A2047E0312045E0322007
:1076B00043E040F2F51040E04FF4FB703DE0352030
:1076C0003BE0BD2039E0392037E03C2035E03E206A
:1076D00033E040F26D2030E03F202EE043202CE0EC
:1076E0006A202AE0472028E0492026E0482024E0BC
:1076F0004A2022E040F2E5201FE040F2E6201CE0B4
:107700004B201AE05A2018E05B2016E05E2014E0BF
:107710005F2012E0632010E065200EE008480CE0D6
:1077200067200AE06C2008E06E2006E06F2004E08D
:10773000702002E0722000E0732005B030BD00BF71
:1077400050464D00F8B50446002800F0A6800FF022
:1077500099D9D4F8F415D0F1010638BF002621B12B
:10776000A068F9F37BF000B901362046D4F82C1359
:1077700005F00CDF2046D4F8DC1405F007DF2046C6
:10778000D4F8341305F002DFD4F8400308B1ECF369
:107790005FF5D4F8980220B103F070FD0023C4F81F
:1077A0009832276AB96911B1204661F09BD800254B
:1077B000BD61D4F86432595911B1204632F098DADB
:1077C0000435202DF5D1D4F8580103F0B3FA204642
:1077D000FEF737FFD4F8180520B101F031FC002383
:1077E000C4F818352046FEF772FF204602F042FA30
:1077F00023688619D3F8D41031B1606802F035FAE5
:1078000023680022C3F8D4202368D3F8D80028B115
:10781000ECF31EF523680022C3F8D820D4F8D05228
:1078200004E02846EF68ECF313F53D46002DF8D14F
:107830002146C4F8D0522068FFF77AFC2068184926
:107840002246FFF756FBD4F8640118B107F09EF802
:10785000C4F86451D4F89C0220B1ECF3F9F400238D
:10786000C4F89C32D4F8F80448B1ECF3F1F40023E6
:10787000C4F8F83403E02046616815F037D8D4F82E
:107880009422002AF7D104F5C6600C30F8F7B2FF55
:107890002046616801F08AF800E006463046F8BDEF
:1078A000DD5601002DE9F04F91B0002491461B9E5A
:1078B0009DF868200790DDF878B020460991984639
:1078C0000892DDF880A00C940D940E94E3F792FBDF
:1078D000484631461C9A1D9BCDF800B00CF031F89B
:1078E000054608B1012376E3FEF71AFE0DAB0193BE
:1078F0000EAB0293484631461C9A1D9BCDF800B052
:1079000002F0AEF9074618B901230C93044688E348
:107910000D9848B1AA49E8F30FF328B129462A4641
:10792000E8F3A6F01FFA80F91F9B3046009341460A
:107930000CAA4B4601F06CF80446002800F089833D
:1079400005680E9A46600D9BC5F8DC20D0F88424AB
:10795000FF21C5F8D470C5F8D83082F86010426AAB
:107960000023C261079A0D938260964AC5F80C8085
:10797000C5F8A4206E610E93012280F84226D0F84B
:10798000E022C0F8A4B163F31722C0F8E022089AFD
:10799000414685F8212080F8CF31032380F8413516
:1079A000FFF7D0F9236804F5C662DB696068196ED9
:1079B0000C32F8F7E2FE0746002840F032832046FA
:1079C000394605F007D8204607993246434606F067
:1079D00045FFC4F8640108B90F23FCE27A4B28463E
:1079E0008DE88800794B7A4904937A4B7A4A05935B
:1079F000234602970397FFF7D7FA08B11023EAE26C
:107A0000089B1C9A8DE848001D9B02920393204618
:107A100009994A464346CDF810B002F01DFA0C9081
:107A2000002840F0FE822369D86FFEF76AFAA4F8B6
:107A30004006B4F8AA010DF0CFD9003018BF0120DC
:107A40000A3054F820300AA9236220692FF0FCDFA5
:107A500000283DD10A9B0746C4F8B03139460FAA29
:107A6000204604F0ADDC39462046BDF83C20013705
:107A700004F0AADC062FF1D14FF44073C5F8E830CA
:107A80002A23C5F8B8303223C5F8BC3036234FF46A
:107A90007D62C5F8C43040F2D453A5F8CA20A5F8D9
:107AA000C0304FF45D72002385F8B670A5F8C82089
:107AB00084F89437D5F8B830842B02D98423C5F8DC
:107AC000B8304FF40470ECF3B1F3C4F89C0208B979
:107AD000142380E24FF404720021E7F391F322466D
:107AE0000023D2F8A002D4F89C12043241F82300FB
:107AF000D4F89C1251F823108B710133042BF0D170
:107B0000012385F89330236A1869EEF7A1FF00F08E
:107B1000010085F85400236A1869EEF799FFC0F355
:107B2000C00085F855002946204607F0EDF92B499D
:107B3000D5F8D800E8F3DCF1D5F8D42040F26E5146
:107B4000936A07468B4208D0126B41F26B018A425E
:107B50005AD1D12B01D0E92B12D1D4F88434192277
:107B600083F84920D4F884344FF0FF325A646422F9
:107B700083F87A20D4F88434012283F8302059E045
:107B8000B3F5897F11D8B3F5887F32D8F52B07D8A4
:107B9000F42B2ED2E42B2CD0EF2B2AD0D62B27E09F
:107BA000A3F58773012B45D823E0B3F59A7F17D24D
:107BB000B3F5987F1DD840F21712934218E000BF2A
:107BC000839B020000315F0701638200EC560100D5
:107BD00008D68800514F0000DD560100899B020045
:107BE000B3F59A7F26D9B3F59B7F02D9B3F5A57F6C
:107BF00020D1D4F88434322283F87A20D4F8843423
:107C0000642283F8492010E041F2E4418A4211D114
:107C100040F2DA5293420DD1D4F88424642382F8DE
:107C20007A30D4F8842482F84930D4F884344FF080
:107C3000FF325A642046FEF7CDFED4F88434192270
:107C4000A3F8AA20204607F07FF8D4F88434226AEB
:107C500019781069DA784EF0D1D8D4F878364FF028
:107C6000010983F83490E1692069043103F0D7FDFC
:107C7000236AD4F884B418694EF0D8D9CBF8400000
:107C800004F5E47B206959462EF064DF0622281DA6
:107C90005946E7F331F2B4F8AA010DF09DD800304F
:107CA00018BF01200A3054F8203020462362FEF726
:107CB00061FF08B918238EE1216A0F2340F2FF32D9
:107CC000A1F80031A1F8022101F1F80301F1F40259
:107CD000204601F01BFC236AD3F8F420C3F8F020FF
:107CE000C3F8E820D3F8F820C3F8EC201A68022A79
:107CF00008BF83F8159007F00103002B0CBF032386
:107D0000002385F84F30236A1869EEF7A1FE10F4BE
:107D10000060236806D093F84F2002B1012283F857
:107D2000512001E083F85100216A20461C3106F001
:107D30006DDA00212046D4F820900BF05DDD0022A2
:107D40007F2309F1500100930190134609F11C00B3
:107D50005AF020DD204664F02FDF40F2CC63C4F8F7
:107D600028362046FFF780FA0C90002840F0598111
:107D7000D4F8800402219DF92C2059F0F9DD204629
:107D80004146FEF797FF10B94FF47A7323E120467E
:107D900002F0F4FFC4F8580110B940F2E9331AE1D7
:107DA0002046FFF7F3F92046314614F07FDD10B985
:107DB00040F2EB330FE1C4F8BC05C4F8C00531460E
:107DC000204614F073DD10B94FF47B7303E10123F7
:107DD000C4F8C40585F8A830204602F045FC10B16F
:107DE00040F2ED33F7E00623A5F86030A5F86230E5
:107DF00095F89C30012B04D14022A5F86020A5F80D
:107E00006220D5F888300A221A804FF454725A80C2
:107E1000D5F88C300126C4221E805A80D4F8300157
:107E20001FF0C8DD08B184F80E62B4F8E13243F403
:107E3000C05343F01E03A4F8E132236A1869EEF739
:107E400007FEC10607D5D4F8843401229A74D4F809
:107E50008434FF22DA74B4F8E1224FF2FF73134046
:107E6000D4F88424A4F8E132D278012A07D123F48B
:107E7000006323F00C031B041B0CA4F8E132FF2663
:107E80000221012284F8E06284F8DF6284F8DE6275
:107E9000204603F0BDDB01213246204603F0B8DB6B
:107EA000236A4FF0FF38C4F814821869EEF7D0FD4A
:107EB00010F00406204605D00321FEF3C3F684F833
:107EC0001C8204E03146FEF3BDF684F81C62236A8E
:107ED0001869EEF7BDFD3A0702D5002384F81C327D
:107EE000FB0603D520460021FEF3ACF6BE070ED5F7
:107EF000A26A002382F84D30E26A82F84D30B4F86D
:107F0000E13223F080031B041B0CA4F8E132780754
:107F100003D52046002164F0D5DF390607D5B4F833
:107F2000E13223F010031B041B0CA4F8E13295F896
:107F30004130A3B195F842308BB117F0600F0ED0ED
:107F400007F02001D1F1010107F0400238BF002104
:107F5000D2F10102204638BF002200F00FFFB4F832
:107F6000AA010CF039DF003018BF012000F10A0629
:107F700054F82670D4F868122046384A3B4660F020
:107F80006FDCB86154F82610886910B940F24C4390
:107F900021E0503128223C30E7F3AEF01420ECF31E
:107FA0004BF1C4F8300710B940F24D4313E0AB6D0C
:107FB000204643F00403AB650EF078DD2046FFF762
:107FC00071F810B14FF4FA6305E0204603F0DEF8D3
:107FD00018B140F2D1730C9323E023682049D3F801
:107FE000D800E7F3A9F770B10346184613F8012B40
:107FF0001AB11C498A5C5207F7D500210A22E7F31F
:1080000037F5C4F88406A0680021F8F3A7F401232B
:1080100084F8A837BAF1000F17D00023CAF800304F
:1080200013E00D9820B1ECF313F100230D930E93A0
:1080300014B12046FFF786FBBAF1000F04D00C9B69
:108040000024CAF8003000E05446204611B0BDE8D4
:10805000F08F3046394601F008FEE2E71057010084
:10806000489A02000AA0880038B5044670B1056835
:1080700021462868FFF75CF8286805492246FEF784
:1080800038FF2046BDE83840ECF3E2B038BD00BF11
:108090001657010070B5066A8EB005463820ECF31D
:1080A000CBF0044600282FD01B4B05600093002323
:1080B0000193029303930493059328681749184A80
:1080C0002346FEF771FFF8B9164B21460093286846
:1080D000154A0223FEF7BBFF0546A8B929461C2214
:1080E00004F10B00E7F38CF03069316807AA4CF01B
:1080F00025DA234607AAD97AAA5C01350A43DA723F
:1081000001331C2DF6D103E02046FFF7ADFF00241C
:1081100020460EB070BD00BFC54F830084E18800CB
:108120001657010074E188007D4F830038B504467E
:1081300070B1056821462868FEF7FAFF28680549EE
:108140002246FEF7D6FE2046BDE83840ECF380B06C
:1081500038BD00BF1A57010030B5054687B00C2066
:10816000ECF36AF0044600283FD0002305600121AB
:1081700000930190204A2846204B02F037FA00284D
:10818000606032DB1E4BD5F894068DE8180005219F
:1081900021221C4B03F0F2FB38BB1B4BD5F8940695
:1081A0008DE8180005212422184B03F0E7FBE0B905
:1081B000174B01900093029003900490059015498D
:1081C0002868154A2346FEF7EFFE70B9134B28685E
:1081D00000932146124A0323FEF739FF28B92A6883
:1081E0000123A36082F8A93003E02046FFF79EFF39
:1081F0000024204607B030BD7954830075548300B5
:10820000C15583007D548300915683009D548300A3
:108210004D558300C0E188001A570100A8E188008D
:10822000D154830030B5054687B000286DD00820B2
:10823000ECF302F00446002868D000230560142106
:1082400000930190354A2846354B02F0CFF90028BB
:1082500060605EDB334B4FF498718DE818006B2241
:10826000D5F89406304B03F089FB002851D12F4BF1
:1082700005218DE818006B22D5F894062C4B03F0ED
:108280007DFB002845D12B4B4FF490718DE81800F1
:108290006C22D5F89406284B03F070FB002838D1E7
:1082A000264B4FF490718DE818006F22D5F8940694
:1082B000234B03F063FB00282BD1224B0A218DE8CE
:1082C00018006E22D5F894061F4B03F057FB0028C8
:1082D0001FD10095D5F894060A216E221B4B03F09E
:1082E00003FEB0B91A4B01900093029003900490E2
:1082F000059028681749184A2346FEF755FE40B9ED
:108300002B68012283F8AC2000E00446204607B029
:1083100030BD2046EBF39CF70024F7E7215C830097
:10832000015C8300395E8300555C8300195E830025
:10833000355C8300595E8300815C8300C55E8300E9
:10834000C15C8300F15E8300ED5C8300E15B830030
:10835000195D8300D8E188001E57010010B504465E
:1083600050B10368054918682246FEF7C2FD204651
:10837000BDE81040EBF36CB710BD00BF1E57010005
:1083800010B5044650B10368054918682246FEF747
:10839000B0FD2046BDE81040EBF35AB710BD00BF5A
:1083A000999B020070B5054686B00820EBF33EF7B6
:1083B0000446002800F0B9805F4B05604FF49071CF
:1083C000009301903022D5F894065C4B03F0D6FA66
:1083D000002840F0AA805A4BD5F894068DE8180082
:1083E0004FF49071F422574B03F0C8FA002840F084
:1083F0009C80554BD5F894068DE818000A21F4228C
:10840000504B03F0BBFA002840F08F804F4BD5F85B
:1084100094068DE818004FF49071A0224C4B03F0A5
:1084200039FB002840F081804A4BD5F894068DE84E
:10843000180005213022484B03F0A0FA002874D11F
:10844000464BD5F894068DE818000521F422444BDC
:1084500003F094FA002868D1424BD5F894068DE8D1
:1084600018000521A022404B03F014FB00285CD12A
:10847000D5F89406052130223C4B009403F034FDDE
:10848000002852D1D5F894060521F422384B0094E7
:1084900003F02AFD002848D1D5F894060521A02232
:1084A000344B009403F0A6FD00283ED1D5F8940685
:1084B000C0213022304B009403F016FD002834D147
:1084C000D5F89406C021A0222C4B009403F092FD15
:1084D00058BBD5F89406C021F422294B009403F030
:1084E00003FD10BBD5F894060A21F422254B009415
:1084F00003F0FAFC0646C0B98DE8110001212846B8
:10850000214A224B02F072F8002860600DDB204BFC
:1085100028688DE848001F491F4A234602960396A3
:1085200004960596FEF740FD18B12046FFF728FF98
:108530000024204606B070BD596383002163830088
:108540003BA10000D59C0000E5A000006D63830006
:108550003D638300996283002161830077A000005E
:1085600031A00000E962830071618300A96183008A
:108570000D9D00001D6283003D66830055668300EB
:108580005D9C00008F9C00008563830081638300F5
:10859000B964830038E28800999B020020234021BF
:1085A00080E80A00C0F8B010C16218214FF4F062F0
:1085B0008163016401651D212DE9F04182600B2575
:1085C0001022C16505210A24C260456185614262AD
:1085D0000425C0F8B820016680224FF4F0714FF4F2
:1085E00080660461C4618562012409254FF0140C82
:1085F00042631127082281664FF027080321C0F843
:10860000B43004624466C46443658567C0F830C012
:10861000C2638765C66606674167C0F87C80C0F89C
:10862000A440B024C0F8C0404824C0F8C44060242E
:10863000C0F88450C0F88850C0F8C84002253024E3
:10864000C0F8E030C0F8F030D3234FF01208C0F883
:108650008C50C0F89050C0F89C50C0F8A050C0F8A2
:10866000CC404FF4FA650624C0F8F4300023C0F87B
:108670008080C0F894C0C0F89810C0F8A810C0F866
:10868000AC20C0F80021C0F80421C0F8D040C0F8E8
:10869000D470C0F8D850C0F8DC20C0F8E840C0F86A
:1086A000E460C0F8FC30C0F8F810BDE8F0810120AB
:1086B0007047704738B50446D0F82C0320B1EBF36F
:1086C000C7F50023C4F82C33D4F8340320B1EBF3FE
:1086D000BFF50023C4F83433D4F8180730B1236849
:1086E00023B1EBF3B5F50023C4F81837D4F8C4026E
:1086F00018B123680BB1EBF3ABF5D4F8C802002531
:10870000C4F8C45228B123681BB1EBF3A1F5C4F837
:10871000C852D4F8640208B1EBF39AF5D4F85403C4
:108720000025C4F8645218B1EBF392F5C4F8545321
:10873000D4F8140320B1EBF38BF50023C4F8143301
:10874000D4F8D40208B1EBF383F500256319D3F80C
:10875000A032D3F8E00008B1EBF37AF50435102D20
:10876000F4D1D4F8A00208B1EBF372F5D4F8840484
:1087700020B1EBF36DF50023C4F88434D4F8DC04A5
:1087800020B1EBF365F50023C4F8DC34D4F82805F8
:1087900020B1EBF35DF50023C4F8283538BD10B5E2
:1087A0000C46D1B1C86918B1EBF352F50023E3616F
:1087B000D4F8880020B1EBF34BF50023C4F88830DF
:1087C000D4F88C0020B1EBF343F50023C4F88C30CF
:1087D0002046BDE81040EBF33BB510BD70B5044634
:1087E0004FF4B8701646EBF327F50546A8B14FF4E1
:1087F0008470EBF321F5E86178B13146FFF7CEFEE6
:108800004FF45470EBF318F5C5F8880028B1C42074
:10881000EBF312F5C5F88C0020B929462046FFF786
:10882000BEFF0025284670BD2DE9F0411D460026FB
:108830000368C0F8C46293F8B43004463820584343
:10884000EBF3FAF4C4F8C402002855D0236893F877
:10885000B4008000EBF3F0F4C4F8C80210B940F2A1
:10886000F53394E04FF40070EBF3E6F4C4F8180726
:10887000002800F09580C4F864622020EBF3DCF45B
:10888000C4F8640210B94FF47E7380E0C820EBF3A3
:10889000D3F4C4F8540310B940F2F23377E04FF444
:1088A000B870EBF3C9F4C4F8840410B940F2F9339A
:1088B0006DE08020666AEBF3BFF4B06210B940F25D
:1088C000034364E04FF48470EBF3B6F4C4F82C0374
:1088D00010B940F2EF335AE04FF48470EBF3ACF48C
:1088E000C4F8340310B94FF47C7350E01220EBF35A
:1088F000A3F4C4F8140310B94FF47D7347E0B42017
:10890000EBF39AF4C4F8D40210B940F2F6333EE027
:108910004FF46470EBF390F4C4F8A002F0B100F1EE
:10892000E403C4F8A43200F5E47300F52B70C4F836
:10893000A832C4F8AC02264604F110072368D6F822
:10894000A082DB69D3F8D4004001EBF375F4C8F8DA
:10895000E000D6F8A032D3F8E00010B940F2F733C7
:1089600015E00436BE42E9D14FF48470EBF364F4B1
:10897000C4F8DC0410B940F2FB3308E04FF4867011
:10898000EBF35AF4C4F8280520B940F2FF332B600A
:10899000BDE8F0813820EBF34FF4C4F8780610B945
:1089A0004FF48163F3E70120BDE8F08138B50D464F
:1089B000044600282BD0FFF77CFE20462946FFF70F
:1089C00079FEA06A08B1EBF343F4636A5BB1986A7D
:1089D00020B1EBF33DF4636A00229A62606AEBF324
:1089E00037F400236362D4F8780620B1EBF330F457
:1089F0000023C4F87836216821B12846FFF7CFFE5E
:108A0000002323602046BDE83840EBF321B438BD95
:108A10002DE9F341064640F67400884615461F4688
:108A2000EBF30AF4044610B940F2EA3310E02623CF
:108A3000C0F8E035C0F8E435089B4146C0F81C3763
:108A40003A463046FFF7CAFE206018B940F2EB33D1
:108A50002B602DE040231A4A80F8B4302368126856
:108A60000460C3F898204FF40870EBF3E5F3A062BC
:108A700040B100F58870E0622C20EBF3DDF360621A
:108A800030B902E040F2F233E2E740F2F333DFE7DD
:108A90002046314642462B460097FFF7C5FE38B1C7
:108AA0002046314642462B460097FFF700FE20B98C
:108AB00020463146FFF77AFF00242046BDE8FC81BE
:108AC0004404000003680B22DB69C3F8BC205A6130
:108AD0009A61704710B50446F8B1D0F8500208B159
:108AE000EBF3B6F3D4F8E80220B1EBF3B1F30023D3
:108AF000C4F8E832D4F8FC0320B1EBF3A9F3002367
:108B0000C4F8FC332368054918682246FEF7F1F9DA
:108B10002046BDE81040EBF39BB310BD6E7D89008D
:108B200080F8C01370470000F0B587B00546FFF726
:108B3000C9FF4FF48160EBF379F30446002800F09D
:108B4000D48000214FF481624026E6F359F325607A
:108B500084F8E163BC20EBF369F3C4F85002002809
:108B600000F0BA800021BC22E6F34AF30123A3728D
:108B70006373A373E373A37494F8E13300223F2B70
:108B8000E67498BFE374FF2384F828300B23227423
:108B900062742273E2720521022284F8DE3300231C
:108BA00084F8271084F82D2041F2285084F82C30C6
:108BB0006085286890F89C00217501280CBF012071
:108BC000104684F82E00012084F8C0034FF40060A2
:108BD000A2756063224621460520D0750220D07719
:108BE00023B94FF48070A4F8E40302E02020A1F838
:108BF000E403013301320231082BEDD100260127B5
:108C0000204641F2285184F82F6084F8307018F023
:108C1000D1DA0221204685F8DA721AF011DE84F8E2
:108C2000D86304212846324A324B0096019401F061
:108C3000DDFCB042C4F800044EDB042128462E4A75
:108C40002E4B0096019405F017FFB042606043DBA5
:108C50004FF43E70EBF3EAF2C4F8E80200283BD090
:108C600031464FF43E72E6F3CBF21020EBF3E4F220
:108C7000C4F8FC0300282FD0214B28680093214B17
:108C800021490193214B224A0393234602960496DD
:108C90000596FEF789F9F8B91E4B84F854721A1D2F
:108CA00007CA8DE8070022461B6828460721FEF701
:108CB000C7FAFF2384F8DD332B68204693F8411070
:108CC0001BF03CDDC823C4F8EC3220461BF04AD828
:108CD000202384F8E23308E0D4F8500208B1EBF323
:108CE000B7F22046EBF3B4F20024204607B0F0BD03
:108CF00001918300E5908300A1918300819183001D
:108D00006199830099B783005CE2880015AA83000B
:108D10006E7D8900A09B0200024618B100680249DE
:108D2000FEF7E7B8704700BF5D89890010B50446BB
:108D300086B00E490E4A234600680AF0F1D90D4B61
:108D400020680093002301930293039304930593F7
:108D50000949064A2346FEF727F920B12046FFF7C6
:108D6000DBFF4FF0FF3006B010BD00BF5D8989000A
:108D700021CF830015CE83004CE3880038B504462C
:108D8000D0F834011546FFF7CBFED4F83801294658
:108D9000BDE8384000F02CB810B50446002824D0B7
:108DA000416969B190F829301BB103689868F7F3FD
:108DB00055F5236861699868F7F3BCF50023636192
:108DC000A06908B1EBF344F2E06918B1EBF340F2AB
:108DD0000023E3612368054918682246FEF789F8F5
:108DE0002046BDE81040EBF333B210BD7686890013
:108DF00080F828107047000070B5054686B0342012
:108E0000EBF314F20446002800F092800021342293
:108E1000E6F3F6F14023256084F82A305020EBF386
:108E200005F2A06100287BD000215022E6F3E8F192
:108E3000012384F8203084F8213084F8223084F82B
:108E4000233084F8243084F8253084F8263084F8E0
:108E5000273023721023637294F82A300F2B98BFA7
:108E600063722B6A00261869EDF7F2FD4FF47A73EE
:108E7000E381C823238200F01000012300280CBFE7
:108E80000520072084F8283003232073E37220464E
:108E9000A6721DF0FDDC04212846274A274B0096C8
:108EA000019401F0A3FBB042206339DB0421284682
:108EB000234A244B0096019405F0DEFDB042606029
:108EC0002EDBA868204922463346F7F34BF5606154
:108ED00030B34FF4BA70EBF3A9F1E06100B331465F
:108EE0004FF4BA72E6F38CF1184B28680093184BD4
:108EF00018490193184B194A0393194B029604938E
:108F0000184B05932346FEF74FF8064640B92B68E9
:108F1000204693F842101DF06DDC84F8296007E0CC
:108F2000A06908B1EBF394F12046EBF391F1002432
:108F3000204606B070BD00BF05DF8300EDDE830074
:108F400061DF830041DF830071E28300DDDF8300A6
:108F500045E5830088E3880029E18300768689005F
:108F60004457010025A300000023037440F6FB636F
:108F7000C381704710B5044690B11EF025D96068D2
:108F800008492246FDF7B5FFE06E08B1EBF360F14A
:108F9000206EEBF35DF12046BDE81040EBF358B1D5
:108FA00010BD00BF6E88890030B5054687B07020BF
:108FB000EBF33CF10446002834D000217022E6F3A4
:108FC0001FF12B68256063601820EBF32FF12066FA
:108FD00020B300211822E6F313F16420EBF326F10D
:108FE000E066D8B100216422E6F30AF10F4A104B83
:108FF0000292104A00930023019303920493059375
:1090000060680D490D4A2346FDF7CEFF30B90123B4
:109010006382A3822046FFF7A7FF03E02046FFF705
:10902000A9FF0024204607B030BD00BFDDF183005A
:1090300095EE830075F08300DCE388006E8889007C
:1090400070B50446E8B18569C669284600F016F98E
:10905000616C41B1A868F7F301F4A868616CF7F39B
:1090600069F400236364224630460649FDF741FF58
:1090700028682146FEF75CF82046BDE87040EBF317
:10908000E7B070BD826A89002DE9F0433C234FF0C0
:1090900005090A27D0F80080C0F80435C0F8089503
:1090A000C0F8107587B00446A020EBF3BFF005466A
:1090B000002800F0B1800021A0220026E6F3A0F0F5
:1090C0002E70AC61C5F81C80284620F0AFDF04216B
:1090D000A862554A204633460096019501F086FA6B
:1090E000B042A866C0F29880204600F0E1F806463B
:1090F000002840F09180A0684C492A463346F7F397
:1091000031F46864002800F08780494B40460093A2
:10911000484B49490193494B494A02932B460396D0
:1091200004960596FDF740FF0346002874D1009091
:1091300029462068434AFDF78AFF014600286BD183
:10914000D4F888040122404B03F03CFF002863D18F
:109150003E4BD4F894068DE81800394601223C4B6A
:1091600002F00CFC002857D13A4B32228DE818004F
:10917000D4F894063946384B02F000FC0246002829
:109180004AD1D4F894064946344B009402F0ACFE20
:10919000002841D1D4F8940649460122304B00946E
:1091A00002F0A2FE002837D1D4F8940649463222B4
:1091B0002C4B009402F098FE70BBD4F894064946FC
:1091C000A422294B009402F015FF28BBD4F8940682
:1091D00049463022254B009402F086FEE0B9D4F8CF
:1091E0009406C0212D22224B009402F07DFE98B9F6
:1091F000D4F8940690212D221E4B009402F0D6FC48
:1092000050B9D8F8D8001C49E6F372F64FF47A73D7
:1092100090FBF3F36B8103E02846FFF711FF002575
:10922000284607B0BDE8F08301FD8300DD16840009
:1092300009FD8300AD0F8400A8E488008911840033
:10924000826A890065068400F9078400F5138400AA
:10925000A5118400D9138400951184009112840013
:10926000C912840055128400791384000D13840000
:10927000A9148400A51484006885890038B5D0F845
:109280001455044675B10849024660F0B5D907493E
:1092900022462068FDF72DFE2846EAF3D9F7002381
:1092A000C4F8143538BD00BF113984006657010079
:1092B000F0B5044687B04FF40A60EAF3B7F7054605
:1092C00020B9C4F814054FF0FF3005E100214FF438
:1092D0000A62E5F395F7226805F120032B6000266A
:1092E00008236B612E61F821D36520467B4A7C4BB5
:1092F0000096019405F0C0FBB042A86105DA204653
:10930000FFF7BCFF6FF00100E6E0764B002243F868
:10931000042BF2071FD5744901270A780D2A07FA92
:1093200002FE03DCD21917FA02F001E04FF400400C
:10933000CA78012111FA02F70D2A47EA0E0747EA17
:10934000000003DC521811FA02F201E04FF400426F
:10935000024343F8042CB00723D5634901274A7818
:1093600053F804EC0D2A07FA02FC03DCD21917FAB1
:1093700002F001E04FF400408A78012111FA02F76F
:109380000D2A47EA0C0747EA000003DC521811FADD
:1093900002F201E04FF40042024342EA0E0243F8B7
:1093A000042C710723D5504901270A7953F804EC9E
:1093B0000D2A07FA02FC03DCD21917FA02F001E0C9
:1093C0004FF400404A79012111FA02F70D2A47EAC9
:1093D0000C0747EA000003DC521811FA02F201E020
:1093E0004FF40042024342EA0E0243F8042C3207D3
:1093F00023D53D4901278A7953F804EC0D2A07FA51
:1094000002FC03DCD21917FA02F001E04FF400402D
:10941000CA79012111FA02F70D2A47EA0C0747EA37
:10942000000003DC521811FA02F201E04FF400428E
:10943000024342EA0E0243F8042C0136102E7FF458
:1094400065AF2A4B002103932068294A23460091E7
:109450000191029104910591FDF7A6FD70BB0121D8
:10946000D4F888040A46234B03F0ACFD48BBD4F87B
:10947000880401210222204B03F0A4FD20BB1F4BD6
:10948000D4F894068DE81800802105221C4B02F0C8
:10949000F3F9E0B91B4B1A1D07CA8DE807002046F7
:1094A000032122461B68FDF7CBFE204616492246C3
:1094B00060F09CD870B9C4F814550DE06FF003004B
:1094C0000AE06FF0040007E06FF0050004E06FF0C1
:1094D000060001E06FF0080007B0F0BDC538840059
:1094E000453884007465010060E188000D32840015
:1094F00066570100CD2F840009368400F9398400B5
:10950000FD318400B09B02001139840070B51E4605
:109510008B89154642F2560293420C4608D842F215
:10952000550293422DD242F25002934229D108E0D3
:1095300042F2600293421AD04EF2F542934220D199
:109540001AE0CB89012B04D16FF03B032B600F2372
:1095500003E06FF045032B60142333600368D3F8F6
:109560008030D90412D52B68023B2B600EE06FF0DF
:109570004A032B600F2308E06FF095032B609623BE
:1095800003E06FF04A032B6014233360D4F8080122
:1095900030B300214022E5F333F6D4F808218023CC
:1095A0001370D4F8082129685170D4F808219370F9
:1095B000D4F808313268DA70D4F80831BF221A7151
:1095C000D4F8083100225A71D4F808310322DA8025
:1095D00046221A810A225A8101229A810A22DA81BC
:1095E000D4F80C0128B100211022BDE87040E5F349
:1095F00007B670BD10B50446E0B103680E4918689F
:109600002246FDF776FCE36833B1214651F80C3B66
:10961000D3F83C06F7F712F9A36833B1214651F8A5
:10962000083BD3F83C06F7F709F92046BDE810409F
:10963000EAF30EB610BD00BF969F890070B50546CF
:1096400086B01020EAF3F2F50446002837D0002156
:109650001022E5F3D5F5D5F83C06E421194A04F1CA
:109660000803F7F7DFF830BBD5F83C06E821164AC7
:1096700004F10C03F7F7D6F80646E0B98DE81100BF
:1096800004212846114A124B05F0F6F900286060C3
:1096900011DB104B286800930F4B10490193104BBE
:1096A000104A03932346029604960596FDF77CFC28
:1096B00008B9256003E02046FFF79CFF0024204600
:1096C00006B070BD6B57010071570100DDBD84000D
:1096D0009DBD840075B6840051BE840050E68800AC
:1096E00079B68400969F890001207047012970B5E2
:1096F0000E46144607D1174B03211046D3F8B83055
:109700000A46984770BD19BB124BD3F8C050FFF7FB
:10971000EBFF314602462046A8472046012132464B
:10972000A847204602213246A847204603210122AD
:10973000A84720464FF481710122A84720464FF4E4
:1097400080713246A847204640F201113246A847B0
:1097500070BD00BF10A78800806C20381F2805D876
:10976000802333FA00F000F00100704700207047BA
:10977000C16FB0F84E3010B58A6AB3B1FF2B16D95D
:10978000180B0138012814D803F47060000A092866
:109790000FD878B103F0F00090280AD803F00F003A
:1097A00009288CBF0020012004E0184602E00120B7
:1097B00000E000200C6B41F2E4418C4215D1A2F58F
:1097C00082610739012903D83F2B98BF002010BDC3
:1097D00040F20C418A4207D040F221418A4204D132
:1097E000502B98BF002010BD002010BD90F876309F
:1097F00010B504463BB9044B04491A682CF03CDA16
:10980000012384F8763010BD78B802007CB80200DD
:1098100070B50C460546164608460A220021E5F3B7
:10982000EFF463881E432B6D6680980603D523886A
:1098300043F480632380D5F8943042F25002198CAF
:10984000914205D15B8C052B9CBF46F004066680D7
:1098500070BD0000D0F880000149E6F36DB300BF91
:10986000119C020010B504460C20EAF3DFF4C4F8A2
:109870000C0138B10C220021E5F3C2F4D4F80C310C
:1098800010229A7210BD10B50446D0F80C0120B118
:10989000EAF3DEF40023C4F80C3110BD70B50646BF
:1098A00005460024686938B1064B1B689847304666
:1098B000214600223BF03ADE01340435062CF1D17A
:1098C00070BD00BF10A788002DE9F043046985B082
:1098D0000546EC20A66FEAF3A9F43062002875D0A3
:1098E0001020A66FEAF3A2F4706200286ED0002662
:1098F00037460F216846384A3346E5F3E7F4D4F893
:1099000080006946E6F318F308B10137BFB20136AB
:1099100040F2F1339E42ECD137B9D4F880002F49A0
:10992000E6F30AF3002843D0B8000630EAF37EF4E9
:10993000C5F85C06002849D00023838000260F214B
:109940006846254A3346E5F3C1F4D4F880006946F9
:10995000E6F3F2F298B1D5F85C866946D4F8800057
:10996000B8F80490E6F3C4F208EB89031881D5F83F
:109970005C369A8803EB82010132CE809A800136F0
:1099800040F2F1339E42DAD1D4F880001349E6F375
:10999000D3F2D5F85C6650B1D4F880000F49E6F3F5
:1099A000A7F2D5F85C36012270801A7000E03070A2
:1099B000A36F586A60B1012303808380C380038151
:1099C0000223438104238381002001E06FF01A0009
:1099D00005B0BDE8F08300BF629C02006F9C0200EE
:1099E0002DE9F04F0568C6682B688FB0DF6900234A
:1099F0000446009388460BA80921944A3346E5F3B0
:109A000065F4D4F81490B9F1000F40F01081D4F847
:109A100088103A6801F50071E06FD4F808A0099247
:109A2000D7F804B0FAF798FE0146A868FCF776FD6F
:109A3000002800F005810921844A0BA83346CDF89F
:109A40000090E5F343F4E26FD4F88810B8F1000F0A
:109A500002D001F5007300E04346099801F5087152
:109A6000B8F1000F08BF002001900091CDF808B0B8
:109A7000B9684FF0FF390391CDF81090F968DFF81D
:109A8000DC810591D5F8E015504606910BA9CDF87B
:109A90001C80FAF7D1FC0546002800F0D1802A4648
:109AA0006B4B20460021FFF721FE2A46204600216D
:109AB0003BF03CDD00250921644A33464FF0010BA1
:109AC0000BA8CDF800B0E5F301F400953A68D4F89E
:109AD0008830019250460BA9E26F03F5107302958E
:109AE0000395CDF8109005950695CDF81C80FAF7F2
:109AF000A3FC0746002800F0A4803A46544B2046B9
:109B00002946FFF7F3FD59463A4620463BF00EDD65
:109B10004FF0020B09214D4A33460BA8CDF800B097
:109B2000E5F3D4F3099AD4F88830019250460BA992
:109B3000E26F03F52073009502950395CDF8109020
:109B400005950695CDF81C80FAF776FC07460028A7
:109B500077D03A463E4B20462946FFF7C7FD594687
:109B60003A4620463BF0E2DC4FF0030B0921374A2E
:109B700033460BA8CDF800B0E5F3A8F3099AD4F862
:109B80008830019250460BA9E26F03F530730095BF
:109B900002950395CDF8109005950695CDF81C809B
:109BA000FAF74AFC074600284BD03A46284B204695
:109BB0002946FFF79BFD3A46204659463BF0B6DC66
:109BC000042733460921214A0BA80097E5F37EF3C9
:109BD000099AD4F88830019250460BA9E26F03F538
:109BE0004073009502950395CDF810900595069564
:109BF000CDF81C80FAF720FC064608B33246204612
:109C00002946134BFFF772FD3246204639463BF09A
:109C10008DDC2646706930B10E4B0F49D3F88C307D
:109C20009847C6F8C00001350436062DF2D1D4F8A5
:109C30009410204608310022FFF7EAFD012700E0DA
:109C4000074638460FB0BDE8F08F00BFE29B020028
:109C5000F05D010010A78800D4318900C403000022
:109C600010B5BDE81040FCF77DBA11B10846FCF70D
:109C700021B87047F8B504690546002C42D0E06F62
:109C800008B1FCF74DF82046FFF708FED4F89460C1
:109C9000B4F846000BF0A0D8706A28B103F04BFC72
:109CA00000230746736200E00746D4F8900003F0F3
:109CB00021FC00263F18D4F88C0004F0D9F9204686
:109CC000C4F88060E667FFF7DEFDD5F85C0618B1E2
:109CD000EAF3BEF2C5F85C66A36F186A20B1EAF336
:109CE000B7F2A36F00221A62A36F586A20B1EAF399
:109CF000AFF2A36F00225A62204601F03BFD002321
:109D00002B6100E027463846F8BD0000F0B587B06B
:109D10004FF480350021042303AA0446D0F888704C
:109D200000952CF05BDC234B06AE46F8083D002185
:109D300004232046324600952CF09CDC04230021AD
:109D400005AA204600952CF049DC049B059A9A420E
:109D50002AD1194B00210493204604233246009552
:109D60002CF088DC0423002105AA204600952CF065
:109D700035DC049B059A9A4216D104230021204623
:109D800003AA00952CF076DC0023C7F88C31D7F8B5
:109D90002031B3F1042F09D00848C0EB030CDCF1EB
:109DA000000040EB0C0002E0002000E0012007B0C2
:109DB000F0BD00BFAA5555AA55AAAA5500040084B3
:109DC000224B70B54FF00061002603660A464666D6
:109DD000044605682DF0C6DD4FF08073C4F82031CD
:109DE0000323A4F8A8300223A4F8AA300723A4F878
:109DF000A4300423A4F8A63041F2010384F8A26041
:109E0000A4F8BC304FF41673A5F810362B6893F8FD
:109E10009C20012A0CBF0C220622A5F80E2693F8DE
:109E200064211AB1226E42F08072226693F89C205F
:109E3000074812F1FF3218BF01220649E5F306F286
:109E4000FF2384F834310123637470BD60A8E7B840
:109E500078570100787502002DE9F04F97B09B46C6
:109E60004FF0000916AB8A46174643F8049D219926
:109E70005A46054601F097FC0446002800F01D8371
:109E80009DF88030286103742B6840F61201D3F8E6
:109E9000D400D3F8D860D3F8DC304A46C4F8843014
:109EA000E067C4F88060F0F321F0C4F888008046D1
:109EB000E860E06FEFF380F2A0642046FFF780FFD8
:109EC00030469749E6F338F028B149464A46E5F36B
:109ED000CFF51FFA80FA30469249E6F32DF048B1EB
:109EE00000210A46E5F3C4F54FF6FF7380B29842AD
:109EF00018BF074650463946FDF734F908B90C2318
:109F0000DAE28949A4F844A0A4F846703046E5F3A3
:109F1000EFF78649C4F860013046E5F3E9F7C4F885
:109F20006401B4F846000AF057DF003018BF012082
:109F3000263054F82030B4F84600C4F894300AF0C3
:109F40004BDF003018BF01200A3055F82030204682
:109F50002B62FFF701FC08B90D23ADE2E06FEFF3D0
:109F6000E5F1E06FEFF39CF6204600212BF0B0DB2B
:109F700020464FF0FF312CF021DC2046FFF7C6FED3
:109F800008B90E2398E230466949E5F3B1F7FF2896
:109F900008BF0120A4F84E002046FFF7E9FB08B9EE
:109FA0000F2389E263493046E5F3A2F7624984F85A
:109FB0004C003046E5F39CF7604920653046E5F3F8
:109FC00097F794F84C3060650B2B05D930465C4907
:109FD000E5F38EF7C4F850015A493046E5F388F7A7
:109FE000594984F835013046E5F382F784F83601A3
:109FF0002B6893F86A312BB130465449E5F378F772
:10A00000C4F8540152493046E5F372F7514984F8D7
:10A0100058013046E5F36CF7E36F41F26B02196BC0
:10A02000A4F86801914220D19B6A4E2B08D1B4F864
:10A030004E30402B19D9236D43F00203236514E001
:10A04000E42B04D1B4F84E30B3F5A85F06E0EF2B53
:10A050000BD1B4F84E2041F201239A4205D8236D6A
:10A0600043F480032365002363653B493046D4F8FD
:10A070005C71E5F33DF7394938603046D4F85C71DE
:10A08000E5F336F7364978603046D4F85C71E5F38D
:10A090002FF73449B8603046A76FE5F329F73876D3
:10A0A000A36F1A7E012A01D003221A76236D990626
:10A0B00004D5012120460A462DF0F6D8D4F88000B8
:10A0C0002949E5F339F720B1D4F880002649E5F3B2
:10A0D0000FF781462549D4F88000E5F32DF720B12C
:10A0E000D4F880002149E5F303F707462049D4F866
:10A0F0008000E5F321F720B1D4F880001C49E5F396
:10A10000F7F62B6893F82821BAB3226D920504D58F
:10A11000B9F1000F01D007B160BB00222BE000BFF6
:10A12000259C0200B49C02004C9C0200579C02003B
:10A13000AB9C0200BA9C0200069C0200869C0200B6
:10A140009F9C0200CC9B0200D79B0200799C0200DE
:10A15000369C0200C29C0200419C02002C9C020022
:10A16000C09B0200ED9B0200199C0200F29B0200C2
:10A17000929C0200012283F828212B6893F8692120
:10A1800032B1226D12F0010218BF012283F8692159
:10A19000B4F846200123C4F8B830B4F844002B6862
:10A1A000A5F8AA21E26FA5F8A801C3F8D420A26CF3
:10A1B0001A6194F84C2083F87C202B68226DB4F847
:10A1C0004E00C3F88020626DA3F87A00C3F88420A3
:10A1D00094F84C2020460B2A84BFD4F85021C3F8B1
:10A1E0004821D4F8B820012783F83D705A62A96845
:10A1F0002A4603F02BFFC4F88C0008B919235BE151
:10A20000219AE36F0292A26C04900692B4F8462061
:10A21000B4F84400ADF82A20DA6B03930B921A6C61
:10A22000ADF828000C925A6C02A80D9294F84C20BC
:10A23000CDF814B00E929A6A09960F92B4F84E2097
:10A2400010921A6B1192226D1292626D13925A68DB
:10A25000DB680792089303F0AFFAC4F8900008B9DE
:10A26000102329E12623C5F8E035C5F8E4354FF47D
:10A27000FF73C4F83831B4F846000AF0ADDD10F1D0
:10A28000000918BF4FF00109494620462EF0FCD8BE
:10A29000B9F1000FD4F894300CBF02220122C3F8A8
:10A2A00004901A602B6A14BF01220222C3F80490A2
:10A2B0001A60E06FD5F81C90EFF376F0D8F85C31B7
:10A2C000C9F8000023F000437E4AE3662367A36CCD
:10A2D0000C2101FB0323303BC4F8D830204639461B
:10A2E0002BF0ACDDD4F89490D4F890004146D9F826
:10A2F0000020334603F066F9C9F8240008B9112399
:10A30000DAE04FF0FF3120462DF04EDAD4F89430E9
:10A31000E16E586A03F00CF9D4F8943003F122028C
:10A32000009203F11C0103F11E02586A203303F06E
:10A33000ECF8D4F89480D8F8240003F0F4F888F806
:10A340002800D4F89430D5F82080586A03F0EBF850
:10A3500088F81400D4F89480D8F8240003F0E6F8C4
:10A36000D4F89430C8F81800DA8B37FA02F1C9072C
:10A3700001D41223A0E0296A586A0861988B4A81A7
:10A3800008811A8C588C8A81C8810F2240F2FF30D4
:10A39000D8829A8220463946FFF722FB08B9132358
:10A3A0008AE02B6893F86931002B32D000212046D7
:10A3B0002BF0F6DF30464449A76FE5F399F5236D9E
:10A3C000C0B2DA07386020D5636D1B061DD4E36F79
:10A3D0009A69900002D5DA69D10704D5DB69DA07FA
:10A3E00001D4580711D5E36E99000ED53046364991
:10A3F000E5F3A2F530B134493046E5F379F5C1B261
:10A40000204604E02046082101E0204600212BF0F0
:10A4100073DDE06FEBF358F420462DF017DF009466
:10A42000E06F2A492A4A0023FBF76CFC20460021F2
:10A430002DF0EEDE2046FFF70DFA08B915233BE0BC
:10A4400004F1FC063146E5F3A9F13046E5F338F5B1
:10A4500018B93046E5F340F508B116232CE0204644
:10A46000FFF700FA2846A16C01F0E2F92B68DA69DF
:10A47000526AC5F84425013A85F84225D3F8980078
:10A48000A8B103789BB113492246E5F3C7F62B68C0
:10A490001149D3F898002246F9F78AFE606930B175
:10A4A0002B68D3F898100D4BD3F8B0309847284656
:10A4B000FFF70AFA10B11B231593159817B0BDE8E2
:10A4C000F08F00BF005E0100FD9B020001DC8400F4
:10A4D00015DC84005DD98400BDD9840010A78800F4
:10A4E00010B50446002828D003681449186822468D
:10A4F000FCF7FFFC236A1BB104F12000E4F396F0A3
:10A50000E3691BB104F11C00E4F390F0A3691BB1F3
:10A5100004F11800E4F38AF063691BB104F114003C
:10A52000E4F384F023691BB104F11000E4F37EF03E
:10A530002046BDE81040E9F38BB610BD8A570100F4
:10A54000036830B5DB690546586D87B000012430DB
:10A55000E9F372F60446002838D0034643F8245B3A
:10A56000C36004F11001D5F83806E4F349F068BB84
:10A57000D5F8380604F11401E4F342F030BBD5F805
:10A58000380604F11801E4F33BF0F8B9D5F83806C1
:10A5900004F11C01E4F334F0C0B9D5F8380604F135
:10A5A0002001E4F32DF088B94FF4856363600B4B11
:10A5B000019000930A4B039002930490059009497F
:10A5C0002868094A2346FCF7EFFC18B12046FFF73C
:10A5D00087FF0024204607B030BD00BFC10B8500B7
:10A5E0007513850080E688008A570100F0B5D0F821
:10A5F00028410068A568C069406D854211D2E768AE
:10A600002E01B8194360059B01358360069BBA5142
:10A61000C3606068A560C31C591821F00301616024
:10A62000F0BD6FF01500F0BDD0F828311869E3F3E4
:10A63000C3B7D0F8280110B10069E4F31FB0704728
:10A64000D0F82831D869E3F3B7B7D0F82831D86902
:10A65000E4F314B0D0F82831186AE3F3ADB7D0F8BA
:10A660002831186AE4F30AB073B505462EF058DCB9
:10A670000446B8B12B684FF00052C5F8680200924A
:10A6800093F82F20284601922146002204332EF011
:10A69000D3D9064650B9284621462FF0B1DB0646ED
:10A6A00020B901E06FF01A0630467CBD28462146ED
:10A6B0002FF01EDBF8E7F8B51F4603680D461E694C
:10A6C0001146D6F880001446E5F32AF440B3B842A8
:10A6D00024D121460022D6F88000E5F315F4287035
:10A6E00021460122D6F88000E5F30EF46870214679
:10A6F0000222D6F88000E5F307F4A8702146032271
:10A70000D6F88000E5F300F4E870D6F88000214622
:10A710000422E5F3F9F328710120F8BD4FF0FF3072
:10A72000F8BD000038B50446B8B103680B49186895
:10A730002246FCF7DEFB606B08B1E9F389F5D4F83B
:10A7400080000025656318B1E9F382F5C4F88050F4
:10A750002046BDE83840E9F37BB538BD915701008C
:10A760002DE9F04105698CB007468420E9F364F5D2
:10A770000446002800F0D28107603C20E9F35CF534
:10A780008046002800F0CA813B69012680F83860C5
:10A7900080F8396043603B6A046031461869ECF721
:10A7A0007EFAD8F80430B649D3F88000E5F3A0F378
:10A7B000D8F80430C8F81400B249D3F88000E5F3A3
:10A7C00097F3D8F80430C8F81800AF49D3F88000E0
:10A7D000E5F38EF3D8F80430C8F81C00AB49D3F881
:10A7E0008000E5F385F3D8F80430C8F80800A849DC
:10A7F000D3F88000E5F37CF3D8F80430C8F81000F3
:10A80000A449D3F88000E5F373F3A34BC8F80C0018
:10A81000C4F880800093A14BA1490193A14BA24AA7
:10A820000293A24B0393A24B0493A24B0593386867
:10A830002346FCF7B9FB8046002840F06F8184F87E
:10A840002C003B699C49D3F88000E5F351F384F870
:10A850006F003220E9F3F0F407466063002800F04F
:10A860005D8141460A2206A8E4F3CAF40C238DF860
:10A87000193099238DF81A30A6238DF81B30082340
:10A880008DF81E30B7238DF81F30E2238DF820306D
:10A890008A4AC4238DF821308DF818608DF81D6028
:10A8A0001068516809AB03C3128985491A80854B2A
:10A8B0003E70A363844B84F85A80E363636B9E719C
:10A8C000D5F88000E5F338F3002800F093807C4948
:10A8D000D5F88000666BE5F30BF370707B49D5F813
:10A8E0008000666BE5F304F3B0707949D5F8800019
:10A8F000666BE5F3FDF2F0707649D5F88000666B83
:10A90000E5F3F6F230717449D5F88000666BE5F333
:10A91000EFF270717149D5F88000666BE5F3E8F2EB
:10A92000F0716F49D5F88000666BE5F3E1F2B07124
:10A930006C49D5F88000E5F3DBF284F844006A49FD
:10A94000D5F88000666BE5F3D3F230726749D5F82D
:10A950008000666BE5F3CCF27072616B05230A31FF
:10A96000634A2046FFF7A7FE616B05230F3186B2CD
:10A97000604A2046FFF79FFE616B052314313618AD
:10A980005D4A2046FFF797FE616BB6B21931052389
:10A9900036185A4A2046FFF78EFE616BB6B236185B
:10A9A0000B7AB6B2B34225D11E310523544A204654
:10A9B000FFF781FE616B0523233186B2514A2046A1
:10A9C000FFF779FE616B0523283136184E4A204681
:10A9D000FFF771FE616BB6B2052336182D312046A4
:10A9E0004A4AFFF768FE636BB6B236185B7AB6B2B6
:10A9F000B34225D0626B00235370626B0C219370BD
:10AA0000626BD370626B1171616B02224A71A86F25
:10AA1000616B0068C871616B0A72616B4A72606B2E
:10AA2000812284F8402006A90A2284F841300A30A5
:10AA3000E4F362F3606B09A91E300A22E4F35CF3CD
:10AA4000626BAB6FD27900211A6004F14D000822CD
:10AA5000E4F3D6F3002384F8583084F85930A4F88E
:10AA60005630D5F880002A49E5F366F2002851D027
:10AA7000D5F880002649E5F33BF284F85F0051E009
:10AA8000E49D0200D19C0200FA9C02000A9E020092
:10AA9000629D0200D09D02005128850085DA0000E9
:10AAA000A4E68800E12B850091570100D52B850095
:10AAB000A45701006DD30000989E02003B380100AE
:10AAC000479E02001127850089278500919D02007D
:10AAD000319E02001B9E0200F39D0200E29C0200D8
:10AAE000A89D02004E9D0200819D02003D9D020036
:10AAF0000D9D02001D9D02002D9D0200719D020012
:10AB0000549E0200659E0200769E0200879E02000F
:10AB1000BD9D0200BA2384F85F3003E02046FFF7B2
:10AB200001FE002420460CB0BDE8F08130B504469B
:10AB300085B0002840D0D0F8201131B10368986862
:10AB4000F5F3F8F60023C4F8203123681A6892F868
:10AB50002F2022B3D3F8240101A900225EF0A2DA4B
:10AB60000FE043685A060CD5D4F83051451904E07B
:10AB70000368C5F81031E9F36BF3D5F8100100282C
:10AB8000F6D1236801A9D3F824015EF0A1DA0028E8
:10AB9000E7D104E00368C4F84431E9F359F3D4F889
:10ABA00044010028F6D12368044918682246FCF7BE
:10ABB000A0F92046E9F34CF305B030BD5DB3890040
:10ABC00030B5054687B04FF4A670E9F32FF304467D
:10ABD000002875D000214FF4A672E4F311F33C4B2A
:10ABE000256000933B4B3C4A019300230293039260
:10ABF0000493059328683949394A2346FCF7D4F968
:10AC000000285DD12B6A1A68022A05D15B7D002BD2
:10AC10000CBF1623302300E0302322184430B0F557
:10AC2000887F1374EED1A8682E492A460023F5F3D5
:10AC300099F6C4F82001002842D04FF47A7345F207
:10AC40007352C4F81C31A4F83C2100234622C4F8F6
:10AC50004431A4F83E2128468DE828004FF48A713B
:10AC6000214A224B03F008FF0028C4F8300127DBFB
:10AC70001F4BD5F894068DE818000521B0221D4B16
:10AC800000F008FFE0B91C4BD5F894068DE81800D9
:10AC90000521B222194B00F0FDFE88B9D5F89406C3
:10ACA0000A21B022164B009401F0A4F940B9D5F85E
:10ACB000C006B021134A144B009401F005FC18B1F2
:10ACC0002046FFF733FF0024204607B030BD00BF09
:10ACD0009150850011658500654E850018E8880053
:10ACE0005DB389005549850011568500ED558500F5
:10ACF000955D8500E94A8500D15C8500514A850053
:10AD000095538500854E8500994E850010B5044603
:10AD100030B133F091DE2046BDE81040E9F398B23F
:10AD200010BD10B504462420E9F386F200B104609A
:10AD300010BD000010B50446E0B143680E49186824
:10AD40002246FCF7D6F8D4F83C01FFF7DFFFD4F831
:10AD50003401FFF7DBFFD4F89C0008B1E9F378F287
:10AD6000D4F8940008B1E9F373F22046BDE810402E
:10AD7000E9F36EB210BD00BFBC5701002DE9F041F0
:10AD8000754B00271F60754B056888B006461F602D
:10AD90004FF4A070E9F34AF20446002800F0D7808F
:10ADA00039464FF4A072E4F32BF284E86000304699
:10ADB000C6F85841FFF7B5FF8046C4F8340130B1FA
:10ADC0003046FFF7AEFF8046C4F83C0120B920466C
:10ADD000E9F33EF24446BAE07F21042204F1440044
:10ADE000E4F30EF27F21042204F17000E4F308F290
:10ADF000042207A83946E4F303F2336893F87C2071
:10AE0000D3F8D800012A13D95549E5F395F0014646
:10AE100058B107A80322E4F3CBF207A8042137F0C6
:10AE2000B7D990B107A84F490CE007A84E4909E0EF
:10AE30004E49E5F35DF00928034606D84C4907A8BA
:10AE400001EB83010322E4F3B3F2032207A904F127
:10AE50000800E4F3ADF233684649D3F8D800E5F3CF
:10AE600047F0D5F8D43041F26B02196BE0609142A3
:10AE70000ED19B6A8B2B01D0902B09D1022807D1D0
:10AE800007A83D490422E4F36FF208B90323E36005
:10AE9000D5F8D43041F26B02196B91420DD19B6A07
:10AEA000932B0AD107A835490422E4F35DF220B9B7
:10AEB000E368042B01D10623E360D5F8D43041F2D6
:10AEC0006B02196B914218D19A6A40F235139A427B
:10AED00013D107A82A490422E4F346F258B107A87F
:10AEE00028490422E4F340F228B107A826490422A5
:10AEF000E4F33AF208B91323E3600025EAF786FF8A
:10AF000035F058DF07A90422C4F89450C4F89850CB
:10AF1000C4F89C50C4F8A050C4F8A45084F8F4506D
:10AF2000204633F0C3DE194B30688DE828001849FD
:10AF3000184A23460295039504950595FCF734F8C5
:10AF400028B12046C6F85851FFF7F4FE2C4620469B
:10AF500008B0BDE8F08100BFB4650100B86501002C
:10AF6000A89E0200BF57010041B58900AE9E0200B5
:10AF700094E98800B19E0200C257010068EB880086
:10AF800078E9880080E9880084E98800F16D85000F
:10AF90003CE98800BC57010030B5054687B00C205D
:10AFA000E9F34AF10446D0B1114B05604FF49071BA
:10AFB000009301900722D5F894060E4B00F0DEFCBA
:10AFC00080B90D4B0190009302900390049005907E
:10AFD0000A4928680A4A2346FBF7E6FF10B92046CB
:10AFE00007B030BD2046E9F333F10024F7E700BF96
:10AFF000C19D8500299B8500659B8500ECED88003F
:10B0000034590100036810B5044605491868224602
:10B01000FBF76FFF2046BDE81040E9F319B100BF10
:10B020003459010070B5054686B00C20E9F304F1EF
:10B030000446002863D005600026019004212846BC
:10B04000334A344B0096FFF7D1FAB042606059DBC7
:10B0500004212846304A314B0096019403F00CFD40
:10B06000B042A0604EDB28462D492246FFF7DCFAAD
:10B07000002847D12B4BD5F894068DE818004FF4E3
:10B0800090712522284B00F079FC00283AD1274BFB
:10B09000D5F894068DE818004FF490713C22244BAB
:10B0A00000F06CFC00282DD1D5F8940605219C22D7
:10B0B000204B009500F036FF002823D1D5F89406E8
:10B0C000802125221C4B009400F070FDD0B9D5F8EA
:10B0D000940680213C22194B009400F067FD88B94A
:10B0E000174B01900093174B039002930490059027
:10B0F00015492868154A2346FBF756FF10B9204624
:10B1000006B070BD2046E9F3A3F00024F7E700BFC6
:10B1100051A3850011A3850059A7850045A7850087
:10B12000CDA38500E5A98500F1A3850015AA8500BA
:10B1300019A4850031A28500D1A28500F1A2850065
:10B1400009A58500E1A9850028EE880050B989008D
:10B1500038B505680446224628680649FBF7C9FE4B
:10B16000284605492246FFF764FA2046BDE83840E4
:10B17000E9F36EB050B98900CDA3850002460249BB
:10B180000068FBF7B6BE00BF3A59010030B50D4B61
:10B1900087B0009300230446019302930393049322
:10B1A00005930949094A23460068FBF7FDFE00287C
:10B1B00014BF4FF0FF350025204638F071D82846DF
:10B1C00007B030BDA1B08500445901003A590100D3
:10B1D0002DE9F043064687B038200F469146984641
:10B1E000E9F324F00446002838D000213822E4F3A3
:10B1F00007F0D7F83C0640211A4A04F12003F5F77E
:10B2000011FB054620B12046E9F322F0002425E099
:10B21000154BC4F81C80A760C4F80C902661134934
:10B2200000930190029003900490059023463046CD
:10B230000F4AFBF7B9FE034660B9E0680D492246A4
:10B24000F5F390F30546A06140B920690A4922460A
:10B25000FBF74FFE2046E8F3FBF72C46204607B0ED
:10B26000BDE8F08314C68900EDB4850058EE88006F
:10B27000B89E02004DB585005C59010010B504462A
:10B2800038F042DA0F4920692246FBF732FEA16905
:10B2900061B1237D23B1E068F5F3E0F2002323756B
:10B2A000E068A169F5F346F30023A361A36804F104
:10B2B0002001D3F83C06F5F7C1FA2046E8F3C8F7B9
:10B2C000002010BDB89E020010B50446C0B1224651
:10B2D0000C494068FFF7C3F9224660680A4903F049
:10B2E0000EFE224660680949FFF7A3F9A0680849E5
:10B2F0002246FBF7FEFD2046BDE81040E8F3A8B764
:10B3000010BD00BF21BF850081C5850029BB850018
:10B310006359010070B5054686B01820E8F386F73A
:10B320000446002800F0E98000211822E3F368F7C2
:10B330002B680022A360AB686560E3606B68042142
:10B3400023610423A38228466D4B8DE81400FFF788
:10B350004DF900282060C0F2CC8028466949224679
:10B36000FFF778F9002840F0C48028466649224655
:10B37000FFF75AF9002840F0BC802846634922466E
:10B3800003F0B8FD002840F0B480614B01900093B9
:10B3900002900390049005905E4928685E4A234617
:10B3A000FBF702FE002840F0A4805C490322D5F898
:10B3B000BC063CF039DA5A4E5A490222D5F8C0068A
:10B3C0003CF032DAD5F89406B0213022564B009684
:10B3D000019400F051FA002840F08B80534BD5F8CF
:10B3E00094068DE8180040F605013622504B00F017
:10B3F000C5FA00287DD14F4BD5F894068DE818008A
:10B4000040F6040137224C4B00F0B8FA002870D106
:10B41000D5F8BC063021444A3346009401F009F8BF
:10B42000002866D1D5F8BC063621414A3F4B00942E
:10B4300000F0FFFF00285CD1D5F8BC0637213E4A5A
:10B440003C4B009400F0F5FF002852D1D5F8C0061F
:10B4500039213A4A3A4B009400F0EBFF002848D1DA
:10B46000D5F89406C0213622364B009400F03CFDFE
:10B4700000283ED13021D5F894060A46324B00947C
:10B4800000F094FB002834D1D5F8940640F60A0168
:10B4900036222E4B009400F027FD50BBD5F89406C1
:10B4A00040F60A0137222A4B009400F01DFD00BB34
:10B4B000D5F8940630213922264B009400F014FD73
:10B4C000B8B9D5F8BC0630211F4A234601F044F82C
:10B4D00078B9D5F8BC0636211C4A234601F03CF861
:10B4E00038B9D5F8BC063721194A234601F034F89B
:10B4F00018B12046FFF7E8FE0024204606B070BDD4
:10B50000A1BA850021BF850029BB850081C58500C2
:10B5100035BC850080EE8800635901007CEE880010
:10B5200019BA8500A4EE880071B8850085C685002B
:10B53000A5BB8500C1C5850035BB850021BC850044
:10B54000DDC68500C9C4850005C28500C9C0850067
:10B5500011C0850035C1850008B1E8F379B67047A0
:10B5600037B505463820E8F367F6044650B14FF08A
:10B57000FF33056005490193054A064B009539F0F4
:10B58000ABDD01E0FFF7E8FF20463EBDE9CD8500D9
:10B59000F1CD8500E1CD850070B5054686B010205F
:10B5A000E8F344F60446002838D000211022E3F3E3
:10B5B00027F6002625600121C5F8CC462846194A01
:10B5C000194B00960194FFF711F8B042E06021DBBF
:10B5D000164B28688DE848001549164A23460296FE
:10B5E000039604960596FBF7DFFC98B9124BD5F845
:10B5F00094068DE828000521BE22104B00F04AFA7F
:10B6000040B9D5F89406C021BE220D4B009500F03C
:10B61000F1FC18B12046E8F31BF60024204606B0E2
:10B6200070BD00BF8DD0850089D08500E1CF850039
:10B63000A8EE8800BF9E02005DD085003DD0850049
:10B6400091D0850010B5044688B1037923B1806894
:10B65000E8F3FEF5002323712368054918682246A4
:10B66000FBF747FC2046BDE81040E8F3F1B510BDFC
:10B67000BF9E020008B1E8F3EBB5704737B5054649
:10B680000420E8F3D3F50446002855D02D4B05607F
:10B6900040F23F11009301902D22D5F894062A4BD9
:10B6A00000F06CF9002847D1284BD5F894068DE8B6
:10B6B00018004FF495713D22254B00F05FF90028EA
:10B6C0003AD1244BD5F894068DE818004FF49571C3
:10B6D0004A22214B00F052F970BB204BD5F894065A
:10B6E0008DE81800152150221D4B00F0D3F918BB2E
:10B6F000D5F8940605212D221A4B009400F0F4FB96
:10B70000D0B9D5F89406C0212D22174B009400F033
:10B71000EBFB88B9D5F89406C0213D22134B009469
:10B7200000F0E2FB40B9D5F89406C0215022104B3E
:10B73000009400F05FFC18B12046FFF79BFF002447
:10B7400020463EBDC5D28500CDD0850011D38500F1
:10B75000E1D085000DD38500DDD0850071D2850054
:10B76000B5D0850041D1850001D2850021D2850068
:10B770007DD1850010B50446A0B10368806F00221A
:10B780005A6108B1E8F364F5D4F8980008B1E8F319
:10B790005FF5606808B1E8F35BF52046BDE810404E
:10B7A000E8F356B510BD2DE9F04104464FF4B670EC
:10B7B0000D4616469846E8F33FF5074610B940F2A5
:10B7C000F2331EE004608560C6602820E8F334F59B
:10B7D000B86710B940F2F33313E05820E8F32CF5C2
:10B7E000C7F8980040B12C30C7F89C003020E8F32F
:10B7F00023F5786060B902E04FF47D7301E040F218
:10B80000F5333846C8F80030FFF7B4FF002703E0EF
:10B810000023C8F8003060613846BDE8F08100239D
:10B82000C218D2F8C020CA500433182BF8D1704780
:10B830004FF4C863C0F864366823C0F868364FF424
:10B840008073C0F86C360223C0F87036C0F87436C6
:10B850007047000010B5044650B1036805491868E8
:10B860002246FBF746FB2046BDE81040E8F3F0B463
:10B8700010BD00BF0D5A010001F0F0012DE9F04F9D
:10B880000E110168B0F81080096889B0C969944642
:10B89000D1F8C010079388450446B0F812A0838AF7
:10B8A000C78AB2B25CDA817900295CD1324D05EBEE
:10B8B000C200808806E055F8329019F80190E14501
:10B8C00002D001318142F6D381424FD0E71937F8D7
:10B8D00012B0013237F81250A244454523441AD21F
:10B8E000C5EB080805F101090AEB050142460AEB20
:10B8F0000900CDF814C00693E3F35EF4069B0C2216
:10B9000002FB093002FB053102FB08F2E3F354F4B9
:10B91000DDF814C0069B3146002207E007EB460025
:10B9200030F802E00EF1010E20F802E0013102329F
:10B930000D29F3D91299CBEB0502009113990AEB6B
:10B940000B0001910C2101FB0B3192B2079BCDF84A
:10B9500008C000F0A1FB238A00200133238207E006
:10B960006FF0150004E06FF0160001E06FF01D00AD
:10B9700009B0BDE8F08F00BF685901002DE9F34719
:10B98000DDF82890DDF82CA007460E4615469846AF
:10B99000002456FA04F3DB070AD52101384601F0EA
:10B9A000F0012A4643468DE80006FFF765FF18B907
:10B9B00001340D2CEDD10020BDE8FC872DE9F04FBE
:10B9C00089B007920268B0F8188012689C46D26964
:10B9D0000446D2F8C420B0F81AA09045838BC78BD8
:10B9E00050DA8279002A50D101F0F0063611C719D9
:10B9F000B2B237F812B0013237F8125082444545DE
:10BA000003441AD2C5EB080805F101090AEB050148
:10BA100042460AEB0900CDF814C00693E3F3CCF3D9
:10BA2000069B0C2202FB093002FB053102FB08F2E7
:10BA3000E3F3C2F3DDF814C0069B3146002207E0B1
:10BA400007EB460030F802E00EF1010E20F802E0AC
:10BA5000013102320D29F3D91299CBEB0502009185
:10BA600013990AEB0B000191079992B202910C21F4
:10BA700001FB0B31634600F00FFB238B00200133E9
:10BA8000238304E06FF0150001E06FF0160009B0A9
:10BA9000BDE8F08F2DE9F347DDF82890DDF82CA004
:10BAA00007460E4615469846002456FA04F3DA0770
:10BAB0000AD52101384601F0F0012A4643468DE8B7
:10BAC0000006FFF77BFF18B901340D2CEDD10020E3
:10BAD000BDE8FC872DE9F04F89B007920268B0F805
:10BAE000308012689C46D2690446D2F80021B0F832
:10BAF00032A09045838EC78E50DA8279002A50D1C9
:10BB000001F0F0063611C719B2B237F812B001329F
:10BB100037F812508244454503441AD2C5EB080851
:10BB200005F101090AEB050142460AEB0900CDF8CF
:10BB300014C00693E3F340F3069B0C2202FB09308A
:10BB400002FB053102FB08F2E3F336F3DDF814C023
:10BB5000069B3146002207E007EB460030F802E082
:10BB60000EF1010E20F802E0013102320D29F3D965
:10BB70001299CBEB0502009113990AEB0B0001918E
:10BB8000079992B202910C2101FB0B31634600F040
:10BB900083FA238E00200133238604E06FF0150022
:10BBA00001E06FF0160009B0BDE8F08F2DE9F04F0D
:10BBB00087B005920268B0F8208012689C46D2696E
:10BBC0000446D2F8C820B0F822A09045838CC78CD8
:10BBD0004CDA8279002A4CD101F0F0063611C719EF
:10BBE000B2B237F812B0013237F8125082444545EC
:10BBF000034419D2C5EB080805F101090AEB050158
:10BC000042460AEB0900CDF80CC00493E3F3D4F2EA
:10BC1000049B4FEAC80203EBC90003EBC501E3F341
:10BC2000CBF2DDF80CC0049B3146002207E007EBA5
:10BC3000460030F802E00EF1010E20F802E001317A
:10BC400002320D29F3D91099CBEB05020091059929
:10BC50000AEB0B00019192B203EBCB01634600F0BB
:10BC60002BFA238C00200133238404E06FF01500AD
:10BC700001E06FF0160007B0BDE8F08F0368F0B583
:10BC8000DB690C25B3F8C020064605FB02F44332FD
:10BC900022F003020134A418B3F8C4204FF6FE7159
:10BCA00002F11F006A4321404118501C4FF6FC72FC
:10BCB0000A408218B3F800014FF6FE7100F11F042C
:10BCC0006843114061184FF6FC7201300A40821837
:10BCD000B3F8C8004FF6FE7100F11F04114061185F
:10BCE000C0004FF6FC7201300A408218B3F8CC0055
:10BCF0004FF6FE7100F11F0411406118C0004FF6AD
:10BD0000FC720A40B3F80431013080184FF6FE721D
:10BD100003F11F010240DB008A18591C4FF6FC7327
:10BD20001340CB184FF6FE771F401C37BFB287B0C9
:10BD30003846E8F37BF20446002800F0BC8000217E
:10BD40003A46E3F35DF24023638233684FF6FC72B8
:10BD5000DB692660B3F8C010A78001F14300024000
:10BD600005FB0121A28201314FF6FE720A40B3F8B1
:10BD7000C410E2821C3292B2C81C101862834FF6C3
:10BD8000FC72024005FB0121A28301314FF6FE72D5
:10BD90000A40B3F80011E2831C3292B2C81C10189A
:10BDA00062864FF6FC72024005FB0121A28601313A
:10BDB0004FF6FE720A40B3F8C810E2861C3292B207
:10BDC000C81C101862844FF6FC72024002EBC101DD
:10BDD0000131A2844FF6FE720A40B3F8CC10E2841F
:10BDE0001C3292B2C81C101862854FF6FC720240D9
:10BDF00002EBC1010131A2854FF6FE720A40B3F891
:10BE00000411E2851C3292B2CB1C6287D2184FF625
:10BE1000FC731340A38703EBC10301334FF6FE729B
:10BE20001A40E2870025274F57F8353063B1264B7B
:10BE300029018DE81800DD22204601F0F001234B96
:10BE4000FFF71AFD002836DB01350D2DEBD100255B
:10BE500057F8353053B12901DD22204601F0F001B9
:10BE60001B4B0094FFF7A2FE002824DB01350D2DAB
:10BE7000EED1184BB0218DE81800FF222046164B5A
:10BE8000FFF7FAFC002816DBB021FF222046134BF7
:10BE90000094FFF78BFE00280DDB114B002102936D
:10BEA0003068104A23460091019103910491059155
:10BEB000FBF77AF818B12046FFF7CCFC00242046A7
:10BEC00007B0F0BD685901000DD5850061D585002A
:10BED000ADD58500F1E0000043E1000091E00000F5
:10BEE00099D485000D5A01002DE9F743DDF828901B
:10BEF00007460E4615469846002456FA04F3D8071E
:10BF00000AD52101384601F0F0012A464346CDF812
:10BF10000090FFF74BFE18B901340D2CEDD1002035
:10BF2000BDE8FE832DE9F04F87B005920268B0F8B6
:10BF3000288012689C46D2690446D2F8CC20B0F81A
:10BF40002AA09045838DC78D4CDA8279002A4CD186
:10BF500001F0F0063611C719B2B237F812B001324B
:10BF600037F8125082444545034419D2C5EB0808FE
:10BF700005F101090AEB050142460AEB0900CDF87B
:10BF80000CC00493E3F318F1049B4FEAC80203EBDF
:10BF9000C90003EBC501E3F30FF1DDF80CC0049B0E
:10BFA0003146002207E007EB460030F802E00EF1D0
:10BFB000010E20F802E0013102320D29F3D9109967
:10BFC000CBEB0502009105990AEB0B00019192B2AF
:10BFD00003EBCB01634600F06FF8238D00200133A3
:10BFE000238504E06FF0150001E06FF0160007B044
:10BFF000BDE8F08F2DE9F743DDF8289007460E469F
:10C0000015469846002456FA04F3DB070AD52101A9
:10C01000384601F0F0012A464346CDF80090FFF77C
:10C0200081FF18B901340D2CEDD10020BDE8FE834D
:10C030002DE9F047089F9A4604469DF82460034680
:10C0400000250CE013F8010B86420AD01DB113F84D
:10C0500002ECB64501D2864203D90135ADB2954214
:10C06000F0D1AA4207FB05180ED9C5EB02094146DB
:10C0700007FB09F208EB0700E3F39EF0681C2018A9
:10C0800061194A46E3F398F0404651463A46E3F3D5
:10C0900033F06655BDE8F0877FB50393089B0493A2
:10C0A000099B05930C2300939DF82830019303AB63
:10C0B000FFF7BEFF07B000BD1FB50293069B0393B9
:10C0C000082300939DF81C30019302ABFFF7B0FFEB
:10C0D00005B000BD37B5254BD0F894560446009303
:10C0E000019040F23F1128467F22214BFFF746FC8A
:10C0F00000283AD11F4B28468DE8180041F63F51E1
:10C1000040221D4BFFF7C6FC78BB1C4B28468DE830
:10C11000180040F63F119822194BFFF7BBFC20BBDB
:10C12000184B28468DE8180040F22F11A822164B14
:10C13000FFF7B0FCC8B9284640F20F117F22134B1D
:10C140000094FFF7D1FE80B9284640F20F119822E3
:10C150000F4B0094FFF74EFF38B9284640F20F11FD
:10C16000A8220C4B0094FFF745FF3EBD55F085001B
:10C1700081EC8500A1F08500A1EC850009F0850027
:10C1800007E2000019F1850015ED8500C5ED850079
:10C1900085ED850001EE850037B5104BD0F894563B
:10C1A0000446009301900521284600220C4BFFF71E
:10C1B000E5FB90B90B4B28468DE8180005210122BC
:10C1C000094BFFF7DBFB40B9084B28468DE8180008
:10C1D00005213222064BFFF7D1FB3EBD49E7850022
:10C1E00011E7850065E785001DE785002DE78500DF
:10C1F00001E7850037B5254BD0F8945604460093E7
:10C2000001904FF4907128460022214BFFF7B6FBB6
:10C2100000283AD11F4B28468DE818004FF4907142
:10C2200001221D4BFFF7AAFB78BB1C4B28468DE86B
:10C2300018004FF490713222194BFFF79FFB20BB7F
:10C24000184B28468DE818004FF490710322164BC6
:10C25000FFF794FBC8B9154B28468DE818004FF43A
:10C2600090710622124BFFF789FB70B92846802196
:10C270000522104B0094FFF799FC30B92846802125
:10C2800005220D4B0094FFF791FC3EBD01EC8500AB
:10C2900089E985003DEC850091E98500A5EB8500E5
:10C2A00045E9850079EB850031E98500CDEB850016
:10C2B00061E985009DE9850019EB850037B5154BCF
:10C2C000D0F894560446009301904021284600225D
:10C2D000114BFFF7D1FAE0B9104B28468DE8180052
:10C2E000402101220E4BFFF7C7FA90B90D4B2846AB
:10C2F0008DE81800402132220B4BFFF7BDFA40B900
:10C300000A4B28468DE8180040210322084BFFF70E
:10C31000B3FA3EBD8DF2850031F28500A5F28500AD
:10C320003DF2850071F2850021F2850049F2850019
:10C3300011F2850037B50A4BD0F8945604460093A5
:10C340000190B02128461022064BFFF795FA30B92C
:10C350002846B0211022044B0094FFF727FC3EBD75
:10C3600065E8850081E78500ADE7850037B5D0F841
:10C37000945604460090C02128460022114BFFF736
:10C38000B3FDF0B92846C02101220F4B0094FFF7FE
:10C39000ABFDB0B92846C02106220C4B0094FFF734
:10C3A000A3FD70B92846C021A822094B0094FFF7CD
:10C3B00021FE30B92846C0219822064B0094FFF791
:10C3C00019FE3EBDF9F2850021F38500D9F2850002
:10C3D0003DF38500C1F2850010B5044650B10368F5
:10C3E000054918682246FAF784FD2046BDE810404A
:10C3F000E7F32EB710BD00BFAA5A010038B50546B5
:10C400000C20E7F313F7044638B100210C22E2F3C5
:10C41000F7F60C232560A38001E0FFF7DDFF20463F
:10C4200038BD28B18368DA88013ADA80E7F310B7BB
:10C4300070472DE9F04F9B46038B87B0C518C65A4D
:10C44000B5F80480438AC6EB0808984505919446E0
:10C45000878AB0F816A032DA6C88C719444582443E
:10C4600016DAC4EB080804F101093919424607EB52
:10C470000900CDF810C0E2F39FF60C2202FB09A0E0
:10C4800002FB04A102FB08F2E2F396F6DDF810C00D
:10C490006B88A21B01336B80AB880C210133AB800E
:10C4A000109BB8190193059B01FB06A1029392B260
:10C4B0006346CDF800B0FFF7EFFD002001E06FF01C
:10C4C000150007B0BDE8F08F2DE9F04F9B46038BB8
:10C4D0009446C518AC8830F80380428AC8EB040340
:10C4E00087B093420591878AB0F816A02FDA9C4254
:10C4F000074482446E8816DAC8F1000804F1010985
:10C500003919424607EB0900CDF810C0E2F354F6A2
:10C510000C2202FB09A002FB04A102FB08F2E2F3D9
:10C520004BF6DDF810C0AB88A21B0133AB80109B2B
:10C530000C210193059BB819029301FB06A192B24D
:10C540006346CDF800B0FFF7A7FD002001E06FF0D3
:10C55000150007B0BDE8F08F2DE9F04F9B46038C26
:10C5600085B0C518C65AB5F80480438BC6EB0808D9
:10C57000984503919446878BB0F81EA02EDA6C88FC
:10C58000C7194445824415DAC4EB080804F10109CF
:10C590003919424607EB0900CDF808C0E2F30CF662
:10C5A0000AEBC9000AEBC4014FEAC802E2F304F641
:10C5B000DDF808C06B88A21B01336B80AB88B8190B
:10C5C0000133AB80039B0AEBC601019392B2634631
:10C5D000CDF800B0FFF770FD002001E06FF015000E
:10C5E00005B0BDE8F08F00002DE9F04F036885B07D
:10C5F00003931B681546DB69C288D3F8D030074621
:10C600009A420E465BDA09B14E1CB6B20DB1013545
:10C61000ADB206F127034FF6FC7A03EA0A0A0C23AF
:10C6200003FB06A34FF6FE78013303EA080808F17E
:10C630000903EB184FF6FC7B03EA0B0B0BEBC5026F
:10C6400001324FF6FE73134003F106091FFA89F910
:10C6500048460293E7F3EAF50446002830D000216B
:10C660004A46E2F3CDF5029B03992384FB88A4F8A4
:10C670001880242208F1060801332160A760A4F87D
:10C680001090A282A4F816A0A4F81C80A4F81EB0F2
:10C6900066826583FB8046B1DD2120460C4A0D4B46
:10C6A0000094FFF7C6FE00280ADB6DB1DD212046AD
:10C6B000094A2346FFF750FF002805DA00E000246E
:10C6C0002046FFF7AEFE0024204605B0BDE8F08FFF
:10C6D00085F5850041F58500BDF585007FB50A4AE1
:10C6E0000346009200220192029203920492059264
:10C6F0000649074A0068FAF757FC002814BF4FF0B4
:10C70000FF30002007B000BD991E860078F0880039
:10C71000AE5A0100024602490068FAF7EABB00BFC0
:10C72000AE5A010010B5044648B1036821461868A6
:10C73000FAF7FEFC2046BDE81040E7F389B510BDCE
:10C7400037B505460820E7F377F50446A0B1056044
:10C75000002201900C2128460A4B0092FDF746FF6B
:10C760000028606008DB084B286800932146074AD0
:10C770000423FAF76CFC18B12046FFF7D3FF00241E
:10C7800020463EBD1D2686002CF1880031268600FD
:10C7900010B50446C06818B1E7F35AF50023E3600A
:10C7A00010BD10B50446A020E7F340F570B1E0607D
:10C7B000A06000F1900203461033934243F8103C0E
:10C7C000FAD10023C0F89030184610BD6FF01A005F
:10C7D00010BD000038B50446002852D0002105687D
:10C7E0003FF04EDA20463FF02BD8636933B1204644
:10C7F000002141F015DA606938F044DCA36933B1F7
:10C800002046012141F00CDAA06938F03BDC2369B5
:10C8100033B12046022141F003DA206938F032DCDE
:10C82000E36F33B12046032141F0FAD9E06F38F0CD
:10C8300029DC204641F09AD9D4F89800E7F308F5AE
:10C8400001E03EF027DEE16920460029F9D1FFF73B
:10C850009FFFD5F8440118B10A492A4600F08FF924
:10C86000286809492246FAF744FBD4F8A8301BB1DE
:10C8700004F1A800E1F3DAF62046BDE83840E7F31A
:10C88000E7B438BD11428600F4C8890030B50546CA
:10C8900087B0B020E7F3CAF40446002800F099807E
:10C8A0000021B022E2F3ACF40A2384F843300123E0
:10C8B00084F84830FF2384F8203084F8213084F84D
:10C8C000223084F823302560C420E7F3AFF4C4F8A5
:10C8D000980000287DD020463FF0C4D920463FF084
:10C8E00047DD2B6841F26B02D3F8D43020F07F0093
:10C8F000196BA0879142204608D19B6A932B05D1E2
:10C900003FF036DDC0F58440683001E03FF034DDB3
:10C91000E087E38F204623F07F03E3873FF02CDDA1
:10C9200041F2883222652E4A002320F07F00A4F8CD
:10C930004000E36400922B4A049301922A4A059333
:10C9400002922A4A2868039229492A4A2346FAF77A
:10C950002BFB00283DD1D5F8E80538F069DB606194
:10C96000002836D0D5F8E80538F062DBA06180B346
:10C97000D5F8E80538F05CDB206150B32046FFF7BE
:10C9800010FF30BBD5F8E80538F052DBE06700B3A4
:10C99000012384F87830D5F8440141F27073A4F88B
:10C9A0007A3020B114492A4600F0E6F888B92046CA
:10C9B00001213FF065D94FF44843A3650023E365A7
:10C9C00032232366D5F8380604F1A801E1F318F6FE
:10C9D00018B12046FFF7FEFE0024204607B030BD08
:10C9E00059348600B152860039528600ED368600F1
:10C9F0004CF18800F4C889001142860038B504461D
:10CA0000002827D00568144928682246FAF771FAE9
:10CA1000236A1BB104F12000E1F308F6E3691BB1BE
:10CA200004F11C00E1F302F6A3691BB104F1180044
:10CA3000E1F3FCF563691BB104F11400E1F3F6F5D1
:10CA4000284606492246FDF7F4FD2046BDE8384059
:10CA5000E7F3FEB338BD00BFB0CB89002D6286007E
:10CA600070B5054686B03020E7F3E6F304460028AB
:10CA700059D04FF0FF3303610422FF2105600A30D3
:10CA8000E2F3BEF30B2104F10E00E3F391F7002370
:10CA90008DE8180004212846264A274BFDF7A6FDFD
:10CAA000002860603FDB284624492246FDF7BCFD94
:10CAB000002838D1D5F8386604F114013046E1F386
:10CAC0009FF500282FD1304604F11801E1F398F5C5
:10CAD00048BB304604F11C01E1F392F518BB304627
:10CAE00004F12001E1F38CF5E8B9154B01900093B6
:10CAF000144B04900293144B059003932868134938
:10CB0000134A2346FAF750FA68B9204641F09ADFF3
:10CB100020B12046012141F0C9DF20B93223A362B0
:10CB20002623636203E02046FFF768FF00242046C7
:10CB300006B070BD45638600FD6286002D628600EA
:10CB4000A962860051658600F96286003CF2880081
:10CB5000B0CB89004069E1F32FB54069E1F38EB5B0
:10CB60008069E1F329B58069E1F388B5C069E1F333
:10CB700023B5C069E1F382B5006AE1F31DB5006A2F
:10CB8000E1F37CB538B5044660B105682246064934
:10CB90002868FAF7AEF92046E7F35AF32B6800222B
:10CBA00083F84E2038BD00BF54CC890070B50368AF
:10CBB000002686B0054683F84E600C20E7F33CF370
:10CBC0000446002843D0234B056023498DE84800E4
:10CBD0002868224A23460296039604960596FAF799
:10CBE000E3F9064600282ED18DE811001C212846C5
:10CBF0001B4A1C4BFDF7FAFC0028606023DB0C216C
:10CC00002846194A194B0096019401F035FF002877
:10CC1000A06018DB164BD5F894068DE818000A21A1
:10CC20003822144BFEF7AAFE68B9D5F894060A21FB
:10CC30003822114B0095FFF757F920B92B680122D4
:10CC400083F84E2003E02046FFF79CFF0024204697
:10CC500006B070BDD971860054F2880054CC8900AA
:10CC6000A97186007D718600917686005D768600CA
:10CC70007D778600197786004977860070B506466D
:10CC800086B00820E7F3D2F20446A0B10B4B002592
:10CC9000066045600A498DE828003068094A234645
:10CCA0000295039504950595FAF77EF918B120468B
:10CCB000E7F3CEF22C46204606B070BD4D7E8600CE
:10CCC00098F28800B0C6890010B5044650B10368D8
:10CCD000054918682246FAF70CF92046BDE81040CD
:10CCE000E7F3B6B210BD00BFB0C6890070B5044608
:10CCF00000282AD00668224630681449D6F84451E4
:10CD0000FAF7F7F8224630461149FDF792FC224621
:10CD100030461049FDF799FC224628460E49FFF798
:10CD20001CFF224628460D49FFF71DFF22462846D4
:10CD30000B49FFF71EFF28460A492246FFF71FFF4F
:10CD40002046BDE87040E7F383B270BD35D289005C
:10CD50005D8786006D978600FD848600E9868600E3
:10CD6000CDAA8600A5928600F0B5D0F8446187B0C0
:10CD700005465820E7F35AF20446002800F0938055
:10CD800000215822E2F33CF220462021494A40F893
:10CD9000205BE2F39BF201274FF0FF33E06184F860
:10CDA0004070A4F84C30304643492246FFF7D2FE8B
:10CDB000002878D1304641492246FFF7D1FE0028AD
:10CDC00071D130463E492246FFF7D0FE00286AD195
:10CDD00030463C492246FFF7CFFE002863D1284663
:10CDE00039492246FDF72CFC064600285BD18DE828
:10CDF000110004212846354A354BFDF7F7FB002882
:10CE0000206150DB2846394632463346009601946D
:10CE1000FDF7ECFB0028606145DB042128462D4A24
:10CE20002D4B0096019401F027FE0028A0613ADB0B
:10CE300028462A492246FDF7F7FB002833D1284B24
:10CE400003EBC60253F8363063B1526852B1310178
:10CE50008DE81400D5F8940601F0F001C022FEF729
:10CE6000ADFD00BB01360D2EE9D11E4B1E4A0093CD
:10CE700000230193029203930493059328681B49AE
:10CE80001B4A2346FAF790F868B9204646F0F6D8D0
:10CE900020B12046012144F0C3D820B9636C43F08F
:10CEA0000403636403E02046FFF720FF00242046CC
:10CEB00007B0F0BDB15A0100FD848600E986860006
:10CEC000CDAA8600A59286006D9786000192860005
:10CED00089918600059E8600F19D86005D8786000B
:10CEE000C49E0200198A860055AB8600ECF28800C9
:10CEF00035D2890038B50446D0B1806808B1E7F36F
:10CF0000A7F1236943B90EE0236953F8350008B14E
:10CF1000E7F39EF1013500E00025E3689D42F3DB75
:10CF20002069E7F395F12046BDE83840E7F390B17A
:10CF300038BD00002DE9F04105461820E7F37CF1EB
:10CF40000446002833D02B680560DB690C20DB69C0
:10CF500001335843E7F370F1A06040B32B68182009
:10CF6000DB69DA695B6F6260E360E7F35FF12061C0
:10CF7000E8B1124918220026E2F3BEF037460EE06F
:10CF80000E4BD4F810809B1918798000E7F354F108
:10CF9000236948F806009B59083643B10137E36816
:10CFA0009F42EDDB6B68064ADC609A6003E0204636
:10CFB000FFF7A0FF00242046BDE8F0812C9F02006F
:10CFC000B9BC860010B5C468A1420BDA006900EB59
:10CFD000C1042479A24208DA50F83110002041F847
:10CFE000223010BD6FF0150010BD6FF0150010BDA0
:10CFF00047F06C9B10B50446FFF7FAFFE084000C85
:10D0000084F82800002010BDD0F8F03310B5044695
:10D0100083B1D3F8280830B1E7F31AF1D4F8F0332C
:10D020000022C3F82828D4F8F003E7F311F1002315
:10D03000C4F8F03310BDC36B10B5044683B1836BE5
:10D040005B6B0B2B07D1D0F8E00320B1E7F300F1C5
:10D050000023C4F8E033E06BE7F3FAF00023E36366
:10D0600010BD10B504460120E7F3E0F00346E0638D
:10D07000A8B100210122E2F3C3F0A36B5B6B0B2B81
:10D080000CD14FF49470E7F3D1F00346C4F8E003F9
:10D0900028B100214FF49472E2F3B2F00123184654
:10D0A00010BD70B5044640F678100D46E7F3BEF0AB
:10D0B000C4F8F003002831D0002140F67812E2F3E2
:10D0C0009FF0B4F85220D4F8F03300261A70D4F848
:10D0D000F033204683F8B660C3F8B060D4F8F0337C
:10D0E00083F8B460A36B83F88460A36B1E679E67AC
:10D0F0003C23C4F8BC301023C4F8C030C4F8C4606A
:10D1000000F09AFFA36B022D0CBF1A6F9A6F0020DC
:10D11000DA6684F8C36284F8C26270BD6FF01A00E8
:10D1200070BD0000B0F8C632F7B504460E46FBB13C
:10D130000846E2F311F107461348E2F30DF13F18F8
:10D140001037BFB23846E7F371F00546B8B1B4F80E
:10D15000C632394600930D4A3346E2F3B7F0E06C2D
:10D160002946E2F3E9F607462846E7F371F03FB9AE
:10D17000E06C314603B0BDE8F040E2F3DDB60746AF
:10D18000384603B0F0BD00BF8F9F02007A9F0200B7
:10D19000044B1B78012B02D1002000707047FFF771
:10D1A000C1BF00BFFC0300002DE9F3471C46B0F8E7
:10D1B000C632074688469146C66C002B32D00846D8
:10D1C000E2F3CAF082462248E2F3C6F082440AF152
:10D1D000100A1FFA8AFA5046E7F328F0054600289D
:10D1E0002FD0B7F8C632514600931A4A4346E2F3AD
:10D1F0006DF038462946FFF7CBFF074668B1304649
:10D200002946E2F38DF640B1484506DD3046294611
:10D210004A46E2F379F6824600E0A2462846E7F362
:10D2200017F08FB930464146E2F37AF658B14845D7
:10D2300009DD304641464A4602B0BDE8F047E2F318
:10D2400063B6824600E0A246504602B0BDE8F087D1
:10D250008F9F02007A9F020010B51446FFF798FFD7
:10D2600028B100210A46BDE81040E2F301B420468F
:10D2700010BD000038B500220D4608490446FFF7EE
:10D28000EBFFC0B22823A84284F8660384F8D531A6
:10D29000CCBF84F8663384F8D50138BDD69F020030
:10D2A000012238B580F860200A23826B002580F8BF
:10D2B0009E31032380F89F3180F86F5380F87153BB
:10D2C00080F8735380F8755380F8775380F8BA511B
:10D2D00082F88A304FF6CE73A0F8783214491422BF
:10D2E000C0F874520446FFF7B7FF124984F866038A
:10D2F0002A462046FFF7B0FF7F2384F87B304FF0AB
:10D30000FF33A4F8983004F5F673C4F88C31642325
:10D3100084F858300423C4F8280384F86C50C4F807
:10D32000E453C4F8745284F8D43184F8D63138BD4B
:10D33000D69F02005E9F02000022FFF78DBF000013
:10D3400010B517490446FFF7F7FFC0B284F8E803A9
:10D350000138C0B2FD2802D9732384F8E83394F869
:10D36000E833204684F8E9330E49FFF7E5FFC0B201
:10D3700084F8EA0308B10F2802D1052384F8EA33C0
:10D3800094F8E82394F8EA33D31A84F8EB330023B3
:10D3900084F8EC3384F8EE33112384F8ED3310BDB8
:10D3A000849F0200E79F02002DE9F04105460C46EC
:10D3B00017461E46FFF7ECFE38B1284621463A468E
:10D3C0003346BDE8F041FFF7EFBE3046BDE8F081DF
:10D3D0000023FFF7E9BF000070B501220D463C496C
:10D3E0000446FFF739FF3B4984F8680300222046D2
:10D3F000FFF732FF384984F82C0307222046FFF755
:10D400002BFF364984F82D032046FFF7C1FE88B173
:10D4100032492046A66BFFF78FFF30493067204620
:10D42000A66BFFF789FFA36BB067022D0CBF1A6FC5
:10D430009A6FDA662A4900226FF095032046FFF7BB
:10D44000B3FF274984F83403012220466FF0950387
:10D45000FFF7AAFF022584F8350300232A46204659
:10D460001F49FFF7A1FF63190135052D83F8340328
:10D47000F3D100252A4620461A49FFF7A9FF631970
:10D4800001350E2D83F85703F4D1012384F8673357
:10D49000062220461449FFF7DFFE002284F86503C8
:10D4A00012492046A56BFFF7D7FE114985F82C01DC
:10D4B00000222046FFF7D0FE002384F83E034021DF
:10D4C000204684F82433BDE87040FFF7D3BE00BF88
:10D4D0006E9F0200449F0200C89F0200A09F0200AE
:10D4E000F89F0200C19F0200959F0200AD9F0200BD
:10D4F000699F020010B5044628B10468003418BFC3
:10D500000124E6F3A5F6204610BD10B5848B0C80EF
:10D51000018C118040F2DA321A8090F83520029B9B
:10D5200001201A8010BD90F834007047C06A70471F
:10D53000836B9961704738B5044600283ED0C56DAD
:10D54000013DC565002D39D1FFF75EFD2046FFF78F
:10D5500072FDD4F8801229B1A36B186900F08CFD1C
:10D56000C4F88052002584F89551204646F0E4DE48
:10D57000A26B1368A34202D1A36C136003E09A6C00
:10D58000A2421DD19D64D4F8943A0BB1204698472D
:10D59000A36B186951F094D8D4F8E41320B141B1C9
:10D5A000204647F08FD804E019B1A36B986852F079
:10D5B000CDDC2046E6F34CF6002038BD012038BD16
:10D5C000012038BD2DE9F0478A4600210446154662
:10D5D000C0680A4676469946EBF3DCF680460007BB
:10D5E0000CD5276857B1BB6BC7F84C901869F96A1E
:10D5F00051F02CD8FB6D0133FB65CEE04FF42F606A
:10D60000E6F314F6074628B96FF01A00314648F0E1
:10D61000A3DDC5E000214FF42F62E1F3F1F5FB6DCE
:10D62000C7F844A00133FB652368BC63BB640123D6
:10D63000C7F84C90276087F85930E26C41F26B03D1
:10D640009A4205D1636C932B0CBF0123182300E091
:10D650001823022DA7F88A3005D118F0010F1CBF3E
:10D660004FF40053FB62BB6BF96A186950F0EEDFB0
:10D670007B6CB3F8E0831FFA88F808F470631B0A28
:10D68000FB615FFA88F33B62BB6BD868F8F739FC43
:10D69000FB69A7F8C602092B04D10423FB613B6A8E
:10D6A00010333B62012387F824304FEA18333B6381
:10D6B0003846FFF79FFC002875D14FF48053A7F838
:10D6C00056304DF2240241F20103022D18BF1346D9
:10D6D000A7F8523038463749FFF75AFD38B1384677
:10D6E0003449D7F83880FFF727FEC8F86800384675
:10D6F000FFF7B7FC002856D038462946FFF76CFEE6
:10D700003846FFF7CDFD384600F0D2FB00284AD05E
:10D7100029463846FFF7C5FC0546002843D1384660
:10D72000FFF70EFE384647F001DD3846012146F08E
:10D73000AFDD3846294648F083DB4FF0FF33C7F8AA
:10D74000D432C7F8D832C7F8DC32C7F8E032C7F8AD
:10D75000E432C7F8E832C7F8EC32C7F8F03238469E
:10D7600007F11C011C22E1F3C7F4206950F0A8DF87
:10D7700060B1BB6B986852F035DEC7F8F80328B982
:10D780006FF01A00314648F0E7DC0CE03846002123
:10D7900048F04CDA002387F8FC3907F14C03FB64AE
:10D7A0003846BDE8F0873846FFF7C5FE0020BDE8E3
:10D7B000F08700BF519F020070B505464FF4987086
:10D7C0007646E6F333F5044628B96FF01A00314681
:10D7D00048F0C2DC39E000214FF49872E1F310F513
:10D7E0002B68A3606B68E360AB682361EB686360E0
:10D7F0002B6963612B8CA3846B8CE3846B6AA362BB
:10D80000AB6AE362EB6A23632B6B63636B6B6364EA
:10D81000AB6BA364EB6BE3642B6C23656B6C636590
:10D82000AB6CC4F81C316B69A365AB69E3650F236E
:10D8300023663D2363667923A3660123C4F8183168
:10D840000323E366002384F88B30204670BD00007C
:10D850007FB50A4B0A490093002301930293039377
:10D8600004930593074A0368F9F79EFB002814BF49
:10D870004FF0FF30002007B000BD00BF05E3860079
:10D8800068F48800B95A010001490268F9F731BB10
:10D89000B95A01000023F0B51C4607E0CE183568E0
:10D8A000C718C550756801347D6008339442F5D1BE
:10D8B000F0BD000038B5046C0023C4F8243690F89D
:10D8C0006D53094B094A4FF48060002D0CBF15467B
:10D8D0001D46E6F3ABF4C4F8240620B129468022A5
:10D8E000FFF7D8FF012038BD66AD020066B1020027
:10D8F00070B517494FF0FF32046C0546FFF7ACFCDA
:10D900001449C4F8500517222846FFF7A5FC002645
:10D91000C4F8540510496FF0250284F8586528466C
:10D92000FFF79AFC0D49A4F8480532462846FFF750
:10D9300093FC0B49A4F8040C6FF003022846FFF790
:10D940008BFCB4F84835C318A4F8063C70BD00BF82
:10D950001DA0020046A802002FA802009CAC0200F5
:10D9600007AD020038B527490446FFF7E5FCC0B211
:10D9700028288CBF0023012384F8690384F8CA0394
:10D9800084F86D3320462049FFF7D6FC082820464E
:10D990001CD81E490022FFF71BFD80B20022C4F8EC
:10D9A000FC001B492046FFF713FD1A49C4F800018B
:10D9B0002046FFF7C1FC184905462046FFF7BCFC8E
:10D9C00080B240EA0545C4F8045113E0134900222F
:10D9D000FFF7FEFC80B2C4F8FC001149002220468B
:10D9E000FFF7F6FC0F49C4F800012046FFF7A4FC3E
:10D9F000C4F8040120460C49FFF79EFC84F8080196
:10DA000038BD00BF1EA40200EFAC020014A8020043
:10DA10003DA802004CA0020038A0020090AC020019
:10DA200035AD0200A1A80200C4A70200F8B5A449C0
:10DA30000022056C0446FFF7CBFCA14985F8BC0425
:10DA400001222046FFF7C4FC9E4985F8BD04002250
:10DA500007232046FFF7A8FC922385F8BE049949C6
:10DA600001222046FFF7A0FC974985F8BF04002259
:10DA70002046FFF7F1FB9549C5F8C4040022204673
:10DA8000FFF7EAFB0026A5F85804914985F83364AE
:10DA900020463246FFF7E0FB8E49A5F80A042046EF
:10DAA000FFF74AFCB8B1012385F833342F464223EF
:10DAB000324620468749FFF777FCAB19C0B283F89E
:10DAC0002604B5F80A340136C018A7F80C0402374A
:10DAD0000D2EECD10DE0804942222046FFF7BCFB21
:10DAE000C2B285F8082420467C49FFF7B5FBA5F8AB
:10DAF00006047B4900222046FFF7AEFB794985F8F2
:10DB000038044FF0FF322046FFF7A6FB7649A5F810
:10DB100068054FF0FF322046FFF79EFB7349A5F8DA
:10DB20006A054FF0FF322046FFF796FB7049A5F8D3
:10DB30006E054FF0FF322046FFF78EFB6D4985F8EA
:10DB4000700500222046FFF787FB002684F874004A
:10DB5000324620466849FFF73BFCAB1901360E2ED2
:10DB600083F80606F4D1A12264492046FFF774FB2E
:10DB70006349C5F8C00546F20F622046FFF76CFB0B
:10DB80000822C5F8C4055F492046FFF765FB5E49DA
:10DB9000C5F8C8056FF008022046FFF75DFB5B493A
:10DBA000C5F8CC0540F6BB722046FFF755FB0A22AC
:10DBB000C5F8D00556492046FFF74EFB5549C5F834
:10DBC000D4056FF044022046FFF746FB5249A5F802
:10DBD00002066FF04A022046FFF73EFB0122A5F83D
:10DBE00004064E492046FFF737FB80B2031C18BFDE
:10DBF000012300F0020085F84A353F2285F84B05E5
:10DC000047492046FFF728FB642285F84C05454923
:10DC10002046FFF721FB4449C5F85C054FF0FF3271
:10DC20002046FFF719FBC5F86005013018BF012039
:10DC300085F864053D4900222046FFF70DFBC0B280
:10DC400000F00F03000900F0010085F8143685F894
:10DC500017063749002226232046FFF7A5FB344943
:10DC6000A5F81806012242232046FFF79DFB50230A
:10DC7000A5F81A062E4902222046FFF795FB062238
:10DC8000A5F81C062B492046FFF7E6FA85F81E0684
:10DC90002046FFF767FE94F86D232046002A4DD1F9
:10DCA0002549FFF795FB2449A4F882030122204669
:10DCB000FFF78EFB2049A4F87E0320464DE000BF0D
:10DCC000C8AC020073A8020087AC020054AC02008A
:10DCD0007FA8020074AC0200B1AC0200E3AC020009
:10DCE00008A0020055A00200F7AC020061A80200E3
:10DCF0001CA80200BAAC02004CAD020025A802002C
:10DD00008DA80200D2AC0200D9AC020014A002001F
:10DD10005FAD02002AAD020067AC0200DFA702007F
:10DD2000ADA80200FAA70200E8A7020041A0020085
:10DD300080AC0200D1A7020045AD020025490022B7
:10DD4000FFF746FB2349A4F8820301222046FFF790
:10DD50003FFB2049A4F87E0320460222FFF738FB50
:10DD60000023A4F880031C4985F83336204602229C
:10DD7000FFF71AFB10B1012385F8333695F83336D7
:10DD80002BB3154900222046FFF722FB1249A4F8C5
:10DD90002C0A01222046FFF71BFB0F49A4F8280A92
:10DDA00002222046FFF714FB0C49A4F82A0A00229D
:10DDB0002046FFF751FA0A4985F831062822204605
:10DDC000FFF74AFA002385F8320684F8673301200A
:10DDD000F8BD00BF0AA80200A5AC0200DAA7020045
:10DDE0005AAD020038B50E49046C0546FFF7A4FA97
:10DDF0000C4984F829062846FFF79EFAFF2284F88A
:10DE00002A0609492846FFF727FA084984F8300608
:10DE10002846FFF791FAC4F82C06012038BD00BF50
:10DE20005EAC020096A802002BA0020051A80200DE
:10DE300038B50446056C4FF46770E6F3F7F1C5F8A2
:10DE40002006236CD3F82006B0B1D4F8DC300B4A9E
:10DE5000934207D00A4A934206D00A4A93420AD113
:10DE6000094902E0094900E009494FF46772E1F30A
:10DE700043F1012038BD002038BD00BFC0AD3A02DB
:10DE800080BA8C0100F82401B8A8020082A0020028
:10DE900028A4020010B504464EF00AD8236CD3F82B
:10DEA0002006E6F3D5F1206CBDE81040E6F3D0B1D2
:10DEB00070B5044640F60840E6F3B8F10546206424
:10DEC000002800F08380002140F60842E1F398F139
:10DED0000125A36B84F8825084F8F050D868EBF3E6
:10DEE000BDF13B4BC4F8DC00C4F8483A394B20463E
:10DEF000C4F84C3A384BC4F8503A384BC4F8543A4A
:10DF0000374BC4F8A03A374BC4F85C3A364BC4F8E8
:10DF1000643A364BC4F86C3A354BC4F8703A354B1A
:10DF2000C4F87C3A344BC4F8B43A344BC4F8B03A31
:10DF3000334BC4F8C03A334BC4F8BC3A324BC4F844
:10DF4000C43A324BC4F8C83A314BC4F8CC3A314BDE
:10DF5000C4F8943A304BC4F8D03A304BC4F8D43AB1
:10DF60002F4BC4F8D83A2F4BC4F8DC3A2E4BC4F8E8
:10DF7000E03AFFF75BFD40B32046FFF759FF20B3BF
:10DF80002046FFF797FC00B32046FFF7B1FC236C57
:10DF9000204683F8C054FFF725FF2449002220467D
:10DFA000266CFFF759F9224986F8340600222046EC
:10DFB000FFF752F91F4984F890022A462046266C42
:10DFC000FFF74AF986F8350600E00546284670BD99
:10DFD000554B8700114A8700154A8700B95E8700B4
:10DFE0008D358700214B8700915E8700CDEC860040
:10DFF000296487001D4B8700895F870015F986001B
:10E00000D5F886004938870061498700CD2187000F
:10E01000C5F90000415D0200F50A8700F90A870092
:10E02000F10A8700FD0A87000D0B870072A002002D
:10E0300064A0020014AD0200836B93F82C210AB196
:10E04000042200E003221A67DA667047F8B5074633
:10E050000C200D461646E6F3E9F0044630B10021E7
:10E060000C22E1F3CDF027606660A5602046F8BD84
:10E0700008B1E6F3EDB070478068F2F35BB40000DE
:10E0800070B5064686B06C20E6F3D0F00446D0B1F9
:10E0900000216C22E1F3B4F00823A3610E4B26604B
:10E0A0000025009330680D490D4A234601950295DD
:10E0B000039504950595F8F777FF38B93268012381
:10E0C00082F892302371204606B070BD2046E6F3F8
:10E0D000BFF02C46F7E700BF0D698700B00A890042
:10E0E000665B010010B5044668B10368064918680C
:10E0F0002246F8F7FEFE204651F048D82046BDE8FB
:10E100001040E6F3A5B010BD665B010010B50446F3
:10E1100048B1054922464068F8F7EBFE2046BDE8C5
:10E120001040E6F395B010BD5CF4890070B506466A
:10E1300086B01020E6F37AF0044630B300211022B6
:10E14000E1F35EF033682660636073680025A360C6
:10E15000042130460E4A0F4B00950194FCF746FA15
:10E16000A842E0600DDB0C4B30688DE828000B49BD
:10E170000B4A23460295039504950595F8F714FF7D
:10E1800018B12046FFF7C2FF0024204606B070BD3C
:10E1900029748700117487007D7487007C0B8900C7
:10E1A0005CF4890030B5054687B01420E6F33EF0F4
:10E1B000044638B300211422E1F322F06B6828688A
:10E1C000A360124B25606060002500931049114A3E
:10E1D000234601950295039504950595F8F7E4FE0D
:10E1E00060B90A2323730F2363736423A373022389
:10E1F000E373062323740123637403E02046E6F3EC
:10E2000027F02C46204607B030BD00BF217B870099
:10E21000940B89000CE3890010B5044648B1054908
:10E2200022464068F8F765FE2046BDE81040E6F358
:10E230000FB010BD0CE3890010B5044658B1064B71
:10E2400021461B88C3581868F8F772FF2046BDE8BE
:10E250001040E5F3FDB710BDD403000073B50546CB
:10E260000C20E5F3E9F70446C8B1104B04221A80EC
:10E2700002214560002301900D4A28460093FCF7D7
:10E28000B5F9002820600ADB01232381094B2868A7
:10E2900000932146084A0223F8F7D9FE18B1204618
:10E2A000FFF7CAFF002420467CBD00BFD403000056
:10E2B0007D858700FC0B8900A985870038B5044659
:10E2C00080B1094B21461B88C5582868F8F730FFF4
:10E2D000286806492246F8F70CFE2046BDE838407B
:10E2E000E5F3B6B738BD00BFD6030000845B01007C
:10E2F000F0B5054687B01420E5F39EF704460028E4
:10E3000056D02F4B04221A8045600026019004212C
:10E3100028462C4A2C4B0096FCF768F9B042206046
:10E3200046DB0123A3810C232382284B0722E281B1
:10E330000093274B286801932649274A23460296D3
:10E34000039604960596F8F72FFE002830D1234B4C
:10E35000286800932146224A0523F8F778FE38BB47
:10E36000204BD5F894068DE818004FF490712A22BE
:10E370001D4BFDF703FBD8B9D5F8940680212A225E
:10E380001A4B0094FDF712FC90B9B5F8AA0106F0FB
:10E3900023DD801B18BF01200A3055F820301B6890
:10E3A000022B09D1012120460A4652F0ABDD03E0E1
:10E3B0002046FFF783FF0024204607B0F0BD00BFD2
:10E3C000D60300005D89870049898700DD8B8700BF
:10E3D000F58B8700340C8900845B01000C0C8900EC
:10E3E000098B8700F98C8700E9898700F988870005
:10E3F000084B10B51B88044650B1C358064918682D
:10E400002246F8F776FD2046BDE81040E5F320B738
:10E4100010BD00BFD80300008B5B010070B505463E
:10E4200086B01420E5F308F70446002844D0264BB4
:10E4300008221A8000238560042100930190234A5A
:10E440002846234BFCF7D2F80028206034DB022357
:10E45000A38105220C23E2812382D5F89406802132
:10E460003D221C4B0094FDF7A1FB28BB1A4B0290E8
:10E4700000931A4B03900193049005901849286863
:10E48000184A2346F8F790FDB0B9B5F8AA0106F08E
:10E49000A3DC2B6893F84F201AB1032A14BF032280
:10E4A00001222046012153F063DA204602214FF079
:10E4B000FF3253F05DDA03E02046FFF799FF0024B6
:10E4C000204606B070BD00BFD8030000319287001F
:10E4D0001D928700E9918700999387000195870035
:10E4E000400C89008B5B010038B5044698B1056883
:10E4F000224628460849FCF79CF821462868F8F788
:10E5000017FE286805492246F8F7F3FC2046BDE8C7
:10E510003840E5F39DB638BD1D9E8700C9E38900EC
:10E5200030B5054687B00820E5F386F60446002896
:10E530003ED000230560042100930190204A284624
:10E54000204BFCF753F80028606031DB28461E4959
:10E550002246FCF769F858BB1C4B019000930290CF
:10E560000390049005901A4928681A4A2346F8F740
:10E570001BFDE8B9184B286800932146174A012370
:10E58000F8F765FDA0B9164BD5F894068DE818008C
:10E590004FF490712822134BFDF7F0F940B9D5F8EC
:10E5A000940680212822104B0094FDF7FFFA18B141
:10E5B0002046FFF799FF0024204607B030BD00BF7A
:10E5C000A19D8700619D87001D9E8700A59E8700F5
:10E5D0009C0C8900C9E38900940C8900799E87000E
:10E5E0009D9F8700459E8700459D870070B5064624
:10E5F00086B09C20E5F320F60446002834D006605F
:10E600001B4B3068002560601A4900931A4A234664
:10E6100001950295039504950595F8F7C5FCF8B9A1
:10E62000D6F884341E229B7822610422E2720222F0
:10E630002377227301230A22E376237263616273D4
:10E64000A3764FF6AF72A37784F899301023A073A6
:10E650006072A072228384F89A3084F8983003E0C4
:10E660002046E5F3F5F52C46204606B070BD00BF08
:10E6700019AE8700001C890066B50200C0F884103E
:10E68000C0F88820C0F88C307047000010B50446F0
:10E6900048B1054922464068F8F72BFC2046BDE802
:10E6A0001040E5F3D5B510BD66B5020038B5044697
:10E6B00000B3436B05680BB1E9F7C6FC04F1140025
:10E6C000DBF38AF404F11800DBF386F404F11000A4
:10E6D000DFF382F504F12400DBF372F422460649ED
:10E6E0002868F8F706FC2046E5F3B2F52B6800220F
:10E6F00083F8622138BD00BF7AE689002DE9F04138
:10E70000054686B03820E5F397F5044600287FD00B
:10E7100005600026019004212846414A414B00969D
:10E72000FBF764FFB042606072DB042128463E4A7A
:10E730003E4B0096019400F09FF9B042A06067DB69
:10E740000127E76038463A493A4A6B68DFF32EF111
:10E75000206100285CD006213246D5F80480DFF322
:10E760006BF53449034642463148DBF317F46062E7
:10E7700000284DD0072132462069DFF35DF5394688
:10E780000346E0613246606ADBF3E8F2394602464E
:10E79000A0612069DFF350F5E36939463246606ACB
:10E7A000DBF3DCF20221024660612069DFF344F50D
:10E7B000214B4FF00308C4F82C808DE848001F4B14
:10E7C000286804931E4B1F4905931F4A234602964F
:10E7D0000396F8F7E9FBD8B91C4BD5F894068DE8F9
:10E7E0001800B02142461A4BFDF746F880B9194B84
:10E7F000D5F894068DE81800B0215D22164BFDF780
:10E8000069F928B91423A3622B6883F8627103E0C5
:10E810002046FFF74BFF0024204606B0BDE8F081FC
:10E8200015D28700B9060100890501004DE0870077
:10E83000FDD0870005D1870099D38700945B010044
:10E8400019050100181C89007AE6890017150100D6
:10E850008F16010055140100C11401002DE9F04389
:10E86000074687B04FF441700E4615469846E5F3CB
:10E87000DDF40446002878D000214FF44172E0F323
:10E88000BFF42820E5F3D2F48146206020B9204669
:10E89000E5F3DEF4484668E000212822E0F3B0F416
:10E8A00023684FF441721C606261E5604FF0FF32F3
:10E8B0000025A261A760C4F804809D711423A4F808
:10E8C00008322823A4F806322D23A4F804326E233C
:10E8D000A4F80A32022384F80C326423A4F83832F4
:10E8E00084F80D523046224922462B46F2F33AF084
:10E8F000C4F8F80130B304F51473C4F81832C4F83E
:10E9000014321C4B0526C4F81C6200931A4B029566
:10E9100001931A4B049503930595234638681849CB
:10E92000184AF8F741FB034660B90090386821683F
:10E93000154AF8F78CFB28B984F8406284F84162E4
:10E94000206812E0D4F8F81119B1A3689868F1F3BF
:10E95000F1F7206908B100F03FF8206808B1E5F34D
:10E9600077F42046E5F374F4002007B0BDE8F083A7
:10E9700065F68700C5EF870049F6870039FF8700F5
:10E980006C1C890000E889006500880038B50546E0
:10E99000F0B10468E4B1D4F8F81131B1A368986813
:10E9A000F1F3C8F70023C4F8F831A36822461868C9
:10E9B0000849F8F79EFAA36821681868F8F7B8FBC9
:10E9C0002846E5F345F42046BDE83840E5F340B479
:10E9D00038BD00BF00E8890010B5044630B159F0D9
:10E9E000B9DE2046BDE81040E5F332B410BD0000AA
:10E9F000F7B506680546F3691F6D02373F013846D3
:10EA0000E5F314F4044610B300213A46E0F3F8F3BA
:10EA100084E860001021002628460E4A0E4B00961E
:10EA20000194FBF7E3FDB042A0610CDB04F120038D
:10EA300063614FF44773E360D5F8380604F11C01B5
:10EA4000DFF3DEF518B12046E5F302F43446204644
:10EA5000FEBD00BFB90888009D08880010B50446B7
:10EA600048B1C36913B11C30DFF3E0F52046BDE8BF
:10EA70001040E5F3EDB310BDF0B5D0F824410068C7
:10EA80002569C069006D854211D267692E01B819E8
:10EA9000013525614360059BBA518360069BC360C5
:10EAA000E068C31C591821F00301E160F0BD4FF08C
:10EAB000FF30F0BD37B505461820E5F3B7F304463F
:10EAC00038B300211822E0F39BF32B6825606360C4
:10EAD0006B682846A360FFF765FBE06088B15BF0D8
:10EAE000AFD8002301468DE8180028460A4A0B4B90
:10EAF000FFF7C2FF0028206103DB51F04DD86061B1
:10EB000007E0E06808B1FFF787FB2046E5F3A0F3D4
:10EB1000002420463EBD00BF1D1B8800F91A880056
:10EB200010B5044638B1C068FFF776FB2046BDE853
:10EB30001040E5F38DB310BD73B505461820E5F31D
:10EB400075F30446002838D000211822E0F358F36A
:10EB50000C20E5F36BF3064600282DD000210C2293
:10EB6000E0F34EF32B686661256063602846FFF78B
:10EB70003DFDA060B8B15BF09DD8002301468DE853
:10EB8000280028460E4A0F4BFFF776FF0028E0606A
:10EB900009DB56F013DA0C4920610C4AA0680C4BD3
:10EBA000FFF76CFD09E0A06808B1FFF76FFD204694
:10EBB000E5F34EF3002400E0044620467CBD00BF90
:10EBC000CD1B8800A91B8800C1218800B5218800C1
:10EBD000A91E880010B5044650B18068FFF756FDA5
:10EBE0006069E5F335F32046BDE81040E5F330B346
:10EBF00010BD000070B5444B86B000930023019314
:10EC000002930393414B04460493414B41490593BE
:10EC10000068414A2346F8F7C7F9054600286FD136
:10EC2000D4F884341421A3F86410A36A012683F86D
:10EC30004C00E36A204683F84C60A16A5EF0E8D895
:10EC4000E16A20465EF0E4D8204629465DF0EADB22
:10EC5000A36A83F84D50E36A83F84D50236A18691C
:10EC6000E7F7F6FE830707D5D4F884344FF0FF3278
:10EC70005E73D4F88434DA812368D4F884545E69EE
:10EC800051F0BCD90146304651F052D9E862002813
:10EC900036D0D4F884341F2283F87820D4F8840442
:10ECA000052257304FF0FF31E0F3AAF22368D4F881
:10ECB0008424B3F8C810D3F8D80051850A215163D1
:10ECC0001649E1F315F1431E0D2BD4F88454236843
:10ECD00098BF68631249D3F8D800E1F309F185F8C9
:10ECE0008A00D4F88434012283F85120D4F8843483
:10ECF00000201A7883F84E20D4F88434586701E055
:10ED00004FF0FF3006B070BDE9398800105C01009B
:10ED1000AD1E0100341D89006EB5020081B50200F0
:10ED200072B50200D0F8843410B5D96A044611B126
:10ED3000406851F00BD9206802492246BDE81040D6
:10ED4000F8F7D7B86EB5020038B503680446D0F8B6
:10ED500084542749D3F8D800E1F3CAF02870236817
:10ED60002449D3F8D800D4F88454E1F3C1F0E87012
:10ED7000D4F884341A78013AD2B2FD2A01D901229A
:10ED80001A70D4F884341A785A700023D4F8842482
:10ED9000D11812780133052B81F85220F6D1D4F81E
:10EDA000845401212846E0F38BF4A870D4F884340D
:10EDB000DA78013AD2B2FD2A01D90122DA70D4F808
:10EDC00084340121DA785A71D4F88454E81CE0F3D1
:10EDD00077F42871D4F8843420461A799A715DF05A
:10EDE00053DAB4F858142046BDE838405DF0A49AD0
:10EDF0008EB5020096B5020010B50446D8B1406841
:10EE00000D492246FBF72BFC236A1BB104F12000BD
:10EE1000DFF30CF4237F23B1606808492246FBF737
:10EE200008FCA06806492246F8F763F82046BDE8CA
:10EE30001040E5F30DB210BDD15688005154880042
:10EE40007E5C010030B5054687B02420E5F3EEF185
:10EE5000044600283ED000212422E0F3D1F12B68A3
:10EE60000022A360AB686560E3606B6804212361E6
:10EE70000823A3822846194B8DE81400FBF7B6FB44
:10EE80000028206022DB284615492246FBF7CCFBF0
:10EE9000E0B901232377284612492246FBF7DAFB23
:10EEA000A0B9D5F8380604F12001DFF3A9F368B959
:10EEB0000D4B0190009302900390049005900B4934
:10EEC00028680B4A2346F8F76FF818B12046FFF779
:10EED00093FF0024204607B030BD00BFC95488000E
:10EEE00051548800D1568800555588001C1F890050
:10EEF0007E5C0100D0F8D036186ADFF35DB3D0F83D
:10EF0000D036186ADFF3BAB3F8B5D0F88464044693
:10EF10000D46D1F8D800C149E0F3EAF786F81C01A4
:10EF2000D5F8D800BE49E1F307F0D4F8846438B1CD
:10EF3000D5F8D800BA49E0F3DBF786F8E80002E03C
:10EF4000022386F8E830D5F8D800B649E0F3F4F7A4
:10EF5000D4F8846438B1D5F8D800B249E0F3C8F7E2
:10EF600086F8580102E0FF2386F85831AE49D5F8FB
:10EF7000D800D4F88464E0F3BBF7AC49C6F82001AC
:10EF8000D5F8D800D4F88464E0F3B2F7A849A6F81D
:10EF90002A01D5F8D800D4F88464E0F3A9F7A5498C
:10EFA000A6F82C01D5F8D800D4F88464E0F3A0F7D3
:10EFB000A149A6F82E01D5F8D800D4F88464E0F36E
:10EFC00097F786F8E900D4F8843493F8E92012B969
:10EFD000022283F8E920D5F8D8009849D4F884644F
:10EFE000E0F386F7A6F8C600D4F88464B6F9C63014
:10EFF00013B90123A6F8C630D5F8D8009049E0F33C
:10F0000077F7C6F8D800D4F88464D6F8D8301BB99E
:10F010004CF25033C6F8D83096F8E93001229A40C5
:10F02000D6F8D810D5F8D8008A4288BFC6F8D820BC
:10F03000022212FA03F38349C6F8DC30E0F358F7F2
:10F04000C6F8E400D4F88464D6F8E4301BB94FF471
:10F050009673C6F8E430D5F8D8007B49E0F348F75A
:10F06000A6F8C400D4F88464B6F9C43013B91923DF
:10F07000A6F8C430D5F8D8007449E0F339F786F81B
:10F080006C01D4F8843493F86C2112B9052283F80A
:10F090006C216F49D5F8D800D4F88464E0F328F7E0
:10F0A000D4F88434A6F8F00093F81C21694983F859
:10F0B0001D21D4F8843493F81D2183F84821D4F815
:10F0C0008434DA7983F8AC20D4F884341A7A83F85B
:10F0D0004521D4F884644FF6A273A6F8EA30A6F866
:10F0E000EC30A6F8EE30D5F8D800E0F301F7A6F83A
:10F0F000F200D4F88464B6F9F2301BB94FF6A2736B
:10F10000A6F8F23096F8E930012212FA03F3D6F8A5
:10F11000D8205149934288BFC6F8D8300023A6F8BA
:10F12000B230A6F8B430A6F8B630C6F8B830C6F893
:10F13000BC30C6F8C030D5F8D8001F46E0F3D8F68A
:10F1400086F844014549D5F8D800D4F88464E0F342
:10F15000CFF686F84B01D5F8D8004149D4F884643D
:10F16000E0F3C6F6D4F88434C6F8240183F8297194
:10F17000D4F88434D3F824211AB94FF49B72C3F81D
:10F18000242193F81D2102B10322C3F84C21C3F8B6
:10F1900050210022C3F85421D5F8D8003149E0F3BA
:10F1A000CBF640B1D5F8D8002E49D4F88464E0F30A
:10F1B0009FF6C6F85401D5F8D8002B49E0F3BCF609
:10F1C00040B1D5F8D8002849D4F88464E0F390F62B
:10F1D000C6F84C01D5F8D8002449E0F3ADF640B1AB
:10F1E000D5F8D8002149D4F88464E0F381F6C6F854
:10F1F00050011F4922460023A068D4F88454F1F33B
:10F20000B1F31C49C5F830012246A0680023D4F8A8
:10F210008454F1F3A7F3C5F83401F8BD2CB602000D
:10F22000A4B6020074B6020057B60200CBB50200C5
:10F23000EEB5020000B6020096B602009EB50200CE
:10F2400067B602001FB60200BEB50200CDB60200CE
:10F25000DDB5020081B6020012B60200AEB50200B2
:10F26000BFB6020045B6020035B60200AFB60200D6
:10F270003F330100AD33010038B5044680B1056865
:10F280002246D5F844010749FDF779FC284606498E
:10F290002246FBF7CEF92046BDE83840E4F3D8B764
:10F2A00038BD00BF1D708800B16E880037B50546B7
:10F2B0000820E4F3C1F70446C0B1056000220190C4
:10F2C000042128460C4B0092FBF790F9002860605F
:10F2D0000CDB284609492246FBF7A6F930B9D5F8D8
:10F2E000440107492246FDF747FC18B12046FFF7C5
:10F2F000C3FF002420463EBD596F8800B16E8800D0
:10F300001D70880038B5044670B10568214628682C
:10F31000F7F70EFF286805492246F7F7EAFD204671
:10F32000BDE83840E4F394B738BD00BF845C010009
:10F3300030B5054687B00C20E4F37EF7044600287C
:10F3400046D0274B05604FF4907100930190202226
:10F35000D5F89406234BFCF711FB002838D1224B3B
:10F36000D5F894068DE818004FF4907123221F4BB6
:10F37000FCF704FB00282BD11D4BD5F894068DE833
:10F380001800402188221B4BFCF718FB00BBD5F866
:10F39000940680212022184B0094FCF707FCB8B992
:10F3A000164B02900093164B039001930490059026
:10F3B00014492868144A2346F7F7F6FD40B9134B61
:10F3C000286800932146124A0123F7F740FE18B13E
:10F3D0002046FFF797FF0024204607B030BD00BF4E
:10F3E00021768800E9738800557688000D748800BE
:10F3F000C1758800D5738800BD7388005D7488006E
:10F40000BD758800781F8900845C0100701F890029
:10F410003174880010B5044660B1074B07491B885A
:10F420002246C3581868F7F764FD2046BDE810402F
:10F43000E4F30EB710BD00BFDA030000885C0100E2
:10F44000F0B5074687B01420E4F3F6F6054620B37E
:10F45000154B06460024042206F8044B1A800123AB
:10F4600047603372F4607472042101900F4A384689
:10F470000F4B0094FFF700FBA04270600DDB0D4BBB
:10F4800000940193029403940494059438682146EF
:10F49000094A2B46F7F788FD18B12846FFF7BAFF4F
:10F4A0000025284607B0F0BDDA030000D9778800B0
:10F4B000B977880029788800885C010070B5054616
:10F4C00086B01820E4F3B8F6044600285AD02B681A
:10F4D0000026012243600560082183F8AD200190D9
:10F4E0003246284633460096FFF7C6FAB0422061FE
:10F4F0004BDB10212846274A274B00960194FBF747
:10F5000075F8B042C5F898013FDB0423E360234B54
:10F51000A06005218DE81800D5F894064422204B00
:10F52000FCF72CFA002830D11E4BD5F894068DE854
:10F5300018004FF4907144221B4BFCF71FFA00286F
:10F5400023D1D5F8940605214422184B0094FCF7EA
:10F55000CBFCD0B9D5F89406C0214422144B0094BA
:10F56000FCF7C2FC88B9134B01900093124B039037
:10F5700002930490059011492868114A2346F7F731
:10F5800013FD10B9204606B070BD2046E4F360F6C6
:10F590000024F7E7798188005D818800DD8088009C
:10F5A0003580880035818800058188005580880075
:10F5B0003D858800C5828800CD858800E01F8900D0
:10F5C0008C5C010010B5044648B1054922464068EC
:10F5D000F7F78FFC2046BDE81040E4F339B610BDC4
:10F5E0008C5C010070B5054686B03020E4F31EF651
:10F5F0000446002831D000213022DFF301F61A4BF7
:10F6000025600093002301930293039304930593D1
:10F6100028681649164A2346F7F7C6FC0646E0B99D
:10F62000FF23A3750123E3752B681249D3F8D80093
:10F63000E0F382F420B131463246E0F319F2A075CE
:10F640002B680D49D3F8D800E0F376F448B10021D7
:10F650000A46E0F30DF2E07503E0284661F094DD20
:10F660000024204606B070BDA98C88001C208900AB
:10F6700056FB8900E3B60200EDB6020038B5044639
:10F68000002820D061F0D4DDA36A73B1204661F078
:10F6900099DA0AE02B6868686360E4F3D9F52846D4
:10F6A000E4F3D6F5237D013B23756568002DF1D188
:10F6B0002368054918682246F7F71BFC2068BDE857
:10F6C000384061F0619D38BD56FB8900776C635FFF
:10F6D000626D61635F696E666F5F696E6974000079
:10F6E000000000000000000000000000000000001A
:10F6F000000000000000000000000000000000000A
:10F7000000000000000000000000000000000000F9
:10F7100000000000000000000000000000000000E9
:10F7200000000000000000000000000000000000D9
:10F7300000000000000000000000000000000000C9
:10F7400000000000000000000000000000000000B9
:10F7500000000000000000000000000000000000A9
:10F760000000000000000000000000000000000099
:10F770000000000000000000000000000000000089
:10F780000000000000000000000000000000000079
:10F790000000000000000000000000000000000069
:10F7A0000000000000000000000000000000000059
:10F7B0000000000000000000000000000000000049
:10F7C0000000000000000000000000000000000039
:10F7D0000000000000000000000000000000000029
:10F7E0000000000000000000000000000000000019
:10F7F0000000000000000000000000000000000009
:10F8000000000000000000000000000000000000F8
:10F8100000000000000000000000000000000000E8
:10F8200000000000000000000000000000000000D8
:10F8300000000000000000000000000000000000C8
:10F8400000000000000000000000000000000000B8
:10F8500000000000000000000000000000000000A8
:10F860000000000000000000000000000000000098
:10F870000000000000000000000000000000000088
:10F880000000000000000000000000000000000078
:10F890000000000000000000000000000000000068
:10F8A0000000000000000000000000000000000058
:10F8B0000000000000000000000000000000000048
:10F8C0000000000000000000000000000000000038
:10F8D0000000000000000000000000000000000028
:10F8E0000000000000000000000000000000000018
:10F8F0000000000000000000000000000000000008
:10F9000000000000000000000000000000000000F7
:10F9100000000000000000000000000000000000E7
:10F9200000000000000000000000000000000000D7
:10F9300000000000000000000000000000000000C7
:10F9400000000000000000000000000000000000B7
:10F9500000000000000000000000000000000000A7
:10F960000000000000000000000000000000000097
:10F970000000000000000000000000000000000087
:10F980000000000000000000000000000000000077
:10F990000000000000000000000000000000000067
:10F9A0000000000000000000000000000000000057
:10F9B0000000000000000000000000000000000047
:10F9C0000000000000000000000000000000000037
:10F9D0000000000000000000000000000000000027
:10F9E0000000000000000000000000000000000017
:10F9F0000000000000000000000000000000000007
:10FA000000000000000000000000000000000000F6
:10FA100000000000000000000000000000000000E6
:10FA200000000000000000000000000000000000D6
:10FA300000000000000000000000000000000000C6
:10FA400000000000000000000000000000000000B6
:10FA500000000000000000000000000000000000A6
:10FA60000000000000000000000000000000000096
:10FA70000000000000000000000000000000000086
:10FA80000000000000000000000000000000000076
:10FA90000000000000000000000000000000000066
:10FAA0000000000000000000000000000000000056
:10FAB0000000000000000000000000000000000046
:10FAC0000000000000000000000000000000000036
:10FAD0000000000000000000000000000000000026
:10FAE0000000000000000000000000000000000016
:10FAF0000000000000000000000000000000000006
:10FB000000000000000000000000000000000000F5
:10FB100000000000000000000000000000000000E5
:10FB200000000000000000000000000000000000D5
:10FB300000000000000000000000000000000000C5
:10FB400000000000000000000000000000000000B5
:10FB500000000000000000000000000000000000A5
:10FB60000000000000000000000000000000000095
:10FB70000000000000000000000000000000000085
:10FB80000000000000000000000000000000000075
:10FB90000000000000000000000000000000000065
:10FBA0000000000000000000000000000000000055
:10FBB0000000000000000000000000000000000045
:10FBC0000000000000000000000000000000000035
:10FBD0000000000000000000000000000000000025
:10FBE0000000000000000000000000000000000015
:10FBF0000000000000000000000000000000000005
:10FC000000000000000000000000000000000000F4
:10FC100000000000000000000000000000000000E4
:10FC200000000000000000000000000000000000D4
:10FC300000000000000000000000000000000000C4
:10FC400000000000000000000000000000000000B4
:10FC500000000000000000000000000000000000A4
:10FC60000000000000000000000000000000000094
:10FC70000000000000000000000000000000000084
:10FC80000000000000000000000000000000000074
:10FC90000000000000000000000000000000000064
:10FCA0000000000000000000000000000000000054
:10FCB0000000000000000000000000000000000044
:10FCC0000000000000000000000000000000000034
:10FCD0000000000000000000000000000000000024
:10FCE0000000000000000000000000000000000014
:10FCF0000000000000000000000000000000000004
:10FD000000000000000000000000000000000000F3
:10FD100000000000000000000000000000000000E3
:10FD200000000000000000000000000000000000D3
:10FD300000000000000000000000000000000000C3
:10FD400000000000000000000000000000000000B3
:10FD500000000000000000000000000000000000A3
:10FD60000000000000000000000000000000000093
:10FD70000000000000000000000000000000000083
:10FD80000000000000000000000000000000000073
:10FD90000000000000000000000000000000000063
:10FDA0000000000000000000000000000000000053
:10FDB0000000000000000000000000000000000043
:10FDC0000000000000000000000000000000000033
:10FDD0000000000000000000000000000000000023
:10FDE0000000000000000000000000000000000013
:10FDF0000000000000000000000000000000000003
:10FE000000000000000000000000000000000000F2
:10FE100000000000000000000000000000000000E2
:10FE200000000000000000000000000000000000D2
:10FE300000000000000000000000000000000000C2
:10FE400000000000000000000000000000000000B2
:10FE500000000000000000000000000000000000A2
:10FE60000000000000000000000000000000000092
:10FE70000000000000000000000000000000000082
:10FE80000000000000000000000000000000000072
:10FE90000000000000000000000000000000000062
:10FEA0000000000000000000000000000000000052
:10FEB0000000000000000000000000000000000042
:10FEC0000000000000000000000000000000000032
:10FED0000000000000000000000000000000000022
:10FEE0000000000000000000000000000000000012
:10FEF0000000000000000000000000000000000002
:10FF000000000000000000000000000000000000F1
:10FF100000000000000000000000000000000000E1
:10FF200000000000000000000000000000000000D1
:10FF300000000000000000000000000000000000C1
:10FF400000000000000000000000000000000000B1
:10FF500000000000000000000000000000000000A1
:10FF60000000000000000000000000000000000091
:10FF70000000000000000000000000000000000081
:10FF80000000000000000000000000000000000071
:10FF90000000000000000000000000000000000061
:10FFA0000000000000000000000000000000000051
:10FFB0000000000000000000000000000000000041
:10FFC0000000000000000000000000000000000031
:10FFD0000000000000000000000000000000000021
:10FFE0000000000000000000000000000000000011
:10FFF0000000000000000000000000000000000001
:020000041003E7
:1000000000000000000000000000000000000000F0
:1000100000000000000000000000000000000000E0
:1000200000000000000000000000000000000000D0
:1000300000000000000000000000000000000000C0
:1000400000000000000000000000000000000000B0
:1000500000000000000000000000000000000000A0
:100060000000000000000000000000000000000090
:100070000000000000000000000000000000000080
:100080000000000000000000000000000000000070
:100090000000000000000000000000000000000060
:1000A0000000000000000000000000000000000050
:1000B0000000000000000000000000000000000040
:1000C0000000000000000000000000000000000030
:1000D0000000000000000000000000000000000020
:1000E0000000000000000000000000000000000010
:1000F0000000000000000000000000000000000000
:1001000000000000000000000000000000000000EF
:1001100000000000000000000000000000000000DF
:1001200000000000000000000000000000000000CF
:1001300000000000000000000000000000000000BF
:1001400000000000000000000000000000000000AF
:10015000000000000000000000000000000000009F
:10016000000000000000000000000000000000008F
:10017000000000000000000000000000000000007F
:10018000000000000000000000000000000000006F
:10019000000000000000000000000000000000005F
:1001A000000000000000000000000000000000004F
:1001B000000000000000000000000000000000003F
:1001C000000000000000000000000000000000002F
:1001D000000000000000000000000000000000001F
:1001E000000000000000000000000000000000000F
:1001F00000000000000000000000000000000000FF
:1002000000000000000000000000000000000000EE
:1002100000000000000000000000000000000000DE
:1002200000000000000000000000000000000000CE
:1002300000000000000000000000000000000000BE
:1002400000000000000000000000000000000000AE
:10025000000000000000000000000000000000009E
:10026000000000000000000000000000000000008E
:10027000000000000000000000000000000000007E
:10028000000000000000000000000000000000006E
:10029000000000000000000000000000000000005E
:1002A000000000000000000000000000000000004E
:1002B000000000000000000000000000000000003E
:1002C000000000000000000000000000000000002E
:1002D000000000000000000000000000000000001E
:1002E000000000000000000000000000000000000E
:1002F00000000000000000000000000000000000FE
:1003000000000000000000000000000000000000ED
:1003100000000000000000000000000000000000DD
:1003200000000000000000000000000000000000CD
:1003300000000000000000000000000000000000BD
:1003400000000000000000000000000000000000AD
:10035000000000000000000000000000000000009D
:10036000000000000000000000000000000000008D
:10037000000000000000000000000000000000007D
:10038000000000000000000000000000000000006D
:10039000000000000000000000000000000000005D
:1003A000000000000000000000000000000000004D
:1003B000000000000000000000000000000000003D
:1003C000000000000000000000000000000000002D
:1003D000000000000000000000000000000000001D
:1003E000000000000000000000000000000000000D
:1003F00000000000000000000000000000000000FD
:1004000000000000000000000000000000000000EC
:1004100000000000000000000000000000000000DC
:1004200000000000000000000000000000000000CC
:1004300000000000000000000000000000000000BC
:1004400000000000000000000000000000000000AC
:10045000000000000000000000000000000000009C
:10046000000000000000000000000000000000008C
:10047000000000000000000000000000000000007C
:10048000000000000000000000000000000000006C
:10049000000000000000000000000000000000005C
:1004A000000000000000000000000000000000004C
:1004B000000000000000000000000000000000003C
:1004C000000000000000000000000000000000002C
:1004D000000000000000000000000000000000001C
:1004E000000000000000000000000000000000000C
:1004F00000000000000000000000000000000000FC
:1005000000000000000000000000000000000000EB
:1005100000000000000000000000000000000000DB
:1005200000000000000000000000000000000000CB
:1005300000000000000000000000000000000000BB
:1005400000000000000000000000000000000000AB
:10055000000000000000000000000000000000009B
:10056000000000000000000000000000000000008B
:10057000000000000000000000000000000000007B
:10058000000000000000000000000000000000006B
:10059000000000000000000000000000000000005B
:1005A000000000000000000000000000000000004B
:1005B000000000000000000000000000000000003B
:1005C000000000000000000000000000000000002B
:1005D000000000000000000000000000000000001B
:1005E000000000000000000000000000000000000B
:1005F00000000000000000000000000000000000FB
:1006000000000000000000000000000000000000EA
:1006100000000000000000000000000000000000DA
:1006200000000000000000000000000000000000CA
:1006300000000000000000000000000000000000BA
:1006400000000000000000000000000000000000AA
:10065000000000000000000000000000000000009A
:10066000000000000000000000000000000000008A
:10067000000000000000000000000000000000007A
:10068000000000000000000000000000000000006A
:10069000000000000000000000000000000000005A
:1006A000000000000000000000000000000000004A
:1006B000000000000000000000000000000000003A
:1006C000000000000000000000000000000000002A
:1006D000000000000000000000000000000000001A
:1006E000646561646D616E5F746F0072616D7374D7
:1006F000627964697300646561646D616E5F746FD3
:10070000007370695F70755F656E61620053444984
:100710004F444556006773706964776F7264005088
:10072000434D4349414445560073645F6F6F626FA8
:100730006E6C790073645F67706F75740047535017
:10074000492044776F7264204D6F646520656E6147
:10075000626C65640A0073645F677064630073644D
:100760005F677076616C0025733A2042726F616436
:10077000636F6D20534450434D44204344432064F1
:1007800072697665720A00736470636D6463646392
:100790002564005344494F000A52544520282573CC
:1007A0002D25732573257329202573206F6E204214
:1007B000434D25732072256420402025642E256436
:1007C0002F25642E25642F25642E25644D487A0A32
:1007D0000000434443006E6F637263006E6F746980
:1007E000665F63006E6F7469665F73006F66646D49
:1007F0003267706F3D3078257800706125646777C7
:1008000025646125643D3078257800706131686920
:1008100062303D256400706131686962313D256454
:1008200000706131686962323D2564006761696EFC
:100830006374726C7370683D2564007061316D6122
:10084000787077723D2564006D656173706F7765B0
:100850007225643D307825780072786761696E731F
:1008600025646725637472656C6E616279706125B9
:10087000643D256400706132676125643D307825F0
:10088000782C307825782C3078257800727373694D
:10089000736D6335673D256400757362666C6167CF
:1008A000733D30782578007061326763636B612532
:1008B000643D307825782C307825782C3078257870
:1008C000007064657472616E676532673D307825CB
:1008D00078007573623330753175323D3078257824
:1008E0000073756276656E6469643D3078257800C2
:1008F000616725643D30782578006F656D3D253052
:1009000032782530327825303278253032782530EB
:100910003278253032782530327825303278006FC1
:1009200066646D706F3D307825780074656D706F0A
:1009300066667365743D2564006D656173706F77DD
:1009400065723D307825780072737369736D663215
:10095000673D2564007061706172616D62777665D4
:10096000723D256400646F74313161676F66646D38
:100970006872627732303267706F3D307825780068
:10098000697474326761303D30782578006278612F
:1009900032673D25640072737369736D6332673D1E
:1009A00025640070613567627734306125643D30BD
:1009B0007825782C307825782C307825782C30786C
:1009C00025782C307825782C307825782C307825AF
:1009D000782C307825782C307825782C307825784C
:1009E0002C307825782C30782578006D6373627709
:1009F000323035676C706F3D307825780000006DBF
:100A0000637362773230756C35676C706F3D307828
:100A10002578006D63736277343035676C706F3D95
:100A20003078257800000075736275746D695F63B6
:100A3000746C3D3078257800657874706167616901
:100A40006E32673D3078257800616E747377637419
:100A50006C32673D307825780070726F647563740E
:100A60006E616D653D25730074785F647574795FA0
:100A70006379636C655F7468726573685F25645F32
:100A800035673D25640072786761696E6572723200
:100A9000676125643D3078257800616730006D61BD
:100AA000787032676125643D30782578006277641C
:100AB0007570706F3D30782578006E6F6973656C66
:100AC000766C35676125643D25642C25642C25648E
:100AD0002C25640062773430706F3D3078257800C3
:100AE00070613567627738306125643D30782578EC
:100AF0002C307825782C307825782C307825782C77
:100B0000307825782C307825782C307825782C3062
:100B10007825782C307825782C307825782C30780A
:100B200025782C30782578007573623330753175EF
:100B3000323D30782578007064657472616E676547
:100B400035673D30782578006D6163616464723D7E
:100B500025730074656D70735F6879737465726571
:100B60007369733D2564006D6373256467706F2539
:100B7000643D3078257800626F617264666C6167ED
:100B800073323D3078257800626F617264666C6103
:100B90006773333D30782578006C6564626825643E
:100BA0003D307825780072786761696E73256467D7
:100BB0002563747269736F6125643D25640061610A
:100BC00032673D307825780070726F6469643D301B
:100BD0007825780074656D707468726573683D255A
:100BE0006400636869707265763D2564006C6567B2
:100BF0006F66646D6277323035676C706F3D307848
:100C000025780000006C65676F66646D627732302E
:100C1000756C35676C706F3D30782578006C656752
:100C20006F66646D6277323035676D706F3D307816
:100C300025780000006C65676F66646D62773230FE
:100C4000756C35676D706F3D30782578006C656721
:100C50006F66646D62773230356768706F3D3078EB
:100C600025780000006C65676F66646D62773230CE
:100C7000756C356768706F3D3078257800757362E4
:100C800066733D25640074656D70735F706572698D
:100C90006F643D25640073623430616E64383025C2
:100CA000637235672563706F3D3078257800636324
:100CB0003D2564002004D002A6A9FFFF646F7431B3
:100CC000316167647570256372706F3D3078257887
:100CD0000061676125643D3078257800747269731E
:100CE0006F35673D307825780074656D7073656E7B
:100CF00073655F736C6F70653D2564006D6178701E
:100D000035676125643D307825782C307825782C3E
:100D1000307825782C3078257800706131697473CB
:100D20007369743D25640070613062303D25640054
:100D300070613062313D25640070613062323D2562
:100D40006400706135676125643D307825782C300A
:100D50007825782C307825782C307825782C3078C8
:100D600025782C307825782C307825782C3078250B
:100D7000782C307825782C307825782C30782578A8
:100D80002C30782578006D637362773830356725AD
:100D900063706F3D307825780073756262616E64B0
:100DA00035677665723D2564007273736973617689
:100DB00035673D2564006D6373627732303267704A
:100DC0006F3D307825780000006D637362773230B4
:100DD000756C3267706F3D30782578006D63736293
:100DE0007734303267706F3D3078257800000072BC
:100DF00065677265763D30782578006363746C3D75
:100E000030782578006E6F6973656C766C32676137
:100E100025643D25640075736233307265677330F5
:100E20003D307825782C307825782C307825782C32
:100E3000307825782C307825782C307825782C302F
:100E40007825782C307825782C307825782C3078D7
:100E5000257800757362333072656773313D307881
:100E600025782C307825782C307825782C3078250A
:100E7000782C307825782C307825782C30782578A7
:100E80002C307825782C307825782C30782578000F
:100E900063636B706F3D30782578007472693567D5
:100EA0003D25640063636B64696766696C7474797B
:100EB00070653D25640076656E6469643D30782513
:100EC000780066656D6374726C3D256400757362AD
:100ED00033307265677325643D307825782C30781F
:100EE00025782C307825782C307825780070646F40
:100EF0006666736574326725646D6125643D30787C
:100F000025780075736265706E756D3D3078257853
:100F10000070613168696D61787077723D25640099
:100F20007278636861696E3D3078257800626F6120
:100F30007264666C6167733D30782578007061314A
:100F400062303D25640070613162313D256400707E
:100F5000613162323D2564007478636861696E3D79
:100F6000307825780072786761696E73256467252B
:100F700063656C6E616761696E6125643D2564001F
:100F80006770646E3D30782578007061306D6178EF
:100F90007077723D25640062786135673D25640095
:100FA0006167626725643D307825780075736273E8
:100FB000737068795F736C656570303D3078257843
:100FC0000075736273737068795F736C65657031F7
:100FD0003D307825780075736273737068795F733C
:100FE0006C656570323D3078257800757362737377
:100FF0007068795F736C656570333D307825780073
:101000006C656464633D307825303478006D6373BB
:101010003332706F3D307825780072737369736175
:101020007632673D2564006F706F3D2564006974FA
:1010300074326761313D30782578007278706F3591
:10104000673D25640065787470616761696E356716
:101050003D30782578006F66646D356768706F3D48
:10106000307825780074776F72616E67657473737A
:10107000692564673D25640073623230696E3430DF
:10108000256372706F3D30782578006D616E6669FA
:10109000643D3078257800656C6E6132673D30784C
:1010A000257800727063616C32673D307825780076
:1010B00000000000000000727063616C35676230F0
:1010C0003D30782578000000000000727063616C8C
:1010D000356762313D3078257800000000000072ED
:1010E0007063616C356762323D30782578000000AE
:1010F000000000727063616C356762333D307825A3
:101100007800000000000070613062305F6C6F3D5D
:1011100025640070613062315F6C6F3D2564007042
:10112000613062325F6C6F3D2564007362323069FA
:101130006E3830616E6431363025637235672563F1
:10114000706F3D3078257800636464706F3D30784F
:10115000257800626F617264747970653D3078251E
:101160007800616E747377697463683D30782578B0
:1011700000626F6172646E756D3D25640072646C0F
:1011800069643D30782578007874616C66726571A9
:101190003D2564006D61787035676861303D307859
:1011A00025780072786761696E73256467656C6E77
:1011B000616761696E6125643D25640075736273C2
:1011C000736D64696F25643D307825782C307825FF
:1011D000782C307825782C30782578007375626407
:1011E000657669643D30782578007061316C6F6296
:1011F000303D2564007061316C6F62313D256400C3
:101200007061316C6F62323D25640073746263708B
:101210006F3D307825780072786761696E6572720B
:1012200035676125643D307825782C307825782C19
:10123000307825782C30782578007061316C6F6DAE
:1012400061787077723D25640070646F66667365BF
:101250007425646D6125643D307825780074656D72
:1012600070636F7272783D2564006F66646D3567D8
:10127000706F3D30782578007573626E6F73733DC3
:101280003078257800616135673D307825780063D6
:101290007573746F6D76617225643D3078257800C2
:1012A00074785F647574795F6379636C655F6F668A
:1012B000646D5F25645F35673D25640075756964FD
:1012C0003D257300757362646573635F636F6D7052
:1012D0006F736974653D307825780074656D70733F
:1012E000656E73655F6F7074696F6E3D2564007025
:1012F0006170646361702564673D2564006C656797
:101300006F66646D627732303267706F3D3078257A
:10131000780000006C65676F66646D6277323075C7
:101320006C3267706F3D3078257800706467616952
:101330006E2564673D2564006D61787035676130A6
:101340003D30782578006D617870356761313D30CA
:10135000782578006D63732564672563706F256455
:101360003D307825780070687963616C5F74656DD5
:101370007064656C74613D25640070612564672547
:10138000637725646125643D307825780063636F59
:1013900064653D3078300072656777696E646F7799
:1013A000737A3D2564006F66646D6C7262773230CB
:1013B0003267706F3D3078257800776F776C5F67A4
:1013C00070696F706F6C3D256400616E7473776334
:1013D000746C35673D307825780063636B326770D5
:1013E0006F3D307825780074726932673D2564005E
:1013F00063636B627732303267706F3D3078257887
:1014000000000063636B62773230756C3267706F17
:101410003D3078257800697474356761303D3078E7
:10142000257800697474356761313D30782578001E
:101430006D63736C7235672563706F3D3078257806
:101440000070646F6666736574326725646D7661DB
:101450006C69643D307825780072786761696E73D5
:101460002564677472656C6E616279706125643D94
:10147000256400626F6172647265763D307825780C
:101480000072617774656D7073656E73653D307859
:1014900025780075736273737068795F75746D6910
:1014A0005F63746C303D30782578007573627373B8
:1014B0007068795F75746D695F63746C313D307805
:1014C00025780075736273737068795F75746D69E0
:1014D0005F63746C323D30782578000000000000B6
:1014E0006F66646D35676C706F3D3078257800707D
:1014F00061306974737369743D2564007473736932
:10150000706F7335673D30782578007278706F3270
:10151000673D25640074737369706F73736C6F70CB
:10152000652564673D2564007472693567683D25EB
:1015300064006D616E663D25730074726935676C79
:101540003D2564006D637362773230356768706F74
:101550003D307825780000006D6373627732307516
:101560006C356768706F3D30782578006D63736205
:10157000773430356768706F3D307825780000002B
:1015800073726F6D7265763D2564006C65676F667A
:10159000646D3430647570706F3D30782578006DFF
:1015A00061787035676861313D3078257800646511
:1015B0007669643D307825780072786761696E736A
:1015C000256467747269736F6125643D2564006DDD
:1015D00061787035676C61303D30782578006D61D9
:1015E000787035676C61313D3078257800657061C1
:1015F0006761696E2564673D256400777073677065
:10160000696F3D256400776F776C5F6770696F3D28
:1016100025640072737369736D6635673D256400D8
:10162000747269736F32673D307825780074737314
:1016300069706F7332673D30782578007770736C0E
:1016400065643D256400656C6E6135673D307825C5
:101650007800706135676277343038306125643DD9
:10166000307825782C307825782C307825782C30F7
:101670007825782C307825782C307825782C30789F
:1016800025782C307825782C307825782C307825E2
:10169000782C307825782C30782578006D6373624B
:1016A00077323035676D706F3D30782578000000F7
:1016B0006D637362773230756C35676D706F3D3076
:1016C000782578006D63736277343035676D706F9D
:1016D0003D3078257800000063636F64653D2563C5
:1016E0002563006D6373627731363035672563702B
:1016F0006F3D3078257800496E76616C69642F55AE
:101700006E737570706F72746564207874616C208C
:1017100076616C756520256400726D696E00636C7E
:10172000646F5F627572737400706C6C2564006C1A
:101730006E6C646F310072256464007225647400FD
:101740007874616C66726571000000000C00000026
:10175000020016000200000004000D000700000057
:1017600001000A000800000004000D000A0000004B
:1017700004000D000D00000001000700170000002C
:10178000040004001B000000040001001C00000015
:10179000010007000000000002000200010000003C
:1017A000010001000300000002000200040000002C
:1017B000010001000500000001000100060000001A
:1017C0000100010009000000010005000B000000FD
:1017D000010001000C000000020030000E000000BB
:1017E000010001000F0000000100010010000000D6
:1017F00001000100110000000100010012000000C2
:1018000003000300130000000100010014000000A9
:101810000100010015000000010001001600000099
:101820000100010018000000020013001900000070
:10183000020013001A000000020013001D00000047
:10184000010001001E000000010001000C0000006A
:1018500002003000726D61780000004B0007906557
:10186000000C1892000F6C706C646F310000000067
:101870000100000000000000000000000000000067
:101880000200000000000000010000000000000055
:101890000400000000000000030000000000000041
:1018A0000800000000000000000000000000000030
:1018B0001000000000000000070000000000000011
:1018C0002000000000000000571100000000000090
:1018D00040000000000000001701000000000000B0
:1018E0008000000000000000570100000000000020
:1018F00000010000000000000300000000000000E4
:1019000000020000000000000000000000000000D5
:1019100000040000000000000300000000000000C0
:1019200000080000000000000704000000000000A4
:10193000001000000000000057010000000000003F
:101940000020000000000000D7150000000000008B
:101950000040000000000000F7BDC20E00000000C3
:101960000080000000000000F73DC20E00000000F3
:101970000000010000000000000000000000000066
:101980000000020000000000F73DC00E0000000053
:101990000000040000000000F73DC20E000000003F
:1019A0000000080000000000F73DC20E000000002B
:1019B0000000100000000000F73DC006000000001D
:1019C0000000200000000000F73DDA0E00000000DB
:1019D0000000400000000000F73D0006000000008D
:1019E0000000800000000000F73D400600000000FD
:1019F00000000001000000000000000000000000E6
:101A00000000000200000000D701000000000000FC
:101A10000000000400000000D70D000000000000DE
:101A20000000000800000000F73DC00600000000B4
:101A30000000001000000000F73DCA0E000000008A
:101A40000000002000000000F73DCA1E000000005A
:101A50000000004000000000F73DFA3E00000000DA
:101A6000726567256400636C646F5F70776D0063F7
:101A700068697063256400626F617264747970656F
:101A80000070726F64696400737764656E61626C84
:101A900065006770646E00626F617264666C616796
:101AA000730062746378776172666C616773007843
:101AB00074616C6672657100626F617264726576E2
:101AC000006465766964006D7578656E61620077A3
:101AD0006C30696400776C25643A2042726F6164EF
:101AE000636F6D2042434D2573203830322E3131E3
:101AF00020576972656C65737320436F6E74726FE3
:101B00006C6C65722025730A0074656D705F746873
:101B10006F72745F6D6F6E69746F725F74696D65FB
:101B20000074785F6D696E696D756D5F6475747949
:101B30005F6379636C650074785F647574795F6363
:101B400079636C655F63636B006167626730006136
:101B5000676267310061676267320074656D706249
:101B6000617365645F647574795F6379636C655FE5
:101B7000656E006161300074785F647574795F63CD
:101B800079636C655F6F66646D00000011338200DD
:101B90002534820000000000000000004E56524133
:101BA0004D52657600736172326700616132670081
:101BB00020432543034321432443184319431A4335
:101BC0001143134312431443154316431B431C4351
:101BD0001D43284329432A432B432C432D43414390
:101BE0004043504351435243534357439DA97605C5
:101BF00054435F433F434F432F43344335433643BE
:101C000037433843394316474847274743436043E0
:101C1000464347434843314332433343AA4358433F
:101C200059435A43A9435543564363438043814331
:101C3000824364436543664374436743A043A143BF
:101C4000A243AE43AF43B043AB43AC43AD43E343E6
:101C5000E443E543E243D043D143D243BA43BB43D9
:101C6000BC43B143B243B343A343A443A543B743E7
:101C7000B843B943C043C143C243D343D443D5431C
:101C8000D643D743D843D943DA43DB43DF43E0436A
:101C9000E143EC43ED43EE43E943EA43EB432243A4
:101CA000D6A867A868A89CA9D8A89DA913431443DF
:101CB00086A83143A7A9DBA8D1A8DCA8A4A952AA69
:101CC000C6A902AA31AA32AA74785F74656D705FE2
:101CD0007468726573680064657669640031316E9A
:101CE0005F64697361626C650061673000616B6D90
:101CF00000000000299483005DB7830005928300F3
:101D00000000000045338400DD398400000000003D
:101D1000000000007A6263786763696770696F002A
:101D2000616E74737763746C326700616E7473777D
:101D300063746C356700776C25643A646D61256463
:101D40000061613267006C74656378666E73656C00
:101D5000006274635F6D6F646500626F61726466D8
:101D60006C616773006D616361646472006C7465BB
:101D700063787061646E756D0076656E6469640089
:101D80007A626378666E73656C00627463786C6502
:101D90007363616E007A6263787061646E756D0062
:101DA000637573746F6D7661723100637573746FF0
:101DB0006D76617232006274635F706172616D731F
:101DC0002564006274635F666C61677300627463AC
:101DD00078776172666C61677300626F61726466C6
:101DE0006C61677332006C746563786763696770F0
:101DF000696F00626F617264666C61677334006260
:101E00006F617264726576006465766964007372EE
:101E10006F6D7265760062745F64656661756C747F
:101E20005F616E74006D6F6E69746F725F74696D5F
:101E3000655F6F75740062746364796E5F64656674
:101E400061756C745F6274635F6D6F64650070725E
:101E50006F7465637465645F74696D655F6F7574D5
:101E60000062746364796E5F6D73775F726F773051
:101E70000062746364796E5F6D73775F726F773140
:101E80000062746364796E5F6D73775F726F77322F
:101E90000062746364796E5F64736E735F726F77F0
:101EA000730062746364796E5F636F65785F7477E3
:101EB0006F5F616E74007478635F6475725F7468DD
:101EC000726573680062746364796E5F6D73775FC7
:101ED000726F77330062746364796E5F6D73775FDE
:101EE000726F77730062746364796E5F64666C749A
:101EF0005F64736E735F6C6576656C0062746364B7
:101F0000796E5F6274727373695F687973746572F6
:101F10000070726F745F6274727373695F74687259
:101F2000657368006374733273656C665F647572A1
:101F30005F74687265736800616C6572745F746960
:101F40006D655F6F75740062746364796E5F686954
:101F500067685F64736E735F6C6576656C0072664C
:101F6000615F636F756E745F746872657368006239
:101F7000746364796E5F6D69645F64736E735F6CC4
:101F80006576656C0062746364796E5F6C6F775F11
:101F900064736E735F6C6576656C006274636479FC
:101FA0006E5F666C6167730062746364796E5F6410
:101FB000736E735F726F77300062746364796E5F03
:101FC00064736E735F726F77310062746364796EED
:101FD0005F64736E735F726F7732006274636479EB
:101FE0006E5F64736E735F726F77330073636F5FDE
:101FF000727373695F7468726573680063636F649A
:102000006500636300726567726576006576656E6C
:102010007471006873323000B1968600F1968600C4
:1020200061848600B1848600B1968600F1968600B0
:1020300061848600B1848600B1968600F1968600A0
:102040002D858600998686000000000000000000B3
:1020500000000000000000002D85860099868600A3
:102060000000000000000000B1968600F196860096
:10207000B1968600F1968600B1968600F1968600AC
:10208000000000000D060F000000000004063004F0
:10209000000000000206400672737369636F72727B
:1020A0006E6F726D00676C616369616C74696D65F8
:1020B000720063616C5F706572696F64006C64705C
:1020C0006300747373696C696D75636F6400257365
:1020D0002E6661622E25640074656D707468726589
:1020E0007368002E6661622E007478707772626386
:1020F0006B6F6600696E746572666572656E6365A6
:1021000000676C697463685F62617365645F6372C2
:10211000736D696E0032675F636761007273736924
:10212000636F7272617474656E0070687963616C5C
:102130005F74656D7064656C74610074656D707357
:102140005F6879737465726573697300727373691C
:10215000636F72727065727267326700747373694D
:10216000666C6F6F72326700766261745F6164647F
:10217000007061706476616C696474657374007377
:10218000776469765F6770696F5F31006D63733282
:1021900067706F300073707572636F6E6669670089
:1021A0006D63733267706F310063636B6469676678
:1021B000696C74747970650065755F6564746872C4
:1021C0006573683267007265645F7278626C6F6312
:1021D0006B696E67000001006C094B00760113000B
:1021E000323016000300417E0006000AD9032700A2
:1021F00025000000910900006C09000000000503A3
:102200005BE708003F5812122F141F1F1F1F205199
:102210002761000009603F70020071094B007601E0
:102220001300323016000300417E0006000AD90375
:10223000270025000000910900007109000000003E
:1022400007030D8208003F5812122F141F1F1F1F73
:1022500020512761000009603F70030076094B00A0
:1022600076011300323016000300417E0006000A9A
:10227000D90327002500000091090000760900001D
:1022800000000903BF1C08003F5812122F141F1F23
:102290001F1F20512761000009603F7004007B0967
:1022A0004B0076011300323016000300417E000619
:1022B000000AD903270025000000910900007B09CE
:1022C000000000000A0371B708003F5812122F14D3
:1022D0001F1F1F1F20512761000009603F7005006C
:1022E00080094B0076011300323016000300417E56
:1022F0000006000AD903270025000000910900000C
:102300008009000000000C03235208003F581212FD
:102310002F141F1F1F1F21512761000009603F70EC
:10232000060085094B0076011300323016000300C9
:10233000417E0006000AD90327002500000091090C
:1023400000008509000000000D03D5EC08003F588F
:1023500012122F141F1F1F1F215127610000096037
:102360003F7007008A094B007601130032301600D7
:102370000300417E0006000AD90327002500000063
:10238000910900008A09000000000F0387870800F8
:102390003F5812122F141F1F1F1F215127610000C9
:1023A00008603F7008008F094B007601130032303F
:1023B00016000300417E0006000AD903270025000D
:1023C0000000910900008F0900000000110339226C
:1023D00008003F5812122F141F1F1F1F2151276181
:1023E000000008603F70090094094B00760113005B
:1023F000323016000300417E0006000AD903270090
:10240000250000009109000094090000000012035B
:10241000EBBC08003F5812122F141F1F1F1F215121
:102420002761000008603F600A0099094B007601AF
:102430001300323016000300417E0006000AD90363
:102440002700250000009109000099090000000004
:1024500014039D5708003F5812122F141F1F1F1FEF
:1024600021512761000008603F600B009E094B006E
:1024700076011300323016000300417E0006000A88
:10248000D903270025000000910900009E090000E3
:10249000000015034FF208003F5812122F141F1F9F
:1024A0001F1F21512761000007603F600C00A30936
:1024B0004B0076011300323016000300417E000607
:1024C000000AD90327002500000091090000A30994
:1024D000000000001703018D08003F5812122F144E
:1024E0001F1F1F1F21512761000007603F600D0063
:1024F000A8094B0076011300323016000300417E1C
:102500000006000AD90327002500000091090000F9
:10251000A809000000001903B32708003F58121251
:102520002F141F1F1F1F21512861000007603F60EB
:102530000E00B4094B007601130032301600030080
:10254000417E0006000AD9032700250000009109FA
:102550000000B409000000001D035E0108003F58A0
:1025600012122F141F1F1F1F215128610000076026
:102570003F606D61787032676130000001006C0966
:10258000340004010D0023304F000300417E00069B
:10259000000AD90327001A000000A20900006C09F4
:1025A00000000000B208277608003F5817173C19B2
:1025B0001F1F1F1F3B511961000009603F7002007F
:1025C0007109340004010D0023304F000300417EE7
:1025D0000006000AD90327001A000000A209000023
:1025E000710900000000B708B11308003F58171721
:1025F0003C191F1F1F1F3B511961000009603F70EC
:1026000003007609340004010D0023304F0003005D
:10261000417E0006000AD90327001A000000A20923
:102620000000760900000000BB083BB108003F58DD
:1026300017173C191F1F1F1F3C511961000009602B
:102640003F7004007B09340004010D0023304F006B
:102650000300417E0006000AD90327001A0000008B
:10266000A20900007B0900000000C008C44E080059
:102670003F5817173C191F1F1F1F3C5119610000BD
:1026800009603F7005008009340004010D0023300B
:102690004F000300417E0006000AD90327001A00FC
:1026A0000000A2090000800900000000C4084EECF0
:1026B00008003F5817173C191F1F1F1F3C51196175
:1026C000000009603F7006008509340004010D0018
:1026D00023304F000300417E0006000AD903270083
:1026E0001A000000A2090000850900000000C908C6
:1026F000D88908003F5817173C191F1F1F1F3C514E
:102700001961000009603F7007008A093400040164
:102710000D0023304F000300417E0006000AD9035C
:1027200027001A000000A20900008A09000000002A
:10273000CE08622708003F5817173C191F1F1F1F9C
:102740003C511961000008603F7008008F09340097
:1027500004010D0023304F000300417E0006000AF3
:10276000D90327001A000000A20900008F09000009
:102770000000D208ECC408003F5817173C191F1F6F
:102780001F1F3C511961000008603F700900940947
:10279000340004010D0023304F000300417E000689
:1027A000000AD90327001A000000A20900009409BA
:1027B00000000000D708766208003F5817173C1940
:1027C0001F1F1F1F3C511961000008603F600A0075
:1027D0009909340004010D0023304F000300417EAD
:1027E0000006000AD90327001A000000A209000011
:1027F000990900000000DC08000008003F58171786
:102800003C191F1F1F1F3C511961000008603F60E9
:102810000B009E09340004010D0023304F0003001B
:10282000417E0006000AD90327001A000000A20911
:1028300000009E0900000000E008899D08003F5844
:1028400017173C191F1F1F1F3D511961000007601A
:102850003F600C00A309340004010D0023304F0039
:102860000300417E0006000AD90327001A00000079
:10287000A2090000A30900000000E508133B0800BE
:102880003F5817173C191F1F1F1F3D5119610000AA
:1028900007603F600D00A809340004010D002330DB
:1028A0004F000300417E0006000AD90327001A00EA
:1028B0000000A2090000A80900000000E9089DD856
:1028C00008003F5817173C191F1F1F1F3D51196162
:1028D000000007603F600E00B409340004010D00E1
:1028E00023304F000300417E0006000AD903270071
:1028F0001A000000A2090000B40900000000F4085A
:102900004EEC08003F5817173C191F1F1F1F3D5161
:102910001961000007603F6070726F70627732303B
:102920003267706F0072636F725F61636900706D10
:10293000696E00706170646D6F64650063616C69DD
:10294000647865737474617267657432670063617B
:102950006C69647865737462617365326700706175
:10296000326761305F6C6F0063636B3267706F005A
:1029700063636B7363616C650074656D705F6D7527
:102980006C7400706170646570736F6666736574F3
:10299000006F66646D3267706F00706163616C69AF
:1029A000647832670073776469765F7377637472F3
:1029B0006C5F656E006F66646D64696766696C74F0
:1029C000747970656265004176566D69644951633A
:1029D000616C0063636B6964787063686F666673CB
:1029E0000074656D705F6164640073776469765F1D
:1029F0006770696F006D6373627732303267706F32
:102A00000070617064656E646964780001006C092F
:102A10002600C0000A001A3080000300417E000634
:102A2000000AD903270013000000B00900006C0958
:102A300000000000C70B000008003F5817173C19A2
:102A40001F1F1F1F50511961000009603F700200D5
:102A500071092600C0000A001A3080000300417E80
:102A60000006000AD903270013000000B009000087
:102A7000710900000000CD0B004008003F581717F7
:102A80003C191F1F1F1F51511961000009603F7041
:102A9000030076092600C0000A001A3080000300F7
:102AA000417E0006000AD903270013000000B00988
:102AB0000000760900000000D30B008008003F589A
:102AC00017173C191F1F1F1F515119610000096082
:102AD0003F7004007B092600C0000A001A30800005
:102AE0000300417E0006000AD903270013000000FE
:102AF000B00900007B0900000000D90B00C00800ED
:102B00003F5817173C191F1F1F1F51511961000013
:102B100009603F70050080092600C0000A001A30D5
:102B200080000300417E0006000AD903270013003D
:102B30000000B0090000800900000000E00B000068
:102B400008003F5817173C191F1F1F1F51511961CB
:102B5000000009603F70060085092600C0000A00D9
:102B60001A3080000300417E0006000AD9032700C6
:102B700013000000B0090000850900000000E60B0A
:102B8000004008003F5817173C191F1F1F1F5151C5
:102B90001961000009603F7007008A092600C00023
:102BA0000A001A3080000300417E0006000AD903A3
:102BB000270013000000B00900008A09000000008F
:102BC000EC0B008008003F5817173C191F1F1F1FF0
:102BD00051511961000008603F7008008F092600FC
:102BE000C0000A001A3080000300417E0006000A7F
:102BF000D903270013000000B00900008F0900006E
:102C00000000F20B00C008003F5817173C191F1FA7
:102C10001F1F52511961000008603F70090094099C
:102C20002600C0000A001A3080000300417E000622
:102C3000000AD903270013000000B009000094091E
:102C400000000000F90B000008003F5817173C195E
:102C50001F1F1F1F52511961000008603F600A00CA
:102C600099092600C0000A001A3080000300417E46
:102C70000006000AD903270013000000B009000075
:102C8000990900000000FF0B004008003F5817178B
:102C90003C191F1F1F1F52511961000008603F603F
:102CA0000B009E092600C0000A001A3080000300B5
:102CB000417E0006000AD903270013000000B00976
:102CC00000009E0900000000050C008008003F582D
:102CD00017173C191F1F1F1F525119610000076071
:102CE0003F600C00A3092600C0000A001A308000D3
:102CF0000300417E0006000AD903270013000000EC
:102D0000B0090000A309000000000B0C00C008007F
:102D10003F5817173C191F1F1F1F52511961000000
:102D200007603F600D00A8092600C0000A001A30A5
:102D300080000300417E0006000AD903270013002B
:102D40000000B0090000A80900000000120C0000FB
:102D500008003F5817173C191F1F1F1F52511961B8
:102D6000000007603F600E00B4092600C0000A00A2
:102D70001A3080000300417E0006000AD9032700B4
:102D800013000000B0090000B40900000000210C8D
:102D9000000008003F5817173C191F1F1F1F5351F1
:102DA0001961000007603F606974737369636F7233
:102DB000720073776469765F656E0065646F66663E
:102DC0007468643230756C00696E6974786964780F
:102DD00070636800647373667468007473736974F5
:102DE000696D650063636B627732303267706F00C4
:102DF0007061706474656D70007061326761305F1E
:102E00003270777200696E69747869647800636300
:102E10006B7077726F666673657430004176566DBD
:102E200069645F63300074656D705F710076626124
:102E3000745F6D756C740063636B696E6974786937
:102E400064780073726F6D726576006F66646D648E
:102E5000696766696C747479706500706170647418
:102E6000656D7062696173006C636E32305F6E6FA6
:102E700069736563616C5F74626C5F656E00656445
:102E80006F6E74686432306C006C65676F66646D79
:102E9000627732303267706F007061326761300084
:102EA00074787077726F6666736574326700706DE0
:102EB000617800766261745F710006073F038A00E3
:102EC000000006073F038400000006073F03800060
:102ED000000006073F037B00000006073F03770062
:102EE000000006073F037200000006073F036E0064
:102EF000000006073F036A00000006073F03670063
:102F0000000006073F036300000006073F0361005F
:102F1000000006073F035C00000006073F035A005D
:102F2000000006073F035700000006073F03540058
:102F3000000006073F035100000006073F034F0053
:102F4000000006073F034D00000006073F034B004B
:102F5000000006073F034800000006073F03460045
:102F6000000006073F034400000006073F0342003D
:102F7000000006073F034000000006073F033F0034
:102F8000000006073F033D00000006073F033B002B
:102F9000000006073F033A00000006073F03380021
:102FA000000006073F033600000006073F03350018
:102FB000000006073F033400000006073F0332000D
:102FC000000006073F033100000006073F03300002
:102FD000000006073E032F00000006073C032F00F9
:102FE000000006073B032F00000006073B032D00EF
:102FF000000006073A032D00000006073A032C00E4
:10300000000006073A032B00000006073A032900D8
:1030100000000607390329000000060738032800CE
:1030200000000607380327000000060738032600C3
:1030300000000607380325000000060738032400B7
:1030400000000607370324000000060737032300AB
:10305000000006073703220000000607370321009F
:103060000000060735032100000006073503200095
:1030700000000607340320000000060734031F0089
:103080000000060732031F000000060733031E007E
:103090000000060733031D000000060731031D0072
:1030A0000000060732031C000000060730031C0066
:1030B000000006072F031C00000006072D031C005C
:1030C000000006072B031C00000006072A031C0053
:1030D0000000060729031C000000060728031C0047
:1030E0000000060728031B000000060727031B003B
:1030F0000000060727031A000000060726031A002F
:103100000000060724031A000000060723031A0024
:103110000000060722031A000000060721031A0018
:10312000000006072103190000000607200319000C
:10313000000006071F031900000006071E03190000
:10314000000006071E031900000006071E031900F1
:10315000000006071E031900000006071E031900E1
:10316000000006071E031900000006071E031900D1
:10317000000006071E031900000006071E031900C1
:10318000000006071E031900000006071E031900B1
:10319000000006071E031900000006071E031900A1
:1031A000000006071E031900000006071E03190091
:1031B000000006071E031900000006071E03190081
:1031C000000006071E031900000006071E03190071
:1031D000000006071E031900000006071E03190061
:1031E000000006071E031900000006071E03190051
:1031F000000006071E031900000006071E03190041
:10320000000006071E031900000006071E03190030
:10321000000006071E031900000006071E03190020
:10322000000006071E031900000006071E03190010
:10323000000006071E031900000006071E03190000
:10324000000006071E031900000006071E031900F0
:10325000000006071E031900000006071E031900E0
:10326000000006071E031900000006071E031900D0
:10327000000006071E031900000006071E031900C0
:10328000000006071E031900000006071E031900B0
:10329000000006071E031900000006071E031900A0
:1032A000000006071E031900000006071E03190090
:1032B000000006071E0319000000060F3FFF620012
:1032C0000000060F3FFF5E000000060F3FFF5900A1
:1032D0000000060F3FFF55000000060F3FFF5100A2
:1032E0000000060F3FFF4D000000060F3FFF4A00A1
:1032F0000000060F3FFF47000000060F3FFF44009D
:103300000000060F3FFF41000000060F3FFF3E0098
:103310000000060F3FFF3C000000060F3FFF3A0091
:103320000000060F3FFF37000000060F3FFF35008B
:103330000000060F3FFF33000000060F3FFF320082
:103340000000060F3FFF30000000060F3FFF2E0079
:103350000000060F3DFF2E000000060F39FF2F0072
:103360000000060F3AFF2D000000060F39FF2C0069
:103370000000060F37FF2C000000060F36FF2B0061
:103380000000060F36FF2A000000060F35FF290057
:103390000000060F35FF28000000060F33FF28004D
:1033A0000000060F31FF28000000060F30FF270045
:1033B0000000060F2FFF27000000060F2DFF27003B
:1033C0000000060F2EFF25000000060F2CFF250031
:1033D0000000060F2BFF25000000060F29FF250027
:1033E0000000060F28FF24000000060F26FF25001E
:1033F0000000060F24FF26000000060F22FF260013
:103400000000060F21FF26000000060F21FF250007
:103410000000060F22FF23000000060F20FF2300FC
:103420000000060F1FFF23000000060F1FFF2200F1
:103430000000060F1FFF21000000060F1CFF2200E6
:103440000000060F1CFF21000000060F1CFF2000DB
:103450000000060F1CFF1F000000060F1CFF1E00CF
:103460000000060F1AFF1F000000060F1AFF1E00C3
:103470000000060F19FF1E000000060F19FF1D00B7
:103480000000060F18FF1D000000060F18FF1C00AB
:103490000000060F16FF1D000000060F16FF1C009F
:1034A0000000060F17FF1B000000060F17FF1A0091
:1034B0000000060F17FF19000000060F16FF190085
:1034C0000000060F15FF19000000060F14FF190079
:1034D0000000060F16FF17000000060F15FF17006B
:1034E0000000060F17FF15000000060F16FF15005D
:1034F0000000060F15FF15000000060F14FF150051
:103500000000060F15FF14000000060F14FF140042
:103510000000060F14FF13000000060F15FF120035
:103520000000060F12FF13000000060F13FF120029
:103530000000060F12FF12000000060F11FF12001C
:103540000000060F10FF12000000060F0DFF140010
:103550000000060F0FFF12000000060F0EFF120002
:103560000000060F0CFF13000000060F0DFF1200F5
:103570000000060F0CFF12000000060F0BFF1300E7
:103580000000060F0CFF11000000060F08FF1400DA
:103590000000060F09FF13000000060F08FF1300CC
:1035A0000000060F0AFF11000000060F08FF1200BE
:1035B0000000060F07FF13000000060F08FF1100B0
:1035C0000000060F07FF12000000060F07FF1100A2
:1035D0000000060F05FF13000000060F08FF0F0094
:1035E0000000060F09FF0E000000060F08FF0E0086
:1035F0000000060F07FF0F000000060F04FF110078
:103600000000060F05FF10000000060F03FF120068
:103610000000060F04FF10000000060F01FF140059
:103620000000060F02FF12000000060F01FF13004A
:103630000000060F02FF11000000060F01FF12003C
:103640000000060F02FF10000000060F01FF11002E
:103650000000060F01FF10000000060F01FF100020
:103660000000060F01FF10000000060F01FF100010
:103670000000060F01FF10000000060F01FF100000
:103680000000060F01FF10000000060F01FF1000F0
:103690000000060F01FF10000000060F01FF1000E0
:1036A0000000060F01FF10000000060F01FF1000D0
:1036B0000000060F01FF1000000072617465736561
:1036C0006C007374660063636B5F6F6E65636F722B
:1036D000655F74780074656D70735F706572696F93
:1036E00064007478636861696E0072786368616908
:1036F0006E0073776469765F736E72746872657357
:10370000680073776469765F74785F776569676866
:10371000740073776469765F736E726C696D0073A1
:10372000776469765F73776374726C5F6D61736BD6
:103730000073776469765F63636B736E72636F7235
:10374000720073776469765F73776374726C5F611C
:103750006E74300073776469765F73776374726C2C
:103760005F616E74310073776469765F776569674E
:1037700068740073776469765F736574746C650050
:1037800073776469765F656E0073776469765F72DC
:10379000785F706F6C6963790073776469765F63D3
:1037A000656C6C5F706F6C696379007377646976C0
:1037B0005F73776374726C5F656E007377646976AC
:1037C0005F7468726573680073776469765F6770A9
:1037D000696F5F310073776469765F63636B6E6FE7
:1037E0006973656573746C696D0073776469765F7E
:1037F0006C6F67326176670073776469765F6770B4
:10380000696F0073776469765F74785F706F6C6955
:1038100063790073776469765F74696D656F757439
:1038200000616E746469765F727373696469666659
:1038300074687265736800776F776C5F6770696F23
:1038400000776F776C5F6770696F706F6C00000056
:1038500073B54369164600222F2B04460D4601928C
:1038600008DD332B06D013460121E2F3D9F183059D
:103870009B0D07E0002120460A46E2F331F2064B99
:1038800003401B0C1B022046336001A92A4600F0AE
:1038900005F801987CBD00BF0000FF03F8B50446A1
:1038A0000E461546E5F380F540F612010022074664
:1038B0002046E6F31BF32046E5F37EF52046394625
:1038C000E6F322F3024B33604FF4C8632B60F8BD7C
:1038D0004C6403000B46C06F11461A46FFF7B8BF91
:1038E00010B501210446C06FE2F35CF2E06FE6F32D
:1038F00037F3002010BD37B50024694601AA0546FC
:1039000000940194FFF7E6FF9DE806000346284671
:1039100024F052DC20463EBD38B50446C06FE2F3C9
:10392000D3F148B12046FFF7E6FF054638B92046F7
:10393000FFF7D6FF284638BD4FF0FF3038BD0020D6
:1039400038BD2DE9FF4107464FF4B6700E461546C7
:103950009846E0F36BF40446002832D000214FF47F
:10396000B672DBF34DF40A9B3846009304F18003F2
:10397000019304F18403029331462A464346F2F749
:10398000F1FBE067C0B10123637440F6120100222D
:10399000E6F3ACF20C210022C4F88800E06FE5F3F6
:1039A000F7F42046F5F722FF2046FFF7B5FFE06F5A
:1039B000F2F780F9002500E00B252046E0F348F4FB
:1039C00000E01E25284604B0BDE8F081CDAB000024
:1039D00001BC600300104E03BFDE02F00E5C0280EB
:1039E000C12700000403BFDE02F0105903A85E02E5
:1039F000F0001203A65E02F0001202825E53000085
:103A00001202855EAF000012020200BF00000F0329
:103A1000A85E02F000120282DEBB0000120282DE0B
:103A2000B300001202845EB700001202845EB3008D
:103A30000012028600C7000012028480C300001238
:103A400001BC63FF1FF04000008000000000035B2A
:103A50005E02F0001401BC601300104300015E021E
:103A6000F0000000025E02F0182C020200BF00000D
:103A7000B402045EFF00001B006B446556801B010E
:103A8000846002F7F7BF01BC6003000AA600025E73
:103A900002F012370202DEFF000020006B44655581
:103AA00020200182E002F7F7BF03BFDE02F006C369
:103AB0000201AC7B00002500E844656177A101BCF0
:103AC000607F0817A2006D5E86F4402500A82C7B5D
:103AD000010B1E00682B4F00002A0280DEFF000051
:103AE000B4006B44655A60B40184E006F577AB001E
:103AF000025E02F0159B020480C700002C02818048
:103B0000C700002E01806002F7F7BF01BC60030010
:103B10000ADA00902BE300D7A200E02BDEF457A3D3
:103B2000006D446AF4603200B02BD7000AF00187C0
:103B30006002F7F7BF00682BBF00003A00E9446558
:103B40005DF7A300E8C4695E77A20068DE8B000021
:103B50003A006DDE8D5E003A0286ABD300003A017A
:103B6000876006F7F7BF0207DEFF00003F00E8446A
:103B7000655A37A2006D5E895A003F0187E002F75F
:103B8000F7BF01BC6003000AD100682C6F0000453C
:103B900001BC61F70017A100E844656377A2006DDE
:103BA0005E8AF4204501BC6003000B1B00A82C7B3F
:103BB000002B1E00682AE700005100E844655737D3
:103BC000A1006DDE8556404C00682B23000051009B
:103BD000E844655917A1006DDE8556404E03BFDEEF
:103BE00002F0005101BC6003000ABA01BC6003008E
:103BF0000AB901BC6003000AC801BC6003000AC026
:103C000000A82C7B004B1E0202DEB3000054020011
:103C1000420300005400025E02F00D2F0203C57340
:103C200000005702845EB30000B40068AAEF0000F1
:103C3000B40284DEB7000059020180C70000790099
:103C4000B02AAB0017A202802BD300006000B02B7B
:103C5000030017A1006DDE855BE0AB00685E8700A6
:103C6000006000682BE700006000B02BE70017A29F
:103C700000682AEB00006600E844655757A10185FB
:103C80006006F5D7AE006DDE86F440AB00E05E85E1
:103C900054F7A1006DDE86F440AB01856002F5D7D4
:103CA000AE0202DEBB00007900682A9B00007900AA
:103CB000E8446555D7A100E02A9B0157A2006EDEBB
:103CC00086F440720182E002F5D7AE0181600163A3
:103CD000CB1E01BC6003000AEA01BC6003000AA617
:103CE00001BC6003000AE503BFDE02F00079006E4C
:103CF000AA9AF4207800E82A9AF437A100902A9B27
:103D00000037A2006E2A9EF4407700B02A9F001769
:103D1000A20069DE86F4407903BFDE02F000AB0248
:103D200084DEB700009E028881AB00009C02045E26
:103D3000B70000B4020480C700008500682AF700BD
:103D4000208500682AF700808500682ADF0000844B
:103D500000682AF702E0820068AAF708608400E899
:103D600044655637A1006D5E8556E0B402005EFFE3
:103D700000009C028080BF00009C00682B23000094
:103D80008B02802BD300008B00B02B2B0017BB00C5
:103D90006E2B02F760B403BFDE02F0009C0205DE6A
:103DA000B700008E00682AF70860B403BFDE02F097
:103DB000009C028400C7000090028600C7000092A9
:103DC00000682AEB00009C02812C2700009C00E880
:103DD00044655637A10206ABD300009600E845C9FA
:103DE0005AF7A203BFDE02F0009700E845895AF7B0
:103DF000A20286ABD300009A00E85E86F457A100C9
:103E000069DE8557009C006CC4655660B402855E0F
:103E1000B70000B400025E02F015BE03BFDE02F080
:103E200000B40285ABD30000A50206ABD30000A30B
:103E300001BC63FF1FF7A1006845C6F4209C03BFC7
:103E4000DE02F000A501BC63FF1FF7A100684586F4
:103E5000F4209C0203C5730000AB02855EB700002E
:103E6000AB020100C70000B4006B44655680B4008B
:103E700020E3FE1460B40282DEBB0000B402022C18
:103E8000270000AE0282DEBB0000AE03BFDE02F000
:103E9000009C028881AB0000B40282DEB30000B453
:103EA000028080BF0000B40284DEAF0000B4028252
:103EB0005EBB0000B400025E02F015EE01806002FD
:103EC0000D906C03595E02F000B603D85E02F0005C
:103ED000B703D8DE02F000B801BC618300112900ED
:103EE000B0007B00112B01BC630300112303125EA1
:103EF00002F00CB003975E02F00D4303D05E02F0B7
:103F0000039403D0DE02F0063D03D5DE02F00C621E
:103F100003915E02F006980396DE02F00C5D0288C3
:103F2000C17300012303C45E02F0081003C75E02E0
:103F3000F0083403DCDE02F0163503AA5E02F00856
:103F4000A40386DE02F00CA10287C037000CA10397
:103F5000835E02F00A50020680C70000D00202B061
:103F6000E70000D0006C30EE2320D00182E0018712
:103F70002C3901BC607F1FF7A201E05E8A107083BC
:103F80000391DE02F00720020680C7000107020647
:103F900001AB0000E3020030E70000E30068DE4B05
:103FA0000620E3020042030000E3028445230000F0
:103FB000E30280B0E70000E3006E45170020E30154
:103FC000BC600300108000A8412300F04803D0DE4D
:103FD00002F000DC03D05E02F000DD03D5DE02F06B
:103FE00000DE00E001DF0020770180E005872C394A
:103FF00001BC6003000C3A00025E02F018070002E8
:104000005E02F0181B020E01AB0000F00284452393
:104010000000F0020130E70000F000E001E30020C2
:104020007801816001872C390180E001872C3901FA
:104030000C81430017A60068DE9B0060ED01BC60A8
:1040400003004C3A03BFDE02F000EF0068DE9B0085
:1040500040EF01BC6003002C3A00025E02F018073A
:10406000020681AB000107020230E70000FB02807C
:1040700042030000FB028445230000FB03915E0223
:10408000F0069800E001EB00207A0180E005872C23
:104090003901826001872C3901BC6003000C3A00B1
:1040A000025E02F0180700025E02F0181B0201B067
:1040B000E70000FE006C30F22320FE0181E0018762
:1040C0002C39020330E7000107006C30F62321078A
:1040D00001836001872C3902004203000107006858
:1040E0005E4B04410500685E4B00410503BFDE02E4
:1040F000F001070182600609104801BC600300114D
:104100004503C2DE02F00D0A00025E02F012360321
:10411000D4DE02F007B903A3DE02F0000203C85E9A
:1041200002F005FB0204DEB300011002014523008A
:1041300001100184E002F597AC00025E02F0063740
:104140000201C5230001120187E002F577AB0002EE
:104150005E02F00EAF00025E02F0117702182E2709
:1041600000011600025E02F0118A03A25E02F00155
:104170002003565E02F0011D018660060910480307
:104180001F5E02F0011D006A5E2300011C00B000EA
:104190002700178800E85E2300378803A65E02F038
:1041A000018E00025E02F011F80028600E08E1B4F2
:1041B00003C4DE02F00D7A0020C2030021BC03BF5D
:1041C000DE02F0020D03815E02F001250300DE0233
:1041D000F000C30188E0020B905C03BFDE02F00335
:1041E0009102874063000127018EE00EF43018022F
:1041F0008740630001290002DE02F00000028740D0
:104200006300012B00B05E8B001019018EE00AF4F0
:1042100030180002DE02F0000001BC606300107B79
:1042200001BC601B00107A01AC607EF470750287DF
:1042300041D70001320002DE02F0000001BC6063E1
:1042400000107B01BC601B00107A01AC60BEF470F2
:1042500075028741D70001370002DE02F00000013D
:10426000BC606300107B00B05E8B00107A01AC6014
:104270007EF43075028741D700013C0002DE02F077
:10428000000001BC606300107B00B05E8B00107A00
:1042900001AC60BEF43075028741D70001410002D5
:1042A000DE02F0000001BC60030280060280DE072F
:1042B00000014D01DA6002F0178002085E0700017C
:1042C0006101BC60031E17A100E05E02F4306501CD
:1042D000BC60031C17A100E05E02F4306401BC6006
:1042E0000300281103BFDE02F0016701105E030026
:1042F00017A101035E030017A200E05E86F457A138
:1043000000885E870037A200E05E86F457A100E0D7
:10431000015AF43063028600C300015800B0560B06
:1043200000106200B0540300106201BC600300285A
:104330001103BFDE02F0016900B0418F001062017D
:1043400009DE030017A10068DE8700415C00E05E23
:10435000870037A100885E870057A100E05E8504D2
:10436000B7A100E05E8703C00601BC6003004811EE
:1043700003BFDE02F0016901BC60070217A100E083
:104380005E02F4306501BC60070017A100E05E0228
:10439000F4306401BC600318000601BC600300082F
:1043A0001100B05A0300106200B0580300106300FF
:1043B00002DE02F0000001BC600306379201BC631C
:1043C000FF1FF0C301BC60031890E301BC60FB1C3D
:1043D00010E501BC600300501000B040430018001D
:1043E00000B040470010E70002DE02F0000000E8E5
:1043F00040330097A100B0400B0017A3006D5E860C
:10440000F4617700905E8F0037A303BFDE02F001F6
:104410007800905E870037A301BC601B0437A100C1
:10442000E05E8EF437A301F041970017A1006DDE26
:1044300086F4618C0287C19700018001385A03001D
:1044400017A1013C5A030017A203BFDE02F001824C
:10445000013C5A030017A101385A070017A200684F
:104460005E86F4818700D85E8B0037A200E141961A
:10447000F4506500E1C19700306503BFDE02F00132
:104480007A00D85E8B0037A200E14196F457A10074
:10449000E1DE870037A101F05E870017A1006EDE24
:1044A00086F4618D01BC63FF1FF7A40002DE02F0F9
:1044B0000000020681AB00019001826001872C3967
:1044C0000020E38E090002031EDE02F00196039F26
:1044D0005E02F0019601BC60430117A100A84122D1
:1044E000F4304803BFDE02F000020208411F000161
:1044F0009301816005610B0800025E02F00D2F0040
:10450000B000AB00108600B0016300108A00025EAC
:1045100002F0107301BC600304179200B0003B006E
:10452000111D0190600609104803A1DE02F001AEE2
:104530000181E00609104801BC600300904201BC03
:10454000600300112D039EDE02F001B101846002C0
:10455000F2979400B0451700178F00B05E17001750
:10456000900200441F0001AA018560020910480161
:1045700081600700104701F0DE0F0037A102040040
:10458000BF0001AD01F084C70037A100A044B6F41C
:104590003145039EDE02F001B101BC613712B080EB
:1045A00003BFDE02F0000200A044B42A314501BC82
:1045B000612712708003BFDE02F000020020E0825B
:1045C000090002010CDE530017A101885E8700106C
:1045D0004701BC60030050420108411F0017A101C0
:1045E0008CDE86F2979403BFDE02F000020002DE4A
:1045F00002F000000020E07E09000200025E02F0EE
:1046000012020283C21F000002020280F30001C6F0
:1046100000B044670017A1017C5E862357A3028384
:104620005EFF0001C500E000FAF46829018360061E
:10463000F7F7BF006BDE8D0521CA0206D00300012B
:10464000CE00E950862337A100E8D08A2357A20084
:1046500069DE8B0001CE00025E02F00D2F01916039
:104660001684F42700E020A700882903BFDE02F0AB
:10467000036E00025E02F00371020400BF0001D667
:1046800003945E02F000020020C28F06000200A028
:10469000428F01F78000685E002DC00200025E02BA
:1046A000F00D2F03BFDE02F000120201C28F0000E6
:1046B00002011400630017A100685E870060020019
:1046C000025E02F00D2F0194600F00001800025EE0
:1046D00002F001DD03BFDE02F000120114006300EE
:1046E00017A100B05E870010A501BC60131B90608D
:1046F00000685E870001E400E0418306D06000E8C6
:104700005E870037A103BFDE02F001E0028050C3E4
:104710000001F2018760040310A000B000630010E4
:10472000B400B042D3001800008841830030B601C5
:10473000BC60030B10B500B0006300B0B40317DE1B
:1047400002F001EB0397DE02F001EC0180600686C7
:1047500014300068D0D30001F20068D0D70001F215
:1047600000B0446700143400B0446B0014350002FC
:10477000DE02F000000020E01280420C018760049D
:104780000310A000B000630010B401BC60030E1061
:10479000B500B0006300F0B401BC60570310B60070
:1047A000B000630010B401BC600302D0B502075032
:1047B0000B00020901BC600303D0B5018E6002F258
:1047C00097940204500B0002020204D00B00020274
:1047D00001866006F2979400E042D700D0B500A0B1
:1047E000500B1117A10068DE871102080186E00650
:1047F000F2979400E042D70050B50207D00B0002B8
:104800000800E042D70090B500B042D70011E100A7
:10481000B0006300B0B40317DE02F0020A0397DEB3
:1048200002F0020B0002DE02F00000006820C3006C
:104830000210006CC46506001201BC600300083061
:10484000006820BB00021600B044670017A2006C8D
:10485000446988A215006B446988A012006EDE8945
:1048600005E01201BC600300082E0020E0BE090034
:1048700002020681AB00021A0281B0E700000202C8
:1048800080B0E700000203905E02F0001203A25E17
:1048900002F0022C00025E02F01163020200BF006F
:1048A000022B0284DEAF00022302045EB700022B5B
:1048B00000025E02F0156902045EB700022B03BF1E
:1048C000DE02F0000202045EB7000226020480C786
:1048D00000022B02805EFF00022B00025E02F01538
:1048E0000D0206ABD300022A02052C2300022A0384
:1048F000BFDE02F0022B03BFDE02F0000200025E08
:1049000002F012020200421F000243006842F3005C
:10491000022F006D42F3006243011400630017A1EF
:1049200000B05E870017A203A25E02F002370314F4
:104930005E02F00245006EC4568062450281452346
:10494000000245006E5E8700624301BC6003007791
:10495000A200886006F457A300885E8B010018004F
:10496000E85E8B0037A20020C28EF4623D006ADE52
:1049700086F4423703BFDE02F00243020400BF00A8
:10498000026F00900063010165008085970217A106
:1049900000E064820DA16600025E02F011DF03BF39
:1049A000DE02F0026F0182600209104803BFDE02DE
:1049B000F0000201BC600300111500B0017F001778
:1049C000A6031F5E02F00254020300C300024A0065
:1049D00020C28F02024E03255E02F002540020C264
:1049E0008F02024E00688153FFE01203BFDE02F027
:1049F00002500194601300001803BFDE02F0026F42
:104A0000039EDE02F002530068DE980BC2530201DF
:104A1000411F000F250185600209104800685E985B
:104A20000BC25800695E9F0062720298428F0002BA
:104A30005803BFDE02F002720201411F000F25027F
:104A40000400BF00025F0218428F000F2500025EC3
:104A500002F011C100025E02F011DF01940587002F
:104A6000001803BFDE02F0026F0200150B0002689F
:104A7000020016BB00026B00B014970017A100687B
:104A8000DE84B2226800B0149B0017A10068DE84A7
:104A9000B2426800B0149F0017A10068DE84B262C1
:104AA00068029E14E700026B0201C28F00026D01D2
:104AB00094600F00001803BFDE02F0026F0201C213
:104AC0008F00026D018060060D906C0200C28F00A5
:104AD0000F250194600700001800025E02F001DD5E
:104AE000020400BF0002A103BFDE02F002A101BC6C
:104AF00060031810600129500B00179200B0017B71
:104B0000001065006800EB00027A00885A13011754
:104B1000A100E84466F437A1006EDE8407427A0300
:104B2000BFDE02F007B201906012091048019460E4
:104B30001F00001801085A0F00178101885E0681C6
:104B4000540A01345A0F00178000025E02F001433C
:104B500000B0017B00106500B056230017A100E0F3
:104B60005E86A097A100E85E8400F40300E85E84FE
:104B700000F41600B05A0300141300B05A070014D2
:104B80001400B05A0B0014150068DE0700429200B2
:104B9000E800970057A101BC5E86F0141B017C5E03
:104BA0008700F41C00B0204700178100025E02F06D
:104BB000108400B0017B00106501085A0F001781B6
:104BC00000B05E8700141E03BFDE02F0029500B045
:104BD000561700141B00B0561B00141C00B05413D1
:104BE00000141E00B05013001086006D00A7008254
:104BF0009B0190016300108A00B0418F0010620099
:104C0000025E02F0160200B0422B00140601BC60E6
:104C1000031817A1006DC18C20029E01BC60030225
:104C200097A100E05E840377A100E05E86B0111DCD
:104C300003BFDE02F00337020300C70002B1020C1B
:104C4000D0030002B1011400630017A102850063C4
:104C50000002B10080DE8701F7A201BC601B18577B
:104C6000A200E05E8A0DB06500B0419700143200EA
:104C700080DE8700B7A201BC601B15D7A200E05EF2
:104C80008A0DB06400B041930014330068D813005B
:104C900002BF02005A1B0002B30180600684F427A1
:104CA00003BFDE02F006C30201D0030002B300B06E
:104CB000509B00142F0281D0C700036B00025E02DC
:104CC000F00371010BD0030017A1013C502B00171A
:104CD000A2018C5E86F457A1014801430017A2018E
:104CE0000C81430017A300685E8F0022BC018CE09A
:104CF000000A17A200685E86F442BF019160128428
:104D0000F42703BFDE02F0036E00025E02F001F33F
:104D100000B0501300108600B0501700108A03A294
:104D20005E02F0030B020CD0030002DE020300C798
:104D30000002DD00B050CB00106500025E02F016EC
:104D400098020350C70002CB01BC60230097A1006A
:104D5000A85002F4340003BFDE02F002E202048134
:104D6000AB0002CD006D4246C0801200B05A130065
:104D7000178000025E02F0014D00B0540F00141EB7
:104D800000B05A070017A100B05A1300178001871E
:104D90005A16F0178000B0418F00106500025E02C5
:104DA000F0160B00E05E86A0740302875E0300022B
:104DB000DC0109DE030017A300E05E8B0077A20090
:104DC000E05E8AF477A200885E8B0037A100E05E87
:104DD00086F4508903BFDE02F002E2006D424A848D
:104DE0008012010650070017A1028CD0030002E1D7
:104DF00000685E870002E20182DE8686343101822D
:104E000060028634310020D0030402E800B0504F25
:104E10000011F200B050530011F300B050570011D0
:104E2000F401BC60030091F0020601AB0003040230
:104E3000015003000304020601AB00030403A25E59
:104E400002F00304028030E700030401806005875C
:104E50002C3900E001E700207901BC60430890E6AE
:104E600000025E02F0016A01BC60031910E401BC9B
:104E7000600300000601BC600301D78201D2DE0896
:104E800077F0E000B00F030010E100B00047001021
:104E90008600B00F1F00108A01BC6003003781003C
:104EA000025E02F0107000B0059B00106400E8582C
:104EB0001A28F14500B0058B001064006A4516C041
:104EC00082FF00025E02F01095006E45170043015C
:104ED00001BC600300514501BC60030010BB01BC74
:104EE000610303B08003BFDE02F0001203945E0290
:104EF000F0030B020650030003070287DEAF000336
:104F00000B028150030005DC0202D0C700030A0235
:104F100008502B00030B0285D0030005F3019060BD
:104F200012863431011050070017A60068DE9B007E
:104F30004317013A500700178000885E030077800E
:104F400000E000AEF0106400B05E0700081301BC82
:104F5000602306D78100E0418301706300E0418F48
:104F600000B06500025E02F010AB00B0204F0017E9
:104F70008103A25E02F0032300B0500F001116025D
:104F800002D0C700031B00B0505B0011160282D094
:104F900003000323028147C300031C0280504F001B
:104FA0000321002047C73F83230020C7DB00C36DD8
:104FB00003BFDE02F0032303A55E02F00323028099
:104FC000C7DF00036D028850C700033F0129500B63
:104FD000001792020300C7000330020CD003000345
:104FE00030028350C700033000B050CB0010650181
:104FF000385A1300178001825A17005781010E5A40
:10500000130017A1018E5E86F037810202D0C7001F
:10501000033F00B0501B00108A03BFDE02F0033FC5
:105020000282D0C7000337013850270017800108DB
:105030005013001781010250130017A101825E86F0
:10504000F0378100B0507F00108903BFDE02F0030B
:105050003F0138506F0017800108502B0017810165
:1050600006D0070017A101825E86F0378100B0509C
:105070001B00108A00B05083001089010E5073008D
:1050800017A1018E5E86F0378100025E02F00143B7
:1050900000025E02F010700102421B0017810182C3
:1050A0005E0502378100025E02F01084020680C7AE
:1050B00000034B010C81430017A60068DE9B0063D0
:1050C0004900885E870057A103BFDE02F0034B0052
:1050D00068DE9B00434B00885E870037A100E05EDE
:1050E000840117A101D9DE8700108301BC61370359
:1050F000B79100685E4B02837F020400BF00035239
:105100000287500300035203945E02F0035303220C
:105110005E02F00360020681AB00035E00685E4B36
:1051200004435700685E4B00435703BFDE02F003A1
:105130005E00E001EF00207B01BC600302914501AD
:10514000836005872C3900E044670A0C3D018C60C0
:105150000E1770BB01BC610302308003BFDE02F09A
:10516000000201BC610300308003BFDE02F00002D8
:1051700001BC613303B791028500630003660090B0
:1051800000630097A100E06482F43065006E5A135A
:105190000023660188E006F23791020601AB0003A6
:1051A0006A0068DE4B05A36A01BC6103003080031E
:1051B000BFDE02F0000203BFDE02F0037F01916058
:1051C0000E84F42703BFDE02F0036E0191600684B3
:1051D000F42701BC60030010B40181E0068634317D
:1051E00003BFDE02F006C3011C508F0017A1008030
:1051F000DE870197A200E0015E0DB06502805A7F54
:1052000000037E02815A7F00037A0203DA7F0003E3
:105210007E00685A8700037E00886006F437A1008C
:10522000201CBAF4237E00025E02F00D2F01916073
:105230001E84F42700015E02F0000003BFDE02F0CE
:10524000036E0002DE02F0000003C4DE02F00D7AFD
:10525000020650030003870207DEAF00038701BC8C
:1052600061030037910207500300038501BC62030C
:1052700000F79100E0010B00204203BFDE02F003C3
:105280008801BC600300204200B05E47001080022D
:105290000400BF00039000B0058B001064006E4551
:1052A000170000020068DE4B02838F00A044B42A7E
:1052B000314503BFDE02F0000200025E02F01095ED
:1052C0000068C51700000203D05E02F003940002DC
:1052D0005E02F0109503BFDE02F00002020601AB91
:1052E0000003970068DE4B05A39701806001872CBF
:1052F00039020E01AB00039A0200B0E700039A01E5
:10530000816005872C3900E10DB228E36C00E08D47
:10531000B700036D01836002F7F7BF01BC600300B3
:10532000900400A8412330104801BC620F0011E036
:1053300001816002F5D7AE020200BF0003B8006829
:10534000DE4B0203A400025E02F017BA0068DE4BD7
:105350000623B802045EB30003B80206ABD3000311
:10536000A90204C5AF0003B803BFDE02F003AA021E
:1053700000456F0003B800E844655637A100E82AED
:1053800096F437A100695E870823B80206ABD30004
:1053900003B2006BAC422323B100E04467014B1021
:1053A0000183E0022B915C03BFDE02F003B80183AE
:1053B000E0022B915C01BC600318517800B045E31A
:1053C000001800018360022F317900A84138F9D715
:1053D000A100B05E84FE704E0187E002F577AB005D
:1053E00068810B0023BB00B044670000430182E0EA
:1053F0000609104800A841B310906C01826006288D
:1054000091440188E0020B905C00025E02F01236CB
:105410000185E002F7F7BF0288421B0003C3018544
:10542000E006F7F7BF035B5E02F003C501BC601343
:1054300000104301BC600300108501BC6003001034
:10544000B8008850770090B90208502B0003CC01B7
:105450003850730017A1017C506EF437A100885EAC
:10546000870090B9020047A30003D001BC6003008D
:1054700011EA009042E70091EB00B047A300D1E8A9
:10548000020047B30003D201B0E08E3D91EC01D29F
:10549000E00210908403A95E02F004FD01BC6003E9
:1054A00000108400E001C300207000B04467000CCD
:1054B0000D00B0446B000C0E0320DE02F0044B0024
:1054C000685E4B18A3E30068DE4B0783EC01BC6306
:1054D000FF1F708401BC600300F085013813630076
:1054E00010B500E042D700D0B501BC60030010A6A3
:1054F00001BC602314D0B400E013570024D503BFCF
:10550000DE02F004930184E006F597AC01BC60FF75
:105510001FF08400025E02F0042801BC600300104A
:10552000B401BC60030010A601BC600302D0B50149
:10553000BC602304D0B400E0135B0024D603BFDEBC
:1055400002F0049301816006F5B7AD0068DE4B04FC
:10555000A3FF0203DEBB0003F100E02E0B00106589
:1055600003BFDE02F003F201BC602301106500A05E
:105570005E7FFE10EC00B05A030010ED00B05A0739
:105580000010EE00B05A0B0010EF00B05A0F0010E0
:10559000F001BC63FF1EF08401BC60030030850194
:1055A000BC60030010B401BC600301D0A601BC6064
:1055B000030450B501BC602304D0B400E002AF0086
:1055C00020AB03BFDE02F0049301BC61FF1FF08437
:1055D00001BC60030010850068DE4B05240701BC98
:1055E00060030010B401BC600B0B50A601BC60034B
:1055F00002D0B501BC602304D0B403BFDE02F004C6
:10560000130068DE4B02441E00B0306700108402B5
:1056100085C38F00040B00E05E2700378901DA5E46
:10562000270010EE01BC63FF1FF0CE01BC60030039
:1056300010B40080E02183180000E069820DB0A65C
:1056400001BC600303D0B501BC602304D0B400E00A
:1056500001D3002074018460070011E00282DEB3F0
:105660000005BC02045EB30005BC0181E006F5D76D
:10567000AE0183E00609104800B041230018000184
:10568000BC600306B78E0188204610D78100025EF9
:1056900002F0108400885E8700708303BFDE02F092
:1056A00005BC01BC60031FF0840103DE530017A298
:1056B00000680ECF00042300B00ECF0017A20090A8
:1056C0001CBAF457A202005EFF00042501BC60036F
:1056D0000037A200682B4F00042701BC600300378D
:1056E000A201865E8A1C70E3006AC3930004310045
:1056F000E8439000D0E40202421B00042F00900017
:105700001B0037A10020421B00442E00B020970050
:1057100017A100E04392F430E40069C39300043120
:1057200001BC60030010E400682B4F00043300E06C
:1057300043915B30E401BC60030010B401BC600322
:105740000010A601BC60030210B501BC602304D0A8
:10575000B400685E4B06A44900E001CB0020720251
:105760000681AB0004930280B0E70004930203B00B
:10577000E700049301BC600704F7A60288421B00FF
:10578000044101BC600F0017A60282421B000441C5
:1057900001BC60170017A6010C81430017A5006823
:1057A000DE9700644400885E9B0037A600E04466F4
:1057B000F4CC3C0181E005872C3901826005872CFF
:1057C000390183E001872C3903BFDE02F004930026
:1057D000E001CF00207303BFDE02F0049303205EDC
:1057E00002F0049A0181E00209104800E001D700AC
:1057F0002075031EDE02F0047A01BC60030017A2CC
:10580000006A5E230004530102428F0017A2018543
:105810005E8A0910480180E0061030810284DE5360
:1058200000045A00B000770017A100E05E8404373E
:10583000A100885E870057A100E05E870D57A10395
:10584000BFDE02F0045B01BC60030D57A1006800DD
:105850002700047A00E05E8401F7A101BC60230008
:105860009065008841970030B601BC60030010B419
:1058700000905E870050A601BC60030110B501BC1A
:10588000602300B0B40317DE02F004630397DE0266
:10589000F004640020DE8700446D0020DE870024D1
:1058A0006A01B85E22D0168001805E8AD0368103FC
:1058B000BFDE02F0047301BC5E22D0168001845E5C
:1058C0008AD0368103BFDE02F004730020DE870039
:1058D000247101B85E22D0368101805E8AD0568262
:1058E00003BFDE02F0047301BC5E22D03681018466
:1058F0005E8AD0568201886002F430A800B05A0354
:105900000010B000B05A070010B1028042A300049A
:105910007600E042A30090A800B05A0B0010B0003F
:10592000B05A0F0010B10187600610908400E05E4D
:105930002700378901DA5E270010EE01BC60030002
:1059400010B401BC60030350A600B000330010B5D2
:105950000284DE5300048400E0606803B0A600E027
:1059600042980430A600B000370010B501BC602397
:1059700004D0B401846006F2979401866002091095
:1059800048039EDE02F0048E0280441F0004910052
:10599000B05E3F00114501BC600300178F00B05E90
:1059A0004300178500B05E0F00179003BFDE02F0C2
:1059B000049100B05E0F0017850280441F0004911F
:1059C00000A044B6F0B14501BC6003011042018360
:1059D0006006F29794018460070011E003A05E0264
:1059E000F005BA02065EAF0005BC0186E006F57759
:1059F000AB01BC600300108000025E02F00D3703B3
:105A0000BFDE02F0072003A15E02F00527011400AB
:105A1000630017A10068DE8700E49F01816006092A
:105A2000104803BFDE02F00527028500630004A1D1
:105A30000183E0060D906C01816006F5D7AE011C74
:105A4000508F0003BD0206508F0004A900B04467C8
:105A50000010F300B0446B0010F401BC63FF1FF0B2
:105A6000D301BC63FF1FF0D400B0421703108500C0
:105A700020600E8624D0018760040310A000B000CF
:105A8000630010B401BC60030B10B500B0006300EC
:105A9000F0B4020300C70004BB020CD0030004BB37
:105AA000028050C70004B300B054130017A100E0F7
:105AB0005E8680741A00B0506B0010E400B0421390
:105AC0000210840209502B0004BB00B042130030C6
:105AD0008401D2E03AA030E0028050C70004C10146
:105AE000D2E052A030E003BFDE02F004C10202D0D7
:105AF000C70004C100B0505F0010E000B050630068
:105B000010E100B050670010E200B0506B0010E4EC
:105B100000B0421302F084020050C70004CB018A97
:105B2000E00E10908401BC60FB1C10E501BC60031A
:105B30000890E600B000630010B401BC60030210DE
:105B4000B500B0006304D0B4018460070011E00127
:105B5000BC600300178E03BFDE02F005C700E00142
:105B6000C700207100B000630010B401BC600302E4
:105B7000D0B500B0006304D0B403BFDE02F005541A
:105B800003225E02F004D200E002A70020A9010374
:105B900050030017A100B85E870037A101875E8619
:105BA000101080020400BF0004E0032BDE02F004AA
:105BB000E0020000F30004DA00E800230051420193
:105BC000BC600A28514203945E02F004E000B00574
:105BD0008B00106400E0582300360800685803006A
:105BE00004E000B0446700111200B0580300111522
:105BF000020CD003000526020300C70004F300B026
:105C000050CB00106501BC600300168500E05A33DC
:105C100000368C020350C70004E800E05A27003623
:105C20008903BFDE02F0052701BC60030017B20044
:105C3000B05A0B000B8301385A130017A101BC5A4C
:105C400006F430E0013C5A130017A1017C5A06F417
:105C500030E10181E0061090840185E0070010E347
:105C60000185E0070010C30282D0C70004F803BF1B
:105C7000DE02F004FB0202D0C70004FD00B02A33AC
:105C80000017A101B8506EF430E000B05073001757
:105C9000A101B82A36F430E1028242130004FB006D
:105CA000B0507B0010E400B042130210840185E084
:105CB000061C30E100B042130070840187600403C9
:105CC00010A0020300C700051300B050CB00106500
:105CD000006D5ECAD1C5030185E0021870C300E003
:105CE0005ECB00368E01BC601B1FD06500E0419684
:105CF000F6506500B050970016800068DECB0005B6
:105D00000B01BC60230150B800E001F300207C00CF
:105D1000682E0F00251103BFDE02F0051E00B05EE5
:105D2000CB0010B500B000630870B4028342D3000A
:105D3000050D01BC60030170B80068AE0F00251EA0
:105D400001BC60030170B802BC506700051D03BFB1
:105D5000DE02F0051C010CD0030017A103A95E02AE
:105D6000F0051901BC60230150B800E001F30020E8
:105D70007C00685E8700651C03BFDE02F0051E0123
:105D8000BC60030170B800685E8700451E01BC60FE
:105D9000030170B80181E0021710B801BC60030074
:105DA000F0A501BC60030E10B500E001F700207DF6
:105DB00000B000630010B400B0006300F0B400B0A5
:105DC00042D3001800018860080310B40181600606
:105DD0000D906C03BFDE02F005540202D0C700052F
:105DE0002D00B0506F0010E000B050730010E100C3
:105DF000B050770010E20282421300052C00B05030
:105E00007B0010E400B0421302F08400E05E9F00CB
:105E100037A703A15E02F0053601BC60030017A797
:105E2000018760040310A000B000630010B401BC3F
:105E300060030E10B500B0006300F0B40188600884
:105E40000310B403BFDE02F0054900B0017B00106F
:105E50006500B05A030010E500B05A070010E600D4
:105E6000B05A0B0010E70068A04B00053C00E05E54
:105E7000270037890068204B0005400185E00700B6
:105E800010E30185E0070010C300B0421301108445
:105E900001DA5E270010EE0187600610908400B0E2
:105EA00042131C108401BC60030010B400E0606861
:105EB00003B0A600B000970010B501BC602304D069
:105EC000B4018460070011E003BFDE02F005A90100
:105ED000085E4B0017A100685E870025540202503F
:105EE00003000553029E509F0005500201D003009D
:105EF000055000E05E2700378901585E2700142D09
:105F000001DA50B70010EE0187600610908403BFDD
:105F1000DE02F0055401BC600300142D0104C1072A
:105F20000017A100680EF700055900B00EF7001722
:105F3000A100901CBAF437A103BFDE02F0055B0399
:105F4000225E02F0055B0103DE530017A100B05E84
:105F5000870017A202005EFF00055E01BC6003001F
:105F600037A200682B4F00056001BC60030037A218
:105F700002885E4B00056300685E4B06856301BCCA
:105F800060030017A200688EF70005650183DE86B6
:105F9000F297940183DE8684F4270281C213000500
:105FA0006B01865E8B0010E3018660070010C30161
:105FB00081E00610908403BFDE02F0056D01865E6D
:105FC0008A1C70E3018660061870C302B847A700F8
:105FD00005A502A047B70005A703A95E02F0057555
:105FE00001085E4B0017A100685E870025A6021E0F
:105FF000509F0005750185E0061C70E30185E006F1
:106000001870C3011400630017A10068DE870085C3
:106010007E00B001530017A20068DE8BFFE57A0016
:1060200068424700257B0068DE8A84C57E01856062
:10603000020910480186E0021C70E30186E00618A0
:1060400070C3011050070017A600685E9B0005A6EC
:1060500001BC60030011E4013A500700178000887A
:106060005E0300778000E000AEF010640068DE9B05
:1060700000458B0207D00300058901BC602B11F796
:10608000A200E05E000B37A300025E02F010D60112
:10609000BC602306906401BC60470017A200025E4A
:1060A00002F010FE00685E9B0045A701A46046F464
:1060B00071E00068DE9B00C59901BC611300B7A1C7
:1060C000020600F300059201BC601300B7A1019223
:1060D000C21AF437A203295E02F0059701BC6003DF
:1060E0000011EE009042E70091EF0192E00EF437CC
:1060F000A200B05E8B0011EC03BFDE02F005A7002A
:10610000685E9B00659E00685E9B00A59E00B05087
:106110002F0011E200B050330011E203BFDE02F0A5
:1061200005A7018760023D11E80068DE9B00A5A17C
:10613000018760063D11E801BC60030011EA009090
:1061400042E70091EB0192C21B00B7A201B85E8A40
:106150003D11E803BFDE02F005A7018460070011CE
:10616000E001BC600300112D00B0448300142C0337
:10617000A3DE02F005BD01BC600300178E00685E5F
:106180004B05A5AD020050030005B70183E00609E9
:10619000104800B0412300180001BC600306378E90
:1061A00000685E4B05A5BC00E002A30020A801BC6E
:1061B000600304B78E03A95E02F005BC00685E4B65
:1061C0000425BC01BC600306B78E03BFDE02F005E8
:1061D000BC01816006F577AB00B05E0F001785004B
:1061E000025E02F0109501BC600300178C01BC60D8
:1061F0000300178D0323DE02F005C7020680C700E7
:1062000005C6010C81430017A10068DE870065C642
:106210000108421B0017A10068DE870005C601BC0B
:10622000607F1FF7A101E05E861070830182E005A8
:10623000872C3900E04467258C3B0187E00610700D
:1062400083006D00A70085D903295E02F005D902FD
:106250000300C70005D600B050CB0010650282D005
:10626000C70005CE00E05A2300368803BFDE02F0E7
:1062700005CF00E05A2700368900682E0F0025D68A
:1062800000E05ECB0037B2010A5ECB0017A100E050
:1062900050CAF4306500D06006F657A200205A1AA2
:1062A000F445D603BFDE02F005D000025E02F01214
:1062B000360350DE02F005D603BFDE02F0063D02D3
:1062C000055EAF0005DB0187E00626713303BFDE04
:1062D00002F000020190600A8634310282D0C700C9
:1062E00005E5013C50270017800109502B0017815C
:1062F000010750070017A101825E86F0378100B0C8
:10630000501F00108A00B0500F00111603BFDE02AC
:10631000F005EB0138505F001780010A502B001781
:10632000810107D0070017A101825E86F037810046
:10633000B0502300108A00B0505B00111602030019
:10634000C70005F0020CD0030005F002085E07004C
:1063500005F0013854070017800190422AA1308AC5
:10636000028050C70005F901BC600305B79203BF66
:10637000DE02F0031B01906006863431020300C781
:106380000005DD020CD0030005DD00B0001F001782
:10639000A100E05E8680741A03BFDE02F005DD0115
:1063A000BC600306379203BFDE02F0031B00E0135C
:1063B0005F0024D70204DEB300000200B0130B001C
:1063C0001065011998870017A101095A130017A237
:1063D00001895E86D0968400B013070017A3006D74
:1063E000DE8498260400B05E870017A301885E8EC5
:1063F000D096840068DE8AF4210E01BC63FF1FF092
:10640000D000B05A130010F001BC60030017A501C2
:10641000825E961E10F001BC63FF1FF0CF01BC60CE
:106420001B00F0EF01BC63FF1FF0D100B044670018
:1064300010F101BC63FF1FF0D200B0446B0010F2FA
:1064400001BC60030404D801BC63FF1FF0C301BC9E
:1064500060031C10E301BC63FF1FF0C400B05213C3
:106460000010E401BC63FF1FF0C500B0522F001004
:10647000E501BC63FF1FF0C600B052330010E60117
:10648000BC63FF1FF0C700B052370010E701BC63C8
:10649000FF1FF0C800B052170010E801BC63FF1FD7
:1064A000F0C900B0521B0010E901BC63FF1FF0CA25
:1064B00000B0521F0010EA01BC63FF1FF0CB00B018
:1064C00013470010EB01BC63FF1FF0CC00B0134B6F
:1064D0000010EC01BC63FF1FF0CD00B0134F0010A3
:1064E000ED00B0136700106201BC600300281100CA
:1064F000025E02F0107400025E02F00D2F01BC601B
:106500002B1877A100025E02F001270160406700AE
:1065100011C000E040649B17A100E05E870097A1D6
:1065200001BC63FF1FF0C001BC600301550101D233
:10653000DE86A030E000905E870177A101BC600399
:106540000797920190600A09104803BFDE02F0032A
:106550005301BC60070011C101BC602B1817A101D9
:10656000BC60030017A200025E02F0012B01BC60B8
:10657000030011C10002DE02F000000201C2E300CC
:106580000665020300C700064200682E0F0026526F
:10659000006E4246F6465203BFDE02F00644006E2D
:1065A0004247002652020300C700064F0355DE0291
:1065B000F0064401806002861430013850830017D1
:1065C000A100B050CB001065006DDA32F42C6200EF
:1065D000A841231410480114006300106500E04135
:1065E000970ED06500E05A0300368001BC621F00A0
:1065F00011E003BFDE02F000120181E006863431B3
:106600000191600E84F42703BFDE02F00665013CB1
:1066100050670017A101AC5E861750BA01BC600339
:106620000190B8020300C700065F0068AE0F0026A5
:106630005A0181E0021710B80350DE02F006580339
:10664000BFDE02F0066500E82E0F002B8300B05E6F
:10665000CB0010B500B000630870B4028342D300D1
:10666000065D03BFDE02F006600186E0040310A0B1
:1066700000025E02F001E603D5DE02F00C6203D6F2
:10668000DE02F00C7A0350DE02F0066103BFDE0288
:10669000F003C301BC600300F0A50182E002091011
:1066A0004801BC621F0011E001BC60030011EC0155
:1066B000BC600F0011E80285500B00066C0182607F
:1066C0000209104803A0DE02F0067003D5DE02F0D6
:1066D0000C6203D6DE02F00C7A03205E02F006762E
:1066E0000188600209104801BC600300083100689D
:1066F0005E4B18A0020068DE4B07867500025E0242
:10670000F0063703BFDE02F0001201BC6003003761
:10671000A100025E02F00E9603A3DE02F000120258
:106720000050C700068201BC600300108001826037
:10673000060910480180600286343100688EF70037
:1067400006800104C1070017A10183DE86F2979439
:1067500000E001CB00207203BFDE02F0020D00B0AA
:10676000010B0017A1006DDE840806C300E8446435
:106770000877A1006E5E840826C30187E006F577DE
:10678000AB020200BF000697028881AB00069702A9
:106790008400C70006970129500B0017A10068DE8E
:1067A000870206970282DEBB0006970203C57300CC
:1067B00006960283DEB30006960286ABD3000692ED
:1067C0000282DEBB00069200682AE7000697006D91
:1067D000DE2F01E6970182E006F7F7BF01BC613BBF
:1067E0000417A100E04466F42AA903BFDE02F0000A
:1067F0001203BFDE02F006C301BC600300114902B0
:10680000825EAF0006B201826006F577AB00B0444D
:106810006700081C020400BF0006A30068451F00B3
:1068200006A30185E002F577AB032BDE02F006A19B
:106830000185E006F577AB00B0058B00106400021F
:106840005E02F0119700B0014B0017A20208421B34
:106850000006A600B0016B0017A200685E8B000660
:10686000AE0090452B0097A10080DE86F457A10072
:106870006E20BA0DA6AE00B041B700082E00E12090
:10688000BA23282F00E0DE86234C4500B041B6F441
:10689000282E02055EAF0006B001BC610300113373
:1068A00000E10D8229436000E08D8700036100E86C
:1068B00044650397A5006D5E970100C1020200BF09
:1068C0000006C00068DE4B06A6B70184E002F7F7B9
:1068D000BF0068DE4B0406BA0282DEB30006BA01CE
:1068E000BC6003000B0A02045EB30006BD0068DE54
:1068F0004B0626BD00025E02F0158F00025E02F01C
:10690000123703A3DE02F006C00183E002F597AC64
:1069100000025E02F017C001826002F577AB03D17E
:106920005E02F00002020050C30007190325DE02D8
:10693000F006C70183600684F42703BFDE02F00679
:10694000F9020CD0030006F7020300C70006E601B7
:106950001400630017A1006DDE870086F701BC609C
:106960000300178000B050CB00106500B050CF007E
:106970001064018160060D906C01826006863431DE
:1069800000B05A230017A101BC600300168801BCA7
:106990005A2AF437A101BC600300168A00B05E8752
:1069A00000148F00B05A270017A101BC6003001625
:1069B0008901BC5A2EF437A101BC600300168B007C
:1069C000B05E8700149000B05A1B00148D00B05ABE
:1069D0001F00148E01BC60030016040068DE030073
:1069E00006E3020350C70006E20100509F00178033
:1069F00001805E0291B48D01BC5E0292149001BCD4
:106A0000600300378000025E02F016E400B05E030F
:106A100000148C03BFDE02F006F20068C2470006D5
:106A2000EB0181E0068634310191600E84F4270188
:106A3000BC600300143003BFDE02F0000200B0505F
:106A40009F0017A100025E02F001E500B05E870022
:106A500014270186E0040310A000B0428300180050
:106A6000010CD0030017A10068DE870066E6010272
:106A700050C70017A101805E8684F427018AE00ECA
:106A800084F42700B050BF00142603BFDE02F006D6
:106A9000F90186E0040310A00200509F0006F902ED
:106AA00086C10700071403295E02F006FE00B052FB
:106AB0003300142D00B052370017A1019E5E86846A
:106AC000F42700B0509F0017A10180DE86F437A1A3
:106AD000020580C300070500B0303B00108F00B0F6
:106AE000303700108E00B050D700108D00B050D35A
:106AF00000308C00B050BB00108F00B050B70010B9
:106B00008E00B0509B00108D01806006F4308C0226
:106B10000250C700071100B0524300108F00B0525E
:106B20003F00108E00B0523B00108D011A5237000A
:106B300017A10198DE870437A101B85E8691B08C59
:106B400001826002863431018160020D906C01BCCB
:106B5000600300143401BC60030014350325DE0219
:106B6000F00717019C600284F42703BFDE02F007E0
:106B70001B0285500B00071900A850C70D143101E6
:106B8000BC600300143001816002F5D7AE01836060
:106B90000284F4270185E00209104801BC6003006B
:106BA000142E03A25E02F0020D03BFDE02F00012FB
:106BB0000323DE02F0079103A35E02F0079103A214
:106BC000DE02F0079101816006F577AB03AA5E0251
:106BD000F007910183E0020910480351DE02F0073B
:106BE0002C020680C70007290182E001872C3900AA
:106BF000E0026B00209A0180E006F577AB03BFDE70
:106C000002F007310301DE02F0072F00685E4F0635
:106C1000272F01BC60030017A803A45E02F0073110
:106C200003C1DE02F0079402045EB300073A018458
:106C30006002F597AC0183E00209104800B02B3FD9
:106C40000017A1006D2AEEF4200200E0027B002074
:106C50009E01BC6003000ABB00025E02F0159203B5
:106C6000BFDE02F000020203DEB300074A0183E048
:106C700002F597AC00E020CF00283302015EBB0094
:106C8000074A00B02A830017A1006D20CEF42745E3
:106C900001BC600300083300E0027F00209F03A9CD
:106CA0005E02F007480191601A84F42703BFDE02F8
:106CB000F0036E01BC63FF1FF7A100025E02F00E3D
:106CC0009603295E02F0074A0191601A84F42703B3
:106CD000BFDE02F0074A0184600209104800E10D9E
:106CE000C229437000E08DC7000371020400BF0099
:106CF000075101BC6003001115011400630017A1C6
:106D000000E06602F4306500025E02F0109A018233
:106D1000600209104800685E3B18A7550068DE3B1A
:106D200007075603BFDE02F0000203295E02F007E8
:106D3000590201500300075900685E3B04A7600137
:106D4000F0DE1700378500A05E16F0978500685EBC
:106D50003B0627600201500300075F028780BF00E7
:106D6000075F0185E0060910480280D00300077024
:106D700000B05E1B0017A300B0008B0017A4020434
:106D800000BF000766006E419730676601185A031E
:106D90000017A3011A5A030017A40068C18318073B
:106DA0006900E002930020A403BFDE02F0076B003D
:106DB0006D5E2EF4876B0182E00686343100E05E62
:106DC0003300378C0068DE32F4676E00B05E0F006F
:106DD0001785006DDE2EF4677C03BFDE02F0078CA2
:106DE00000B05E1F0017A300B0008F0017A40204BC
:106DF00000BF000776006E4197306776011C5A038A
:106E00000017A3011E5A030017A4006D5E2EF4871D
:106E1000780182E00686343100E05E3700378D006D
:106E200068DE36F4677B00B05E0F001785006D5E8C
:106E30002EF4678C0185E00209104803D1DE02F0D0
:106E4000077E03295E02F00780020300C700078166
:106E500000B05E0F00178500025E02F0109500681A
:106E600041831807B2020300C7000788020CD00351
:106E7000000788028350C70007880068DE4B05A71B
:106E80008803BFDE02F016640181E006863431001B
:106E900068DE3B06278B00E0029F0020A703BFDED1
:106EA00002F006C300025E02F01095018160020943
:106EB000104803295E02F00791028300C7001664A0
:106EC00003BFDE02F006C303D1DE02F0079203A582
:106ED000DE02F006C303BFDE02F0001200E10DBACD
:106EE00029436E00E08DBF00036F020650030007C8
:106EF0009C00B001030017A1006D810AF4279C00DB
:106F0000E844640877A1006E5E8408279C0187E04E
:106F100006F577AB01085E4B0017A100685E4B05D4
:106F2000279F00685E870027A000B05E0F001785CE
:106F300000025E02F0109500685E3B0627A601BCC9
:106F4000600300178C0200D0030007AB01BC600394
:106F500000178D03BFDE02F007AB01BC6003001712
:106F60008C020300C700020D020CD00300020D01C9
:106F70009C600284F42703BFDE02F0020D0068412A
:106F8000831807B10180600684F42703295E02F0AC
:106F900006C301826006863431028300C70016648E
:106FA00003BFDE02F006C300E002970020A50181C6
:106FB000600209104801BC600300081200E0017B78
:106FC00000A05E01BC60131417A1006D017AF420CB
:106FD0001201BC60130C805E03BFDE02F0001200E1
:106FE000025E02F00D2F0338DE02F00012039EDE77
:106FF00002F0001200E8444C00F7A100E85E8401B2
:1070000017A1006ADE840107C200E85E84011187CF
:1070100001BC600300118801A5E02230118001BC91
:10702000600300111301BC600300111400B0446739
:107030000017A100B0446B0017A200B05E870011DA
:107040000400B05E8B00110503B8DE02F007C40334
:10705000BFDE02F0001201BC600304B79201BC6005
:10706000030417A101BC63FF1FF0CE00B05217004C
:1070700010E800B0521B0010E900B0521F0010EAE7
:1070800001BC60030010E4028600C30007E200B008
:10709000540F0017A20069DE8A9087D500E85212CB
:1070A000F450E40068A0470007E201BC6003001050
:1070B000E400B054270010E000B0542F0010E103AA
:1070C000BFDE02F007EB01BC60030297A101BC60C8
:1070D000031890E801BC60030010E901BC600300E4
:1070E00010EA03BFDE02F007E203A4DE02F00A505A
:1070F00003A9DE02F00A5001BC600301D7A1020619
:1071000000C30007E40280DE5F0007E900B0540717
:107110000010E0006820470007E701D2DE86A030BB
:10712000E000B0540B0010E103BFDE02F007EB01FA
:10713000BC5E869010E001BC601F0010E101BC60E5
:10714000030010E200B052230010E500B052270007
:1071500010E600B0522B0010E700025E02F010743F
:1071600003A9DE02F00AB100685E4F04280701BCE3
:1071700063FF1FF0C300685E4F16A7F900685E4FFB
:1071800005A7FC01BC60031A90E301BC600306B7CD
:107190009200685E4F05280703BFDE02F008010178
:1071A000BC600318B79201BC60030E90E303BFDE1E
:1071B00002F007FE01BC600306379201BC600318B1
:1071C00090E3028E01AB00080102984407000BB562
:1071D00002804607000BB500B0204700178100026F
:1071E0005E02F0108400E85E8400D7A1006A5E862B
:1071F00090880700E85212F430E403BFDE02F00882
:107200000A01BC60030010E40338DE02F0080A0142
:1072100087E0061C90E40190600A09104801BC61F7
:107220000304379100685E4F16AC4000685E4F055E
:10723000ABB503835E02F00A5003BFDE02F000022A
:107240000204416300081D01876002F577AB01BCB1
:10725000600300114901BC6003010B8900E10DB21C
:1072600028E36C00E08DB700036D018460020B1011
:107270005802055EAF0008190187E0062671330247
:107280000400BF00081C0185E002F577AB00025E38
:1072900002F0119703BFDE02F0000203A35E02F0CA
:1072A000081F00025E02F017C00285C5230000021D
:1072B000018460060B10580200DEFF0008250180E3
:1072C000E002F7F7BF00682B4F00082500E0446597
:1072D0005A4AD302055EAF00082701BC61030011C2
:1072E00033020580BF00082D01BC60131157A100B7
:1072F000025E02F001270196600E03301900B040D3
:10730000670017A200025E02F0012B0203C03700E3
:10731000082F03BFDE02F0001202875EAF000831C3
:1073200000E0021F0020870182600628914401BC12
:107330006003010B8903BFDE02F00012020601ABFD
:1073400000083601806001872C39020681AB0008F5
:10735000380183E001872C390183E0020F107802A5
:107360008140130000020200420300083D018460D6
:1073700002F597AC01BC6003000ABB01BC600300CE
:10738000108003A3DE02F00840019060020910485B
:1073900000B0446700179E00B0446B00179D00B01A
:1073A000446F00179C00B0447300179B0068DE7A9E
:1073B00023284000E002230020880115403B0017ED
:1073C00097006D80A700884B00A05E5F0037970094
:1073D0006880A700084B01BC600300379700B0012C
:1073E000430017A1010C81430017A300685E8F00C2
:1073F000284F018CE0000A17A101C9DE840527FF90
:1074000001BC60031077950191E0020D906C02863B
:10741000403700085500E002BB0020AE03BFDE028B
:10742000F00CA401BC600300148001BC60030014D4
:107430008101B8600A04902401BC6003040824019F
:10744000BC600300482301BC600300D02A01B36084
:107450000700100401BC600300080801BC600300C1
:10746000080901BC600300080A01BC600300080BA6
:107470000183E002F5D7AE00E044671F4C1F02878E
:10748000C037000C9E00025E02F0123602864037C2
:1074900000086703C35E02F0087903BFDE02F00C48
:1074A0009F0068C033004877006B446583E877002D
:1074B000B041270017A100B0412701D04900B05EBC
:1074C000870017A100B05E870017A100B05E87009B
:1074D00017A100B05E870017A100B05E870017A15A
:1074E00000B05E870017A100B05E870017A100B052
:1074F0005E870017A100B05E870017A100B05E870D
:107500000017A100B05E8700104903BFDE02F00D36
:107510001303435E02F008620286403700088500CC
:10752000685E5F000C9F00685E5F004C9F0152D256
:10753000030017A10185D206F437A203BFDE02F0D3
:107540000880013C52030017A101BC5206F437A287
:107550000323DE02F008830068DE8B01CC9F03BFAB
:10756000DE02F0088500685E8B0288850068DE8B8D
:10757000038C9F006D403300CCA400685E5F004820
:107580009800685E5F002895006800A700C88A0020
:107590006880A700A88B00E0446690283001BC6298
:1075A000C30017A10280520300088E019652030007
:1075B00017A10080DE8690379A02035203000893D9
:1075C00000E05E6A90379A0207D20300089300E851
:1075D0005E6B00379A029E5E6B000CA403BFDE0256
:1075E000F0089C0152D2030017A10185D206F4379E
:1075F0009A03BFDE02F0089C013C52030017A10170
:10760000BC5206F4379A006E5E680BACA400685E4C
:107610006B000D130204C03B0008AE0181E0060DB3
:10762000906C0207C0AF0008A4020740370008A210
:1076300000E0027300209C03BFDE02F00CA40002F5
:107640005E02F0123603BFDE02F0089E00B0202377
:10765000000C1100B02027000C1200B0202B000CF1
:107660001300B0202F000C1400B05E7F000C150238
:1076700087C0AF000C9E0282403B000C9E01584028
:10768000AF00179A01BC603F1E17A1006DDE6AF4BF
:107690002C9E035B5E02F008B001BC601300104337
:1076A00001BC60FF1E17A1006E5E6AF42C9E00B044
:1076B000412328104801806002F297940184E0027F
:1076C000091048015840AF00102A006840AB002C58
:1076D0009E01BB5E5600900402035E570008C10283
:1076E0000047A30008BE01BC621E3C11E001BC6063
:1076F000030011EA00B05E6B0011EB0198601E3DC3
:1077000011E8020047B30008C100B05E6B0011EF42
:1077100001B0E0CE3D91EC03835E02F008C40002AC
:107720005E02F01236006D403304C8C103AADE02C7
:10773000F008E001BC63FF1FE3B301BC601F10D081
:107740006401BC600300B7A101BC63FF1FE79300A5
:10775000E04186F4306501BC63FF1FF60000E05E87
:10776000870077A100025E02F00F1F0200C07700C1
:1077700008D6012940770017A2006D5E8B04C8D49B
:1077800000E85E8B04D60001BC601F05F06300E0DA
:10779000418EC01063010C56030003B30068DE87FE
:1077A0000168D600B05E8B000793006DDE8701C8CC
:1077B000D900E0419300306403BFDE02F008C90342
:1077C000B05E02F008DF018360020D906C00681E5D
:1077D0001BFFE8E001BC601F05F06500E04194F08C
:1077E000D06502005A030008E0018360060D906C2A
:1077F0000020402F08A8E201BC60030003B301BCD5
:1078000060030007FC0188E00F0007FD006D4033B6
:10781000020A4A0129520F0017930109520F00175B
:10782000AA0068DE4F03A8EA01295223001793013A
:10783000A95E4F00379301966002F2979400E041F1
:107840008701F06501BC600F0017A10028DE86905B
:1078500068F101866006F2979400E0419700706538
:1078600000E0209300C82401065E530017A200A088
:107870005E4F0477A10068DE870448FF0186E006BA
:10788000F2979400B85E8B0037A200B05A0300173D
:10789000A0020ADA030008F901876006F297940251
:1078A00084C03B0008FF0203DA030008FF03AB5E5D
:1078B00002F008FD020441070008FF01806004FF98
:1078C000A7FD01065E530017A20182DE8A00900424
:1078D00003AADE02F0094503AB5E02F0091701843A
:1078E00060020D906C01BC63FF1FF79900B01E236E
:1078F0000017A20068DEAB00290900A05E4FFF77E9
:10790000A10068DE8707291503BFDE02F0090B021C
:1079100084520F0009150204D20F00090E03B15E54
:1079200002F0091400B01E1F0017A203BFDE02F010
:10793000090F03B35E02F009140200521700091583
:1079400000685E8BFFE91500E0015EF450650201FE
:107950005A4700091500B01E4F00179901846006B0
:107960000D906C0200521700094303315E02F009CA
:1079700043020200BF0009430180E001610B0802DD
:1079800000521700091E0068DE4F04091D00B02ACE
:10799000D70017A2006DDE895509310202AB2F0016
:1079A000093E02832B2F00092000685E5F00092B2F
:1079B00001BC60030017A3013852030017A3028320
:1079C000AB2F0009270068DE5F00292701085E8FC2
:1079D0000017A300695E8F00693E03BFDE02F00955
:1079E0002B006DDE5F00492903BFDE02F0093E0275
:1079F000842B2F00093E0068DE8F00093E00682AB4
:107A00009B00093E00B02B930017A2006DAA9AF4C8
:107A1000493E00685EAB00493100685E4F0689311F
:107A200003BFDE02F0093A00B02B9B0017A200B0A2
:107A30002A9B0017A10283AC2700093600682C8717
:107A4000000937006D5E8564293700B02C7F001770
:107A5000A2006D5E895CA93900B02C4B000B1101AE
:107A600084E006F7F7BF0068DE4F02893E00025E41
:107A700002F017BA0206DEFF00093E00E02BC70045
:107A80002AF10068DE5F0009410068DEAB00494171
:107A90000180E005610B0800682B4F00094301805D
:107AA000E006F7F7BF01BC63FF1FF7A5032B5E02DB
:107AB000F0094600B01E4F0017A50207520F00093B
:107AC000C2028047A30009BF028047B30009BF007C
:107AD000E0209300882400E8208F00882301BC6008
:107AE000030011E401BC600303D1E102065E530010
:107AF000094F01BC60030491E10206DE5300095303
:107B000000E047870051E10207D20F00095300E06F
:107B100047870091E1006D403302CA4A00685E4F1A
:107B20000589560068DEAB0049C203AB5E02F0096E
:107B300059020052170009C2020580F300095E00D5
:107B4000685E97FFE95B00E05E970097A50068DE3E
:107B500097FFE95E028052170009C2020700BF00CA
:107B600009C201BC601B0437A20090478700306542
:107B700000E04196F4506500E0478701081A03834E
:107B80005E02F0096500025E02F01236006D4031BF
:107B9000034962006D4031034A4A01BC600B1D5726
:107BA000A10068DE97FFE975010F5A070017A503CA
:107BB0001EDE02F0097502005217000975032C5EE3
:107BC00002F009C200685E67FFE97500E05E6700C9
:107BD000979900E05E66F43064012A580300179913
:107BE0000100DE970017A500E05E66F4B79900E09B
:107BF0005E67003799011558030017A603BFDE0220
:107C0000F0098500E05E96F43064012A58030017FD
:107C100099020580F30009840182E002F33799029A
:107C20000052170009840116D8030017A6010F5A45
:107C3000070017A4010CD8030017A10068DE92F416
:107C4000298000E05E6702179903BFDE02F0098910
:107C5000010DD8030017A10068DE92F429C200E0EC
:107C60005E6704179903BFDE02F00989011058030B
:107C70000017A60068DE9B00C9890181DA0300179E
:107C8000A100B85E86C017A10281DE870009C2008C
:107C9000885E6700778000E000AEF0106401AADE25
:107CA00064FF87FC0068DE9B0049A3020781870010
:107CB0000996006DDE030C09960285520F000996A5
:107CC0000298523B0009960181E004FFA7FD00E005
:107CD0005E000B37A300E05E8F0097A300E04187B2
:107CE0000077A200025E02F010D600E8208F0108A3
:107CF0002301BC602306D78100885E970077A1002E
:107D0000E85E86F4B06301BC60070E17A100E04195
:107D10008EF4306300B056170017A100B0561B0058
:107D200017A20068DE86D049C20068DE8AD069C228
:107D300000025E02F010AB01BC602306906401BC3F
:107D4000624F0017A200025E02F010FE00E04787BB
:107D50000217A103835E02F009A7006EC032F42966
:107D6000A5006EC032F42C9E00685E9B0049BF01E6
:107D7000BC621EF471E00068DE9B00C9B201BC6108
:107D80001300B7A1020600F30009AE01BC601300A6
:107D9000B7A101BC60030011EE00B05E6B0011EFF3
:107DA0000192E00EF431EC03BFDE02F009BF00687F
:107DB0005E9B0069B40068DE9B00A9BF0198600665
:107DC0003D11E800E0209300882400E8208F00881F
:107DD0002301BC60030011EA0068DE5F0049BA00BD
:107DE000B05E6B0011EB0192DE5E3D11E801876031
:107DF000023D11E80068DE9B00A9BE018760063DD8
:107E000011E8019860163D11E80181E004FF87FC4C
:107E100001AADE64FF87FC03BFDE02F009C701BCD4
:107E2000620F0011E001BC60030011E40181E00079
:107E3000FFA7FD01BC600F0011E801BC6003001149
:107E4000EC02001FF70009CE00E0208EF34823006B
:107E5000B0209300102500E8208E04A823006AA01B
:107E60008F01C9CE01B860060490240182E006F2B9
:107E700097940188600A00900401BC60031877950C
:107E800003A0DE02F009DB00685E4F06A9E00138BE
:107E9000520300178000B05E5F0017810204DEB756
:107EA0000009DA00685E070009D901BC60030177A8
:107EB0008001BC600300378103BFDE02F009DA01F4
:107EC000BC600301578000025E02F001430068DEDF
:107ED000AB0049E000A05E4F0477A100685E870018
:107EE0004C2D00685E87044C2D03BFDE02F00E357A
:107EF0000180600186EC37006EB083002A1C0068A8
:107F0000DE4F040A1C03335E02F00A1C018060018C
:107F100084AC2500E030B3002C2C0392DE02F00A82
:107F20001C00E03093002C2400B030830017A10027
:107F30006D3092F429EB03BFDE02F00A1A01806073
:107F40000584AC2501BC60270897A100025E02F001
:107F500001270187E006032C2A00B00143000C2B07
:107F600003835E02F00A18006DC03305C9FB00E808
:107F700060BA0197A60080DE9B0117A500685E5FCE
:107F80000009F60080DE9B0057A500B041B7000C49
:107F9000360080B0DB0C8C3600B041B7000C3600E8
:107FA000B030DB0010400000800000000001BC6029
:107FB0001B06D06501BC600300B7A400025E02F09E
:107FC000017200685E9300AA0303835E02F00A1840
:107FD000006DC031842A1801BC6003064C3603BF13
:107FE000DE02F009F70207C197000A0601385A07B6
:107FF0000017BB03BFDE02F00A07013C5A0300175B
:10800000BB01BC601B0437A600E84196F4D7A3006F
:10801000885E8F0037A300E05E8EF777A500E05EF4
:10802000970057A503835E02F00A18006DC03184E3
:108030002A18006DC032F4AA1800E85E960197A6CF
:108040000080DE9B0117A400685E5F000A130080B9
:10805000DE9B0057A400B041B70017A40080DE9358
:108060000C97A400B041B700104000008000000051
:108070000003BFDE02F00A0C0386DE02F00CA1034F
:10808000BFDE02F00D8B0180600184AC2501BC6075
:1080900003000C240386DE02F00CA10287C0370027
:1080A0000C9E00025E02F0123603035E02F00A1C10
:1080B00003A9DE02F00A2600025E02F01236020771
:1080C0004037000A210386DE02F00CA10287C03788
:1080D000000C9E00025E02F00EA3006E4030020A09
:1080E000500301DE02F00A500068DEAB000A3703DD
:1080F0002B5E02F00A2C00E0022B00208A03BFDE78
:1081000002F00A3002805217000A2F00E0024300FA
:10811000209003BFDE02F00A3000E00257002095F5
:1081200000685E4F040D8500685E4F028D85006813
:108130005E4F020BC100685E4F050E2500685E4F62
:10814000060E2500685E4F068E2F03BFDE02F00E7E
:10815000350068DEAB002A49032B5E02F00A3B00C3
:10816000E0022F00208B03BFDE02F00A3F028052A4
:1081700017000A3E00E0024700209103BFDE02F034
:108180000A3F00E0025B00209600685E4F06AB8E5F
:1081900000685E4F042E4D00685E4F04AE4D0068CF
:1081A0005E4F05AC3200685E4F062B8E00685E4F56
:1081B000052E2300A05E4FFF77A100685E87072E83
:1081C0004000685E4F16AC3D03BFDE02F00BB50306
:1081D000BFDE02F00BB900E0020F00208301BC609B
:1081E000030011EC01BC600F0011E80284C03B00E9
:1081F00009C20184E00609104803BFDE02F009C28B
:108200000200C09300000203A35E02F00A5403C3FD
:108210005E02F00A5303BFDE02F00D1100025E029F
:10822000F012360207C0AF000A5702074037000AB3
:10823000540107C0AF0017A100B85E870037A10145
:10824000825E860D906C00B0447F0007FE01836063
:10825000020910480287C037000C9E0386DE02F038
:108260000CA100025E02F0123603435E02F00A5CCB
:108270000287C037000C9E0301DE02F00A7B033048
:108280005E02F00A7B01BC601F15506500E041945E
:10829000F530650138402B001680012D406B00172A
:1082A000A200885E8B0137A202884027000A6A017B
:1082B000846006D0168000B05A02F456800205C0D1
:1082C00027000A6D0187E006D0168001BC601B0DF7
:1082D000D7A100025E02F0012700B04067001681BE
:1082E00001BC601B0DF7A100025E02F0012700B087
:1082F000406700168200B05A0B0017A100E85A062A
:10830000F437A200E15E8AF457A100E0DE86F4575C
:10831000A100985E8700B7A100E01EA70067A90032
:10832000691EA7018A7B01BC60030007A902801FA8
:10833000F7000A7D006E4030020B890381DE02F0F7
:108340000A8A00E002170020850329DE02F00A8174
:1083500002902E27000A8201BC6003002B8903A92A
:10836000DE02F00A860184E0060910480180E0027E
:108370000910480184E002F7F7BF0386DE02F00C23
:10838000A101806004FF87FC01806006F2979403DE
:10839000BFDE02F00B370068DE4F040A8D03335E48
:1083A00002F00A8D01BC6003000C2401836002F717
:1083B000F7BF0329DE02F00A910288AE27000AA364
:1083C00001BC6003000B8903AB5E02F00A9E0068EB
:1083D0005EAB002AA200685EAB000A9C010C520F43
:1083E0000017A100685E87002A9800685E87004A2F
:1083F0009A03BFDE02F00AA203B0DE02F00A9E0377
:10840000BFDE02F00AA003B15E02F00A9E03BFDEE7
:1084100002F00AA003B35E02F00A9E03BFDE02F080
:108420000AA001BC6003004B8903BFDE02F00AA36F
:1084300001BC6003008B8903BFDE02F00AA301BC0C
:108440006003002B890386DE02F00CA103AB5E0201
:10845000F00AA801F0521300118601A5E00A3011BC
:108460008003BFDE02F00ACA03A9DE02F00AAE00F2
:1084700068DEAB004ACA00B0523B00179F00B05202
:108480003B0017BE01BC600300280803BFDE02F0FA
:108490000ACA02875E53000AD703A0DE02F00AB9B7
:1084A00003BFDE02F007CA0190600A09104800B05D
:1084B000523B00179F00B0523B0017BE019E5E83E7
:1084C00000B0EB0106520F0017A100B85E8700371D
:1084D000A10182DE86F577AB01BC6103003080002C
:1084E000E8523AF3F7A2006BD23AF3EABC00E85E36
:1084F0007E91D7A200905E8B0097A101BC60230102
:108500001064006B523AF3EAC701185E870017A2A5
:10851000010A5E870017A300886006F457A200E0F6
:108520004192F4706400B05802F45600006BDEFA19
:1085300091CACA00B0523B0017BE03BFDE02F00A68
:10854000CA00025E02F0164F00B020230028080087
:10855000B0523B00179F0320DE02F00AD702075EED
:1085600053000ACE0180E00209104803BFDE02F08A
:108570000AD70068DE5F000AD4021A5407000AD244
:108580000103C0270017A101825E8610D086010278
:10859000C0270017A100E0422AF4308A0180E004DD
:1085A000FF87FC03A9DE02F00AD700B05E47001087
:1085B0008001085E4F0017A100685E87002B05034D
:1085C000AB5E02F00B0902005217000AEF0068DEF2
:1085D000AB004ADD00E0025300209402865E5300A7
:1085E0000B370284520F000D130284D20F000AE2EF
:1085F00003AC5E02F00AED03BFDE02F00AF8032CC2
:108600005E02F00AF800685E4F040AED0106D20F20
:108610000017A100808ECF0197A200E0015E0DB08F
:10862000640181DE86C3F61F0187DE862491240063
:10863000683077FFEAED00B04467000C1E02005E70
:1086400087000AED00E0446583AC1E00685E4F02BF
:108650000B3703BFDE02F00B24031EDE02F00AF527
:1086600003315E02F00AF50068DEAB004AF50080D7
:108670008ECF0197A200E0015E0DB0640181E0029F
:10868000C3F61F0068DEAB004AFA00E0023F00209C
:108690008F03BFDE02F00AFD00685EAB004AFD02F8
:1086A00080522F000B3702024107000AFD00685E6E
:1086B0004F040B3700685E4F028B370206DE530013
:1086C0000B020028E01EF40B0200A044B703E145B2
:1086D00000B005130017A100E05E8428A1460284C3
:1086E0004107000B3701806006F2979403BFDE025A
:1086F000F00B37032B5E02F00B3700685E4F05ABC3
:108700002400685E4F052B2403BFDE02F00B370008
:1087100068DEAB004B12006D8ECF002B1201BC60E7
:1087200003000AB501826002F5D7AE02805EFF0049
:108730000B1000682B4F000B1200E044655A4AD31F
:1087400000682B6BFFCB1200E02B6B002ADA0206CD
:108750005E53000B1500E0026300209803BFDE02A9
:10876000F00B370323DE02F00B1F0129500B00171B
:10877000A30068DE8F052B1F020680C7000B1A01BD
:1087800082E001872C390187E00210708301846048
:108790000209104800B05E870017A1006EE00300D8
:1087A0002B1E03D1DE02F00B1F0068DEAB004B2155
:1087B00000E0022700208900685E4F000B37006848
:1087C0005E4F010B3700685E4F058B3700808ECF00
:1087D0000197A200E0015E0DB0650020DA7F140B66
:1087E00037028047C7000B870329DE02F00B2D01FB
:1087F00002DEAF0017A10106520F0017A200385E7B
:1088000086F44B370182DE8AF577AB00B052230045
:1088100011F200B052270011F300B0522B0011F4F6
:108820000106520F0017A100E05E870031F500B08D
:10883000005B0011F000B047C30018000134C7C747
:108840000017A1006EDE8402AB3701BC6003081084
:10885000420283C107000B3B0301DE02F00B3A0327
:10886000B55E02F00B3B02805E53000D1300B0407A
:10887000330017A101089FF70017A200685E8B0064
:108880006B4300E840310497A102811FF7000B43BE
:1088900000B020930017A102809FF7000B4300B0A7
:1088A0005E630017A1006E5E84020B8900B05E87D4
:1088B0000007F401816000FF87FC0202C013000B77
:1088C0004900E05E840347F401816004FF87FC02F5
:1088D000011FF7000B8201035E530017A10187DE21
:1088E00084FF87FC0386DE02F00CA100025E02F02A
:1088F000123603855E02F00B4C018E60023D11E8DA
:108900000107C7830017A101825E84FF87FC020173
:108910009FF7000B550103C7970017A101825E84E2
:10892000FFA7FD00B020330017A1018E5E84FFA7D2
:10893000FD032A5E02F00B5D00025E02F00E87036B
:1089400029DE02F00B5C0301DE02F00B5C0182E029
:10895000060D906C03BFDE02F008A401BC600300AA
:1089600011EC01BC600F0011E801846004FFA7FD59
:1089700001075EAF0017A10185DE84FF87FC00B010
:1089800040270007F600B0406B0007F800B0406FCA
:108990000007F900B0402B0007F701BC601B0DD7A2
:1089A000A100025E02F0012700B040670017A2019B
:1089B000BC601B0DF7A100025E02F0012700B04071
:1089C000670017A100E85E8AF437A200E15E8AF42E
:1089D00057A100E0DE86F457A100985E8700B7A19A
:1089E00001BC5E860147F700681F33000B7C018FD6
:1089F00060060127F600681F33002B7900B01FC7FF
:108A00000017A100025E02F0012700A04064F9D720
:108A1000A200B85E88FE17A103BFDE02F00B7A0049
:108A2000A04138FE17A10068DE87000B7C018F6033
:108A3000020127F601846004FFA7FD01075EAF0075
:108A400017A10185DE84FF87FC00025E02F00EA301
:108A500001BC63FF1FD7A800025E02F0109A00025B
:108A60005E02F00E8701A8600A00900402011FF761
:108A700000163B00A8401300500403BFDE02F007BD
:108A80002000E002870020A103BFDE02F00B8A0075
:108A9000E0020B00208203A9DE02F00D13018460C6
:108AA000060910480184E00609104803BFDE02F001
:108AB0000D13032B5E02F00BB10068DE4F06AB9284
:108AC00000E0023B00208E03BFDE02F00B9300E0CB
:108AD000023700208D0323DE02F00BB50068DE4E66
:108AE000F1CBB5020680C7000B970182E001872C0D
:108AF000390187E002107083018460020910480088
:108B0000B05E870017A1006EE003002B9B03D1DE4F
:108B100002F00B9C00685E4F062BAF01BC600300A7
:108B2000083303295E02F00BA10203DEB3000BA29F
:108B30000191601A84F4270183E002F597AC0202E8
:108B400000BF000BAE0206ABD3000BA7020345AF7C
:108B5000000BA90185E0062D716B03BFDE02F00B4F
:108B6000A90203456F000BA90185E0062B715B028A
:108B7000045EB3000BAE0187E0021070830183E056
:108B80000209104800025E02F0159303BFDE02F0F6
:108B90000BB50205500B000BB501826006091048A9
:108BA00003BFDE02F00BB500025E02F00BBC0068F2
:108BB000DE4F062BB500E0024F00209303BFDE021C
:108BC000F00BB503AB5E02F00BB702044107000BDC
:108BD000BA02834107000A5003BFDE02F00BBA025B
:108BE000844107000A5001806006F2979403BFDEBB
:108BF00002F00A50028700C3000BC00068D21300C5
:108C00000BC001BC600300118301BC600300118232
:108C10000002DE02F00000039F5E02F00BC4039E20
:108C2000DE02F00E3502035E53000E35010C814367
:108C30000017A10068DE87002BC90100016300173F
:108C4000A10102C0270017A20038DE86F44BB90349
:108C5000AB5E02F00BCB02005217000BB902805240
:108C60002F000BCD03335E02F00E3502181DF3000A
:108C70000BF101BC601B06106501BC60031BB7A4AF
:108C800000025E02F0017200B05E8F0017A600685D
:108C9000DE931BABED0207C197000BDA01385A07D0
:108CA0000017A1013C5A070017A201BC5A0AF45749
:108CB000A2013C5A0B0017A301BC5A0EF477A30380
:108CC000BFDE02F00BDD013C5A030017A100B05AD1
:108CD000070017A200B05A0B0017A3006D5E8700B3
:108CE0008BE701BC61BF0A17A50068DE8AF4ABE21E
:108CF00001BC60271357A500685E8EF4ABE601BC8B
:108D0000605F0017A50068DE8AF4ABE701BC60175E
:108D10001E57A50068DE8EF4ABE703BFDE02F00C41
:108D20002900D85E870037A100E14196F430650044
:108D3000E1C19700306501F041970017A200E05EA5
:108D40008B0077A2006D5E8AF4CBD000E840330040
:108D500097A5006E5E96004C2900B01DEF0017A18C
:108D60000068DE840A0E35023C523F000C02013CD2
:108D7000523F0017A10068DE84048C2701BC600309
:108D800016106401BC601B06306500685E87002B0E
:108D9000FE00B05A030017A20068DE8AC00C27004C
:108DA000E0419700306500E0419300306400E85EE8
:108DB000870057A1006A5E87002BF700685E870076
:108DC0000C0301385A030017A1013858030017A2F9
:108DD0000068DE86F44C2703BFDE02F00C03028538
:108DE000C107000E3501BC601B06106501BC6003A5
:108DF00005B7A400025E02F00172028000C3000CFD
:108E00002701BC60131417A600E0017F00B7A5007E
:108E10006D5E96F4CC0B01BC60130C97A500685EE8
:108E2000940BCC2B00B0017B00106500B0522700E2
:108E300017A200B0522B0017A3006841940BEC1648
:108E40000068DE8ED04C1200685E8AD02C2700E0CD
:108E5000419700B065006D4196F4CC0F01BC6013E2
:108E60000C906503BFDE02F00C0F00E0028B0020C7
:108E7000A200B0017F00106500B0522300168000F0
:108E8000B0522700168100B0522B00168200808E4F
:108E9000CF0197A200E0015E0DB0640203587F008D
:108EA0000C2001BC602F0037A103BFDE02F00C21B3
:108EB00001BC5202F2F7A101A95E02F436830090D0
:108EC0004467011684020281AB000C250068DE9322
:108ED00005AC2601846006D0968400B05E97000041
:108EE0005F020781AB000C2901806006F2979403B2
:108EF000AB5E02F007DF03BFDE02F00A5000E002C3
:108F00008F0020A303BFDE02F00BB903835E02F0E3
:108F10000C2F006D4033038C2D006D4033038BB953
:108F2000032B5E02F00E3903BFDE02F007DF032BD6
:108F30005E02F00C3700E0023300208C020681ABA9
:108F4000000C360183E005872C3903BFDE02F007F1
:108F5000E100E0024B002092008800230037A200CD
:108F6000E05E8800F7A200E0001AF451890186E073
:108F70000630118003BFDE02F00BB5032B5E02F05A
:108F80000C3800E013530024D403BFDE02F007DAEC
:108F900002045247000BB501BC601F10F06401BC15
:108FA00060030177A101BC63FF1FE79300E04186E6
:108FB000F4306501BC63FF1FF60000E05E870077B8
:108FC000A100025E02F00F1F0200C077000BB50186
:108FD0002940770017A2006D5E8B04CBB500E85ED8
:108FE0008B04D60001BC601F05F06300E0418EC019
:108FF00010630200D603000BB502065603000BB542
:109000000184E006F597AC0116D6030017A200888C
:109010005E8B0077A200E0019EF4506500B041979E
:109020000004C201BC602B1817A100B05A0F001732
:10903000A200025E02F0012B01BC602B1837A100D8
:10904000B05A130017A200025E02F0012B00B041DB
:109050008B0004D903BFDE02F00BB503A2DE02F0E1
:1090600000C203A3DE02F00C7A00E001FF00207FC3
:1090700001BC60030017A303BFDE02F00C7C018774
:1090800060040310A001BC60030051E400B04793EA
:1090900000180001BC600302900401BC620F0011C3
:1090A000E001BC600F0131E800B047A300180001E7
:1090B000BC600F0011E801BC60030131EC00B04757
:1090C000B300180001BC60030011EC0184600609C4
:1090D00010480020601E090C7100E001FB00207E9A
:1090E00003BFDE02F00C8501BC60030ED7A10114A2
:1090F00000630017A200E05E86F4506500E05A03AA
:10910000003680020300C7000C7703A95E02F00C52
:109110007C0291509F000C7B0191601A84F427031C
:10912000BFDE02F00C7B00E001FF00207F01BC608D
:10913000030037A30323DE02F00C850183E002095C
:10914000104801846002F597AC01BC6003000ABBC3
:1091500001BC600300178E020680C7000C830182E9
:10916000E001872C390187E00210708301826002E0
:1091700009104803D0DE02F00C8603D05E02F00C2A
:10918000870182E00209104803D5DE02F00C890154
:10919000BC60030010B401BC600300F7A1006800CC
:1091A000A7000C8D0185421AF437A100025E02F07F
:1091B000012700B040670017A501BC63FF1FF7A29D
:1091C00000025E02F0012B008860070157A400B87E
:1091D0005E86F497A100025E02F0012B0283C21F9B
:1091E000000C9400025E02F0114C02844523000C36
:1091F0009603D0DE02F00C9800685E8F000002003B
:1092000020E01E090C9C00B05E9700142E03BFDE08
:1092100002F0036E00A8412300F04803BFDE02F015
:1092200000020183600209104800E002130020845C
:1092300003BFDE02F00CA401BC6007001042006E08
:109240004030020CA400E0027700209D00025E0284
:10925000F0170A03A35E02F00A5003C6DE02F00C08
:10926000A7032ADE02F00CAE00B030470008080069
:10927000B0304B00080900B0304F00080A00B03091
:109280005300080B00B0305700179F03BFDE02F0F9
:109290000D130184E00609104803BFDE02F00D1330
:1092A000020681AB000CB30281B0E70000BD02836F
:1092B00030E70000BD028445230000BD0320DE022C
:1092C000F00CBB0068A0C7000CB801BC609F02177F
:1092D000A100E04466F42831006B4465062CBC0014
:1092E00020E1020900BD00025E02F00D2F01BC600A
:1092F000030008310020E38A0900BD0284452300F1
:1093000000BD00B05E870017A103915E02F000BDB2
:109310000396DE02F000BD03965E02F000BD00027F
:109320005E02F00D2F00E10DB228E36C00E08DB776
:1093300000036D01BC600300114701BC60030060C5
:109340002000680173000CD701BC60130890E60090
:10935000025E02F0016A00B001730010E401BC601B
:109360000300000601BC600300005C01BC60030157
:10937000D78201D2DE0877F0E000B00F030010E1E1
:1093800000B0004700108600B00F1F00108A01BC1B
:10939000600300378100025E02F010700190600AE5
:1093A00009104801BC610300308003BFDE02F000F9
:1093B0000201BC60030030420187E00224712300F7
:1093C000025E02F014DB03975E02F00D4303125EAF
:1093D00002F00CDA01BC600300402001BC60030015
:1093E0000B8901BC600300114901BC618300112598
:1093F00000B0007B00112701BC60130C805E01BC33
:1094000060130C805F0180E006F5D7AE0107C1074D
:109410000017A101805E86F577AB01BC600F0011DB
:10942000E801BC620F0011E000025E02F00CF701DF
:10943000BC61CF0C105C01BC600300105D01BC611D
:10944000CF01F05E01BC603B0AF05F018660056100
:109450000B0800025E02F0145C01866001610B08DB
:1094600001BC600300082E020300C700001201BC0B
:1094700060030006B201BC60030006B701BC6003D4
:109480000006BC01BC60030006C103BFDE02F000A1
:109490001201BC60430017BB00A04122F7704801D5
:1094A000BC63FF1FF05401BC63FF1FF05501BC6398
:1094B000BF1FF05601BC63FF0FF05700025E02F0C1
:1094C000170A0187E00624712301BC6003001054D1
:1094D00001BC600300105501BC600300105601BCC4
:1094E000600300105701BC600F0020170106C10780
:1094F0000017A101825E8402E017010741070017EF
:10950000A100B85E870037A10180DE870000160049
:1095100002DE02F000000285C03700000200025E99
:1095200002F0123602864037000D0A00E0021B00EE
:10953000208601BC6003010B890386DE02F00CA1CA
:109540000287C037000CA100025E02F017D003BFF3
:10955000DE02F0001201B8600A04902403AA5E0241
:10956000F00D160158600300102A01BC6003029040
:109570000400B04013001800018360020910480184
:10958000806000FFA7FD00025E02F0123603855ED8
:1095900002F00D1A01BC620F0011E001BC600F0166
:1095A00031E800B047A300180001BC600F0011E8CB
:1095B00001BC60030157A100E85E870037A1006885
:1095C000DE87000D2101BC600302900400B040134F
:1095D00000180001BC60030131EC00B047B3001873
:1095E0000001BC60030011EC0324DE02F00720013F
:1095F000866006F577AB00025E02F00D2F018060F9
:109600000610308100B05E870017A1018060021053
:10961000308103BFDE02F00720020601AB000D31EE
:1096200001806001872C3901BC610300108000B00B
:109630004203001800006EE003002D3403505E0268
:10964000F00D3700015E02F0000003BFDE02F00300
:109650009401846002F597AC01BC6003000ABB0072
:10966000A8412304F048018260020910480206DE86
:10967000AF000D3E03D5DE02F00D3E0350DE02F0DA
:109680000D3C01BC60030010B40284C783000D418F
:1096900001BC600B0011E0018E6002F577AB0002A7
:1096A000DE02F0000003A2DE02F000BD02BC428731
:1096B000000D4A01BC60030037A401BC60031FF722
:1096C000A3011400630017A200886006F457A203E8
:1096D000BFDE02F00D4F008860070117A401BC63D4
:1096E000FF0017A3011400630017A200E05E8B01C6
:1096F00017A200886006F457A201BC60131B906596
:1097000001BC601B18506401BC60030017A5002059
:10971000C286F48D5900E0419706D06500E0419380
:1097200001F06400E05E970037A500885E93003783
:10973000A400205E92F46D7803BFDE02F00D5200AB
:1097400068DE92F44D5E00680083006D5E03A0DE6B
:1097500002F00D5E0020C123160D5300025E02F0E0
:109760000D2F006DDE93200D74020300C7000D68FD
:10977000006DDE97008D6801BC600300160801BC17
:10978000600300160901BC600300160A01BC6003F7
:1097900000160B01BC600300160C01BC6003001630
:1097A0000D01BC600300160E02005AC3000D7302C7
:1097B0003C5A9F000D7300680083006D730385DEC3
:1097C00002F000BD03855E02F000BD03A2DE02F0E0
:1097D00000BD03A3DE02F000BD0397DE02F000BD72
:1097E00000B041970010600191600A84F42703BF24
:1097F000DE02F0036E01806002D616B000B05E9308
:109800000010A101836002F7F7BF01BC60030030C4
:109810004303BFDE02F00D53006880830060BD0388
:10982000BFDE02F00CDB0283C21F00000200B05E4C
:10983000870017A103D0DE02F0063D01BC600304DF
:109840001042039EDE02F0001200B05E3F001145A0
:1098500001BC600300178F00B05E4300178500B0A5
:109860005E0F00179000025E02F00D2F03BFDE02B4
:10987000F00012006D4033058BBA03AC5E02F00DB0
:109880008A00685E4F028DEB00E0026700209903BA
:10989000BFDE02F00DEB00685E4F028DEB02803000
:1098A000DF000D8E00E0025F0020970180600586DA
:1098B000EC3700025E02F00EAF01866002F5B7AD34
:1098C00001826002F5D7AE01BC6003000AB5039EB9
:1098D000DE02F00DA00321DE02F00DA000E0026F19
:1098E00000209B00025E02F00D2F0186600209102D
:1098F0004800A8412301304801BC60030210420225
:1099000080441F000D9F00B05E3F00114501BC6008
:109910000300178F00B05E4300178500B05E0F0094
:10992000179003BFDE02F00DA000A044B6F0714511
:10993000028200C3000DEB00B000730017A100E02D
:109940005E86B017A100E15E7AF4379E00E1DE7713
:1099500000179D00E1DE7300179C00E0DE6F00172A
:109960009B039EDE02F00DAF006E5E6E924E2100F4
:109970006D5E6E924DAF006E5E72922E21006D5E36
:1099800072922DAF006E5E76920E21006D5E769221
:109990000DAF006DDE7A91EE2102003097000DB41C
:1099A00000B05E7B000C3200B05E77000C3300B07C
:1099B0005E73000C3400B05E6F000C35028201ABA8
:1099C000000DC500B0446700082D00B0446B0008CE
:1099D0002C00B0446F00082B00B0447300082A002C
:1099E00068A0B6232DAF00E920B6F3D79E00E9A00A
:1099F000B2F3B79D00E9A0AEF3979C00E8A0AAF3EC
:109A0000779B00E15E7A91F7A100B05E87001119A3
:109A100000E1DE7692111A00E1DE7292311B00E065
:109A2000DE6E92511C0068DE86232DBE03BFDE026F
:109A3000F00DEB00E9523EF3D7A100E9D242F3B7B3
:109A4000A200E9D246F397A300E8D24AF377A40034
:109A5000880ECF0057A500E0015EF4B06400E95E17
:109A600086C9A78100E9DE8AC9C78200E9DE8EC9FE
:109A7000E78300E8DE92CA078400808ECF0197A5B5
:109A800001BC601F07778000E05E020DB0650088B2
:109A90005A0F00F7A500B05E970817A50134DA0F3A
:109AA0000017A600E95E94F037A500E8DE98F057AD
:109AB000A6017BDE96F4D7A500685E96D06DEB001C
:109AC000E85E96D077A600B05E9700168300685ACD
:109AD00013000DDD00E05A16F4D68500685A1B000D
:109AE0000DDF00E05A1EF4D68700885E9B00F7A1C8
:109AF0000134DE9B0017A201BC60030017A301BC68
:109B000060030017A40069DE9B000DE701BC63FF42
:109B10001FF7A301BC63FF1FF7A401C3DE8EF45738
:109B2000A200E95936F4364D00E9D93AF4564E0010
:109B3000E9D93EF4764F00E8D942F49650031EDE90
:109B400002F00E21039F5E02F00E2100685E4F02BC
:109B50008E21032C5E02F00E2101BC601B06D06535
:109B600001BC600300B7A400025E02F001720200B3
:109B70003097000DF600685E9300ADF600E030C748
:109B8000002C3103BFDE02F018840068DE9300AEC3
:109B9000210207C197000DFC013C5A070017BB01C9
:109BA0003C5A0B0017A101385A07000C2603BFDEF0
:109BB00002F00DFF01385A070017BB01385A0B009D
:109BC00017A1013C5A03000C2600B05E87000C2749
:109BD00000808ECF0197A200E0015E0DB06400B05E
:109BE0005EEF0016280181DE86C3F61F0068307321
:109BF000FFEE0802005E87000E08008830730071D7
:109C0000260090307301B12800683077FFEE0C0019
:109C1000B04467000C1E02005E87000E0C00E0449A
:109C20006583AC1E0187DE86249124020680F30042
:109C30000E100181E002C3F61F0187E00224912487
:109C400002003097000E2100E030B7002C2D028674
:109C500080F3000E140281D87F000E1F00B0309FE9
:109C60000017A100025E02F00F0802805E8B000E5A
:109C70001F00E85E6984D7A100685E85846E1B00C2
:109C8000E030BF002C2F03BFDE02F00E1F00E030DB
:109C9000BB002C2E01BC6003000C2501BC6007003A
:109CA000104303BFDE02F00D1300E85E6984CC238D
:109CB00003BFDE02F0188403AB5E02F007DF03BFD0
:109CC000DE02F00A50032B5E02F00BB903BFDE0286
:109CD000F007DF03AB5E02F00E28032C5E02F00BF0
:109CE000B903BFDE02F00E3900B052230011F200BA
:109CF000B052270011F300B0522B0011F401BC60E8
:109D0000030091F501BC600308104200B0005B0045
:109D100011F003BFDE02F007DF0138523F0017A148
:109D200002065E53000E320138524B0017A1006844
:109D3000DE87008E3503AB5E02F007DF03BFDE0275
:109D4000F00A500068DE4F020E38020781AB000EA9
:109D50003801806006F2979403AB5E02F007DF02E1
:109D60000000F3000E3E0206DE53000E3E01185EB8
:109D7000830017A10068DE8700AE3E01BC600B02C5
:109D8000514202005217000BB903BFDE02F00A5025
:109D900001BC600300118301BC6003001182032C2D
:109DA0005E02F00E450199E00620110003BFDE02BD
:109DB000F00E490119402F0017A100685E87000BC3
:109DC000B50199DE8620110003315E02F00BB5006B
:109DD000A05E3B0097A200205E4EF44BB50184606C
:109DE0000209104803BFDE02F00BB503AB5E02F0C0
:109DF0000E5000025E02F00BBC03BFDE02F00BB59A
:109E00000068DE4F042E5400B0523300179F00B09C
:109E1000522F0010EB0281522F0007CA00E002AB64
:109E20000020AA0281522F000B9303295E02F00E3C
:109E30005A0203DEB3000E5A0191601A84F427011E
:109E400083E002F597AC0208522F0007DF03BFDE64
:109E500002F00A5001BC600300106701BC600300FF
:109E600010460180E0060930490282C11F000E64DD
:109E700001BC603F1FF06501BC600300168000E874
:109E800041970030650069C197000E6101BC600B0D
:109E900000179401BC60030017AB01BC60030017FE
:109EA000AC01BC60030017AD01BC60030017AE013C
:109EB000BC60030017BF01BC63FF1FF7B501BC60A6
:109EC0000300202001BC60030017A100025E02F025
:109ED000012701384067000028011C406700002965
:109EE00001BC600300504901BC60030017A701BC1E
:109EF00060030017A801BC60030017A901BC600340
:109F00000017AC01BC60030017AD0182E0060F1022
:109F1000780206C1E3000E77006880A7000E7A037E
:109F2000BFDE02F00E7B006880A7008E7B01BC6064
:109F30001302600001BC60230E400101BC63F318F2
:109F4000600201BC614B15600301BC6003000004AA
:109F500001BC604305200501BC601B04306101BCED
:109F6000601702506001BC600300082200B05E0F61
:109F700000178500A044B6F0714503BFDE02F00C67
:109F8000C30183E0060F107801885E5CFEC7F6010E
:109F9000BC601F1E900701BC60030190080188602F
:109FA000060090040386DE02F00CA10305DE02F039
:109FB0000E8C0386DE02F00CA10385DE02F00E8E0D
:109FC00000B05E870017A1006EE003002E920386AA
:109FD000DE02F00CA1006EC0146FEE9501BC6007AC
:109FE0000010420002DE02F0000003215E02F00ECB
:109FF0009A00E0204AF4281200B0204B00178B038F
:10A00000BFDE02F00EA2028150C7000E9F011C505D
:10A010009F00178B00E05E2EF4378B019C5E2E8430
:10A02000F42703BFDE02F00EA2011E509F00178B23
:10A0300000E05E2EF4378B019E5E2E84F427000232
:10A04000DE02F00000006800A7008EA80102C02711
:10A05000000821006880A700AEAE00E0208700283D
:10A06000210002DE02F0000001BC60030028210193
:10A07000BC402B0017A100985E870117A1009840F3
:10A080002B0117A2006ADE8AF42EAE01BC60030029
:10A0900088210002DE02F00000028280BF000F076C
:10A0A00000B0418F00081300B0418B00081400B0CD
:10A0B00044670017A2017BDE8A2357A101BC601F01
:10A0C00007706501BC60030017A201BC601F03D0CC
:10A0D0006401BC601F11506300685A03000EFE014A
:10A0E000BC601F0FB06200E0418AF45062009054DF
:10A0F0000300F7A6006B5E86D06ED400B05A030052
:10A1000017A300E05A0EF4D58000E05A0EF47683CF
:10A1100000E85A2F00368B0069DA2F000EC300E8E2
:10A120005A0700368B006CDA0EF42EBE00E85A0E89
:10A13000F437A400905A030077A5006EDE92F4AEC7
:10A14000CA01BC600300360001BC600B0010430173
:10A15000BC600300278900205A0B080ECD01BC60AB
:10A160000300279203BFDE02F00ED400205A0B1426
:10A170000ED400202C27080ED000205A0B040ED439
:10A1800001866006F5B7AD0088009B00D1260090DF
:10A19000009B01512801BC6303001124006B5E8603
:10A1A000B00EDC00685A13000ED901886006D05644
:10A1B0008200B056030017A400E05E92D09685009E
:10A1C000E05A0EF4D58000205A0B080EDC01BC606A
:10A1D0000300079200685A13000EE4006B5E86D0FD
:10A1E000AEE40188600AD0568200B056030017A47E
:10A1F00000E05E92D0968501BC600300360101BC90
:10A20000600B00104301BC600300278900685A1BE3
:10A21000000EFE006B5E86D0EEFE02015A0B000EB1
:10A22000F300E85A1B00368600B05A270017A30037
:10A23000E05A1EF4768701BC601F11D06200E04135
:10A240008AF4506200B05A2B0017A300E05402F4C5
:10A2500075000203D403000EF100E05A1F00368798
:10A260000130540300150001816002D0568203BF03
:10A27000DE02F00EF600B05A230017A300E05A1ECB
:10A28000F4768701816006D0568200685A1B000E62
:10A29000F8006CDA1EF42EE602015A0B000EFB01E8
:10A2A000BC600300360203BFDE02F00EFC01BC609E
:10A2B0000300360301BC600B00104301BC600300C7
:10A2C000278900E0419701906500E05E8B0037A28E
:10A2D00000E0419300906400E0418F003063006D26
:10A2E0005E8B008EB802981DF3000F0501BC600361
:10A2F00000079200B0204F00106300B02053001000
:10A30000620002DE02F0000001BC60030017A20040
:10A3100068018B000F1E0090018B0077A201806006
:10A3200002F437A1006E5E86F44F1E0207C197004B
:10A330000F1001385A070017A303BFDE02F00F11F8
:10A34000013C5A030017A300E85E8F0097A300E8C2
:10A350005E8AF437A2006A5E8AF46F1E00D04197CD
:10A3600000306400E05E8B00B7A300E04192F4701F
:10A370006400D841930030640207C193000F1B01B1
:10A380003C58030017A103BFDE02F00F1C01385830
:10A39000030017A100A0018B00F7A200905E86F4D5
:10A3A00057A20002DE02F0000000B05A0300101FA6
:10A3B00000B05A0700102000B05A0B001021018095
:10A3C000600700101D02804077000F230002DE02AC
:10A3D000F000000187E002F577AB03915E02F00028
:10A3E000020020E3FE0900020200421F00000200FA
:10A3F00068C2F3000002028445230000020068C026
:10A40000170000020068AB9700000200025E02F035
:10A410000EAF00683073FFEF310207C493000F3CAA
:10A4200000683077FFE00200683077FFEF350068A2
:10A43000307B000F3B006BC46583CF3C03BFDE0263
:10A44000F0000201BC601F07706400E04193061732
:10A45000A20068D82F000F390281D80B000002003B
:10A46000E04193019064006D4192F44F370287C43C
:10A470009300000200689E4B00000202815E5300C0
:10A480000F4A0283411F000F400281DE53000F5B21
:10A4900001BC600300115101BC600300115201BCFA
:10A4A000620300115301BC60030051500189600632
:10A4B000F2979401BC60E700107701BC60030010C4
:10A4C0007601BC60031117A300025E02F0013403A1
:10A4D000BFDE02F000020280C54300000201F0C5A9
:10A4E000470011560107C5470017A101F0C54AF4FE
:10A4F000315500B0455700107700B0455B0010762D
:10A5000001BC60030E97A300025E02F0013400B0AC
:10A510004557000C1000B0455B000C0F01BC6003F8
:10A5200000115501BC60030011560090303F00CC73
:10A530000F00B030430017A101AD5E8581EC0F0123
:10A5400089600AF2979401BC60030810470392DE09
:10A5500002F00FAF020480BF000F6001BC63FF1F59
:10A56000E7F301BC61FF1FE80E03BFDE02F00FB18D
:10A5700001866002F597AC01BC601F07706501BCE5
:10A58000601F0FB06401BC60030037A101BC600311
:10A590000017A300685A03000F9D01BC6003001759
:10A5A000A502035A0B000F6E02805A0B000FAF007A
:10A5B000E9440AC017BB00E8C40F0017A4017BDE02
:10A5C000EEF497A400685A13000F7C03BFDE02F07C
:10A5D0000F790068DE87002F700203DE53000FAF93
:10A5E0000203DA0B000F8400B05A0F0017A40068B2
:10A5F0005A07002F7500685A2F002F7501BC6003A1
:10A600000037A500685A13000F79006CDE92D0AFB6
:10A610007900B05A170017A401BC60030037A500E9
:10A62000201CBAF42F7C00685A1B000F9703BFDE72
:10A6300002F00F7F00885E870097BB00201CBAF7EE
:10A640006FAF02015A0B000FAF006CDE92D0EF9794
:10A6500000B05A1F0017A400201CBAF42F8301BCBD
:10A6600060030037A503BFDE02F00F970202DA0B8A
:10A67000000F9D0204C107000FAF00B05A0F001772
:10A68000A400E85A2F0037BB0069DEEF000F8A00F4
:10A69000E85A070037BB013C016F0017800068DEF5
:10A6A00003000F900138016F00178000685E0300FF
:10A6B0000F9300E85E030037BB03BFDE02F00F9389
:10A6C00000E85E030037800080DE02D0378000E0C3
:10A6D0005EEE0DB7BB00685EEF000F9700E05E9284
:10A6E000D017A400E85EEF0037BB03BFDE02F00F17
:10A6F0009300685E8F000F9A006B5E92F44F9B038D
:10A70000BFDE02F00F9D01BC60030037A300B05E06
:10A71000930017A200B05E970017A600885E87001E
:10A7200037A100E0419701906500E041930030645B
:10A73000006D5E87020F6500685E8F000FAF00B08E
:10A7400044670017A5017BDE962357A500E85E8AC3
:10A75000F4B7A400885E9300E4DB00905E930127C9
:10A760001D00B0012B0017A300689C77000FAA0002
:10A770006E936EF46FAF03A65E02F00FAF00B05E93
:10A780009B00078500E9136EF467F300E89C7700EF
:10A79000080E03BFDE02F00FB100681E17000002B2
:10A7A00003BFDE02F0105901BC61030011230069F0
:10A7B000203B000FB50180E006F2979403BFDE0254
:10A7C000F00FB70180E002F2979403BFDE02F000C1
:10A7D0000200684127000FC602844523000FB8001D
:10A7E0006800A700AFBC006800A700CFBC0068806D
:10A7F000A7010FBF00B044670017A100E84466F44A
:10A8000037A2006D5E8B004FBD0280C127000FC1D3
:10A810000392DE02F010590392DE02F00CE7000210
:10A820005E02F014E700025E02F0113D00025E02DB
:10A83000F0113800025E02F0114801BC600F0011F7
:10A84000E8031EDE02F00FCD01BC600300105C01C6
:10A85000BC600300905D01BC605304105E01BC60ED
:10A860000300105F03BFDE02F00FD101BC600B00DC
:10A87000105C01BC600300905D01BC604304105E8D
:10A8800001BC600300105F01BC6003000C1E01BC32
:10A890006003008020028500BF00106000B01FCF61
:10A8A00000115100B0203B001152006E1FCE2A8FC4
:10A8B000DA0068A03B000FDA00E01FCE23280F0368
:10A8C000BFDE02F00FFB00B0446700080F00E91F75
:10A8D000CE2A915100E8A03B00115201BC61FF1F3C
:10A8E000707701BC63FF1FF07601BC60031197A372
:10A8F00000025E02F0013400B0454B00107700B05A
:10A90000454700107601BC60030F17A300025E02EA
:10A91000F0013401BC602F1AB06500B04557001635
:10A920009100B0455B00169200B0440B00169300F6
:10A93000B0440F00169401BC63FF1FF15201BC63C9
:10A94000FF1FF15101BC600300115501BC60030001
:10A95000115601AC607F029075028741D7000FEF5E
:10A9600000B041DB0003B100B041DF0003B200B032
:10A97000446700082D00B0446B00082C00B0446F01
:10A9800000082B00B0447300082A00E14464FE6C08
:10A990001A00E0C46901CC1B01BC60030231500005
:10A9A000B0454300180000686003000FFB01BC6065
:10A9B0000300104000008000000000020480BF007F
:10A9C0000FFF0312DE02F00FFB0068C557001007EF
:10A9D00001BC602F1AB06500B05A4700115500B095
:10A9E0005A4B00115600B05A4F00110200B05A5392
:10A9F00000110301BC60030017A701BC600300172E
:10AA0000A801BC600300006601AC607F0F107502F6
:10AA10008741D700100900B041DB00115100B0415F
:10AA2000DF0011520068454700101000E91FCE2AD0
:10AA300087F300E8A03B00080E01866006F597AC9E
:10AA400001BC600300107701BC600300107601BCFC
:10AA500060030F17A300025E02F0013401BC600323
:10AA6000001150028445430010150207C1E3001095
:10AA70001600B044670017A100685E8623301801F5
:10AA800082E0060F10780206C1E300101A01BC60D4
:10AA90000300402001BC60030000660186600620C0
:10AAA000110001BC606300107B01BC601B00107AC8
:10AAB00001AC607F029075028741D700102100E948
:10AAC00041D876379C00E8C1DC76579B00B0303F18
:10AAD0000017A10080DE72F4379D00B041B7001767
:10AAE0009E0080DE6EF4379C00E15E760DB79D001F
:10AAF000E0DE7300179C017D5E7AF3B7A1017D5EF5
:10AB000076F397A200905E730157A300E120B6F49C
:10AB1000311900E1A0B2F4511A00E1A0AEF4711BAA
:10AB200000E0A0AB00111C00E10DAAF4236A00E0D4
:10AB30008DAEF4436B00B0441F001800008844231E
:10AB40000157A30090442300D7A400B0440B001782
:10AB5000A100B0440F0017A200E95E862337A100D0
:10AB6000E8DE8A2357A20069DE8B00104100E14431
:10AB70000AF4710200E0C40EF4910300E85E2300C1
:10AB800037880069DE2300103600E8002700378888
:10AB900003BFDE02F010360186600220110001BC06
:10ABA000600300402000E9306A2337A100E8B06E5E
:10ABB0002357A20068DE8B00105001BC604F1117B4
:10ABC000A3006DDE86F4705001BC600300104001EC
:10ABD000BC600300105D018260060BF05F00D05E78
:10ABE0008700713401E1DE8A26913501BC630300E0
:10ABF000113300008000000000018260020BF05F52
:10AC000002865EB300105900681E1700105901BC7F
:10AC100060430017A100E04466F4378001BC600384
:10AC200000078900025E02F00EAF006C4466F0106F
:10AC30005900681E2700105503BFDE02F00F5B02AB
:10AC400000DE530010630180E002F2979400025E80
:10AC500002F0113B01BC600300104003BFDE02F0B4
:10AC6000105E00E044640957A103BFDE02F01063E8
:10AC700001BC600300104000B0012F0017A100E0EC
:10AC8000012AF4310900B0012F00110901BC61CF84
:10AC90000C105C01BC600300105D01BC61CF01F0D1
:10ACA0005E01BC603B0AF05F00025E02F0114400EE
:10ACB000025E02F0114B00025E02F0114101BC6025
:10ACC00003000785006D80A7008CE700E04467045F
:10ACD00077A10068DE8623306E03BFDE02F00CE74A
:10ACE00001885E0610D08601025E070017A101826E
:10ACF0005E8610D0860002DE02F0000000B0004741
:10AD00000010860108204700178101385203001700
:10AD1000800102C0270017A600025E02F015F800AD
:10AD200068204700507B00B0540700178000025E87
:10AD300002F01070006820470030830068A04700D0
:10AD4000107F021A54070010830103C0270017A1C7
:10AD500003BFDE02F010820106C03B0017A1018292
:10AD60005E8610D0860002DE02F0000000B05413B0
:10AD70000017A10068DE4F16B08700B0541300170B
:10AD8000A10200DE0700108F00B0418B00106501AA
:10AD9000BC600301D7A10068DE4F16B08C01BC6017
:10ADA000030297A100025E02F0160B00E05E840031
:10ADB000F7A103BFDE02F01094020480F3001094A8
:10ADC00002025E0700109402805E0700109400905B
:10ADD000001B0037A200E85412F457A10002DE0263
:10ADE000F00000020400BF00109800025E02F011A3
:10ADF000E903BFDE02F0109900A044B6F0B14500AF
:10AE000002DE02F00000020000BF0010AA0068ABE2
:10AE1000EF0010AA00E05EA30037A8006D5EA00559
:10AE2000D0AA00B02E2F0017A100025E02F0012769
:10AE300000B040670017A20068DEA3FFF0A700B0D3
:10AE40005E897197A2006D00A70090A6006DA08793
:10AE50000050A803BFDE02F010A70068A087001012
:10AE6000A800B85E897197A200025E02F0012B0172
:10AE7000BC60030017A80002DE02F0000000D85AF0
:10AE8000030117A201B85A06F457A200B0560300F6
:10AE9000083600B0560700083700B0560B000838D7
:10AEA00000B0560F00083900B0561300083A00E011
:10AEB0005612F4483B00B05A0300083401385E8B48
:10AEC00000083500B020EF0017A401BC6003001794
:10AED000A200B0419300106500B85E92D017A400A4
:10AEE000E05E06F4506300F05E930017A300F05E8E
:10AEF000930077A400E05E8B0037A200B85E92F466
:10AF000077A400E04192F4506500E05602F4958089
:10AF100000B056030017A4006EDE8B00B0B800B876
:10AF20005E92C0D7A200D85E8B0037A200E020DA84
:10AF3000F4483600B020DB0017A400B85E92C0F7DA
:10AF4000A200D85E8B0037A200E020DEF448370074
:10AF5000D820DF0037A200E020E2F4483800D820F3
:10AF6000E30037A200E020E6F4483900D820E700EB
:10AF700037A200E020EAF4483A00D820EB0037A2DC
:10AF800000E020EEF4483B00B020EF0017A200B82C
:10AF90005E8AC017A200905E8B0037A201BC5E895A
:10AFA00006A8350002DE02F00000018060063C9138
:10AFB000E4018760063CD1E601A860023CD1E601CD
:10AFC0008B60023CD1E600B05E8F00106300B0568B
:10AFD000030011E700B056070011E700B0560B0060
:10AFE00011E700B0560F0011E701A960423C91E45F
:10AFF00001A860023CD1E6018B60063CD1E600B0BE
:10B000005E8B00106301BC60030057A1020456036D
:10B010000010E601BC60030117A100E0418EF4308E
:10B020006300B056030011E700B056070011E700B7
:10B03000B0560B0011E700B05E8B00106301BC60DE
:10B040000300B7A10204D6030010F001BC600301A5
:10B0500017A102065E530010F001BC60030197A126
:10B0600000E0418EF4306300B056030011E700B0F9
:10B0700056070011E700B0560B0011E701BC600352
:10B080000017A10206DE530010FB00B05E8B00101B
:10B090006302065E530010FA00A0563F01F7A103B9
:10B0A000BFDE02F010FB00A0563301F7A100B05E36
:10B0B000870011E701BC60030011E70002DE02F027
:10B0C000000000685E9B00D11801BC60070211E31C
:10B0D0000068DE9B00510B00E847870111E101BCCD
:10B0E00060030011E201BC60030011E201BC6003D7
:10B0F0000011E201BC60030011E201BC6003001119
:10B10000E201BC60030011E201BC60030011E20136
:10B11000BC60030011E200B06142F451E000B0589D
:10B12000030011E200B058070011E200B0580B0014
:10B1300011E200B0580F0011E200B058130011E204
:10B1400000B058170011E200B0581B0011E200B027
:10B15000581F0011E200B05E9B0017A40068DE9B40
:10B1600000B11601BC60030077A40192DE930217C0
:10B17000A30002DE02F0000001BC60070011E30042
:10B18000B058030011E200B058070011E200B058B7
:10B190000B0011E200B0580F0011E200B05813008C
:10B1A00011E200B058170011E200B0581B0011E284
:10B1B00000B0581F0011E200E00146F0106401BC2D
:10B1C00060070031E300B058030011E200B05807F7
:10B1D0000011E200B0580B0011E200B0580F00114E
:10B1E000E200B058130011E200B058170011E2005D
:10B1F000B0581B0011E200B0581F0011E20192E0AC
:10B200001B0017A30002DE02F00000028740C3000B
:10B21000112D01866006F01030028640C300112F08
:10B2200000B040C70017810002DE02F00000028774
:10B2300040C300113200B05E070010310186E00605
:10B24000F010300002DE02F00000006800A7019755
:10B250008C03BFDE02F0114A00025E02F0113B00D7
:10B26000025E02F0114B0002DE02F00000006800F6
:10B27000A701970F0002DE02F000000181600609BD
:10B280003049006800A700914000025E02F0114CB6
:10B290000002DE02F0000000025E02F0114C0181AB
:10B2A00060020930490002DE02F000000188E00E71
:10B2B00009304900B0412700180000B0002B0010F1
:10B2C000020002DE02F0000001BC60030010020177
:10B2D00082E0020F10780002DE02F0000000680039
:10B2E000A701978B00B041270017A100B0412701AB
:10B2F000D04900B05E870017A100B05E870017A19B
:10B3000000B05E870017A100B05E870017A100B0F3
:10B310005E870017A100B05E870017A100B05E87AE
:10B320000017A100B05E870017A100B05E8700176C
:10B33000A100B05E870017A100B05E870010490031
:10B3400002DE02F000000100DE530017A601BC601F
:10B35000030037A103BFDE02F0115D00025E02F0C0
:10B360000127018760060337A20068DE9B00116198
:10B37000018760020337A200025E02F0012B000287
:10B38000DE02F000000202411F00117602825E53CD
:10B3900000116801826006F2979400B044670018BB
:10B3A0000000B0446B00081B00B0446700180000A8
:10B3B000E844690377A4006800A700916B006DDE84
:10B3C0009300517000E044670317A303905E02F0FE
:10B3D00011730285C5230011730068DE8E23316D61
:10B3E00001BC600302104701BC600300904301826E
:10B3F0006002F2979401826002F5B7AD006800A781
:10B40000009176006800A700B1760002DE02F0002D
:10B41000000201C11F00118902855EAF00117C018D
:10B42000856006F577AB00B0446700081E00B044A5
:10B430006B00081F00E9446503D7A100E8C4690355
:10B44000F7A200D05E870077A101E1DE8AF437A27F
:10B4500000E95E862697A100E8DE8A26B7A2006989
:10B460005E8B00118901BC610300113300E144DAF5
:10B47000F4313600E144DEF4513701856002F5779E
:10B48000AB01BC600301104701BC600300504300E6
:10B4900002DE02F000000201AE2700118C0284C51A
:10B4A0002300119601BC600F0C106500E0419571FE
:10B4B000306502002E2700119000E0419700B06532
:10B4C00001BC600F0D17A1006E4196F4319400E1AC
:10B4D0005A0229368000E0DA0700168101BC6003B9
:10B4E000000B8901BC60030011490002DE02F0007C
:10B4F0000000B0451F00178100B005B70017A60176
:10B50000BC600704106401BC60131B906501BC6043
:10B51000030017A10205DEAF0011B100B0580F0003
:10B5200017800068DE842C31A100E0582300360823
:10B5300003BFDE02F011B902005E9B0011B1028070
:10B54000DA030011A70118581F00178200E05E0BF4
:10B5500000378201985E0AC0F60703BFDE02F011D1
:10B56000AA011A581F00178200E05E0B0037820103
:10B570009A5E0AC0F60701F0DE0300378000A05E85
:10B5800002C0578000B05E0300160300A044B6F06E
:10B59000178200B05E0B00160500E05E0AC096063A
:10B5A00003BFDE02F011B900B0581300178200E8A3
:10B5B0005E06F057A5006ADE970011B700E858163E
:10B5C000F4B6050069D8170011B701BC6003001676
:10B5D0000500B058170017A500E05812F4B6060091
:10B5E000E0419302106400E0419706D06500E05E00
:10B5F000870037A100905E9B0037A60068DE8700B9
:10B60000919C01BC600300114701BC600300016D07
:10B610000002DE02F0000001BC600300016C01BC0E
:10B62000600300016D01BC60070A106401BC600387
:10B630000077A100B0428F00178000A05E0301F7E1
:10B640008000B05E0300016E01BC63FF1FF7A20023
:10B6500068DE030011CB01BC60030017A200886004
:10B6600006F43781002005BAF031D00068DE8AC0C8
:10B67000D1D000E005B300216C00B005B6F0216D1B
:10B6800000685E030011D400205E06F011DA006E3F
:10B69000DE8AC0D1DA03BFDE02F011D5006DDE8A8A
:10B6A000C0D1DA00B05E870017A300B0419300015B
:10B6B0006600B0581B0017A201BC600300016C01BA
:10B6C000BC600300016D00E8419302106400E85E75
:10B6D000870037A10069DE870011CB00B05E8F00C4
:10B6E00001650002DE02F0000000B0059B0010645E
:10B6F00000B0581B00114500B0059B00016200B06E
:10B70000059700016100B0580F00178500B0580779
:10B7100000178300B0580B0017840118581F00173A
:10B720008C011A581F00178D0002DE02F000000085
:10B73000B0058B001064006E41932A11F600A044FE
:10B74000B6F0B7A100B05E8700160500E05812F40D
:10B75000360600B0581B001145020000F30011F33B
:10B76000006D41932811F30200DEAF0011F301BC1C
:10B77000600B02514200B05E8700016F02015EAFB4
:10B780000011F600B05E1700160301816002F57724
:10B79000AB0002DE02F000000201452300120102AC
:10B7A00087C49300120101826002F5D7AE02012C1A
:10B7B000230011FE00E02C2B002B0A0181600161A7
:10B7C0000B0802065EB700120100E02AD7002AB576
:10B7D00001866002F5B7AD0002DE02F00000020251
:10B7E00000BF00120F00025E02F012370202DEB349
:10B7F0000012070068428F000F2503BFDE02F00031
:10B8000002028881AB00120F02845EFF0012050263
:10B81000845EB30012050282DEFF00120502822B55
:10B820002F00120D00682A9B00120F0284DEAF0069
:10B83000120502845EB700120500B05E870017A1F2
:10B840000002DE02F000000182E002F597AC020384
:10B85000DEFF0012190284452300121902012B2F6A
:10B860000012190180E006F2979400025E02F011C6
:10B870004C0180E002F2979400025E02F0114C014C
:10B8800080E002F297940201AC230011360181E0BE
:10B8900001610B0803BFDE02F01138020400C7008B
:10B8A00012270206ABD30012210284C5AF00123565
:10B8B00003BFDE02F012220284C56F00123502843B
:10B8C00045230012240200420300123500685E4B3B
:10B8D00004B23500685E4B06B23500685E4B063236
:10B8E000350182E006F597AC0284452300122A0355
:10B8F00023DE02F0122B0183E006F597AC0180E015
:10B9000006F29794028400C700113600B02AD700CF
:10B9100017A2006DDE8955113602872B2F001232D7
:10B9200002005EFF0011360207AB2F0011360181C5
:10B93000E005610B0803BFDE02F0113803BFDE0231
:10B94000F011360002DE02F00000020200BF001417
:10B950004D0206ABD30012440104C1070017A10138
:10B96000855E85610B0802042C230012440184606B
:10B9700001610B0801BC60370017A201BC60031411
:10B9800017A100B045E300180000B045E30018001F
:10B9900000B045E300180001BC620300107701BC51
:10B9A00060031B507600025E02F0013E00682AEB45
:10B9B00000124900E844655757A101BC63F71D1701
:10B9C000A2006D5E86F4524900E84466F44ABA006B
:10B9D0006CC46556724B00E84467002AB30206AB9C
:10B9E000D3001250006DC46701524E01BC600300C9
:10B9F0000B100284C5AF0012BD03BFDE02F012516E
:10BA00000280456F0012BD020701AB001253018096
:10BA1000600209D04E01BC63FF1FF7A10068C58614
:10BA2000F4325601BC6003000ABD0204DEB7001404
:10BA30004D0184E002F5B7AD0184E001610B08021D
:10BA400002DEB30012740206ABD30012650068AACE
:10BA5000F700925D00682B0300125E03BFDE02F068
:10BA60001263018B600E2B915C0287ABD3001262D4
:10BA70000182600209D04E03BFDE02F01263018230
:10BA8000600609D04E00025E02F0121103BFDE0212
:10BA9000F01267018360062B915C00025E02F012D7
:10BAA000110204DEAF0012740282DEBB00127400C9
:10BAB00068AAF700926C0106AB170017BB0068DE9E
:10BAC000EF001270028480C70012740068AAF700A9
:10BAD000326F006CC4655672730068AAF7009274E6
:10BAE00000682B0300127400E845895AF7A1006D25
:10BAF0005E856052740186E005610B0802835EBBBF
:10BB000000127A0206ABD300127800E845C95AF752
:10BB1000A103BFDE02F0127900E845895AF7A100BF
:10BB20006E5E8554B2970205DEB700129300E02BDB
:10BB300097002AE501BC6003000AE700682C470073
:10BB4000127F00E82C47002B1101866002F5B7AD8B
:10BB50000204DEFF00128900B02B9B0017A200B088
:10BB60002A9B0017A10283AC2700128600682C874D
:10BB7000001287006D5E8564328700B02C7F00174D
:10BB8000A2006D2B96F452890184E002F7F7BF0200
:10BB900006DEFF00129300E02BC7020AF100B0445A
:10BBA00067000AFC01182BC70017A1011A2BC70058
:10BBB00017A2006E5E87001291006DDE895E5291C1
:10BBC00003BFDE02F0129301BC6003000AF101869C
:10BBD000E002F7F7BF02025EFF00144D0068AAEB17
:10BBE00000144D00B02AC7000ABA03BFDE02F014E9
:10BBF0004D0182E002F7F7BF02862C2300129F005E
:10BC000068B05B00129B0068305F00129F00E9443F
:10BC10006582D7A600E8C46982F7BB00E10EE2F4B2
:10BC2000C3B800E08EE6F763B902025EFF0012A718
:10BC3000020600C70012A402802BD30012A400B099
:10BC40002B2B0017BB006E2B02F7744D02025EFF18
:10BC50000012A700B04467000ABA03BFDE02F01466
:10BC60004D0205DEB70012B500682AF70872AA0077
:10BC7000E8446555CAB600682C470012AC00E82CB1
:10BC800047002B1100E02B9F002AE700B02BA300F8
:10BC900017A100B02A9B0017A20283AC270012B2A2
:10BCA00000682C870012B3006D5E896432B300B067
:10BCB0002C830017A1006D2B9EF432B501BC6003EC
:10BCC000000AE50068AAF700B2B800B04467000AAD
:10BCD000EF00B0446B000AF30068AAF70132BC0021
:10BCE000B04467000B0B02062BD30012BC00B02C33
:10BCF0007B010B1E03BFDE02F0144D020701AB00F7
:10BD000012BF0180600609D04E0204DEB70012C8DF
:10BD10000283C5730012C201876006F577AB028209
:10BD2000DEB300144D0203C57300141C00E8446523
:10BD30005637A1006D5E8555B44D01836006F5D779
:10BD4000AE03BFDE02F0144D00E10ED30023B400B9
:10BD5000E08ED70003B502862C230012CD00B0443C
:10BD600067000C1600B0446B000C170206AC2300F1
:10BD700012D001846002F5B7AD0186E001610B08C5
:10BD80000206ABD30012D701BC6003000AD7006DD6
:10BD900045C71F52D400B045C7000AD700E044652C
:10BDA0005AF7BB00E85EEE2E2AB103BFDE02F012A6
:10BDB000DC01BC6003000AD7006D45871F52DA0022
:10BDC000B04587000AD700E044655AF7BB00E85E3B
:10BDD000EE2C2AB101836002F5D7AE0184E006F5AE
:10BDE000B7AD0185E002F5B7AD01826002F7F7BF9C
:10BDF00001856002F5B7AD01BC6003000B0500E8EA
:10BE000044655637A1006D5E855DD2E2006D5E85AA
:10BE100055B2E600E02B63002AD800B02A93001741
:10BE2000B30206ABD30012F501BC600301917800A8
:10BE3000B045E300180000B045E7000AC401BC604B
:10BE40000301B17800B045E300180000B045E700F9
:10BE50000AC501BC600301D17800B045E3001800B9
:10BE600000B045E7000AC601BC600301F17800B0EC
:10BE700045E300180000B045E7000AC703BFDE0233
:10BE8000F0130101BC600300117800B045E3001815
:10BE90000000B045E7000AC401BC6003003178002F
:10BEA000B045E300180000B045E7000AC501BC60DA
:10BEB0000300517800B045E300180000B045E700EA
:10BEC0000AC601BC600300717800B045E3001800A9
:10BED00000B045E7000AC70182E001610B080207D4
:10BEE000AB1B0013040182E005610B0800B02B17A7
:10BEF0000017BB01285EEF000ABD01BC60131C5790
:10BF0000BB02182B1B00130B01182B1B0017A600DC
:10BF100080DE9AF777BB00B041B70017B301342B2E
:10BF20001B0017A201182B1B0017A300682AF7009B
:10BF300033180068AAF700931100685E8F00731A27
:10BF400003BFDE02F0131800682AF70133170068F8
:10BF5000AAF70053150068DE8B00731903BFDE02D9
:10BF6000F013170068AAF700731A0068DE8B00D37D
:10BF70001900685E8F00331A00685E8F00131A0183
:10BF80008760055E8AF402032BD300132200682A1F
:10BF9000F702D31D0068AAF702B32201BC60131C8C
:10BFA00057BB0234AB170013220134AB170017A69E
:10BFB0000080DE9AF777BB00B041B70017B30202EA
:10BFC0002C270013240186600560AB05006E2AF75C
:10BFD00001F3280088600557B7BB0020DEED5C53F5
:10BFE0002B03BFDE02F0132E00E82AF70217BB0076
:10BFF000886006F777BB00205EED5C732E018560DC
:10C0000006F5B7AD020480C300132E0184E005607D
:10C01000AB05006E2AF701F3350088600557B7BB02
:10C0200000205EEF0193330186600160AB0500687C
:10C03000AC470013390020DEED5A933803BFDE020F
:10C04000F0133900E82AF70217BB00886006F7777B
:10C05000BB00205EED5AB3390184600560AB05007A
:10C0600068AAF702F342010DAB170017A1010EAB4E
:10C07000170017A200685E8700134200E05E86F496
:10C0800057A100E05E87080ABD0186600160AB052C
:10C0900000682C470013420184600160AB05020375
:10C0A0002BD300134E018360015AAAD500682AF7EA
:10C0B00002D3490068AAF702B35E0068AAE700133A
:10C0C0004C0068AB2300134C0282DEBB00134C0211
:10C0D000072B1B00134C0184600560AB0503BFDE1A
:10C0E00002F0135E0283C57300135E00025E02F06D
:10C0F00015BE0068AAF702B35E018360055AAAD58F
:10C1000000E02C8F002B2301856002F5B7AD00689D
:10C11000AAE700135E0068AB2300135E0282DEBB59
:10C1200000135E00B02AC30017A201342B1B0017B6
:10C13000A1006EDE8706135900B02ABF0017A200C7
:10C140006E5E8964735E01BC6003000B2301BC60FA
:10C1500003000ADA01856006F5B7AD0184E00561E8
:10C160000B080068AAF700B36802075EFF001368B7
:10C1700001342B1B0017A3006DDE8D60336800684F
:10C180005E8F0013680283AB17001366018360059E
:10C1900060AB0503BFDE02F0136800B02BDB000AC2
:10C1A000F000B0446B000AF70068AAF70133770289
:10C1B00002AC2700136B0186E00560AB050281AB82
:10C1C000D300137701BC6003000ADA00682C2F004B
:10C1D000137700E844656177A1006D5E8561937413
:10C1E00000B02C330017A200E05E8961B7A2006D99
:10C1F000DE86F453760200AC2300137701856005D8
:10C2000060AB0503BFDE02F013770180E001610B34
:10C21000080068AAF701137A00B02AC7000AD10102
:10C2200087E006F7F7BF0207DEFF00137C0181E01D
:10C230000560AB0500682AF700338100682AF70122
:10C24000F38102852BD300138000682AF703138142
:10C250000068AAF700939201826006F7F7BF00B06A
:10C260002AC7000AB90068AAF703138800682B23BD
:10C2700000138800B00013000ABD00B02B7F000A35
:10C28000C003BFDE02F013910068AAF70093920189
:10C290001C2B17000AC00106AB170017BB00685E15
:10C2A000EF00138F01BC6003006AC300B02C7B0059
:10C2B0004B1E03BFDE02F0139100A82C7B004B1E27
:10C2C00001BC6003008AC300B02AC7000AC802028A
:10C2D000DEBB00139F0284DEFF0013950206DEFF23
:10C2E00000139F00B02AD70017A2006DDE895513F6
:10C2F0009E00B02B9B0017A200B02A9B0017A10242
:10C3000083AC2700139C00682C8700139D006D5E92
:10C310008564339D00B02C7F0017A2006DAB96F4AE
:10C32000539F0182E00560AB050286ABD30013ADDD
:10C330000088600557B7A10020DE856393A500E85B
:10C340002AF70217A100886006F437A100205E8555
:10C3500063B3AB00682C6F0013AB01342B1B0017C9
:10C36000A2006E5E8B0293AA00B02C7B002B1E03F2
:10C37000BFDE02F013AB00A82C7B002B1E0068AAC6
:10C38000F702F3AD00B04467000B1B00E05ECD5434
:10C39000B7B301826002F5D7AE00B02C2B0017A115
:10C3A00000B02AD70017A2006D5E895513B402862B
:10C3B0005EB70013C503BFDE02F013B6006D5E85E5
:10C3C0005FF3CA02812C230013C501BC601F0770F4
:10C3D0006501BC601F11506401BC601F11D7A4002F
:10C3E000685A030013C10088580300F7A30134D82A
:10C3F000030017A200E95E8E2337A301C3E00223E6
:10C4000057A500E8DE8AF4B7A20068DE8B0013C1EE
:10C41000006EDE8EF673C500E0419300306400E0EC
:10C420004197019065006D4192F493B903BFDE021C
:10C43000F013CA00682AF70093CA00682AF700536D
:10C44000CA00682AF70073CA01826006F5D7AE00F9
:10C45000025E02F015BE01BC60131C57BB01342BF9
:10C460001B0017A20080DE8AF777BB00B041B7003F
:10C4700017A200682AF70053D700682AF70253D79B
:10C4800000682AF70273D700682AF70073D700689C
:10C490002AF70853D700682AF70873D700682AF7E5
:10C4A0000893D700682AF703D3D703BFDE02F0133F
:10C4B000E60185E006F5B7AD00685E8B0013E1008C
:10C4C000B05E8B000AA60182E006F5D7AE00682CAC
:10C4D0008B0013DE006E5E896453DE0181600563AC
:10C4E000CB1E00E02BAB002AEA006E5E896013E1F0
:10C4F0000182600560AB0500E844655637A100B0D5
:10C5000044670017A300682AF70893E500E85E8EE9
:10C51000F42AAE01846002F7F7BF0282DEB3001492
:10C520004D0203C57300141C00B02AAB0017A20013
:10C53000B02AB30017A30068AAF70093F602802B75
:10C54000D30013F600B02B030017A1006D5E8558D1
:10C5500073F20180E00560AB0500682B4F0013F219
:10C5600001BC6003000ABC00025E02F0159B00687B
:10C570005E870013F600682BE70013F600B02BE788
:10C580000017A200B02BEB0017A300685E8F00130A
:10C59000FF00682AEB0013FF00E844655757A1002D
:10C5A000E05E8EF457A2006D5E86F453FF01816059
:10C5B0000560AB0500682B4F0013FF01BC60030052
:10C5C0000ABC00025E02F0159B0281AB2F0014042E
:10C5D00002005EFF0014040204452300140403A0BB
:10C5E000DE02F014040183E00560AB050281AC2794
:10C5F00000141C02862C1700144D0286AC17001480
:10C600004D028080BF00144D02825EBB00144D02BB
:10C61000822BD300141C0281AC1700141C0280ACC6
:10C620001700141C02812C1700141C02822C170006
:10C63000141C028881AB00141C0282AC1700141574
:10C6400002832B1700141C02832C1700141502857B
:10C650002C1700141502842C1700141C0284AC172C
:10C6600000141C0283AC1700141C02845EB7001473
:10C670001B0204DEAF00141B0281DEBB00141B0191
:10C6800084E002F577AB00025E02F0159F03BFDE87
:10C6900002F0144D00E844655637A1006DDE855464
:10C6A000B4280206ABD30014210183E0022B915C75
:10C6B00003BFDE02F0144D0183E0022B915C01BC4C
:10C6C000600318517800B045E30018000183600250
:10C6D0002F317900A84138F9D7A100B05E84FE70EF
:10C6E0004E03BFDE02F0144D028101AB00142C0298
:10C6F0000081AB00143702842C170014370280AC81
:10C70000170014370206ABD3001435006BAC42237C
:10C71000343000E04467014B10018B60022B915CC8
:10C720000287ABD30014330182600609D04E03BFE9
:10C73000DE02F014340182600209D04E03BFDE0233
:10C74000F01436018360022B915C03BFDE02F0140B
:10C750004D0206ABD3001440006BAC4223343B00C7
:10C76000E04467014B10018B60022B915C0287ABA8
:10C77000D300143E0182600609D04E03BFDE02F0F2
:10C78000143F0182600209D04E03BFDE02F014465E
:10C79000018B60022B915C01BC600318517800B0E2
:10C7A00045E3001800018360022F317900A8413869
:10C7B000F9D7A100B05E84FE704E00025E02F01256
:10C7C0001D02845EB700144D02832BD300144A006F
:10C7D000682AF702B44D0184E006F577AB00E02B40
:10C7E00027002AC903BFDE02F015870002DE02F02F
:10C7F00000000185E002F5B7AD01836002F5D7AE18
:10C800000182E002F5D7AE0182E002F7F7BF0184B2
:10C81000E002F7F7BF01BC6003000AD301BC60036C
:10C82000000AC801BC6003000AC001BC6003000A22
:10C83000EA018760015F6AFB01BC6003000C16011E
:10C84000BC6003000C170181600163CB1E0002DE97
:10C8500002F00000020200BF0014B20283DEFF00FB
:10C8600014DA0183E006F7F7BF018560060B705B01
:10C87000018560060BF05F0206ABD300146601BCB5
:10C88000600302116D00B02A9700116E028045AB63
:10C8900000147A03BFDE02F0146901BC60030211C8
:10C8A0005D00B02A9700115E0280456B00147A0289
:10C8B00006ABD3001473006BAC4223346D00E0442C
:10C8C00067014B10018B60022B915C0287ABD30098
:10C8D00014700182600609D04E03BFDE02F01471AD
:10C8E0000182600209D04E0188600E2D516A03BF9B
:10C8F000DE02F0147A018B60022B915C01BC6003B4
:10C9000018517800B045E3001800018360022F3110
:10C910007900A84138F9D7A100B05E84FE704E01BD
:10C9200088600E2B515A00B0413F1FF04F00682A1B
:10C93000BB00148001846006F7F7BF01BC602F17AD
:10C9400017A300E04466F46AB401BC6003000AAEB9
:10C9500000025E02F0144E00E844695FD7A1006E49
:10C96000DE8700348A00B02BD7000AF001BC6003D8
:10C97000000AEF00682AEB00148A00B04467000A3E
:10C98000B900E84465554ABA00B02AB30017A100BF
:10C99000E82AEAF42ABA028080BF0014970281DEF6
:10C9A000BB0014A80206ABD300148F0204C5AF006D
:10C9B000149703BFDE02F014900200456F00149735
:10C9C0000283C5730014970206ABD300149501BC13
:10C9D00063FF1FF7A10068C5C6F434A803BFDE02D9
:10C9E000F0149701BC63FF1FF7A10068C586F434FB
:10C9F000A80206ABD300149E018B600E2B915C0243
:10CA000087ABD300149C0182600209D04E03BFDEC5
:10CA100002F0149D0182600609D04E03BFDE02F0D1
:10CA200014A4018B600E2B915C01BC60031851783B
:10CA300000B045E3001800018B2B2E2F317900A8A0
:10CA40004138F9D7A100B05E84F9B04E0184E0020C
:10CA5000F5B7AD0184E002F577AB0185E001610B2C
:10CA60000803BFDE02F015920206ABD30014AB0040
:10CA7000025E02F0121D03BFDE02F014AD018360FE
:10CA8000022B915C00025E02F0121D0184E006F5AB
:10CA9000B7AD0184E006F577AB0206ABD30014B165
:10CAA00001846005610B0803BFDE02F01592018D61
:10CAB00060020BF05F0206ABD30014B60188600E73
:10CAC0002D516A03BFDE02F014B70188600E2B51AE
:10CAD0005A028181AB0014C80206ABD30014C10016
:10CAE0006BAC422334BC00E04467014B10018B6007
:10CAF000062B915C0287ABD30014BF018260020950
:10CB0000D04E03BFDE02F014C00182600609D04E91
:10CB100003BFDE02F014D7018B60062B915C01BCD1
:10CB2000600318517800B045E300180001836002EB
:10CB30002F317900A84138F9D7A100B05E84FE708A
:10CB40004E03BFDE02F014D70206ABD30014D100AF
:10CB50006BAC422334CC00E04467014B10018B6086
:10CB6000022B915C0287ABD30014CF0182600609CF
:10CB7000D04E03BFDE02F014D00182600209D04E15
:10CB800003BFDE02F014D7018B60022B915C01BC65
:10CB9000600318517800B045E3001800018360027B
:10CBA0002F317900A84138F9D7A100B05E84FE701A
:10CBB0004E0184E002F5B7AD0184E002F577AB00E9
:10CBC000025E02F0144E0002DE02F0000000B044EB
:10CBD0006B000AFE0202DEB30014E70206ABD300CC
:10CBE00014E5018360062B915C0287ABD30014E24D
:10CBF0000182600209D04E03BFDE02F014E301821D
:10CC0000600609D04E00025E02F0121103BFDE0280
:10CC1000F014E7018360062B915C00025E02F012C3
:10CC20001101866005610B08020200BF00150C01AE
:10CC300083E002F7F7BF0203C5730014FC02008013
:10CC4000BF0014FC0206ABD30014F5006BAC42230A
:10CC500034F000E04467014B10018B600E2B915CB7
:10CC60000287ABD30014F30182600209D04E03BFE8
:10CC7000DE02F014F40182600609D04E03BFDE022A
:10CC8000F0150B018B600E2B915C01BC60031851F9
:10CC90007800B045E3001800018B2B2E2F3179006E
:10CCA000A84138F9D7A100B05E84F9B04E03BFDEC9
:10CCB00002F0150B0206ABD300150500E044670037
:10CCC000B7BB006CC466F774FE018B60022B915CED
:10CCD0000287ABD30015030182600609D04E03BF63
:10CCE000DE02F015040182600209D04E03BFDE02AD
:10CCF000F0150B018B60022B915C01BC6003185195
:10CD00007800B045E3001800018360022F317900FC
:10CD1000A84138F9D7A100B05E84FE704E0182E0D0
:10CD200002F597AC0002DE02F0000001BC600300D7
:10CD300037A20020E3FE0915680020E0420D956847
:10CD400002845EB300156802804203001568028405
:10CD5000452300156803915E02F015680068AB4F2B
:10CD60000015680282DEFF00156800682ABB001506
:10CD70001900E8446555D7B900E82A9AF737B9028F
:10CD8000805EFF00159B020180C700159200B02A4B
:10CD9000D70017A1006DDE855515920282DEB30023
:10CDA00015680203C573001549020480C7001549C0
:10CDB00000685E8B00152E0284AC2300152E020342
:10CDC000C5730015490202ABD300152502855EBB71
:10CDD0000015260282DEBB00154900B02B83001728
:10CDE000A1006EAB6AF4352E0203C573001549002D
:10CDF000682A9B00152D00682ABB00152E006ADEEC
:10CE0000E554F549006ADEE55A554900682AE7000D
:10CE1000154902941DF30015310203DE5300153647
:10CE200003BFDE02F0153401141DF30017A60090B5
:10CE30001CBAF4D7A602005E9B00153600B02B8703
:10CE4000000AA703BFDE02F0159201BC600302577F
:10CE50009201BC63FF1FF0C301BC60030910E30132
:10CE6000865E8A1C70E3018460061C70E300682AF9
:10CE7000EF00153D0185E0061C70E301BC60030373
:10CE8000978200025E02F0157200B054130010E4A5
:10CE900000E043915B30E401BC60030010EE01BC94
:10CEA00063FF1FF0CE00E02AEF002ABB01BC610344
:10CEB0000077A601141DF30017A200B05E8B000CD2
:10CEC0001801BC610303EC1903BFDE02F015620216
:10CED000845EB700156801BC60230890E600025E1E
:10CEE00002F0016A00B05ECF0010E40068AAF7000B
:10CEF00035520205AC2300155200E82ACE2337A391
:10CF0000006DDE8E1C955200B05E8F0010E400684C
:10CF10002A9B00155A00B02ADB0010E40206ABD3AE
:10CF20000015570284C5AF00155A03BFDE02F01585
:10CF3000580280456F00155A00695EE700155A00D7
:10CF4000E05EE556D0E40282DEBB00155E00682A92
:10CF5000F700155E00E10EDA1C83B600E08EDF00FC
:10CF600003B701BC600301D78200025E02F01572B4
:10CF700001BC61030077A603BFDE02F0156200B0BA
:10CF8000004700108600025E02F015F800025E0203
:10CF9000F010700190600A09104801846006F5974E
:10CFA000AC00B05E9B0010800002DE02F0000002C8
:10CFB000805EFF00156D0281DEBB00156D020180F1
:10CFC000C7001592020480C700159201806002F725
:10CFD000F7BF0280C28F0015930201DEBB001593DC
:10CFE00001BC60030017A203BFDE02F0150E00684B
:10CFF0005E4B0635790285DEFF00158000B02B37C9
:10D000000017A1006DAAEEF4358001BC6003013762
:10D010008000B02B3B0017A1006D2AEEF4357B0297
:10D02000812BD300157B01BC600301778001BC60BC
:10D030000300378100025E02F0014301D2DE0AA044
:10D0400030E000B0540B0010E103BFDE02F01586A3
:10D050000280ABD300157901BC600301578001BC8D
:10D06000600300178100025E02F0014300B0540724
:10D070000010E000885E0B0070E10002DE02F000AC
:10D080000000682AF30015920204DEAF001592003A
:10D09000E844655797A4006E5E9154F59200885E4F
:10D0A000930037A4006D5E9154F59200025E02F089
:10D0B00015E303BFDE02F0159F00E844655797A40F
:10D0C00000885E930037A400025E02F015E303BF00
:10D0D000DE02F0159F0284DEAF0015960181E002AA
:10D0E000F5D7AE03BFDE02F0159F00682B67001571
:10D0F0009B00E044655B2AD300682B6B00159A0007
:10D10000E044655A4AD30002DE02F000000180606C
:10D1100006F7F7BF00682AF300159F00E84465573B
:10D1200097A400025E02F015E301846002F597AC5B
:10D1300001BC6003000ABC01BC6003000AD301BC4F
:10D140006003000ABB0104DEAF0017A101845E8604
:10D15000F5B7AD0284DEAF0015A8018060060D9022
:10D160006C0002DE02F000000285AC230015BD0257
:10D1700003C5730015BD00B02A8F0017A30202ACCF
:10D18000230015AD00B02AAF0017A30202DEBB00DA
:10D1900015AF00B02A8B0017A300E04466F46AB311
:10D1A0000185E005610B0800B04467000B0302062F
:10D1B000ABD30015B7006BAC422335B600E0446733
:10D1C000014B100183E0022B915C03BFDE02F015DE
:10D1D000BD0183E0022B915C01BC60031851780013
:10D1E000B045E3001800018360022F317900A841A7
:10D1F00038F9D7A100B05E84FE704E0002DE02F066
:10D2000000000202DEB30015C90206ABD30015C749
:10D21000018B600E2B915C0287ABD30015C4018299
:10D22000600209D04E03BFDE02F015C50182600620
:10D2300009D04E00025E02F0121103BFDE02F015AB
:10D24000DB018360062B915C00025E02F01211028A
:10D2500003C5730015CE0284DEAF0015CE0281DE59
:10D26000BB0015CE02805EFF0015CE02045EB70043
:10D2700015E20206ABD30015D5018B600E2B915C35
:10D280000287ABD30015D30182600209D04E03BFE1
:10D29000DE02F015D40182600609D04E03BFDE0223
:10D2A000F015DB018B600E2B915C01BC6003185103
:10D2B0007800B045E3001800018B2B2E2F31790048
:10D2C000A84138F9D7A100B05E84F9B04E0183E0DF
:10D2D00001610B0801846006F5B7AD0184E002F539
:10D2E00077AB01BC6003000ABB01846002F597AC18
:10D2F0000185E001610B080186E001610B08000275
:10D30000DE02F0000000682B5B0015E500B02B5B2F
:10D310000017A4006D5E915555E700B02AAB0017C9
:10D32000A400882B070037A500E82B0AF4AAC20046
:10D33000885E930037A400E02B0AF48AC200902B89
:10D340000B00AAC100B02B07000AA70002DE02F002
:10D35000000003A0DE02F015F1020042030015F107
:10D3600000025E02F00D2F0183E005610B080184CD
:10D370006002F5B7AD0184E006F577AB01BC600350
:10D38000000ABB01846002F597AC00B04467000A54
:10D39000BC0002DE02F00000010C81430017A10175
:10D3A000BC600300508A00685E070016020068DE59
:10D3B0008700360201BC600300B08A00685E070087
:10D3C00036020282DE0300160201BC600300908A6E
:10D3D0000283DE0300160200E0600AF4D08A0068CF
:10D3E0005E0700160A0190422AA1308A00685E0793
:10D3F00000360A0190422AA0108A0109DE030017B4
:10D40000A2018F5E8A11508A00685E8B00160A01A5
:10D4100091E00E11508A0002DE02F000000109DEE8
:10D42000030017A400E05A06F497A500905E96F456
:10D4300097A50203DE030016120282DE0300161215
:10D4400001BC61EF0857A60080DE96F4D7A501164F
:10D45000DE870017A300885E870077A100E15E8762
:10D4600002D7A100E0DE8F0017A301BC6003001704
:10D47000A2020E5E0300161901BC60030037A20071
:10D48000905E96F457A50080DE96F437A100E14146
:10D49000B7FFF7A600E1DE8701F7A10080DE96F472
:10D4A00077A300E1DE860DB7A100E0DE8F0017A3B1
:10D4B000017A5E86F477A100885E86F457A100B0F9
:10D4C0005E870017A20287DE0300162600885E87AB
:10D4D0000057A103BFDE02F0163302875E03001679
:10D4E0002D01BC639B0CD7A50080DE86F4B7A1009C
:10D4F000E141B7FFF7A500E0DE870017A100885ED5
:10D50000870057A103BFDE02F0163300885E870054
:10D5100057A101BC639B0CF7A50080DE86F4B7A180
:10D5200001BC62030017A500E141B6F4B7A500E015
:10D53000DE870017A100E05E8400D7A10002DE02B2
:10D54000F0000002001FF70000120282DE530016F6
:10D550003B0188600204902400E02092F30824003C
:10D56000E8208EF3082303BFDE02F00B3701B8601A
:10D570001604902401BC600301D02503055E02F06F
:10D58000164C0287C037000C9E0386DE02F00CA109
:10D5900000025E02F01236035CDE02F0163D00D897
:10D5A000409B0117A100E05E8702379800A85E63E8
:10D5B0000077980102DE530017A10182E002F29782
:10D5C000940188DE84FFA7FD006EA08EF3164C0048
:10D5D000E85E6301D02501B8600604902403BFDE35
:10D5E00002F0000201816004FFA7FD01B8600A0497
:10D5F000902403BFDE02F0000202285E870016625C
:10D6000000B041930017A400E04193007064010A48
:10D610005E870017A200E84192F4506301185E870C
:10D620000017A100E86042F437A200885602F436E1
:10D63000000068418EF4965E00E8418F0030630080
:10D64000E8419300306400685E8B021656009056E5
:10D6500002F457A300B05806F4760103BFDE02F0CF
:10D66000165600684192F4966200E84193003064D7
:10D6700001BC600300160003BFDE02F0165E00B0BE
:10D680005E870017A10002DE02F000000180600248
:10D6900086143000B050CB0010650138508300175D
:10D6A000A10068DE3B06366A00E05A3300368C0083
:10D6B0006EDA32F4201200B05A0B0017A201BC63DC
:10D6C000FF1FF7A300B050CF001064006EDA32F4F1
:10D6D000366F00B05A370017A300B05813001782F6
:10D6E00001BC600300160401BC601B1FD7B6010219
:10D6F000D0C70017A100E04196F4306500E050CBA0
:10D7000000D06401BC60030017B401BC60030017C3
:10D710008001BC6003003781018760040310A00012
:10D720009052330097A400E0418701B7B500685ECE
:10D73000D2F0569600E05EDAF690630020D802F050
:10D74000368A020250C7001690009056030097A137
:10D7500000E85E86F497A1019E6002F437A1006D97
:10D76000DE87081690010A5E870017A201DA6002C0
:10D77000F437A100E05ED6F4506300886006F43709
:10D78000A100205602F4369000B05802F036000096
:10D79000E05A2B00368A006ADED2F4768C0068DE0E
:10D7A000D2F0169100E05E0300378000685E03004F
:10D7B00036910186E0040310A003BFDE02F016914B
:10D7C000006ADED2F4768C00E05ED30037B400D07D
:10D7D0005E0700378102985ED300167B00E041931C
:10D7E00000306403BFDE02F0167B00685E030000B9
:10D7F0001203BFDE02F006CC0282D0C70016A000E2
:10D80000B02A370017A101B82A32F4368401025039
:10D8100013001685013C50830017A100B050A700EB
:10D8200017A4006D5A32F436A90182E0068634311D
:10D830000288502B0016A500B05A330017A1019E94
:10D840005E8684F427018360068634310002DE029E
:10D85000F0000000B050730017A101B8506EF4360C
:10D86000840106D00700168500B050AB0017A40055
:10D87000D06006C0978000E0419700D7B5010A58F4
:10D88000130017A100E05ED6F437B500B0580F00C2
:10D890001063011656030017810068D8130016BEE6
:10D8A000011400630017A10068DE870016B4008829
:10D8B000013B01168003BFDE02F016B90068DE8767
:10D8C0000076B700A0013BE0168003BFDE02F01631
:10D8D000B900E05E87097062008854030116800079
:10D8E000E85A0330168001BC600300168101BC6059
:10D8F0000300168201BC600300168303BFDE02F042
:10D9000016C300E0418EC09063006EC18EC036C366
:10D9100000E8418EC0306300E858030037A100E002
:10D92000418EF43063013850A30017A500685813E6
:10D9300003F6DE0068418EC056DE006DDA0AF4B6EA
:10D94000DE011656030017A10068DE86F036DE0100
:10D950005856030017A100E05E870DD7A200B05E05
:10D96000D70010620020DE02A016D500E05E86D04F
:10D9700037A300E05E8ED077A3006D5A02F456DE26
:10D98000006E5E8EF496DE00E86002F4368300B02E
:10D990005E8F00168100A05A0F00768300E05A0BBC
:10D9A00000368200E85A02F4568000D05E03003749
:10D9B0008000E0581300360400E0418F003063021D
:10D9C0009858130016DB00E05ED70037B5006EC133
:10D9D0008EC036C400B0580300106303BFDE02F0EF
:10D9E00016C400B058130017A10068DA370016E11A
:10D9F00000B05E8700168D006DDE86D1B6E300B004
:10DA00005E8700168D0002DE02F0000001BC60039C
:10DA10000017A1018760040310A001BC60030990F6
:10DA2000B500B0006300F0B401BC60570310B6014C
:10DA3000BC60030090B500B0006300B0B400B04219
:10DA4000D30018000317DE02F016EC0397DE02F095
:10DA500016ED00B02A3300142F018EE00C0310A045
:10DA6000006DDE02D1B6F300E85A36F0168D03BF22
:10DA7000DE02F016F501BC600300168C01BC6003E9
:10DA800000168D006E5A3AF016F801BC60030016BD
:10DA90008E03BFDE02F016F900E85A3AF0168E0047
:10DAA000B058070017A100E0580EF01603006ED81A
:10DAB0000EF436FF00E85E86C017A100E8580EF4A9
:10DAC000360300E8580F00360301185E030017A163
:10DAD000006DDE0302170700E86042F437A20090F1
:10DAE0005A1AF4368600885A1EF457A200905A1E1D
:10DAF000F4368700B05A1AF4568603BFDE02F017D8
:10DB00000900905A1EF4368601BC60030016870097
:10DB100002DE02F000000158600300102A01B86024
:10DB20000A04902401BC60030290040189E0020D04
:10DB3000906C0002DE02F000000200DE53001719B4
:10DB400001BC60170777A100025E02F0012700B058
:10DB500040670017A200B05E8B0057A200025E0271
:10DB6000F0012B01BC600303378001BC6003001788
:10DB70008100025E02F011320002DE02F0000001BC
:10DB8000BC600303378000025E02F0112D0183E0C8
:10DB900006F037810181E006F0378100025E02F075
:10DBA000113200B05E070017A200E044670B57A1D6
:10DBB000006B4466F4372001BC600311378000021B
:10DBC0005E02F0112D01806006F0378100025E02D6
:10DBD000F0113201BC600300978000025E02F01178
:10DBE0002D01806006F0378100025E02F0113200E4
:10DBF000E044670157A1006B4466F4372A01BC601A
:10DC00000303378001A0607EF4578100025E02F0BA
:10DC1000113200E044670797A1006B4466F4372F88
:10DC200001BC600311578000025E02F0112D0184D7
:10DC30006006F0378100025E02F0113200B05E072C
:10DC40000017A201BC60030A378000025E02F011D7
:10DC50002D01806002F0378100025E02F011320077
:10DC6000E044670037A1006B4466F4373A018060F6
:10DC700006F0378100025E02F0113201BC60030839
:10DC8000578000025E02F0112D018A6002F0378198
:10DC900000025E02F0113200E044670037A1006B21
:10DCA0004466F43742018A600EF0378100025E025A
:10DCB000F0113200E044670657A1006B4466F43768
:10DCC0004601BC60030CB78000025E02F0112D0219
:10DCD00080DE0700173001BC6003115780018460AB
:10DCE00002F4578100025E02F0113201BC600300B1
:10DCF00037A30206ABD30017510284C5AF001759F2
:10DD000003BFDE02F017520280456F00175901BCB5
:10DD100060030017A3018B600E2B915C01BC6003B4
:10DD200018517800B045E3001800018B2B2E2F31DD
:10DD30007900A84138F9D7A100B05E84F9B04E014E
:10DD4000BC60170777A100025E02F0012700B04017
:10DD5000670017A200A85E8B0057A200025E02F0C7
:10DD6000012B00E044670157A1006B4466F4375F64
:10DD700001BC600301B7A101BC60030477A20002EB
:10DD80005E02F0012B01BC60130AF7A101BC600325
:10DD90000017A200025E02F0012B01BC6003011714
:10DDA000A400E85E930037A401BC600301D7A10082
:10DDB000B05E930017A200025E02F0012B01BC606E
:10DDC000130AD7A101BC60030017A200025E02F093
:10DDD000012B0068DE9300176700685E8F001771E3
:10DDE0000002DE02F0000001BC60270CB7A101BCFC
:10DDF00060030197A200025E02F0012B01BC6027C4
:10DE00000EB7A101BC60030137A200025E02F0015F
:10DE10002B01BC60030657A401BC60030077A3017B
:10DE2000BC60130957A100025E02F0012701806067
:10DE3000060337A200025E02F0012B01806002F4AB
:10DE400057A200025E02F0012B00E04466F497A1A5
:10DE5000006B4466F4378000E85E8F0037A30068EB
:10DE60005E8F00178701BC60030317A401BC602705
:10DE70000F17A100025E02F001270068C0671FF7BC
:10DE80007901BC60270EB7A101BC600301F7A200B5
:10DE9000025E02F0012B0002DE02F000000002DE52
:10DEA00002F000000200DE5300179D01BC60130E5B
:10DEB00077A100025E02F0012700A040673FEC441A
:10DEC00001BC60131497A100025E02F001270196C5
:10DED000E0020337A200025E02F0012B01BC6013D6
:10DEE00009B7A100025E02F0012701876002033733
:10DEF000A200025E02F0012B01BC60130997A10091
:10DF0000025E02F00127018760060337A200025E6D
:10DF100002F0012B0002DE02F0000001BC60730081
:10DF200017A301BC60131497A100025E02F0012741
:10DF300000A04066F477A40196E01EF497A300B019
:10DF40005E8D8897A200025E02F0012B01BC601377
:10DF500009B7A100025E02F00127018760060337BE
:10DF6000A200025E02F0012B01BC60130997A10020
:10DF7000025E02F00127018760060337A200025EFD
:10DF800002F0012B0002DE02F000000068DE9300C8
:10DF900017B100E05E030057A201095E8B0017A1D4
:10DFA00003BFDE02F017B90068DE930037B5011039
:10DFB0005E030017A200E05E8B0097A103BFDE02A4
:10DFC000F017B901305E030017A200E05E8B0197E5
:10DFD000A1006D5E870597B901BC60030597A1009C
:10DFE00002DE02F0000000682BCB0017BF00B02B50
:10DFF000F30017A100E05E855FB7A1006BDE86230A
:10E0000037BF0186E006F7F7BF0002DE02F000002E
:10E0100000681F330017CD020200BF0017C30203C0
:10E0200045730017CD0285C5230017CD00681F3347
:10E030000037CB00B01FC70017A100025E02F0013D
:10E040002700A84064F9D7A200B05E88F9B7A20003
:10E05000025E02F0012B03BFDE02F017CD00A841E3
:10E0600038F9D7A100B05E84F9B04E0002DE02F0AC
:10E070000000020200BF0017C3020345730017CD62
:10E080000158600300102A0189E0020D906C01BC68
:10E09000600300900400B040130017A10002DE02EC
:10E0A000F00000018260060F10780207C1E300173C
:10E0B000D601BC60030C17A301BC6003009076017D
:10E0C000BC600300107700025E02F0013401BC6006
:10E0D000030C97A300025E02F0012F0088601187F5
:10E0E00057A101BC5E860EF07700025E02F001349B
:10E0F00001BC60030C17A301BC600300B07601BC37
:10E10000600300107700025E02F0013401BC60037E
:10E110000C97A300025E02F0012F0088600587576C
:10E12000A101BC5E860ED07600025E02F0013401D1
:10E13000BC60030017A300025E02F0012F0185609E
:10E14000060ED07600025E02F0013401BC60030CC2
:10E1500017A301BC600300307601BC600300107798
:10E1600000025E02F0013401BC60030C97A30002C0
:10E170005E02F0012F01AC60A20EF07700025E0299
:10E18000F0013401BC60030017A300025E02F0013D
:10E190002F018560060ED07600025E02F001340188
:10E1A000BC60030C17A301BC600300307601BC60A7
:10E1B0000300107700025E02F0013401BC60030C22
:10E1C00097A300025E02F0012F01AC60020EF0770F
:10E1D00000025E02F0013401BC60030017A30002DC
:10E1E0005E02F0012F018560060ED07600025E020D
:10E1F000F00134018260020F10780002DE02F000AC
:10E200000001BC60130817A100025E02F0012701A3
:10E210008060020337A200025E02F0012B01BC60A5
:10E22000030037A100025E02F001270188600E039F
:10E2300037A20068B0EB0018100188600A0337A20B
:10E2400000025E02F0012B01BC601B0657A1000218
:10E250005E02F00127018830EA0337A200025E0265
:10E26000F0012B00025E02F017D501BC6013081705
:10E27000A100025E02F00127018060060337A200C0
:10E28000025E02F0012B0002DE02F0000001BC6021
:10E29000430890E600025E02F0016A01BC604F1183
:10E2A00010E40190600A09104801BC6003000006F8
:10E2B00001BC600301D78201D2DE0877F0E000B034
:10E2C0000F030010E100B0004700108600B00F1FE0
:10E2D00000108A01BC600300378100025E02F0106A
:10E2E0007001BC60030010BB01BC61030010800121
:10E2F00082600610308103D05E02F003940002DEDB
:10E3000002F0000000681F830018820280420300B0
:10E3100018820285C52300188200681F8F0038828A
:10E3200000681F8B00385F01BC60130817A1000252
:10E330005E02F00127018060020337A200025E0244
:10E34000F0012B01BC601B1B57A100025E02F00113
:10E350002700B04067000C3E0182E0060337A200B0
:10E36000025E02F0012B01846006F457A200025EF7
:10E3700002F0012B01BC60270F37A100025E02F002
:10E38000012700B04067000C3F018860060337A2F8
:10E3900000025E02F0012B01BC60271597A100026C
:10E3A0005E02F0012700B04067000C40019B601640
:10E3B0000337A201806006F457A200025E02F0015A
:10E3C0002B01BC60131077A101BC600B0017A200E9
:10E3D000025E02F0012B01BC60131057A100025E27
:10E3E00002F0012701B860820337A200025E02F04A
:10E3F000012B01BC60131037A100025E02F001275F
:10E400000180E0020337A200025E02F0012B01BC92
:10E4100060030007E201BC60030007E30068310FFE
:10E4200000185700E044658867E103BFDE02F0187A
:10E430005800E044670807E101BC60131037A100F1
:10E44000025E02F00127018060060337A200025E2F
:10E4500002F0012B01BC60030027E200025E02F023
:10E4600001270200406700187302804203001873FE
:10E470000285C52300187301BC60131037A1000288
:10E480005E02F0012702004067001866006CC46459
:10E49000FC385F00E03107002C4100E0310B002C1C
:10E4A0004201BC601310F7A100025E02F0012700D8
:10E4B000B0406700018401BC601310D7A100025E68
:10E4C00002F0012700B0406700018501BC602B13FA
:10E4D00057A100025E02F0012700B04067000186EC
:10E4E00001BC60131117A100025E02F0012700B009
:10E4F000406700018701BC60271597A100B0310378
:10E500000017A200025E02F0012B01BC60270F374A
:10E51000A100B030FF0017A200025E02F0012B0143
:10E52000BC601B1B57A100B030FB0017A200025EAD
:10E5300002F0012B01BC60130817A100025E02F07B
:10E540000127018060060337A200025E02F0012B62
:10E5500001BC60030007E201BC60030007E000B0FB
:10E560005E870017A10002DE02F0000001BC60031C
:10E57000000C2500B030CB00179E00B030CF001744
:10E580009D00B030D300179C00B030D700179B031C
:10E59000BFDE02F00A1A00000000000000000000C8
:10E5A000000000000000000000000000000000006B
:10E5B00000000000000000000000000000207EC0FD
:10E5C000000000000000000000000000000000004B
:10E5D000000000000000000000000000000000003B
:10E5E000000000000000000000000000000000002B
:10E5F00000000000000000000000000000207EC0BD
:10E60000000000000000000000000000000000000A
:10E6100000000000000000000000000000000000FA
:10E6200000002000000040110100000000008016E2
:10E6300001008000000080160100800300008016A9
:10E64000000000400000801A2100E0030000801656
:10E65000000200400000801A100200400000801AF2
:10E66000100202400000801A6100E00300008016E2
:10E67000100200400000801A6101E01300008016C3
:10E68000300200400000801A100200400000801A92
:10E690001C0200400000801A000200000000801AE6
:10E6A0001C0A00400000801A1C0A20400000801A4A
:10E6B0001FCA20400000801A1FCA20400000801A94
:10E6C000010000000000801E090000000000801E04
:10E6D0000000000000008002000000000000800236
:10E6E0000000000000008002080000000000801E02
:10E6F000000000000000801E010000000000801EDD
:10E70000110000000000801E1FCA20C00000801AF7
:10E710001FCA20C00000801A5FCA20C00000801AF3
:10E72000B06400000000800E00002800000080128D
:10E73000110000000000801E00000000C825428576
:10E740000000000000004001000000000000400147
:10E7500000000000000040015FCA20400000401996
:10E760001FCA204000004019010000000000401DA9
:10E77000010000000000401D010000000000401DDD
:10E78000090000000000401D1FC220400000401989
:10E790000F0000000000401D1FC220C000004019F3
:10E7A0001BC220C000004019207D00000000400D69
:10E7B00000002000000040110000000033044289E6
:10E7C00000000000000040010000000000004001C7
:10E7D00000000000000040011BC220400000401962
:10E7E000090000000000401D1BC22040000040192D
:10E7F000010000000000401D000000000000401D5E
:10E800001FC2204000004019010000000000401D10
:10E81000090000000000401D1FC2204000004019F8
:10E820000B0100000000401D1FC220C00000401965
:10E830001BC220C000004019C07700000000400D3E
:10E84000000028000000401100000000331C428935
:10E850000000000000004001000000000000400136
:10E8600000000000000040011FC220C0000040194D
:10E870001FC220C0000040196100E01300004015D5
:10E880000000000000004001000000000000400106
:10E8900000000000000040016101E013000040158D
:10E8A00013C220C000004019610180130000401510
:10E8B0000A0100000000401D13C220C000004019E2
:10E8C00008040000000000F8000000000000400103
:10E8D00000000000000040010000000000004001B6
:10E8E00000000000000040010000000000004001A6
:10E8F00013C22040000040190B0100000000401D21
:10E9000013C220C0000040190000000000004001B8
:10E910000000000000004001030100000000401D55
:10E9200013C2204000004019000008000000401100
:10E930006101801300004015610180130000401543
:10E9400061018013000040151FC2204000004019E3
:10E950001FC22040000040191FC220400000401983
:10E960000B0100000000401D0B0100000000401DD5
:10E970001FC220C0000040191BC220C00000401967
:10E98000C37700000000400D0000080000004011A7
:10E9900000000000131C428800000000000040013D
:10E9A00000000000000040010000000000004001E5
:10E9B0001BC2204000004019090000000000401D5B
:10E9C0001BCA2040000040191FCA20400000401907
:10E9D000090000000000401D1FC220400000401937
:10E9E0000F0000000000401D1FC220C000004019A1
:10E9F0001BC220C000004019237D00000000400D14
:10EA000000000000000040110000000013044288D4
:10EA10000000000000004001000000000000400174
:10EA200000000000000040011BC22040000040190F
:10EA3000090000000000401D1BCA204000004019D2
:10EA4000010000000000401D1FCA204000004019C6
:10EA5000110000000000401D1FCA204000004019A6
:10EA60001FCA20C0000040191FCA20C00000401962
:10EA70001FCA20C0000040195FCA20C00000401912
:10EA8000B06400000000400D0000080000004011CC
:10EA9000110000000000401D00000000B825428465
:10EAA00000000000000040010000000000004001E4
:10EAB00000000000000040015FCA20400000401933
:10EAC000010000000000401D1FCA20400000401946
:10EAD0001FCA204000004019000000000000401D37
:10EAE0001C0A2040000000181C0A204000000018EA
:10EAF0000000000000000010000000000000001CEA
:10EB000061018013000000141C0A2040000000185E
:10EB10006101800300000014100A2040000000186A
:10EB2000000A204000000018000A00400000001801
:10EB3000410180030000001400080040000000189C
:10EB40000000100000000010000802400000001843
:10EB500000080340000000180008024000000018F0
:10EB60000008004000000018000000000000001035
:10EB700000080040000000180008004000000018D5
:10EB80004101800000000014410100000000001459
:10EB900040010000000000140008024000000018BE
:10EBA00000010000000000140008004000000018F0
:10EBB000000800C000000018080C0000000000045D
:10EBC00008080000000000FC000000000000000039
:10EBD0000000000000000000000000000000000035
:10EBE0000C715D48075F3100B3C9A561005B234B21
:10EBF000452524472808000000000000941DC51387
:10EC000001BD32080100343334333961302D726F65
:10EC10006D6C2F7364696F2D672D706F6F6C2D7025
:10EC200032702D69647375702D6964617574682D17
:10EC3000706B7466696C7465722D6B656570616C60
:10EC40006976652D616F652D6C70632D73776469CE
:10EC5000762D7372666173742D66756172742D62A0
:10EC60007463782D6E6F636C6D696E632D636C6D6C
:10EC70005F6D696E2D6662742D6D66702D736165B2
:10EC80002D776F776C70662D746B6F20566572737D
:10EC9000696F6E3A20372E39352E343920283232BA
:10ECA000373162623620435929204352433A206269
:10ECB0003761323865663320446174653A204D6FA0
:10ECC0006E20323032312D31312D32392032323A0C
:10ECD00035303A3237205053542055636F646520E5
:10ECE0005665723A20313034332E32313632204676
:10ECF0005749442030312D63353164393430300088
:10ED0000FA00445649442030312D623062343532A5
:10ED1000306600000000000000000000000000005D
:10ED200000000000000000000000000000000000E3
:10ED300000000000000000000000000000000000D3
:10ED400000000000000000000000000000000000C3
:10ED500000000000424C4F423C000000FA69E0BB5A
:10ED60000100000002000000000000003C00000064
:10ED7000980300000A6F2B52000000000000000002
:10ED8000D403000004000000A0B0E5E20000000091
:10ED9000434C4D204441544100000C00020052619C
:10EDA0007370626572727950692E5069636F570093
:10EDB0000000312E32392E34000000000000000027
:10EDC00070000000436C6D496D706F72743A2031B1
:10EDD0002E34372E3100000000000000000000003B
:10EDE000000076352032322F30362F3234000000CA
:10EDF0000000000000000000010B010D0C0D0000E0
:10EE00006803000074010000680000003001000089
:10EE10007C010000000000004C01000046010000E1
:10EE200058030000000000002801000090030000CB
:10EE3000880300007FB20000000000000000000016
:10EE400000000000000000000000000000000000C2
:10EE5000000000000000000070030000000000003F
:10EE6000320100000000000000000000000000006F
:10EE70000000000000000000000000000000000092
:10EE80000000000000000000000000000000000082
:10EE90000000000000000000000000000000000072
:10EEA0000000000000000000000000000000000062
:10EEB000000000000000000034000000810100009C
:10EEC0000102323032322D30362D32342030363A93
:10EED00035353A3038000000FF0000000100FF0126
:10EEE0001E0000014800010100FF0114000001485C
:10EEF00000010000FF000000020000011E010001EF
:10EF000048010100000000000000000000010001B5
:10EF100001236E000200FFFFF000415400010001D8
:10EF2000FFC000415500010001FFC0004245000143
:10EF30000001FFC000425200010001FFC000434138
:10EF40000000FF00FFCC00434800010001FFC000AB
:10EF5000434C00010001FFC000434E00010001FFCF
:10EF6000C000434F00010001FFC000435A000100F0
:10EF700001FFC00044450001FF01FFCC00444B00ED
:10EF8000010001FFC000454500010001FFC0004530
:10EF90005300010001FFC000465200010001FFC004
:10EFA00000474200010001FFC0004752000100017C
:10EFB000FFC000484B00010001FFC00048550001A0
:10EFC0000001FFC000494C00010001FFC000494E94
:10EFD00000010001FFC000495300010001FFC00013
:10EFE000495400010001FFC0004A5000010001FF28
:10EFF000C0004B4500010001FFC0004B5200010062
:10F0000001FFC0004C4900010001FFC0004C54004A
:10F01000010001FFC0004C5500010001FFC0004C81
:10F020005600010001FFC0004D5400010001FFC067
:10F03000004D5800010001FFC0004D5900010001C2
:10F04000FFC0004E4700010001FFC0004E4C000110
:10F050000001FFC0004E4F00010001FFC0004E5AEA
:10F0600000010001FFC000504500010001FFC00089
:10F07000504800010001FFC000504C00010001FF9A
:10F08000C000505400010001FFC0005345000100C2
:10F0900001FFC000534700010001FFC000534900B9
:10F0A000010001FFC000534B00010001FFC00054EC
:10F0B0004800010001FFC000545200010001FFC0E0
:10F0C00000545700010001FFC0005553000000002C
:10F0D000FFC00058580003FF02FFCC005A41000156
:10F0E0000001FFC000010D010001480000000148BF
:10F0F000000000014801000001000000550300006D
:10F100000A0C0D0E0F1011121314150C000102033E
:10F110000405060708090A0B0000000000000000B3
:10F120000000000000000000AFA900004E56524150
:10F130004D5265763D2452657624006D616E666998
:10F14000643D30783264300070726F6469643D30C1
:10F1500078303732370076656E6469643D307831D7
:10F160003465340064657669643D307834336532E3
:10F1700000626F617264747970653D307830383840
:10F180003700626F6172647265763D30783131307C
:10F190003000626F6172646E756D3D3232006D6178
:10F1A00063616464723D30303A41303A35303A62DE
:10F1B000353A35393A35650073726F6D7265763D53
:10F1C000313100626F617264666C6167733D3078E3
:10F1D000303034303430303100626F617264666CCC
:10F1E000616773333D307830343030303030300048
:10F1F0007874616C667265713D3337343030006EFF
:10F200006F6372633D31006167303D3235350061B7
:10F210006132673D310063636F64653D414C4C0072
:10F220007061306974737369743D30783230006591
:10F23000787470616761696E32673D300070613269
:10F240006761303D2D3136382C373136312C2D3831
:10F250003230004176566D69645F63303D307830FE
:10F260002C307863380063636B7077726F666673F7
:10F270006574303D35006D617870326761303D38BE
:10F280003400747870777262636B6F663D3600632A
:10F29000636B627732303267706F3D30006C656748
:10F2A0006F66646D627732303267706F3D307836EA
:10F2B00036313131313131006D6373627732303242
:10F2C00067706F3D30783737373131313131007009
:10F2D000726F70627732303267706F3D307864647D
:10F2E000006F66646D64696766696C7474797065D3
:10F2F0003D3138006F66646D64696766696C74746B
:10F3000079706562653D313800706170646D6F645D
:10F31000653D31007061706476616C696474657319
:10F32000743D3100706163616C69647832673D34AB
:10F330003500706170646570736F66667365743DE7
:10F340002D33300070617064656E646964783D359A
:10F3500038006C746563786D75783D30006C746549
:10F3600063787061646E756D3D3078303130320095
:10F370006C74656378666E73656C3D307834340008
:10F380006C746563786763696770696F3D30783066
:10F390003100696C306D6163616464723D30303A94
:10F3A00039303A34633A63353A31323A3338007798
:10F3B0006C3069643D307834333162006465616477
:10F3C0006D616E5F746F3D30786666666666666610
:10F3D00066006D7578656E61623D30783130300061
:10F3E00073707572636F6E6669673D30783300675E
:10F3F0006C697463685F62617365645F6372736D87
:10F40000696E3D31006274635F6D6F64653D31000C
:10F41000000000000050F20100000000636F756EF4
:10F4200074727900000000006375725F657468652E
:10F4300072616464720000000000000000000000BF
:10F44000636C6D6C6F61640000000000636C6D6C38
:10F450006F61645F73746174757300000000000075
:10F4600000A050B5595E00006273730000000000F8
:10F470006D61786173736F63000000006363677090
:10F48000696F696E000000005B252038645D2041D3
:10F4900053594E4328253034782C00002573000042
:10F4A000257500002C25752C25752C2575290A003D
:10F4B000326C0010F06A0010F06A00100C6C001042
:10F4C000F06A0010F06A0010EA6B0010F06A001099
:10F4D000F06A0010F06A0010F06A0010DA6B001099
:10F4E000F06A0010F06A0010F06A0010F06A001074
:10F4F000B86B0010F06A0010F06A0010F06A00109B
:10F50000F06A0010F06A0010F06A0010A46B00109E
:10F51000F06A0010F06A0010F06A0010F06A001043
:10F52000F06A0010F06A0010F06A0010F06A001033
:10F53000F06A0010F06A0010F06A0010F06A001023
:10F54000F06A0010F06A0010F06A0010F06A001013
:10F55000F06A0010F06A0010F06A0010F06A001003
:10F56000F06A0010F06A0010846B0010F06A00105E
:10F57000F06A0010766B00105345545F53534944B2
:10F58000000000004A4F494E000000004155544819
:10F59000000000004445415554485F494E44000076
:10F5A0004153534F430000004449534153534F4389
:10F5B000000000004449534153534F435F494E44B8
:10F5C000000000004C494E4B0000000050534B5FC0
:10F5D00053555000455343414E5F524553554C548B
:10F5E000000000004353415F434F4D504C4554458C
:10F5F0005F494E44000000004153534F435F524562
:10F60000515F4945000000004153534F435F52454D
:10F6100053505F494500000078F5031084F503104E
:10F62000000000008CF50310000000000000000046
:10F6300094F50310A0F50310000000000000000086
:10F6400000000000A8F50310B4F50310000000004E
:10F650000000000000000000C4F5031000000000DE
:10F66000000000000000000000000000000000009A
:10F67000000000000000000000000000000000008A
:10F68000000000000000000000000000000000007A
:10F69000000000000000000000000000000000006A
:10F6A000000000000000000000000000000000005A
:10F6B000000000000000000000000000000000004A
:10F6C000000000000000000000000000000000003A
:10F6D000CCF5031000000000000000000000000056
:10F6E000000000000000000000000000000000001A
:10F6F000000000000000000000000000000000000A
:10F7000000000000000000000000000000000000F9
:10F7100000000000000000000000000000000000E9
:10F72000000000000000000000000000D4F50310FD
:10F7300000000000000000000000000000000000C9
:10F7400000000000000000000000000000000000B9
:10F750000000000000000000E4F5031000000000BD
:10F760000000000000000000000000000000000099
:10F7700000000000F8F5031008F603104E6F20504B
:10F78000494F207374617465206D616368696E65AB
:10F79000732061726520617661696C61626C6500DD
:10F7A0004E6F20444D41206368616E6E656C73201E
:10F7B00061726520617661696C61626C6500000050
:10F7C000637977343320686173206E6F20657468C5
:10F7D00065726E657420696E74657266616365003A
:10F7E0006173796E635F636F6E74657874206C6F9C
:10F7F000636B5F636865636B206661696C65640059
:10F80000020000001D740010457600101D760010E7
:10F81000C57500106176001095760010C97600104D
:10F82000FD7600109D7400100000000001760010AD
:08F83000F575001029740010A9
:10F838006C7C0010787C0010847C0010907C001098
:0CF848009C7C0010A87C0010B47C001018
:10F85400F8B54746CE4680B51F0000230400904605
:10F8640099460CE02368BFF35F8F4A461A608CF315
:10F8740010884046390000F0DFF900281AD12668C4
:10F88400EFF3108C72B63568002DFCD0BFF35F8F98
:10F894000423E55E002DE5DD013DA5802368BFF36B
:10F8A4005F8F00221A608CF310880120C0BCB94617
:10F8B400B046F8BD0020F9E710B50268EFF31081F7
:10F8C40072B61368002BFCD0BFF35F8F0422835EF3
:10F8D4000624025F9A420BDD013383800368BFF381
:10F8E4005F8F00221A6081F3108840BF012010BD91
:10F8F4000368BFF35F8F00221A6081F31088002031
:10F90400F5E7C046D02330B500241B0600251C575C
:10F9140008E0002B13DB0368BFF35F8F1D6081F3E6
:10F92400108820BF0268EFF3108172B61368002BB1
:10F93400FCD0BFF35F8F0423C356A342E9D14379BC
:10F944000471013343710368BFF35F8F00221A60AF
:10F9540081F3108830BDC046F0B5C646150000B529
:10F9640004001E000268EFF3108172B61368002BC6
:10F97400FCD0BFF35F8F0423E356002B2DDB2268FA
:10F98400BFF35F8F0020106081F31088D02212062D
:10F99400127852B290469A4203D1002080BCB846F5
:10F9A400F0BD00270BE02368BFF35F8F1F6081F376
:10F9B40010882800310000F03FF90028EDD12268BA
:10F9C400EFF3108172B61368002BFCD0BFF35F8F86
:10F9D40023797F2BE7D9434602E0D0231B061B681B
:10F9E40023712368BFF35F8F00221A6081F31088AC
:10F9F4000120D3E7D02203000020120610B51056D0
:10FA04001C68EFF3108C72B62268002AFCD0BFF396
:10FA14005F8F04229A56002A06DB824204D0002912
:10FA240000D00A60002004E0187101205A790132E4
:10FA34005A711B68BFF35F8F00221A608CF3108821
:10FA440010BDC0460268EFF3108172B61368002B34
:10FA5400FCD0BFF35F8FFF2303710368BFF35F8F95
:10FA640000221A6081F3108840BF70470268EFF3E8
:10FA7400108172B61368002BFCD0BFF35F8F4379FB
:10FA8400013BDBB24371002B09D1FF2202710268F2
:10FA9400BFF35F8F136081F3108840BF7047036822
:10FAA400BFF35F8F00221A6081F31088F6E7C04627
:10FAB40010B5084C2378002B0AD180230648074947
:10FAC4005B051A68C25004338B42FAD101232370B8
:10FAD40010BDC046B81300205C08001000010010DF
:10FAE40010B5014B984710BD5D080020084B5A68BB
:10FAF40042609A688260DA68C2601A6902615A696F
:10FB040042619B698361A0235B051B6803607047A6
:10FB1400000002404268084B5A6082689A60C268DA
:10FB2400DA6002691A6142695A6182699A61A023A2
:10FB340002685B051A607047000002401423F0B5A8
:10FB4400D6464F4646469A46C0B581461888043381
:10FB540088B098460E001B883049140098475346D5
:10FB64000700188843462E491B88984753460500CA
:10FB7400188843462B491B8898478046FFF798FF0F
:10FB840001A8FFF7B3FFB847A847274B1A6880239B
:10FB94009B005340C02292001340244A1360221E4B
:10FBA40020D0C02108270220490511E0002C14D0E0
:10FBB400131B0D2B29D9002D0AD02300002A05D0B0
:10FBC4000B6E013A3370130001362343002B09D026
:10FBD4003D008B6A1D401842E8D1002DEDD1230071
:10FBE4001343F5D1104B1A68C0239B0093430F4A6B
:10FBF4001360C047FFF774FF01A8FFF78BFF08B03D
:10FC0400E0BCBA46B146A846F0BD4B461B78013C61
:10FC14000B6601239C46E144DFE7C04649460000E9
:10FC240045580000464300000C8001400C90014000
:10FC34007047C0460000000001B40248844601BC7D
:10FC4400604700BF451300101000000000000000D2
:10FC5400000001000000000000000000000002009D
:10FC6400000000000000000000000300000000008D
:10FC7400000000000000FF000000000001B548681B
:10FC840001318E460047704609380149884701BD55
:10FC9400350A001000000000000000000000000011
:10FCA4000000000000000000B80500200000000073
:10FCB400503300004C330000543300005233000032
:10FCC4004D5300004D430000533400004334000002
:10FCD40000000000D97100100000000000000000C6
:10FCE400000000004171001000000000000000004E
:10FCF4000000000000000000000000000000000000
:04000005100001E9FD
:00000001FF
